GAME_DATE,PLAYER_KEY,PLAYER,TEAM,OPPONENT,MATCHUP,STAT,STAT_LABEL,PROJECTION,MEDIAN,FLOOR,CEILING,STDDEV,MIN,CONFIDENCE,ACTIVE_PROB,INJURY_STATUS,SIM_RUNS,CONFIDENCE_RANK
2026-06-21,veronica burton,Veronica Burton,GSV,LVA,GSV @ LVA,AST,Assists,4.66,4.0,2.0,8.0,2.39,27.83,Low,,UNKNOWN,10000,1
2026-06-21,gabby williams,Gabby Williams,GSV,LVA,GSV @ LVA,AST,Assists,2.4,2.0,0.0,5.0,1.79,26.82,Low,,UNKNOWN,10000,1
2026-06-21,cecilia zandalasini,Cecilia Zandalasini,GSV,LVA,GSV @ LVA,AST,Assists,2.29,2.0,0.0,5.0,1.69,16.79,Low,,UNKNOWN,10000,1
2026-06-21,kaitlyn chen,Kaitlyn Chen,GSV,LVA,GSV @ LVA,AST,Assists,1.9,2.0,0.0,4.0,1.61,15.31,Medium,,UNKNOWN,10000,2
2026-06-21,nadia fingall,Nadia Fingall,GSV,LVA,GSV @ LVA,AST,Assists,1.67,1.0,0.0,3.0,1.32,17.63,High,,UNKNOWN,10000,3
2026-06-21,iliana rupert,Iliana Rupert,GSV,LVA,GSV @ LVA,AST,Assists,1.63,1.0,0.0,3.0,1.33,14.35,High,,UNKNOWN,10000,3
2026-06-21,janelle salaun,Janelle Salaun,GSV,LVA,GSV @ LVA,AST,Assists,1.58,1.0,0.0,3.0,1.3,24.27,Low,,UNKNOWN,10000,1
2026-06-21,kaila charles,Kaila Charles,GSV,LVA,GSV @ LVA,AST,Assists,1.44,1.0,0.0,4.0,1.64,18.55,Medium,,UNKNOWN,10000,2
2026-06-21,tiffany hayes,Tiffany Hayes,GSV,LVA,GSV @ LVA,AST,Assists,1.44,1.0,0.0,3.0,1.36,15.48,Medium,,UNKNOWN,10000,2
2026-06-21,kiah stokes,Kiah Stokes,GSV,LVA,GSV @ LVA,AST,Assists,1.09,1.0,0.0,2.0,1.07,19.34,Medium,,UNKNOWN,10000,2
2026-06-21,laeticia amihere,Laeticia Amihere,GSV,LVA,GSV @ LVA,AST,Assists,1.08,1.0,0.0,3.0,1.23,9.81,Medium,,UNKNOWN,10000,2
2026-06-21,kayla thornton,Kayla Thornton,GSV,LVA,GSV @ LVA,AST,Assists,0.72,1.0,0.0,2.0,0.87,25.08,Medium,,UNKNOWN,10000,2
2026-06-21,ndjakalenga mwenentanda,Ndjakalenga Mwenentanda,GSV,LVA,GSV @ LVA,AST,Assists,0.69,0.0,0.0,2.0,0.86,8.03,Medium,,UNKNOWN,10000,2
2026-06-21,juste jocyte,Juste Jocyte,GSV,LVA,GSV @ LVA,AST,Assists,0.59,0.0,0.0,2.0,0.9,8.82,Medium,,UNKNOWN,10000,2
2026-06-21,ashten prechtel,Ashten Prechtel,GSV,LVA,GSV @ LVA,AST,Assists,0.36,0.0,0.0,1.0,0.61,8.04,High,,UNKNOWN,10000,3
2026-06-21,kiah stokes,Kiah Stokes,GSV,LVA,GSV @ LVA,BLK,Blocks,1.17,1.0,0.0,3.0,1.36,19.34,Medium,,UNKNOWN,10000,2
2026-06-21,veronica burton,Veronica Burton,GSV,LVA,GSV @ LVA,BLK,Blocks,0.85,0.0,0.0,3.0,1.55,27.83,Low,,UNKNOWN,10000,1
2026-06-21,laeticia amihere,Laeticia Amihere,GSV,LVA,GSV @ LVA,BLK,Blocks,0.71,0.0,0.0,2.0,0.95,9.81,Medium,,UNKNOWN,10000,2
2026-06-21,kayla thornton,Kayla Thornton,GSV,LVA,GSV @ LVA,BLK,Blocks,0.44,0.0,0.0,1.0,0.7,25.08,Medium,,UNKNOWN,10000,2
2026-06-21,kaila charles,Kaila Charles,GSV,LVA,GSV @ LVA,BLK,Blocks,0.4,0.0,0.0,1.0,0.64,18.55,Medium,,UNKNOWN,10000,2
2026-06-21,iliana rupert,Iliana Rupert,GSV,LVA,GSV @ LVA,BLK,Blocks,0.39,0.0,0.0,1.0,0.63,14.35,High,,UNKNOWN,10000,3
2026-06-21,gabby williams,Gabby Williams,GSV,LVA,GSV @ LVA,BLK,Blocks,0.27,0.0,0.0,1.0,0.53,26.82,Low,,UNKNOWN,10000,1
2026-06-21,nadia fingall,Nadia Fingall,GSV,LVA,GSV @ LVA,BLK,Blocks,0.27,0.0,0.0,1.0,0.52,17.63,High,,UNKNOWN,10000,3
2026-06-21,janelle salaun,Janelle Salaun,GSV,LVA,GSV @ LVA,BLK,Blocks,0.24,0.0,0.0,1.0,0.49,24.27,Low,,UNKNOWN,10000,1
2026-06-21,cecilia zandalasini,Cecilia Zandalasini,GSV,LVA,GSV @ LVA,BLK,Blocks,0.21,0.0,0.0,1.0,0.46,16.79,Low,,UNKNOWN,10000,1
2026-06-21,tiffany hayes,Tiffany Hayes,GSV,LVA,GSV @ LVA,BLK,Blocks,0.16,0.0,0.0,1.0,0.4,15.48,Medium,,UNKNOWN,10000,2
2026-06-21,kaitlyn chen,Kaitlyn Chen,GSV,LVA,GSV @ LVA,BLK,Blocks,0.15,0.0,0.0,1.0,0.4,15.31,Medium,,UNKNOWN,10000,2
2026-06-21,juste jocyte,Juste Jocyte,GSV,LVA,GSV @ LVA,BLK,Blocks,0.09,0.0,0.0,0.0,0.43,8.82,Medium,,UNKNOWN,10000,2
2026-06-21,ndjakalenga mwenentanda,Ndjakalenga Mwenentanda,GSV,LVA,GSV @ LVA,BLK,Blocks,0.09,0.0,0.0,0.0,0.31,8.03,Medium,,UNKNOWN,10000,2
2026-06-21,ashten prechtel,Ashten Prechtel,GSV,LVA,GSV @ LVA,BLK,Blocks,0.08,0.0,0.0,0.0,0.28,8.04,High,,UNKNOWN,10000,3
2026-06-21,janelle salaun,Janelle Salaun,GSV,LVA,GSV @ LVA,FG3M,3PM,2.2,2.0,0.0,4.0,1.57,24.27,Low,,UNKNOWN,10000,1
2026-06-21,gabby williams,Gabby Williams,GSV,LVA,GSV @ LVA,FG3M,3PM,1.67,1.0,0.0,4.0,1.37,26.82,Low,,UNKNOWN,10000,1
2026-06-21,kayla thornton,Kayla Thornton,GSV,LVA,GSV @ LVA,FG3M,3PM,1.47,1.0,0.0,4.0,1.76,25.08,Medium,,UNKNOWN,10000,2
2026-06-21,cecilia zandalasini,Cecilia Zandalasini,GSV,LVA,GSV @ LVA,FG3M,3PM,1.43,1.0,0.0,3.0,1.37,16.79,Low,,UNKNOWN,10000,1
2026-06-21,veronica burton,Veronica Burton,GSV,LVA,GSV @ LVA,FG3M,3PM,1.11,1.0,0.0,3.0,1.08,27.83,Low,,UNKNOWN,10000,1
2026-06-21,ashten prechtel,Ashten Prechtel,GSV,LVA,GSV @ LVA,FG3M,3PM,0.79,1.0,0.0,2.0,0.93,8.04,High,,UNKNOWN,10000,3
2026-06-21,kaila charles,Kaila Charles,GSV,LVA,GSV @ LVA,FG3M,3PM,0.76,1.0,0.0,2.0,0.9,18.55,Medium,,UNKNOWN,10000,2
2026-06-21,nadia fingall,Nadia Fingall,GSV,LVA,GSV @ LVA,FG3M,3PM,0.74,1.0,0.0,2.0,0.86,17.63,High,,UNKNOWN,10000,3
2026-06-21,kaitlyn chen,Kaitlyn Chen,GSV,LVA,GSV @ LVA,FG3M,3PM,0.63,0.0,0.0,2.0,0.85,15.31,Medium,,UNKNOWN,10000,2
2026-06-21,iliana rupert,Iliana Rupert,GSV,LVA,GSV @ LVA,FG3M,3PM,0.61,0.0,0.0,2.0,0.79,14.35,High,,UNKNOWN,10000,3
2026-06-21,juste jocyte,Juste Jocyte,GSV,LVA,GSV @ LVA,FG3M,3PM,0.53,0.0,0.0,2.0,0.78,8.82,Medium,,UNKNOWN,10000,2
2026-06-21,kiah stokes,Kiah Stokes,GSV,LVA,GSV @ LVA,FG3M,3PM,0.51,0.0,0.0,1.0,0.72,19.34,Medium,,UNKNOWN,10000,2
2026-06-21,ndjakalenga mwenentanda,Ndjakalenga Mwenentanda,GSV,LVA,GSV @ LVA,FG3M,3PM,0.18,0.0,0.0,1.0,0.43,8.03,Medium,,UNKNOWN,10000,2
2026-06-21,tiffany hayes,Tiffany Hayes,GSV,LVA,GSV @ LVA,FG3M,3PM,0.18,0.0,0.0,0.0,0.74,15.48,Medium,,UNKNOWN,10000,2
2026-06-21,laeticia amihere,Laeticia Amihere,GSV,LVA,GSV @ LVA,FG3M,3PM,0.1,0.0,0.0,0.0,0.31,9.81,Medium,,UNKNOWN,10000,2
2026-06-21,gabby williams,Gabby Williams,GSV,LVA,GSV @ LVA,PA,Pts+Ast,18.17,17.03,9.56,28.35,7.6,26.82,Low,,UNKNOWN,10000,1
2026-06-21,veronica burton,Veronica Burton,GSV,LVA,GSV @ LVA,PA,Pts+Ast,16.1,14.89,7.91,25.84,7.44,27.83,Low,,UNKNOWN,10000,1
2026-06-21,janelle salaun,Janelle Salaun,GSV,LVA,GSV @ LVA,PA,Pts+Ast,13.57,12.86,7.47,20.51,5.3,24.27,Low,,UNKNOWN,10000,1
2026-06-21,cecilia zandalasini,Cecilia Zandalasini,GSV,LVA,GSV @ LVA,PA,Pts+Ast,11.27,10.23,4.58,19.37,6.04,16.79,Low,,UNKNOWN,10000,1
2026-06-21,iliana rupert,Iliana Rupert,GSV,LVA,GSV @ LVA,PA,Pts+Ast,8.06,7.88,5.56,10.79,2.06,14.35,High,,UNKNOWN,10000,3
2026-06-21,nadia fingall,Nadia Fingall,GSV,LVA,GSV @ LVA,PA,Pts+Ast,7.77,7.61,5.5,10.2,1.86,17.63,High,,UNKNOWN,10000,3
2026-06-21,kaitlyn chen,Kaitlyn Chen,GSV,LVA,GSV @ LVA,PA,Pts+Ast,7.67,6.17,1.78,15.48,6.04,15.31,Medium,,UNKNOWN,10000,2
2026-06-21,kayla thornton,Kayla Thornton,GSV,LVA,GSV @ LVA,PA,Pts+Ast,7.63,6.18,2.04,15.28,5.74,25.08,Medium,,UNKNOWN,10000,2
2026-06-21,kaila charles,Kaila Charles,GSV,LVA,GSV @ LVA,PA,Pts+Ast,7.21,6.11,2.04,13.87,5.03,18.55,Medium,,UNKNOWN,10000,2
2026-06-21,tiffany hayes,Tiffany Hayes,GSV,LVA,GSV @ LVA,PA,Pts+Ast,5.3,3.37,0.61,12.2,6.14,15.48,Medium,,UNKNOWN,10000,2
2026-06-21,laeticia amihere,Laeticia Amihere,GSV,LVA,GSV @ LVA,PA,Pts+Ast,4.19,2.89,0.34,9.28,4.5,9.81,Medium,,UNKNOWN,10000,2
2026-06-21,kiah stokes,Kiah Stokes,GSV,LVA,GSV @ LVA,PA,Pts+Ast,3.77,3.27,1.09,7.09,2.54,19.34,Medium,,UNKNOWN,10000,2
2026-06-21,ashten prechtel,Ashten Prechtel,GSV,LVA,GSV @ LVA,PA,Pts+Ast,3.62,3.51,2.0,5.34,1.33,8.04,High,,UNKNOWN,10000,3
2026-06-21,juste jocyte,Juste Jocyte,GSV,LVA,GSV @ LVA,PA,Pts+Ast,2.38,1.16,0.02,5.98,3.59,8.82,Medium,,UNKNOWN,10000,2
2026-06-21,ndjakalenga mwenentanda,Ndjakalenga Mwenentanda,GSV,LVA,GSV @ LVA,PA,Pts+Ast,1.19,0.8,0.32,2.53,0.92,8.03,Medium,,UNKNOWN,10000,2
2026-06-21,gabby williams,Gabby Williams,GSV,LVA,GSV @ LVA,PR,Pts+Reb,19.6,18.43,10.95,29.7,7.66,26.82,Low,,UNKNOWN,10000,1
2026-06-21,janelle salaun,Janelle Salaun,GSV,LVA,GSV @ LVA,PR,Pts+Reb,16.3,15.56,9.97,23.49,5.5,24.27,Low,,UNKNOWN,10000,1
2026-06-21,veronica burton,Veronica Burton,GSV,LVA,GSV @ LVA,PR,Pts+Reb,15.21,13.9,7.35,24.87,7.28,27.83,Low,,UNKNOWN,10000,1
2026-06-21,kayla thornton,Kayla Thornton,GSV,LVA,GSV @ LVA,PR,Pts+Reb,12.13,10.76,5.0,20.89,6.72,25.08,Medium,,UNKNOWN,10000,2
2026-06-21,cecilia zandalasini,Cecilia Zandalasini,GSV,LVA,GSV @ LVA,PR,Pts+Reb,11.81,10.75,5.2,19.71,6.0,16.79,Low,,UNKNOWN,10000,1
2026-06-21,kaila charles,Kaila Charles,GSV,LVA,GSV @ LVA,PR,Pts+Reb,10.62,9.5,4.66,18.04,5.57,18.55,Medium,,UNKNOWN,10000,2
2026-06-21,iliana rupert,Iliana Rupert,GSV,LVA,GSV @ LVA,PR,Pts+Reb,9.65,9.58,7.24,12.12,1.9,14.35,High,,UNKNOWN,10000,3
2026-06-21,nadia fingall,Nadia Fingall,GSV,LVA,GSV @ LVA,PR,Pts+Reb,8.99,8.92,7.09,10.98,1.53,17.63,High,,UNKNOWN,10000,3
2026-06-21,kaitlyn chen,Kaitlyn Chen,GSV,LVA,GSV @ LVA,PR,Pts+Reb,7.62,6.09,2.07,15.3,5.9,15.31,Medium,,UNKNOWN,10000,2
2026-06-21,kiah stokes,Kiah Stokes,GSV,LVA,GSV @ LVA,PR,Pts+Reb,7.62,7.12,4.06,11.9,3.22,19.34,Medium,,UNKNOWN,10000,2
2026-06-21,laeticia amihere,Laeticia Amihere,GSV,LVA,GSV @ LVA,PR,Pts+Reb,6.38,4.97,1.19,13.03,5.52,9.81,Medium,,UNKNOWN,10000,2
2026-06-21,tiffany hayes,Tiffany Hayes,GSV,LVA,GSV @ LVA,PR,Pts+Reb,5.2,3.13,0.46,12.43,6.32,15.48,Medium,,UNKNOWN,10000,2
2026-06-21,ashten prechtel,Ashten Prechtel,GSV,LVA,GSV @ LVA,PR,Pts+Reb,4.68,4.63,2.78,6.62,1.51,8.04,High,,UNKNOWN,10000,3
2026-06-21,juste jocyte,Juste Jocyte,GSV,LVA,GSV @ LVA,PR,Pts+Reb,2.15,0.83,0.03,5.86,3.55,8.82,Medium,,UNKNOWN,10000,2
2026-06-21,ndjakalenga mwenentanda,Ndjakalenga Mwenentanda,GSV,LVA,GSV @ LVA,PR,Pts+Reb,1.49,1.39,0.74,2.38,0.67,8.03,Medium,,UNKNOWN,10000,2
2026-06-21,gabby williams,Gabby Williams,GSV,LVA,GSV @ LVA,PRA,Pts+Reb+Ast,22.0,20.86,12.86,32.58,7.99,26.82,Low,,UNKNOWN,10000,1
2026-06-21,veronica burton,Veronica Burton,GSV,LVA,GSV @ LVA,PRA,Pts+Reb+Ast,19.86,18.67,10.81,30.46,8.05,27.83,Low,,UNKNOWN,10000,1
2026-06-21,janelle salaun,Janelle Salaun,GSV,LVA,GSV @ LVA,PRA,Pts+Reb+Ast,17.87,17.17,11.12,25.48,5.81,24.27,Low,,UNKNOWN,10000,1
2026-06-21,cecilia zandalasini,Cecilia Zandalasini,GSV,LVA,GSV @ LVA,PRA,Pts+Reb+Ast,14.1,13.12,6.49,23.04,6.68,16.79,Low,,UNKNOWN,10000,1
2026-06-21,kayla thornton,Kayla Thornton,GSV,LVA,GSV @ LVA,PRA,Pts+Reb+Ast,12.84,11.49,5.51,21.81,6.85,25.08,Medium,,UNKNOWN,10000,2
2026-06-21,kaila charles,Kaila Charles,GSV,LVA,GSV @ LVA,PRA,Pts+Reb+Ast,12.06,11.01,5.53,20.05,5.97,18.55,Medium,,UNKNOWN,10000,2
2026-06-21,iliana rupert,Iliana Rupert,GSV,LVA,GSV @ LVA,PRA,Pts+Reb+Ast,11.27,11.1,8.16,14.55,2.54,14.35,High,,UNKNOWN,10000,3
2026-06-21,nadia fingall,Nadia Fingall,GSV,LVA,GSV @ LVA,PRA,Pts+Reb+Ast,10.66,10.5,7.98,13.51,2.19,17.63,High,,UNKNOWN,10000,3
2026-06-21,kaitlyn chen,Kaitlyn Chen,GSV,LVA,GSV @ LVA,PRA,Pts+Reb+Ast,9.52,8.08,2.91,18.05,6.56,15.31,Medium,,UNKNOWN,10000,2
2026-06-21,kiah stokes,Kiah Stokes,GSV,LVA,GSV @ LVA,PRA,Pts+Reb+Ast,8.71,8.21,4.67,13.39,3.53,19.34,Medium,,UNKNOWN,10000,2
2026-06-21,laeticia amihere,Laeticia Amihere,GSV,LVA,GSV @ LVA,PRA,Pts+Reb+Ast,7.46,6.08,1.38,15.0,6.09,9.81,Medium,,UNKNOWN,10000,2
2026-06-21,tiffany hayes,Tiffany Hayes,GSV,LVA,GSV @ LVA,PRA,Pts+Reb+Ast,6.64,4.72,1.22,14.07,6.63,15.48,Medium,,UNKNOWN,10000,2
2026-06-21,ashten prechtel,Ashten Prechtel,GSV,LVA,GSV @ LVA,PRA,Pts+Reb+Ast,5.04,4.95,2.9,7.27,1.73,8.04,High,,UNKNOWN,10000,3
2026-06-21,juste jocyte,Juste Jocyte,GSV,LVA,GSV @ LVA,PRA,Pts+Reb+Ast,2.74,1.49,0.07,6.82,3.77,8.82,Medium,,UNKNOWN,10000,2
2026-06-21,ndjakalenga mwenentanda,Ndjakalenga Mwenentanda,GSV,LVA,GSV @ LVA,PRA,Pts+Reb+Ast,2.18,2.01,0.85,3.77,1.18,8.03,Medium,,UNKNOWN,10000,2
2026-06-21,gabby williams,Gabby Williams,GSV,LVA,GSV @ LVA,PTS,Points,15.77,14.58,7.64,25.35,7.28,26.82,Low,,UNKNOWN,10000,1
2026-06-21,janelle salaun,Janelle Salaun,GSV,LVA,GSV @ LVA,PTS,Points,12.0,11.25,6.32,18.51,5.0,24.27,Low,,UNKNOWN,10000,1
2026-06-21,veronica burton,Veronica Burton,GSV,LVA,GSV @ LVA,PTS,Points,11.45,10.11,4.37,20.33,6.7,27.83,Low,,UNKNOWN,10000,1
2026-06-21,cecilia zandalasini,Cecilia Zandalasini,GSV,LVA,GSV @ LVA,PTS,Points,8.98,7.91,3.2,16.2,5.41,16.79,Low,,UNKNOWN,10000,1
2026-06-21,kayla thornton,Kayla Thornton,GSV,LVA,GSV @ LVA,PTS,Points,6.91,5.45,1.52,14.3,5.62,25.08,Medium,,UNKNOWN,10000,2
2026-06-21,iliana rupert,Iliana Rupert,GSV,LVA,GSV @ LVA,PTS,Points,6.43,6.37,4.76,8.17,1.34,14.35,High,,UNKNOWN,10000,3
2026-06-21,nadia fingall,Nadia Fingall,GSV,LVA,GSV @ LVA,PTS,Points,6.09,6.03,4.72,7.56,1.12,17.63,High,,UNKNOWN,10000,3
2026-06-21,kaila charles,Kaila Charles,GSV,LVA,GSV @ LVA,PTS,Points,5.77,4.57,1.26,11.99,4.64,18.55,Medium,,UNKNOWN,10000,2
2026-06-21,kaitlyn chen,Kaitlyn Chen,GSV,LVA,GSV @ LVA,PTS,Points,5.77,4.18,0.9,12.78,5.44,15.31,Medium,,UNKNOWN,10000,2
2026-06-21,tiffany hayes,Tiffany Hayes,GSV,LVA,GSV @ LVA,PTS,Points,3.85,1.7,0.07,10.36,5.85,15.48,Medium,,UNKNOWN,10000,2
2026-06-21,ashten prechtel,Ashten Prechtel,GSV,LVA,GSV @ LVA,PTS,Points,3.26,3.21,1.9,4.64,1.08,8.04,High,,UNKNOWN,10000,3
2026-06-21,laeticia amihere,Laeticia Amihere,GSV,LVA,GSV @ LVA,PTS,Points,3.11,1.73,0.19,7.56,4.03,9.81,Medium,,UNKNOWN,10000,2
2026-06-21,kiah stokes,Kiah Stokes,GSV,LVA,GSV @ LVA,PTS,Points,2.69,2.07,0.56,5.59,2.23,19.34,Medium,,UNKNOWN,10000,2
2026-06-21,juste jocyte,Juste Jocyte,GSV,LVA,GSV @ LVA,PTS,Points,1.79,0.47,0.01,5.12,3.38,8.82,Medium,,UNKNOWN,10000,2
2026-06-21,ndjakalenga mwenentanda,Ndjakalenga Mwenentanda,GSV,LVA,GSV @ LVA,PTS,Points,0.5,0.49,0.29,0.71,0.17,8.03,Medium,,UNKNOWN,10000,2
2026-06-21,veronica burton,Veronica Burton,GSV,LVA,GSV @ LVA,RA,Reb+Ast,8.42,8.1,4.34,12.88,3.38,27.83,Low,,UNKNOWN,10000,1
2026-06-21,kaila charles,Kaila Charles,GSV,LVA,GSV @ LVA,RA,Reb+Ast,6.29,5.77,2.77,10.43,3.16,18.55,Medium,,UNKNOWN,10000,2
2026-06-21,gabby williams,Gabby Williams,GSV,LVA,GSV @ LVA,RA,Reb+Ast,6.23,5.89,3.21,9.64,2.56,26.82,Low,,UNKNOWN,10000,1
2026-06-21,kiah stokes,Kiah Stokes,GSV,LVA,GSV @ LVA,RA,Reb+Ast,6.02,5.76,3.24,9.18,2.37,19.34,Medium,,UNKNOWN,10000,2
2026-06-21,kayla thornton,Kayla Thornton,GSV,LVA,GSV @ LVA,RA,Reb+Ast,5.93,5.37,2.43,10.28,3.21,25.08,Medium,,UNKNOWN,10000,2
2026-06-21,janelle salaun,Janelle Salaun,GSV,LVA,GSV @ LVA,RA,Reb+Ast,5.88,5.68,3.42,8.55,2.01,24.27,Low,,UNKNOWN,10000,1
2026-06-21,cecilia zandalasini,Cecilia Zandalasini,GSV,LVA,GSV @ LVA,RA,Reb+Ast,5.12,4.83,2.14,8.48,2.49,16.79,Low,,UNKNOWN,10000,1
2026-06-21,iliana rupert,Iliana Rupert,GSV,LVA,GSV @ LVA,RA,Reb+Ast,4.84,4.66,2.92,6.99,1.6,14.35,High,,UNKNOWN,10000,3
2026-06-21,nadia fingall,Nadia Fingall,GSV,LVA,GSV @ LVA,RA,Reb+Ast,4.57,4.4,2.73,6.55,1.5,17.63,High,,UNKNOWN,10000,3
2026-06-21,laeticia amihere,Laeticia Amihere,GSV,LVA,GSV @ LVA,RA,Reb+Ast,4.34,3.73,0.78,8.67,3.23,9.81,Medium,,UNKNOWN,10000,2
2026-06-21,kaitlyn chen,Kaitlyn Chen,GSV,LVA,GSV @ LVA,RA,Reb+Ast,3.75,3.47,1.08,6.66,2.2,15.31,Medium,,UNKNOWN,10000,2
2026-06-21,tiffany hayes,Tiffany Hayes,GSV,LVA,GSV @ LVA,RA,Reb+Ast,2.79,2.18,0.23,5.91,2.5,15.48,Medium,,UNKNOWN,10000,2
2026-06-21,ashten prechtel,Ashten Prechtel,GSV,LVA,GSV @ LVA,RA,Reb+Ast,1.78,1.62,0.88,2.92,0.84,8.04,High,,UNKNOWN,10000,3
2026-06-21,ndjakalenga mwenentanda,Ndjakalenga Mwenentanda,GSV,LVA,GSV @ LVA,RA,Reb+Ast,1.69,1.52,0.48,3.15,1.1,8.03,Medium,,UNKNOWN,10000,2
2026-06-21,juste jocyte,Juste Jocyte,GSV,LVA,GSV @ LVA,RA,Reb+Ast,0.95,0.42,0.0,2.47,1.33,8.82,Medium,,UNKNOWN,10000,2
2026-06-21,kayla thornton,Kayla Thornton,GSV,LVA,GSV @ LVA,REB,Rebounds,5.22,4.61,1.98,9.25,3.02,25.08,Medium,,UNKNOWN,10000,2
2026-06-21,kiah stokes,Kiah Stokes,GSV,LVA,GSV @ LVA,REB,Rebounds,4.94,4.69,2.67,7.55,1.97,19.34,Medium,,UNKNOWN,10000,2
2026-06-21,kaila charles,Kaila Charles,GSV,LVA,GSV @ LVA,REB,Rebounds,4.85,4.37,2.08,8.25,2.54,18.55,Medium,,UNKNOWN,10000,2
2026-06-21,janelle salaun,Janelle Salaun,GSV,LVA,GSV @ LVA,REB,Rebounds,4.3,4.14,2.69,6.14,1.37,24.27,Low,,UNKNOWN,10000,1
2026-06-21,gabby williams,Gabby Williams,GSV,LVA,GSV @ LVA,REB,Rebounds,3.83,3.55,1.86,6.14,1.73,26.82,Low,,UNKNOWN,10000,1
2026-06-21,veronica burton,Veronica Burton,GSV,LVA,GSV @ LVA,REB,Rebounds,3.76,3.37,1.5,6.53,2.07,27.83,Low,,UNKNOWN,10000,1
2026-06-21,laeticia amihere,Laeticia Amihere,GSV,LVA,GSV @ LVA,REB,Rebounds,3.27,2.69,0.66,6.56,2.52,9.81,Medium,,UNKNOWN,10000,2
2026-06-21,iliana rupert,Iliana Rupert,GSV,LVA,GSV @ LVA,REB,Rebounds,3.22,3.17,2.39,4.09,0.68,14.35,High,,UNKNOWN,10000,3
2026-06-21,nadia fingall,Nadia Fingall,GSV,LVA,GSV @ LVA,REB,Rebounds,2.89,2.87,2.24,3.58,0.53,17.63,High,,UNKNOWN,10000,3
2026-06-21,cecilia zandalasini,Cecilia Zandalasini,GSV,LVA,GSV @ LVA,REB,Rebounds,2.83,2.6,1.25,4.71,1.4,16.79,Low,,UNKNOWN,10000,1
2026-06-21,kaitlyn chen,Kaitlyn Chen,GSV,LVA,GSV @ LVA,REB,Rebounds,1.85,1.72,0.72,3.13,0.97,15.31,Medium,,UNKNOWN,10000,2
2026-06-21,ashten prechtel,Ashten Prechtel,GSV,LVA,GSV @ LVA,REB,Rebounds,1.42,1.4,0.84,2.03,0.47,8.04,High,,UNKNOWN,10000,3
2026-06-21,tiffany hayes,Tiffany Hayes,GSV,LVA,GSV @ LVA,REB,Rebounds,1.35,0.63,0.04,3.53,1.95,15.48,Medium,,UNKNOWN,10000,2
2026-06-21,ndjakalenga mwenentanda,Ndjakalenga Mwenentanda,GSV,LVA,GSV @ LVA,REB,Rebounds,0.99,0.88,0.39,1.75,0.57,8.03,Medium,,UNKNOWN,10000,2
2026-06-21,juste jocyte,Juste Jocyte,GSV,LVA,GSV @ LVA,REB,Rebounds,0.36,0.03,0.0,1.03,0.91,8.82,Medium,,UNKNOWN,10000,2
2026-06-21,kiah stokes,Kiah Stokes,GSV,LVA,GSV @ LVA,SB,Stl+Blk,1.79,1.0,0.0,4.0,1.61,19.34,Medium,,UNKNOWN,10000,2
2026-06-21,veronica burton,Veronica Burton,GSV,LVA,GSV @ LVA,SB,Stl+Blk,1.68,1.0,0.0,4.0,1.82,27.83,Low,,UNKNOWN,10000,1
2026-06-21,gabby williams,Gabby Williams,GSV,LVA,GSV @ LVA,SB,Stl+Blk,1.48,1.0,0.0,3.0,1.25,26.82,Low,,UNKNOWN,10000,1
2026-06-21,cecilia zandalasini,Cecilia Zandalasini,GSV,LVA,GSV @ LVA,SB,Stl+Blk,1.41,1.0,0.0,3.0,1.49,16.79,Low,,UNKNOWN,10000,1
2026-06-21,kayla thornton,Kayla Thornton,GSV,LVA,GSV @ LVA,SB,Stl+Blk,1.38,1.0,0.0,3.0,1.56,25.08,Medium,,UNKNOWN,10000,2
2026-06-21,kaila charles,Kaila Charles,GSV,LVA,GSV @ LVA,SB,Stl+Blk,1.13,1.0,0.0,3.0,1.18,18.55,Medium,,UNKNOWN,10000,2
2026-06-21,iliana rupert,Iliana Rupert,GSV,LVA,GSV @ LVA,SB,Stl+Blk,1.09,1.0,0.0,3.0,1.08,14.35,High,,UNKNOWN,10000,3
2026-06-21,laeticia amihere,Laeticia Amihere,GSV,LVA,GSV @ LVA,SB,Stl+Blk,1.06,1.0,0.0,3.0,1.22,9.81,Medium,,UNKNOWN,10000,2
2026-06-21,janelle salaun,Janelle Salaun,GSV,LVA,GSV @ LVA,SB,Stl+Blk,1.0,1.0,0.0,2.0,1.01,24.27,Low,,UNKNOWN,10000,1
2026-06-21,nadia fingall,Nadia Fingall,GSV,LVA,GSV @ LVA,SB,Stl+Blk,0.91,1.0,0.0,2.0,0.97,17.63,High,,UNKNOWN,10000,3
2026-06-21,kaitlyn chen,Kaitlyn Chen,GSV,LVA,GSV @ LVA,SB,Stl+Blk,0.61,0.0,0.0,2.0,0.83,15.31,Medium,,UNKNOWN,10000,2
2026-06-21,tiffany hayes,Tiffany Hayes,GSV,LVA,GSV @ LVA,SB,Stl+Blk,0.53,0.0,0.0,2.0,0.76,15.48,Medium,,UNKNOWN,10000,2
2026-06-21,ndjakalenga mwenentanda,Ndjakalenga Mwenentanda,GSV,LVA,GSV @ LVA,SB,Stl+Blk,0.3,0.0,0.0,1.0,0.55,8.03,Medium,,UNKNOWN,10000,2
2026-06-21,juste jocyte,Juste Jocyte,GSV,LVA,GSV @ LVA,SB,Stl+Blk,0.22,0.0,0.0,1.0,0.57,8.82,Medium,,UNKNOWN,10000,2
2026-06-21,ashten prechtel,Ashten Prechtel,GSV,LVA,GSV @ LVA,SB,Stl+Blk,0.18,0.0,0.0,1.0,0.43,8.04,High,,UNKNOWN,10000,3
2026-06-21,gabby williams,Gabby Williams,GSV,LVA,GSV @ LVA,STL,Steals,1.21,1.0,0.0,3.0,1.12,26.82,Low,,UNKNOWN,10000,1
2026-06-21,cecilia zandalasini,Cecilia Zandalasini,GSV,LVA,GSV @ LVA,STL,Steals,1.2,1.0,0.0,3.0,1.4,16.79,Low,,UNKNOWN,10000,1
2026-06-21,kayla thornton,Kayla Thornton,GSV,LVA,GSV @ LVA,STL,Steals,0.94,0.0,0.0,3.0,1.37,25.08,Medium,,UNKNOWN,10000,2
2026-06-21,veronica burton,Veronica Burton,GSV,LVA,GSV @ LVA,STL,Steals,0.83,1.0,0.0,2.0,0.93,27.83,Low,,UNKNOWN,10000,1
2026-06-21,janelle salaun,Janelle Salaun,GSV,LVA,GSV @ LVA,STL,Steals,0.76,1.0,0.0,2.0,0.89,24.27,Low,,UNKNOWN,10000,1
2026-06-21,kaila charles,Kaila Charles,GSV,LVA,GSV @ LVA,STL,Steals,0.74,0.0,0.0,2.0,0.96,18.55,Medium,,UNKNOWN,10000,2
2026-06-21,iliana rupert,Iliana Rupert,GSV,LVA,GSV @ LVA,STL,Steals,0.71,0.0,0.0,2.0,0.86,14.35,High,,UNKNOWN,10000,3
2026-06-21,nadia fingall,Nadia Fingall,GSV,LVA,GSV @ LVA,STL,Steals,0.64,0.0,0.0,2.0,0.81,17.63,High,,UNKNOWN,10000,3
2026-06-21,kiah stokes,Kiah Stokes,GSV,LVA,GSV @ LVA,STL,Steals,0.62,0.0,0.0,2.0,0.82,19.34,Medium,,UNKNOWN,10000,2
2026-06-21,kaitlyn chen,Kaitlyn Chen,GSV,LVA,GSV @ LVA,STL,Steals,0.45,0.0,0.0,1.0,0.71,15.31,Medium,,UNKNOWN,10000,2
2026-06-21,tiffany hayes,Tiffany Hayes,GSV,LVA,GSV @ LVA,STL,Steals,0.37,0.0,0.0,1.0,0.64,15.48,Medium,,UNKNOWN,10000,2
2026-06-21,laeticia amihere,Laeticia Amihere,GSV,LVA,GSV @ LVA,STL,Steals,0.35,0.0,0.0,1.0,0.63,9.81,Medium,,UNKNOWN,10000,2
2026-06-21,ndjakalenga mwenentanda,Ndjakalenga Mwenentanda,GSV,LVA,GSV @ LVA,STL,Steals,0.21,0.0,0.0,1.0,0.46,8.03,Medium,,UNKNOWN,10000,2
2026-06-21,juste jocyte,Juste Jocyte,GSV,LVA,GSV @ LVA,STL,Steals,0.13,0.0,0.0,1.0,0.36,8.82,Medium,,UNKNOWN,10000,2
2026-06-21,ashten prechtel,Ashten Prechtel,GSV,LVA,GSV @ LVA,STL,Steals,0.1,0.0,0.0,0.0,0.32,8.04,High,,UNKNOWN,10000,3
2026-06-21,kelsey plum,Kelsey Plum,LAS,NYL,LAS vs NYL,AST,Assists,5.98,6.0,3.0,9.0,2.55,35.4,Medium,,UNKNOWN,10000,2
2026-06-21,erica wheeler,Erica Wheeler,LAS,NYL,LAS vs NYL,AST,Assists,3.92,4.0,1.0,7.0,2.2,26.66,Medium,,UNKNOWN,10000,2
2026-06-21,ariel atkins,Ariel Atkins,LAS,NYL,LAS vs NYL,AST,Assists,2.18,2.0,0.0,4.0,1.54,25.15,Medium,,UNKNOWN,10000,2
2026-06-21,dearica hamby,Dearica Hamby,LAS,NYL,LAS vs NYL,AST,Assists,2.01,1.0,0.0,5.0,2.75,27.56,Medium,,UNKNOWN,10000,2
2026-06-21,nneka ogwumike,Nneka Ogwumike,LAS,NYL,LAS vs NYL,AST,Assists,2.0,2.0,0.0,4.0,1.45,29.98,Medium,,UNKNOWN,10000,2
2026-06-21,rae burrell,Rae Burrell,LAS,NYL,LAS vs NYL,AST,Assists,1.56,1.0,0.0,3.0,1.3,24.56,Low,,UNKNOWN,10000,1
2026-06-21,laura ziegler,Laura Ziegler,LAS,NYL,LAS vs NYL,AST,Assists,1.49,1.0,0.0,3.0,1.23,18.17,High,,UNKNOWN,10000,3
2026-06-21,jihyun park,Jihyun Park,LAS,NYL,LAS vs NYL,AST,Assists,1.16,1.0,0.0,3.0,1.18,8.1,Medium,,UNKNOWN,10000,2
2026-06-21,cameron brink,Cameron Brink,LAS,NYL,LAS vs NYL,AST,Assists,0.75,0.0,0.0,2.0,1.16,18.93,Low,,UNKNOWN,10000,1
2026-06-21,ta'niya latson,Ta'Niya Latson,LAS,NYL,LAS vs NYL,AST,Assists,0.53,0.0,0.0,2.0,0.76,8.02,Medium,,UNKNOWN,10000,2
2026-06-21,chance gray,Chance Gray,LAS,NYL,LAS vs NYL,AST,Assists,0.52,0.0,0.0,2.0,0.78,10.46,Medium,,UNKNOWN,10000,2
2026-06-21,kate martin,Kate Martin,LAS,NYL,LAS vs NYL,AST,Assists,0.49,0.0,0.0,1.0,0.74,10.04,Medium,,UNKNOWN,10000,2
2026-06-21,sania feagin,Sania Feagin,LAS,NYL,LAS vs NYL,AST,Assists,0.2,0.0,0.0,1.0,0.45,8.05,Medium,,UNKNOWN,10000,2
2026-06-21,emma cannon,Emma Cannon,LAS,NYL,LAS vs NYL,AST,Assists,0.08,0.0,0.0,0.0,0.28,8.04,High,,UNKNOWN,10000,3
2026-06-21,cameron brink,Cameron Brink,LAS,NYL,LAS vs NYL,BLK,Blocks,1.28,1.0,0.0,3.0,1.16,18.93,Low,,UNKNOWN,10000,1
2026-06-21,rae burrell,Rae Burrell,LAS,NYL,LAS vs NYL,BLK,Blocks,0.91,0.0,0.0,3.0,1.26,24.56,Low,,UNKNOWN,10000,1
2026-06-21,nneka ogwumike,Nneka Ogwumike,LAS,NYL,LAS vs NYL,BLK,Blocks,0.46,0.0,0.0,2.0,1.01,29.98,Medium,,UNKNOWN,10000,2
2026-06-21,dearica hamby,Dearica Hamby,LAS,NYL,LAS vs NYL,BLK,Blocks,0.44,0.0,0.0,1.0,0.69,27.56,Medium,,UNKNOWN,10000,2
2026-06-21,ariel atkins,Ariel Atkins,LAS,NYL,LAS vs NYL,BLK,Blocks,0.43,0.0,0.0,1.0,0.98,25.15,Medium,,UNKNOWN,10000,2
2026-06-21,kelsey plum,Kelsey Plum,LAS,NYL,LAS vs NYL,BLK,Blocks,0.36,0.0,0.0,1.0,0.61,35.4,Medium,,UNKNOWN,10000,2
2026-06-21,laura ziegler,Laura Ziegler,LAS,NYL,LAS vs NYL,BLK,Blocks,0.29,0.0,0.0,1.0,0.55,18.17,High,,UNKNOWN,10000,3
2026-06-21,erica wheeler,Erica Wheeler,LAS,NYL,LAS vs NYL,BLK,Blocks,0.26,0.0,0.0,1.0,0.51,26.66,Medium,,UNKNOWN,10000,2
2026-06-21,jihyun park,Jihyun Park,LAS,NYL,LAS vs NYL,BLK,Blocks,0.25,0.0,0.0,1.0,0.51,8.1,Medium,,UNKNOWN,10000,2
2026-06-21,sania feagin,Sania Feagin,LAS,NYL,LAS vs NYL,BLK,Blocks,0.17,0.0,0.0,1.0,0.41,8.05,Medium,,UNKNOWN,10000,2
2026-06-21,kate martin,Kate Martin,LAS,NYL,LAS vs NYL,BLK,Blocks,0.15,0.0,0.0,0.0,0.78,10.04,Medium,,UNKNOWN,10000,2
2026-06-21,emma cannon,Emma Cannon,LAS,NYL,LAS vs NYL,BLK,Blocks,0.12,0.0,0.0,1.0,0.35,8.04,High,,UNKNOWN,10000,3
2026-06-21,chance gray,Chance Gray,LAS,NYL,LAS vs NYL,BLK,Blocks,0.11,0.0,0.0,1.0,0.34,10.46,Medium,,UNKNOWN,10000,2
2026-06-21,ta'niya latson,Ta'Niya Latson,LAS,NYL,LAS vs NYL,BLK,Blocks,0.08,0.0,0.0,0.0,0.29,8.02,Medium,,UNKNOWN,10000,2
2026-06-21,kelsey plum,Kelsey Plum,LAS,NYL,LAS vs NYL,FG3M,3PM,2.72,2.0,0.0,5.0,2.0,35.4,Medium,,UNKNOWN,10000,2
2026-06-21,ariel atkins,Ariel Atkins,LAS,NYL,LAS vs NYL,FG3M,3PM,1.3,1.0,0.0,3.0,1.35,25.15,Medium,,UNKNOWN,10000,2
2026-06-21,rae burrell,Rae Burrell,LAS,NYL,LAS vs NYL,FG3M,3PM,1.27,1.0,0.0,3.0,1.16,24.56,Low,,UNKNOWN,10000,1
2026-06-21,erica wheeler,Erica Wheeler,LAS,NYL,LAS vs NYL,FG3M,3PM,1.18,1.0,0.0,3.0,1.12,26.66,Medium,,UNKNOWN,10000,2
2026-06-21,nneka ogwumike,Nneka Ogwumike,LAS,NYL,LAS vs NYL,FG3M,3PM,1.18,1.0,0.0,3.0,1.08,29.98,Medium,,UNKNOWN,10000,2
2026-06-21,cameron brink,Cameron Brink,LAS,NYL,LAS vs NYL,FG3M,3PM,0.71,0.0,0.0,2.0,0.86,18.93,Low,,UNKNOWN,10000,1
2026-06-21,laura ziegler,Laura Ziegler,LAS,NYL,LAS vs NYL,FG3M,3PM,0.7,1.0,0.0,2.0,0.84,18.17,High,,UNKNOWN,10000,3
2026-06-21,chance gray,Chance Gray,LAS,NYL,LAS vs NYL,FG3M,3PM,0.59,0.0,0.0,2.0,0.89,10.46,Medium,,UNKNOWN,10000,2
2026-06-21,jihyun park,Jihyun Park,LAS,NYL,LAS vs NYL,FG3M,3PM,0.57,0.0,0.0,2.0,0.79,8.1,Medium,,UNKNOWN,10000,2
2026-06-21,kate martin,Kate Martin,LAS,NYL,LAS vs NYL,FG3M,3PM,0.55,0.0,0.0,2.0,1.03,10.04,Medium,,UNKNOWN,10000,2
2026-06-21,ta'niya latson,Ta'Niya Latson,LAS,NYL,LAS vs NYL,FG3M,3PM,0.48,0.0,0.0,1.0,0.72,8.02,Medium,,UNKNOWN,10000,2
2026-06-21,dearica hamby,Dearica Hamby,LAS,NYL,LAS vs NYL,FG3M,3PM,0.29,0.0,0.0,1.0,0.68,27.56,Medium,,UNKNOWN,10000,2
2026-06-21,sania feagin,Sania Feagin,LAS,NYL,LAS vs NYL,FG3M,3PM,0.14,0.0,0.0,1.0,0.39,8.05,Medium,,UNKNOWN,10000,2
2026-06-21,emma cannon,Emma Cannon,LAS,NYL,LAS vs NYL,FG3M,3PM,0.11,0.0,0.0,1.0,0.34,8.04,High,,UNKNOWN,10000,3
2026-06-21,kelsey plum,Kelsey Plum,LAS,NYL,LAS vs NYL,PA,Pts+Ast,28.05,26.79,16.67,40.9,9.7,35.4,Medium,,UNKNOWN,10000,2
2026-06-21,nneka ogwumike,Nneka Ogwumike,LAS,NYL,LAS vs NYL,PA,Pts+Ast,15.07,14.44,9.07,21.83,5.08,29.98,Medium,,UNKNOWN,10000,2
2026-06-21,dearica hamby,Dearica Hamby,LAS,NYL,LAS vs NYL,PA,Pts+Ast,13.15,11.37,4.24,24.09,8.42,27.56,Medium,,UNKNOWN,10000,2
2026-06-21,rae burrell,Rae Burrell,LAS,NYL,LAS vs NYL,PA,Pts+Ast,13.08,11.35,5.0,23.34,7.73,24.56,Low,,UNKNOWN,10000,1
2026-06-21,ariel atkins,Ariel Atkins,LAS,NYL,LAS vs NYL,PA,Pts+Ast,12.92,12.4,7.68,18.89,4.48,25.15,Medium,,UNKNOWN,10000,2
2026-06-21,erica wheeler,Erica Wheeler,LAS,NYL,LAS vs NYL,PA,Pts+Ast,11.89,10.82,5.24,19.84,6.14,26.66,Medium,,UNKNOWN,10000,2
2026-06-21,cameron brink,Cameron Brink,LAS,NYL,LAS vs NYL,PA,Pts+Ast,7.97,6.73,2.4,15.07,5.5,18.93,Low,,UNKNOWN,10000,1
2026-06-21,laura ziegler,Laura Ziegler,LAS,NYL,LAS vs NYL,PA,Pts+Ast,7.82,7.65,5.66,10.23,1.8,18.17,High,,UNKNOWN,10000,3
2026-06-21,jihyun park,Jihyun Park,LAS,NYL,LAS vs NYL,PA,Pts+Ast,6.58,6.41,3.17,10.22,2.73,8.1,Medium,,UNKNOWN,10000,2
2026-06-21,ta'niya latson,Ta'Niya Latson,LAS,NYL,LAS vs NYL,PA,Pts+Ast,3.89,3.66,1.81,6.22,1.77,8.02,Medium,,UNKNOWN,10000,2
2026-06-21,chance gray,Chance Gray,LAS,NYL,LAS vs NYL,PA,Pts+Ast,3.31,2.54,0.48,7.0,2.93,10.46,Medium,,UNKNOWN,10000,2
2026-06-21,kate martin,Kate Martin,LAS,NYL,LAS vs NYL,PA,Pts+Ast,2.55,1.09,0.01,6.51,4.39,10.04,Medium,,UNKNOWN,10000,2
2026-06-21,sania feagin,Sania Feagin,LAS,NYL,LAS vs NYL,PA,Pts+Ast,0.97,0.81,0.46,1.81,0.55,8.05,Medium,,UNKNOWN,10000,2
2026-06-21,emma cannon,Emma Cannon,LAS,NYL,LAS vs NYL,PA,Pts+Ast,0.53,0.46,0.26,0.77,0.33,8.04,High,,UNKNOWN,10000,3
2026-06-21,kelsey plum,Kelsey Plum,LAS,NYL,LAS vs NYL,PR,Pts+Reb,23.74,22.37,12.86,36.32,9.42,35.4,Medium,,UNKNOWN,10000,2
2026-06-21,nneka ogwumike,Nneka Ogwumike,LAS,NYL,LAS vs NYL,PR,Pts+Reb,21.83,21.12,14.09,30.55,6.53,29.98,Medium,,UNKNOWN,10000,2
2026-06-21,dearica hamby,Dearica Hamby,LAS,NYL,LAS vs NYL,PR,Pts+Reb,18.45,16.82,9.05,29.58,8.69,27.56,Medium,,UNKNOWN,10000,2
2026-06-21,ariel atkins,Ariel Atkins,LAS,NYL,LAS vs NYL,PR,Pts+Reb,14.35,13.68,8.62,20.87,4.95,25.15,Medium,,UNKNOWN,10000,2
2026-06-21,rae burrell,Rae Burrell,LAS,NYL,LAS vs NYL,PR,Pts+Reb,14.31,12.57,6.21,24.72,7.76,24.56,Low,,UNKNOWN,10000,1
2026-06-21,cameron brink,Cameron Brink,LAS,NYL,LAS vs NYL,PR,Pts+Reb,11.9,10.6,5.08,20.31,6.4,18.93,Low,,UNKNOWN,10000,1
2026-06-21,erica wheeler,Erica Wheeler,LAS,NYL,LAS vs NYL,PR,Pts+Reb,10.04,8.81,3.64,18.01,6.04,26.66,Medium,,UNKNOWN,10000,2
2026-06-21,laura ziegler,Laura Ziegler,LAS,NYL,LAS vs NYL,PR,Pts+Reb,9.05,8.98,7.18,11.04,1.51,18.17,High,,UNKNOWN,10000,3
2026-06-21,jihyun park,Jihyun Park,LAS,NYL,LAS vs NYL,PR,Pts+Reb,8.09,8.02,4.15,12.1,3.04,8.1,Medium,,UNKNOWN,10000,2
2026-06-21,ta'niya latson,Ta'Niya Latson,LAS,NYL,LAS vs NYL,PR,Pts+Reb,4.84,4.61,2.48,7.54,2.03,8.02,Medium,,UNKNOWN,10000,2
2026-06-21,chance gray,Chance Gray,LAS,NYL,LAS vs NYL,PR,Pts+Reb,4.65,3.87,1.18,9.1,3.43,10.46,Medium,,UNKNOWN,10000,2
2026-06-21,kate martin,Kate Martin,LAS,NYL,LAS vs NYL,PR,Pts+Reb,3.09,1.58,0.26,7.33,4.53,10.04,Medium,,UNKNOWN,10000,2
2026-06-21,sania feagin,Sania Feagin,LAS,NYL,LAS vs NYL,PR,Pts+Reb,2.07,1.95,1.06,3.21,0.88,8.05,Medium,,UNKNOWN,10000,2
2026-06-21,emma cannon,Emma Cannon,LAS,NYL,LAS vs NYL,PR,Pts+Reb,0.71,0.68,0.4,1.06,0.26,8.04,High,,UNKNOWN,10000,3
2026-06-21,kelsey plum,Kelsey Plum,LAS,NYL,LAS vs NYL,PRA,Pts+Reb+Ast,29.72,28.43,18.14,42.82,9.88,35.4,Medium,,UNKNOWN,10000,2
2026-06-21,nneka ogwumike,Nneka Ogwumike,LAS,NYL,LAS vs NYL,PRA,Pts+Reb+Ast,23.84,23.12,15.71,32.94,6.78,29.98,Medium,,UNKNOWN,10000,2
2026-06-21,dearica hamby,Dearica Hamby,LAS,NYL,LAS vs NYL,PRA,Pts+Reb+Ast,20.46,18.83,10.36,32.3,9.2,27.56,Medium,,UNKNOWN,10000,2
2026-06-21,ariel atkins,Ariel Atkins,LAS,NYL,LAS vs NYL,PRA,Pts+Reb+Ast,16.54,15.89,10.19,23.68,5.4,25.15,Medium,,UNKNOWN,10000,2
2026-06-21,rae burrell,Rae Burrell,LAS,NYL,LAS vs NYL,PRA,Pts+Reb+Ast,15.87,14.21,7.4,26.53,7.98,24.56,Low,,UNKNOWN,10000,1
2026-06-21,erica wheeler,Erica Wheeler,LAS,NYL,LAS vs NYL,PRA,Pts+Reb+Ast,13.96,12.87,6.72,22.57,6.56,26.66,Medium,,UNKNOWN,10000,2
2026-06-21,cameron brink,Cameron Brink,LAS,NYL,LAS vs NYL,PRA,Pts+Reb+Ast,12.65,11.36,5.56,21.38,6.61,18.93,Low,,UNKNOWN,10000,1
2026-06-21,laura ziegler,Laura Ziegler,LAS,NYL,LAS vs NYL,PRA,Pts+Reb+Ast,10.54,10.37,7.99,13.35,2.1,18.17,High,,UNKNOWN,10000,3
2026-06-21,jihyun park,Jihyun Park,LAS,NYL,LAS vs NYL,PRA,Pts+Reb+Ast,9.25,9.12,4.61,14.06,3.65,8.1,Medium,,UNKNOWN,10000,2
2026-06-21,ta'niya latson,Ta'Niya Latson,LAS,NYL,LAS vs NYL,PRA,Pts+Reb+Ast,5.37,5.1,2.65,8.4,2.29,8.02,Medium,,UNKNOWN,10000,2
2026-06-21,chance gray,Chance Gray,LAS,NYL,LAS vs NYL,PRA,Pts+Reb+Ast,5.17,4.4,1.3,9.94,3.69,10.46,Medium,,UNKNOWN,10000,2
2026-06-21,kate martin,Kate Martin,LAS,NYL,LAS vs NYL,PRA,Pts+Reb+Ast,3.58,2.17,0.34,8.08,4.66,10.04,Medium,,UNKNOWN,10000,2
2026-06-21,sania feagin,Sania Feagin,LAS,NYL,LAS vs NYL,PRA,Pts+Reb+Ast,2.27,2.11,1.1,3.64,1.03,8.05,Medium,,UNKNOWN,10000,2
2026-06-21,emma cannon,Emma Cannon,LAS,NYL,LAS vs NYL,PRA,Pts+Reb+Ast,0.79,0.71,0.4,1.28,0.4,8.04,High,,UNKNOWN,10000,3
2026-06-21,kelsey plum,Kelsey Plum,LAS,NYL,LAS vs NYL,PTS,Points,22.07,20.69,11.38,34.52,9.23,35.4,Medium,,UNKNOWN,10000,2
2026-06-21,nneka ogwumike,Nneka Ogwumike,LAS,NYL,LAS vs NYL,PTS,Points,13.07,12.45,7.4,19.54,4.81,29.98,Medium,,UNKNOWN,10000,2
2026-06-21,rae burrell,Rae Burrell,LAS,NYL,LAS vs NYL,PTS,Points,11.51,9.82,3.68,21.56,7.52,24.56,Low,,UNKNOWN,10000,1
2026-06-21,dearica hamby,Dearica Hamby,LAS,NYL,LAS vs NYL,PTS,Points,11.14,9.37,3.01,21.27,7.88,27.56,Medium,,UNKNOWN,10000,2
2026-06-21,ariel atkins,Ariel Atkins,LAS,NYL,LAS vs NYL,PTS,Points,10.74,10.18,6.14,15.98,3.99,25.15,Medium,,UNKNOWN,10000,2
2026-06-21,erica wheeler,Erica Wheeler,LAS,NYL,LAS vs NYL,PTS,Points,7.97,6.72,2.19,15.29,5.61,26.66,Medium,,UNKNOWN,10000,2
2026-06-21,cameron brink,Cameron Brink,LAS,NYL,LAS vs NYL,PTS,Points,7.22,5.9,2.0,14.17,5.28,18.93,Low,,UNKNOWN,10000,1
2026-06-21,laura ziegler,Laura Ziegler,LAS,NYL,LAS vs NYL,PTS,Points,6.33,6.26,4.94,7.83,1.14,18.17,High,,UNKNOWN,10000,3
2026-06-21,jihyun park,Jihyun Park,LAS,NYL,LAS vs NYL,PTS,Points,5.42,5.34,2.79,8.2,2.08,8.1,Medium,,UNKNOWN,10000,2
2026-06-21,ta'niya latson,Ta'Niya Latson,LAS,NYL,LAS vs NYL,PTS,Points,3.36,3.17,1.64,5.31,1.46,8.02,Medium,,UNKNOWN,10000,2
2026-06-21,chance gray,Chance Gray,LAS,NYL,LAS vs NYL,PTS,Points,2.79,2.02,0.39,6.16,2.7,10.46,Medium,,UNKNOWN,10000,2
2026-06-21,kate martin,Kate Martin,LAS,NYL,LAS vs NYL,PTS,Points,2.06,0.42,0.0,5.82,4.27,10.04,Medium,,UNKNOWN,10000,2
2026-06-21,sania feagin,Sania Feagin,LAS,NYL,LAS vs NYL,PTS,Points,0.77,0.76,0.45,1.09,0.25,8.05,Medium,,UNKNOWN,10000,2
2026-06-21,emma cannon,Emma Cannon,LAS,NYL,LAS vs NYL,PTS,Points,0.45,0.45,0.26,0.65,0.15,8.04,High,,UNKNOWN,10000,3
2026-06-21,nneka ogwumike,Nneka Ogwumike,LAS,NYL,LAS vs NYL,RA,Reb+Ast,10.77,10.12,5.54,16.85,4.55,29.98,Medium,,UNKNOWN,10000,2
2026-06-21,dearica hamby,Dearica Hamby,LAS,NYL,LAS vs NYL,RA,Reb+Ast,9.33,8.58,4.42,15.2,4.42,27.56,Medium,,UNKNOWN,10000,2
2026-06-21,kelsey plum,Kelsey Plum,LAS,NYL,LAS vs NYL,RA,Reb+Ast,7.65,7.3,4.02,11.73,3.14,35.4,Medium,,UNKNOWN,10000,2
2026-06-21,erica wheeler,Erica Wheeler,LAS,NYL,LAS vs NYL,RA,Reb+Ast,6.0,5.56,2.38,10.1,3.14,26.66,Medium,,UNKNOWN,10000,2
2026-06-21,ariel atkins,Ariel Atkins,LAS,NYL,LAS vs NYL,RA,Reb+Ast,5.8,5.33,2.46,9.66,2.95,25.15,Medium,,UNKNOWN,10000,2
2026-06-21,cameron brink,Cameron Brink,LAS,NYL,LAS vs NYL,RA,Reb+Ast,5.43,4.74,1.88,9.91,3.34,18.93,Low,,UNKNOWN,10000,1
2026-06-21,rae burrell,Rae Burrell,LAS,NYL,LAS vs NYL,RA,Reb+Ast,4.36,4.16,2.1,6.85,1.86,24.56,Low,,UNKNOWN,10000,1
2026-06-21,laura ziegler,Laura Ziegler,LAS,NYL,LAS vs NYL,RA,Reb+Ast,4.2,4.0,2.53,6.09,1.39,18.17,High,,UNKNOWN,10000,3
2026-06-21,jihyun park,Jihyun Park,LAS,NYL,LAS vs NYL,RA,Reb+Ast,3.83,3.62,1.66,6.27,1.82,8.1,Medium,,UNKNOWN,10000,2
2026-06-21,chance gray,Chance Gray,LAS,NYL,LAS vs NYL,RA,Reb+Ast,2.38,2.06,0.53,4.63,1.69,10.46,Medium,,UNKNOWN,10000,2
2026-06-21,ta'niya latson,Ta'Niya Latson,LAS,NYL,LAS vs NYL,RA,Reb+Ast,2.01,1.78,0.57,3.76,1.29,8.02,Medium,,UNKNOWN,10000,2
2026-06-21,kate martin,Kate Martin,LAS,NYL,LAS vs NYL,RA,Reb+Ast,1.52,1.2,0.14,3.37,1.4,10.04,Medium,,UNKNOWN,10000,2
2026-06-21,sania feagin,Sania Feagin,LAS,NYL,LAS vs NYL,RA,Reb+Ast,1.5,1.33,0.55,2.69,0.88,8.05,Medium,,UNKNOWN,10000,2
2026-06-21,emma cannon,Emma Cannon,LAS,NYL,LAS vs NYL,RA,Reb+Ast,0.34,0.24,0.1,0.63,0.33,8.04,High,,UNKNOWN,10000,3
2026-06-21,nneka ogwumike,Nneka Ogwumike,LAS,NYL,LAS vs NYL,REB,Rebounds,8.76,8.02,3.98,14.4,4.24,29.98,Medium,,UNKNOWN,10000,2
2026-06-21,dearica hamby,Dearica Hamby,LAS,NYL,LAS vs NYL,REB,Rebounds,7.32,6.78,3.46,11.93,3.41,27.56,Medium,,UNKNOWN,10000,2
2026-06-21,cameron brink,Cameron Brink,LAS,NYL,LAS vs NYL,REB,Rebounds,4.68,3.97,1.55,8.74,3.07,18.93,Low,,UNKNOWN,10000,1
2026-06-21,ariel atkins,Ariel Atkins,LAS,NYL,LAS vs NYL,REB,Rebounds,3.61,3.08,1.12,6.79,2.39,25.15,Medium,,UNKNOWN,10000,2
2026-06-21,rae burrell,Rae Burrell,LAS,NYL,LAS vs NYL,REB,Rebounds,2.8,2.6,1.39,4.46,1.24,24.56,Low,,UNKNOWN,10000,1
2026-06-21,laura ziegler,Laura Ziegler,LAS,NYL,LAS vs NYL,REB,Rebounds,2.72,2.69,2.11,3.35,0.49,18.17,High,,UNKNOWN,10000,3
2026-06-21,jihyun park,Jihyun Park,LAS,NYL,LAS vs NYL,REB,Rebounds,2.67,2.64,1.36,4.0,1.02,8.1,Medium,,UNKNOWN,10000,2
2026-06-21,erica wheeler,Erica Wheeler,LAS,NYL,LAS vs NYL,REB,Rebounds,2.08,1.39,0.2,4.88,2.16,26.66,Medium,,UNKNOWN,10000,2
2026-06-21,chance gray,Chance Gray,LAS,NYL,LAS vs NYL,REB,Rebounds,1.86,1.58,0.48,3.6,1.33,10.46,Medium,,UNKNOWN,10000,2
2026-06-21,kelsey plum,Kelsey Plum,LAS,NYL,LAS vs NYL,REB,Rebounds,1.67,1.06,0.11,3.99,1.84,35.4,Medium,,UNKNOWN,10000,2
2026-06-21,ta'niya latson,Ta'Niya Latson,LAS,NYL,LAS vs NYL,REB,Rebounds,1.48,1.27,0.47,2.77,0.97,8.02,Medium,,UNKNOWN,10000,2
2026-06-21,sania feagin,Sania Feagin,LAS,NYL,LAS vs NYL,REB,Rebounds,1.3,1.16,0.51,2.25,0.72,8.05,Medium,,UNKNOWN,10000,2
2026-06-21,kate martin,Kate Martin,LAS,NYL,LAS vs NYL,REB,Rebounds,1.03,0.68,0.1,2.4,1.1,10.04,Medium,,UNKNOWN,10000,2
2026-06-21,emma cannon,Emma Cannon,LAS,NYL,LAS vs NYL,REB,Rebounds,0.26,0.23,0.09,0.47,0.15,8.04,High,,UNKNOWN,10000,3
2026-06-21,ariel atkins,Ariel Atkins,LAS,NYL,LAS vs NYL,SB,Stl+Blk,2.07,2.0,0.0,4.0,1.71,25.15,Medium,,UNKNOWN,10000,2
2026-06-21,cameron brink,Cameron Brink,LAS,NYL,LAS vs NYL,SB,Stl+Blk,1.95,2.0,0.0,4.0,1.45,18.93,Low,,UNKNOWN,10000,1
2026-06-21,rae burrell,Rae Burrell,LAS,NYL,LAS vs NYL,SB,Stl+Blk,1.7,1.0,0.0,4.0,1.56,24.56,Low,,UNKNOWN,10000,1
2026-06-21,kelsey plum,Kelsey Plum,LAS,NYL,LAS vs NYL,SB,Stl+Blk,1.69,1.0,0.0,4.0,1.58,35.4,Medium,,UNKNOWN,10000,2
2026-06-21,dearica hamby,Dearica Hamby,LAS,NYL,LAS vs NYL,SB,Stl+Blk,1.67,1.0,0.0,4.0,1.45,27.56,Medium,,UNKNOWN,10000,2
2026-06-21,nneka ogwumike,Nneka Ogwumike,LAS,NYL,LAS vs NYL,SB,Stl+Blk,1.45,1.0,0.0,3.0,1.43,29.98,Medium,,UNKNOWN,10000,2
2026-06-21,erica wheeler,Erica Wheeler,LAS,NYL,LAS vs NYL,SB,Stl+Blk,1.3,1.0,0.0,3.0,1.16,26.66,Medium,,UNKNOWN,10000,2
2026-06-21,jihyun park,Jihyun Park,LAS,NYL,LAS vs NYL,SB,Stl+Blk,1.04,1.0,0.0,2.0,1.09,8.1,Medium,,UNKNOWN,10000,2
2026-06-21,laura ziegler,Laura Ziegler,LAS,NYL,LAS vs NYL,SB,Stl+Blk,0.96,1.0,0.0,2.0,1.0,18.17,High,,UNKNOWN,10000,3
2026-06-21,chance gray,Chance Gray,LAS,NYL,LAS vs NYL,SB,Stl+Blk,0.64,0.0,0.0,2.0,0.87,10.46,Medium,,UNKNOWN,10000,2
2026-06-21,kate martin,Kate Martin,LAS,NYL,LAS vs NYL,SB,Stl+Blk,0.57,0.0,0.0,2.0,1.05,10.04,Medium,,UNKNOWN,10000,2
2026-06-21,ta'niya latson,Ta'Niya Latson,LAS,NYL,LAS vs NYL,SB,Stl+Blk,0.52,0.0,0.0,2.0,0.74,8.02,Medium,,UNKNOWN,10000,2
2026-06-21,sania feagin,Sania Feagin,LAS,NYL,LAS vs NYL,SB,Stl+Blk,0.48,0.0,0.0,1.0,0.73,8.05,Medium,,UNKNOWN,10000,2
2026-06-21,emma cannon,Emma Cannon,LAS,NYL,LAS vs NYL,SB,Stl+Blk,0.25,0.0,0.0,1.0,0.51,8.04,High,,UNKNOWN,10000,3
2026-06-21,ariel atkins,Ariel Atkins,LAS,NYL,LAS vs NYL,STL,Steals,1.63,1.0,0.0,4.0,1.4,25.15,Medium,,UNKNOWN,10000,2
2026-06-21,kelsey plum,Kelsey Plum,LAS,NYL,LAS vs NYL,STL,Steals,1.33,1.0,0.0,3.0,1.44,35.4,Medium,,UNKNOWN,10000,2
2026-06-21,dearica hamby,Dearica Hamby,LAS,NYL,LAS vs NYL,STL,Steals,1.23,1.0,0.0,3.0,1.27,27.56,Medium,,UNKNOWN,10000,2
2026-06-21,erica wheeler,Erica Wheeler,LAS,NYL,LAS vs NYL,STL,Steals,1.03,1.0,0.0,2.0,1.04,26.66,Medium,,UNKNOWN,10000,2
2026-06-21,nneka ogwumike,Nneka Ogwumike,LAS,NYL,LAS vs NYL,STL,Steals,1.0,1.0,0.0,2.0,1.0,29.98,Medium,,UNKNOWN,10000,2
2026-06-21,rae burrell,Rae Burrell,LAS,NYL,LAS vs NYL,STL,Steals,0.79,1.0,0.0,2.0,0.91,24.56,Low,,UNKNOWN,10000,1
2026-06-21,jihyun park,Jihyun Park,LAS,NYL,LAS vs NYL,STL,Steals,0.78,1.0,0.0,2.0,0.94,8.1,Medium,,UNKNOWN,10000,2
2026-06-21,cameron brink,Cameron Brink,LAS,NYL,LAS vs NYL,STL,Steals,0.67,0.0,0.0,2.0,0.85,18.93,Low,,UNKNOWN,10000,1
2026-06-21,laura ziegler,Laura Ziegler,LAS,NYL,LAS vs NYL,STL,Steals,0.67,0.0,0.0,2.0,0.83,18.17,High,,UNKNOWN,10000,3
2026-06-21,chance gray,Chance Gray,LAS,NYL,LAS vs NYL,STL,Steals,0.53,0.0,0.0,2.0,0.78,10.46,Medium,,UNKNOWN,10000,2
2026-06-21,ta'niya latson,Ta'Niya Latson,LAS,NYL,LAS vs NYL,STL,Steals,0.44,0.0,0.0,1.0,0.68,8.02,Medium,,UNKNOWN,10000,2
2026-06-21,kate martin,Kate Martin,LAS,NYL,LAS vs NYL,STL,Steals,0.42,0.0,0.0,1.0,0.68,10.04,Medium,,UNKNOWN,10000,2
2026-06-21,sania feagin,Sania Feagin,LAS,NYL,LAS vs NYL,STL,Steals,0.32,0.0,0.0,1.0,0.59,8.05,Medium,,UNKNOWN,10000,2
2026-06-21,emma cannon,Emma Cannon,LAS,NYL,LAS vs NYL,STL,Steals,0.13,0.0,0.0,1.0,0.37,8.04,High,,UNKNOWN,10000,3
2026-06-21,chelsea gray,Chelsea Gray,LVA,GSV,LVA vs GSV,AST,Assists,6.71,7.0,3.0,10.0,2.72,32.15,Medium,,UNKNOWN,10000,2
2026-06-21,jackie young,Jackie Young,LVA,GSV,LVA vs GSV,AST,Assists,6.6,6.0,3.0,10.0,2.91,30.34,Low,,UNKNOWN,10000,1
2026-06-21,a'ja wilson,A'ja Wilson,LVA,GSV,LVA vs GSV,AST,Assists,3.31,3.0,1.0,7.0,2.41,31.58,Low,,UNKNOWN,10000,1
2026-06-21,stephanie talbot,Stephanie Talbot,LVA,GSV,LVA vs GSV,AST,Assists,1.9,2.0,0.0,4.0,1.53,19.77,Medium,,UNKNOWN,10000,2
2026-06-21,dana evans,Dana Evans,LVA,GSV,LVA vs GSV,AST,Assists,1.51,1.0,0.0,3.0,1.25,18.02,High,,UNKNOWN,10000,3
2026-06-21,janiah barker,Janiah Barker,LVA,GSV,LVA vs GSV,AST,Assists,1.51,1.0,0.0,3.0,1.26,18.05,High,,UNKNOWN,10000,3
2026-06-21,jewell loyd,Jewell Loyd,LVA,GSV,LVA vs GSV,AST,Assists,1.22,1.0,0.0,3.0,1.1,26.46,Medium,,UNKNOWN,10000,2
2026-06-21,nalyssa smith,NaLyssa Smith,LVA,GSV,LVA vs GSV,AST,Assists,1.18,1.0,0.0,3.0,1.12,22.75,Medium,,UNKNOWN,10000,2
2026-06-21,chennedy carter,Chennedy Carter,LVA,GSV,LVA vs GSV,AST,Assists,0.98,0.0,0.0,3.0,1.59,17.44,Medium,,UNKNOWN,10000,2
2026-06-21,cheyenne parker-tyus,Cheyenne Parker-Tyus,LVA,GSV,LVA vs GSV,AST,Assists,0.56,0.0,0.0,2.0,1.19,14.79,Medium,,UNKNOWN,10000,2
2026-06-21,kierstan bell,Kierstan Bell,LVA,GSV,LVA vs GSV,AST,Assists,0.29,0.0,0.0,1.0,1.13,12.45,Low,,UNKNOWN,10000,1
2026-06-21,brianna turner,Brianna Turner,LVA,GSV,LVA vs GSV,AST,Assists,0.19,0.0,0.0,1.0,0.45,8.91,Low,,UNKNOWN,10000,1
2026-06-21,a'ja wilson,A'ja Wilson,LVA,GSV,LVA vs GSV,BLK,Blocks,2.33,2.0,0.0,5.0,1.84,31.58,Low,,UNKNOWN,10000,1
2026-06-21,nalyssa smith,NaLyssa Smith,LVA,GSV,LVA vs GSV,BLK,Blocks,0.69,0.0,0.0,2.0,0.85,22.75,Medium,,UNKNOWN,10000,2
2026-06-21,jackie young,Jackie Young,LVA,GSV,LVA vs GSV,BLK,Blocks,0.61,0.0,0.0,2.0,0.79,30.34,Low,,UNKNOWN,10000,1
2026-06-21,cheyenne parker-tyus,Cheyenne Parker-Tyus,LVA,GSV,LVA vs GSV,BLK,Blocks,0.57,0.0,0.0,2.0,0.77,14.79,Medium,,UNKNOWN,10000,2
2026-06-21,stephanie talbot,Stephanie Talbot,LVA,GSV,LVA vs GSV,BLK,Blocks,0.55,0.0,0.0,2.0,0.85,19.77,Medium,,UNKNOWN,10000,2
2026-06-21,chelsea gray,Chelsea Gray,LVA,GSV,LVA vs GSV,BLK,Blocks,0.49,0.0,0.0,1.0,0.69,32.15,Medium,,UNKNOWN,10000,2
2026-06-21,kierstan bell,Kierstan Bell,LVA,GSV,LVA vs GSV,BLK,Blocks,0.35,0.0,0.0,1.0,1.12,12.45,Low,,UNKNOWN,10000,1
2026-06-21,brianna turner,Brianna Turner,LVA,GSV,LVA vs GSV,BLK,Blocks,0.3,0.0,0.0,1.0,0.58,8.91,Low,,UNKNOWN,10000,1
2026-06-21,dana evans,Dana Evans,LVA,GSV,LVA vs GSV,BLK,Blocks,0.3,0.0,0.0,1.0,0.55,18.02,High,,UNKNOWN,10000,3
2026-06-21,janiah barker,Janiah Barker,LVA,GSV,LVA vs GSV,BLK,Blocks,0.29,0.0,0.0,1.0,0.54,18.05,High,,UNKNOWN,10000,3
2026-06-21,jewell loyd,Jewell Loyd,LVA,GSV,LVA vs GSV,BLK,Blocks,0.27,0.0,0.0,1.0,0.52,26.46,Medium,,UNKNOWN,10000,2
2026-06-21,chennedy carter,Chennedy Carter,LVA,GSV,LVA vs GSV,BLK,Blocks,0.26,0.0,0.0,1.0,0.52,17.44,Medium,,UNKNOWN,10000,2
2026-06-21,chelsea gray,Chelsea Gray,LVA,GSV,LVA vs GSV,FG3M,3PM,2.09,1.0,0.0,6.0,3.02,32.15,Medium,,UNKNOWN,10000,2
2026-06-21,jewell loyd,Jewell Loyd,LVA,GSV,LVA vs GSV,FG3M,3PM,1.91,2.0,0.0,4.0,1.41,26.46,Medium,,UNKNOWN,10000,2
2026-06-21,jackie young,Jackie Young,LVA,GSV,LVA vs GSV,FG3M,3PM,1.79,1.0,0.0,5.0,2.17,30.34,Low,,UNKNOWN,10000,1
2026-06-21,a'ja wilson,A'ja Wilson,LVA,GSV,LVA vs GSV,FG3M,3PM,1.35,1.0,0.0,3.0,1.19,31.58,Low,,UNKNOWN,10000,1
2026-06-21,chennedy carter,Chennedy Carter,LVA,GSV,LVA vs GSV,FG3M,3PM,0.88,0.0,0.0,3.0,1.28,17.44,Medium,,UNKNOWN,10000,2
2026-06-21,dana evans,Dana Evans,LVA,GSV,LVA vs GSV,FG3M,3PM,0.79,1.0,0.0,2.0,0.91,18.02,High,,UNKNOWN,10000,3
2026-06-21,janiah barker,Janiah Barker,LVA,GSV,LVA vs GSV,FG3M,3PM,0.78,1.0,0.0,2.0,0.89,18.05,High,,UNKNOWN,10000,3
2026-06-21,stephanie talbot,Stephanie Talbot,LVA,GSV,LVA vs GSV,FG3M,3PM,0.78,0.0,0.0,2.0,1.02,19.77,Medium,,UNKNOWN,10000,2
2026-06-21,cheyenne parker-tyus,Cheyenne Parker-Tyus,LVA,GSV,LVA vs GSV,FG3M,3PM,0.27,0.0,0.0,1.0,0.51,14.79,Medium,,UNKNOWN,10000,2
2026-06-21,kierstan bell,Kierstan Bell,LVA,GSV,LVA vs GSV,FG3M,3PM,0.27,0.0,0.0,1.0,0.78,12.45,Low,,UNKNOWN,10000,1
2026-06-21,brianna turner,Brianna Turner,LVA,GSV,LVA vs GSV,FG3M,3PM,0.24,0.0,0.0,1.0,0.51,8.91,Low,,UNKNOWN,10000,1
2026-06-21,nalyssa smith,NaLyssa Smith,LVA,GSV,LVA vs GSV,FG3M,3PM,0.24,0.0,0.0,1.0,0.48,22.75,Medium,,UNKNOWN,10000,2
2026-06-21,a'ja wilson,A'ja Wilson,LVA,GSV,LVA vs GSV,PA,Pts+Ast,26.53,26.13,19.27,34.43,5.96,31.58,Low,,UNKNOWN,10000,1
2026-06-21,jackie young,Jackie Young,LVA,GSV,LVA vs GSV,PA,Pts+Ast,22.67,20.68,10.66,37.41,11.09,30.34,Low,,UNKNOWN,10000,1
2026-06-21,chelsea gray,Chelsea Gray,LVA,GSV,LVA vs GSV,PA,Pts+Ast,19.25,17.52,9.33,31.29,9.22,32.15,Medium,,UNKNOWN,10000,2
2026-06-21,nalyssa smith,NaLyssa Smith,LVA,GSV,LVA vs GSV,PA,Pts+Ast,14.48,13.83,8.47,21.39,5.08,22.75,Medium,,UNKNOWN,10000,2
2026-06-21,chennedy carter,Chennedy Carter,LVA,GSV,LVA vs GSV,PA,Pts+Ast,12.19,9.52,2.76,24.79,9.85,17.44,Medium,,UNKNOWN,10000,2
2026-06-21,jewell loyd,Jewell Loyd,LVA,GSV,LVA vs GSV,PA,Pts+Ast,8.96,7.93,3.24,16.01,5.42,26.46,Medium,,UNKNOWN,10000,2
2026-06-21,dana evans,Dana Evans,LVA,GSV,LVA vs GSV,PA,Pts+Ast,8.0,7.86,5.74,10.44,1.86,18.02,High,,UNKNOWN,10000,3
2026-06-21,janiah barker,Janiah Barker,LVA,GSV,LVA vs GSV,PA,Pts+Ast,7.96,7.81,5.73,10.38,1.84,18.05,High,,UNKNOWN,10000,3
2026-06-21,stephanie talbot,Stephanie Talbot,LVA,GSV,LVA vs GSV,PA,Pts+Ast,6.81,5.91,2.29,12.5,4.32,19.77,Medium,,UNKNOWN,10000,2
2026-06-21,cheyenne parker-tyus,Cheyenne Parker-Tyus,LVA,GSV,LVA vs GSV,PA,Pts+Ast,3.6,2.56,0.42,8.03,3.49,14.79,Medium,,UNKNOWN,10000,2
2026-06-21,brianna turner,Brianna Turner,LVA,GSV,LVA vs GSV,PA,Pts+Ast,1.69,1.21,0.17,3.86,1.73,8.91,Low,,UNKNOWN,10000,1
2026-06-21,kierstan bell,Kierstan Bell,LVA,GSV,LVA vs GSV,PA,Pts+Ast,1.48,0.4,0.0,4.28,2.68,12.45,Low,,UNKNOWN,10000,1
2026-06-21,a'ja wilson,A'ja Wilson,LVA,GSV,LVA vs GSV,PR,Pts+Reb,33.44,32.88,24.57,42.98,7.27,31.58,Low,,UNKNOWN,10000,1
2026-06-21,nalyssa smith,NaLyssa Smith,LVA,GSV,LVA vs GSV,PR,Pts+Reb,21.52,20.91,14.41,29.41,5.92,22.75,Medium,,UNKNOWN,10000,2
2026-06-21,jackie young,Jackie Young,LVA,GSV,LVA vs GSV,PR,Pts+Reb,21.06,18.88,9.58,35.28,10.78,30.34,Low,,UNKNOWN,10000,1
2026-06-21,chelsea gray,Chelsea Gray,LVA,GSV,LVA vs GSV,PR,Pts+Reb,16.07,14.22,6.76,27.59,8.83,32.15,Medium,,UNKNOWN,10000,2
2026-06-21,chennedy carter,Chennedy Carter,LVA,GSV,LVA vs GSV,PR,Pts+Reb,13.18,10.55,3.32,26.38,10.19,17.44,Medium,,UNKNOWN,10000,2
2026-06-21,jewell loyd,Jewell Loyd,LVA,GSV,LVA vs GSV,PR,Pts+Reb,9.76,8.69,3.82,17.03,5.56,26.46,Medium,,UNKNOWN,10000,2
2026-06-21,dana evans,Dana Evans,LVA,GSV,LVA vs GSV,PR,Pts+Reb,9.07,9.01,7.15,11.04,1.52,18.02,High,,UNKNOWN,10000,3
2026-06-21,stephanie talbot,Stephanie Talbot,LVA,GSV,LVA vs GSV,PR,Pts+Reb,9.05,8.04,3.49,15.87,5.2,19.77,Medium,,UNKNOWN,10000,2
2026-06-21,janiah barker,Janiah Barker,LVA,GSV,LVA vs GSV,PR,Pts+Reb,9.04,8.97,7.13,11.01,1.52,18.05,High,,UNKNOWN,10000,3
2026-06-21,cheyenne parker-tyus,Cheyenne Parker-Tyus,LVA,GSV,LVA vs GSV,PR,Pts+Reb,5.16,4.22,1.54,9.91,3.75,14.79,Medium,,UNKNOWN,10000,2
2026-06-21,brianna turner,Brianna Turner,LVA,GSV,LVA vs GSV,PR,Pts+Reb,2.76,2.01,0.43,6.0,2.56,8.91,Low,,UNKNOWN,10000,1
2026-06-21,kierstan bell,Kierstan Bell,LVA,GSV,LVA vs GSV,PR,Pts+Reb,2.11,0.99,0.06,5.45,3.04,12.45,Low,,UNKNOWN,10000,1
2026-06-21,a'ja wilson,A'ja Wilson,LVA,GSV,LVA vs GSV,PRA,Pts+Reb+Ast,36.75,36.15,27.22,47.06,7.82,31.58,Low,,UNKNOWN,10000,1
2026-06-21,jackie young,Jackie Young,LVA,GSV,LVA vs GSV,PRA,Pts+Reb+Ast,27.66,25.7,14.89,43.01,11.57,30.34,Low,,UNKNOWN,10000,1
2026-06-21,chelsea gray,Chelsea Gray,LVA,GSV,LVA vs GSV,PRA,Pts+Reb+Ast,22.78,21.04,12.64,34.97,9.37,32.15,Medium,,UNKNOWN,10000,2
2026-06-21,nalyssa smith,NaLyssa Smith,LVA,GSV,LVA vs GSV,PRA,Pts+Reb+Ast,22.7,22.07,15.36,30.78,6.1,22.75,Medium,,UNKNOWN,10000,2
2026-06-21,chennedy carter,Chennedy Carter,LVA,GSV,LVA vs GSV,PRA,Pts+Reb+Ast,14.16,11.6,3.83,27.89,10.48,17.44,Medium,,UNKNOWN,10000,2
2026-06-21,jewell loyd,Jewell Loyd,LVA,GSV,LVA vs GSV,PRA,Pts+Reb+Ast,10.98,9.95,4.85,18.37,5.69,26.46,Medium,,UNKNOWN,10000,2
2026-06-21,stephanie talbot,Stephanie Talbot,LVA,GSV,LVA vs GSV,PRA,Pts+Reb+Ast,10.95,9.95,4.59,18.61,5.77,19.77,Medium,,UNKNOWN,10000,2
2026-06-21,dana evans,Dana Evans,LVA,GSV,LVA vs GSV,PRA,Pts+Reb+Ast,10.58,10.44,7.94,13.34,2.15,18.02,High,,UNKNOWN,10000,3
2026-06-21,janiah barker,Janiah Barker,LVA,GSV,LVA vs GSV,PRA,Pts+Reb+Ast,10.54,10.41,7.94,13.33,2.12,18.05,High,,UNKNOWN,10000,3
2026-06-21,cheyenne parker-tyus,Cheyenne Parker-Tyus,LVA,GSV,LVA vs GSV,PRA,Pts+Reb+Ast,5.72,4.77,1.77,10.82,3.99,14.79,Medium,,UNKNOWN,10000,2
2026-06-21,brianna turner,Brianna Turner,LVA,GSV,LVA vs GSV,PRA,Pts+Reb+Ast,2.95,2.22,0.46,6.37,2.66,8.91,Low,,UNKNOWN,10000,1
2026-06-21,kierstan bell,Kierstan Bell,LVA,GSV,LVA vs GSV,PRA,Pts+Reb+Ast,2.4,1.19,0.08,6.14,3.31,12.45,Low,,UNKNOWN,10000,1
2026-06-21,a'ja wilson,A'ja Wilson,LVA,GSV,LVA vs GSV,PTS,Points,23.22,22.89,16.73,30.2,5.31,31.58,Low,,UNKNOWN,10000,1
2026-06-21,jackie young,Jackie Young,LVA,GSV,LVA vs GSV,PTS,Points,16.06,13.9,5.24,29.86,10.37,30.34,Low,,UNKNOWN,10000,1
2026-06-21,nalyssa smith,NaLyssa Smith,LVA,GSV,LVA vs GSV,PTS,Points,13.3,12.64,7.6,19.96,4.89,22.75,Medium,,UNKNOWN,10000,2
2026-06-21,chelsea gray,Chelsea Gray,LVA,GSV,LVA vs GSV,PTS,Points,12.54,10.63,3.53,23.98,8.69,32.15,Medium,,UNKNOWN,10000,2
2026-06-21,chennedy carter,Chennedy Carter,LVA,GSV,LVA vs GSV,PTS,Points,11.22,8.58,2.25,23.37,9.57,17.44,Medium,,UNKNOWN,10000,2
2026-06-21,jewell loyd,Jewell Loyd,LVA,GSV,LVA vs GSV,PTS,Points,7.74,6.62,2.26,14.65,5.29,26.46,Medium,,UNKNOWN,10000,2
2026-06-21,dana evans,Dana Evans,LVA,GSV,LVA vs GSV,PTS,Points,6.49,6.44,5.04,8.01,1.17,18.02,High,,UNKNOWN,10000,3
2026-06-21,janiah barker,Janiah Barker,LVA,GSV,LVA vs GSV,PTS,Points,6.45,6.39,4.99,7.96,1.17,18.05,High,,UNKNOWN,10000,3
2026-06-21,stephanie talbot,Stephanie Talbot,LVA,GSV,LVA vs GSV,PTS,Points,4.91,3.97,1.23,9.83,3.76,19.77,Medium,,UNKNOWN,10000,2
2026-06-21,cheyenne parker-tyus,Cheyenne Parker-Tyus,LVA,GSV,LVA vs GSV,PTS,Points,3.04,2.02,0.29,7.13,3.23,14.79,Medium,,UNKNOWN,10000,2
2026-06-21,brianna turner,Brianna Turner,LVA,GSV,LVA vs GSV,PTS,Points,1.5,0.98,0.15,3.5,1.62,8.91,Low,,UNKNOWN,10000,1
2026-06-21,kierstan bell,Kierstan Bell,LVA,GSV,LVA vs GSV,PTS,Points,1.19,0.26,0.0,3.5,2.36,12.45,Low,,UNKNOWN,10000,1
2026-06-21,a'ja wilson,A'ja Wilson,LVA,GSV,LVA vs GSV,RA,Reb+Ast,13.52,12.89,7.52,20.38,5.1,31.58,Low,,UNKNOWN,10000,1
2026-06-21,jackie young,Jackie Young,LVA,GSV,LVA vs GSV,RA,Reb+Ast,11.6,11.3,6.98,16.58,3.78,30.34,Low,,UNKNOWN,10000,1
2026-06-21,chelsea gray,Chelsea Gray,LVA,GSV,LVA vs GSV,RA,Reb+Ast,10.24,10.05,6.37,14.32,3.11,32.15,Medium,,UNKNOWN,10000,2
2026-06-21,nalyssa smith,NaLyssa Smith,LVA,GSV,LVA vs GSV,RA,Reb+Ast,9.41,9.12,5.97,13.18,2.84,22.75,Medium,,UNKNOWN,10000,2
2026-06-21,stephanie talbot,Stephanie Talbot,LVA,GSV,LVA vs GSV,RA,Reb+Ast,6.04,5.45,2.16,10.61,3.51,19.77,Medium,,UNKNOWN,10000,2
2026-06-21,dana evans,Dana Evans,LVA,GSV,LVA vs GSV,RA,Reb+Ast,4.09,3.91,2.39,5.98,1.4,18.02,High,,UNKNOWN,10000,3
2026-06-21,janiah barker,Janiah Barker,LVA,GSV,LVA vs GSV,RA,Reb+Ast,4.09,3.9,2.39,5.98,1.41,18.05,High,,UNKNOWN,10000,3
2026-06-21,jewell loyd,Jewell Loyd,LVA,GSV,LVA vs GSV,RA,Reb+Ast,3.25,2.92,1.07,5.84,1.98,26.46,Medium,,UNKNOWN,10000,2
2026-06-21,chennedy carter,Chennedy Carter,LVA,GSV,LVA vs GSV,RA,Reb+Ast,2.94,2.08,0.22,6.7,3.0,17.44,Medium,,UNKNOWN,10000,2
2026-06-21,cheyenne parker-tyus,Cheyenne Parker-Tyus,LVA,GSV,LVA vs GSV,RA,Reb+Ast,2.68,2.17,0.64,5.29,2.06,14.79,Medium,,UNKNOWN,10000,2
2026-06-21,brianna turner,Brianna Turner,LVA,GSV,LVA vs GSV,RA,Reb+Ast,1.46,0.91,0.08,3.51,1.76,8.91,Low,,UNKNOWN,10000,1
2026-06-21,kierstan bell,Kierstan Bell,LVA,GSV,LVA vs GSV,RA,Reb+Ast,1.2,0.36,0.0,3.37,2.12,12.45,Low,,UNKNOWN,10000,1
2026-06-21,a'ja wilson,A'ja Wilson,LVA,GSV,LVA vs GSV,REB,Rebounds,10.22,9.54,5.21,16.0,4.39,31.58,Low,,UNKNOWN,10000,1
2026-06-21,nalyssa smith,NaLyssa Smith,LVA,GSV,LVA vs GSV,REB,Rebounds,8.22,7.92,5.2,11.6,2.55,22.75,Medium,,UNKNOWN,10000,2
2026-06-21,jackie young,Jackie Young,LVA,GSV,LVA vs GSV,REB,Rebounds,5.0,4.75,2.81,7.49,1.9,30.34,Low,,UNKNOWN,10000,1
2026-06-21,stephanie talbot,Stephanie Talbot,LVA,GSV,LVA vs GSV,REB,Rebounds,4.14,3.47,1.24,7.81,2.87,19.77,Medium,,UNKNOWN,10000,2
2026-06-21,chelsea gray,Chelsea Gray,LVA,GSV,LVA vs GSV,REB,Rebounds,3.53,3.34,1.94,5.32,1.35,32.15,Medium,,UNKNOWN,10000,2
2026-06-21,dana evans,Dana Evans,LVA,GSV,LVA vs GSV,REB,Rebounds,2.58,2.55,2.0,3.19,0.47,18.02,High,,UNKNOWN,10000,3
2026-06-21,janiah barker,Janiah Barker,LVA,GSV,LVA vs GSV,REB,Rebounds,2.58,2.56,2.01,3.19,0.46,18.05,High,,UNKNOWN,10000,3
2026-06-21,cheyenne parker-tyus,Cheyenne Parker-Tyus,LVA,GSV,LVA vs GSV,REB,Rebounds,2.12,1.71,0.54,4.18,1.63,14.79,Medium,,UNKNOWN,10000,2
2026-06-21,jewell loyd,Jewell Loyd,LVA,GSV,LVA vs GSV,REB,Rebounds,2.02,1.61,0.43,4.13,1.62,26.46,Medium,,UNKNOWN,10000,2
2026-06-21,chennedy carter,Chennedy Carter,LVA,GSV,LVA vs GSV,REB,Rebounds,1.96,1.14,0.12,4.85,2.43,17.44,Medium,,UNKNOWN,10000,2
2026-06-21,brianna turner,Brianna Turner,LVA,GSV,LVA vs GSV,REB,Rebounds,1.26,0.68,0.07,3.18,1.65,8.91,Low,,UNKNOWN,10000,1
2026-06-21,kierstan bell,Kierstan Bell,LVA,GSV,LVA vs GSV,REB,Rebounds,0.91,0.24,0.0,2.65,1.75,12.45,Low,,UNKNOWN,10000,1
2026-06-21,a'ja wilson,A'ja Wilson,LVA,GSV,LVA vs GSV,SB,Stl+Blk,3.55,3.0,1.0,6.0,2.19,31.58,Low,,UNKNOWN,10000,1
2026-06-21,chelsea gray,Chelsea Gray,LVA,GSV,LVA vs GSV,SB,Stl+Blk,1.93,2.0,0.0,4.0,1.41,32.15,Medium,,UNKNOWN,10000,2
2026-06-21,jackie young,Jackie Young,LVA,GSV,LVA vs GSV,SB,Stl+Blk,1.66,1.0,0.0,3.0,1.33,30.34,Low,,UNKNOWN,10000,1
2026-06-21,nalyssa smith,NaLyssa Smith,LVA,GSV,LVA vs GSV,SB,Stl+Blk,1.42,1.0,0.0,3.0,1.22,22.75,Medium,,UNKNOWN,10000,2
2026-06-21,jewell loyd,Jewell Loyd,LVA,GSV,LVA vs GSV,SB,Stl+Blk,1.33,1.0,0.0,3.0,1.17,26.46,Medium,,UNKNOWN,10000,2
2026-06-21,stephanie talbot,Stephanie Talbot,LVA,GSV,LVA vs GSV,SB,Stl+Blk,1.16,1.0,0.0,3.0,1.21,19.77,Medium,,UNKNOWN,10000,2
2026-06-21,chennedy carter,Chennedy Carter,LVA,GSV,LVA vs GSV,SB,Stl+Blk,1.01,1.0,0.0,2.0,1.1,17.44,Medium,,UNKNOWN,10000,2
2026-06-21,dana evans,Dana Evans,LVA,GSV,LVA vs GSV,SB,Stl+Blk,0.96,1.0,0.0,2.0,0.99,18.02,High,,UNKNOWN,10000,3
2026-06-21,janiah barker,Janiah Barker,LVA,GSV,LVA vs GSV,SB,Stl+Blk,0.96,1.0,0.0,2.0,0.99,18.05,High,,UNKNOWN,10000,3
2026-06-21,cheyenne parker-tyus,Cheyenne Parker-Tyus,LVA,GSV,LVA vs GSV,SB,Stl+Blk,0.78,1.0,0.0,2.0,0.91,14.79,Medium,,UNKNOWN,10000,2
2026-06-21,brianna turner,Brianna Turner,LVA,GSV,LVA vs GSV,SB,Stl+Blk,0.65,0.0,0.0,2.0,0.9,8.91,Low,,UNKNOWN,10000,1
2026-06-21,kierstan bell,Kierstan Bell,LVA,GSV,LVA vs GSV,SB,Stl+Blk,0.65,0.0,0.0,2.0,1.28,12.45,Low,,UNKNOWN,10000,1
2026-06-21,chelsea gray,Chelsea Gray,LVA,GSV,LVA vs GSV,STL,Steals,1.44,1.0,0.0,3.0,1.22,32.15,Medium,,UNKNOWN,10000,2
2026-06-21,a'ja wilson,A'ja Wilson,LVA,GSV,LVA vs GSV,STL,Steals,1.22,1.0,0.0,3.0,1.13,31.58,Low,,UNKNOWN,10000,1
2026-06-21,jewell loyd,Jewell Loyd,LVA,GSV,LVA vs GSV,STL,Steals,1.06,1.0,0.0,2.0,1.04,26.46,Medium,,UNKNOWN,10000,2
2026-06-21,jackie young,Jackie Young,LVA,GSV,LVA vs GSV,STL,Steals,1.05,1.0,0.0,2.0,1.04,30.34,Low,,UNKNOWN,10000,1
2026-06-21,chennedy carter,Chennedy Carter,LVA,GSV,LVA vs GSV,STL,Steals,0.74,0.0,0.0,2.0,0.94,17.44,Medium,,UNKNOWN,10000,2
2026-06-21,nalyssa smith,NaLyssa Smith,LVA,GSV,LVA vs GSV,STL,Steals,0.73,1.0,0.0,2.0,0.86,22.75,Medium,,UNKNOWN,10000,2
2026-06-21,janiah barker,Janiah Barker,LVA,GSV,LVA vs GSV,STL,Steals,0.67,0.0,0.0,2.0,0.82,18.05,High,,UNKNOWN,10000,3
2026-06-21,dana evans,Dana Evans,LVA,GSV,LVA vs GSV,STL,Steals,0.66,0.0,0.0,2.0,0.82,18.02,High,,UNKNOWN,10000,3
2026-06-21,stephanie talbot,Stephanie Talbot,LVA,GSV,LVA vs GSV,STL,Steals,0.61,0.0,0.0,2.0,0.81,19.77,Medium,,UNKNOWN,10000,2
2026-06-21,brianna turner,Brianna Turner,LVA,GSV,LVA vs GSV,STL,Steals,0.35,0.0,0.0,1.0,0.63,8.91,Low,,UNKNOWN,10000,1
2026-06-21,kierstan bell,Kierstan Bell,LVA,GSV,LVA vs GSV,STL,Steals,0.3,0.0,0.0,1.0,0.57,12.45,Low,,UNKNOWN,10000,1
2026-06-21,cheyenne parker-tyus,Cheyenne Parker-Tyus,LVA,GSV,LVA vs GSV,STL,Steals,0.21,0.0,0.0,1.0,0.46,14.79,Medium,,UNKNOWN,10000,2
2026-06-21,olivia miles,Olivia Miles,MIN,WAS,MIN vs WAS,AST,Assists,6.07,6.0,3.0,10.0,2.65,30.41,Low,,UNKNOWN,10000,1
2026-06-21,courtney williams,Courtney Williams,MIN,WAS,MIN vs WAS,AST,Assists,4.37,4.0,2.0,7.0,2.21,28.22,Low,,UNKNOWN,10000,1
2026-06-21,kayla mcbride,Kayla McBride,MIN,WAS,MIN vs WAS,AST,Assists,3.21,3.0,1.0,6.0,1.92,28.68,Low,,UNKNOWN,10000,1
2026-06-21,nia coffey,Nia Coffey,MIN,WAS,MIN vs WAS,AST,Assists,2.62,2.0,1.0,5.0,1.72,25.26,Low,,UNKNOWN,10000,1
2026-06-21,natasha howard,Natasha Howard,MIN,WAS,MIN vs WAS,AST,Assists,2.58,2.0,1.0,5.0,1.72,28.23,Low,,UNKNOWN,10000,1
2026-06-21,antonia delaere,Antonia Delaere,MIN,WAS,MIN vs WAS,AST,Assists,1.63,1.0,0.0,5.0,2.51,18.69,Low,,UNKNOWN,10000,1
2026-06-21,dorka juhasz,Dorka Juhasz,MIN,WAS,MIN vs WAS,AST,Assists,1.63,1.0,0.0,3.0,1.32,17.37,High,,UNKNOWN,10000,3
2026-06-21,napheesa collier,Napheesa Collier,MIN,WAS,MIN vs WAS,AST,Assists,1.61,1.0,0.0,3.0,1.3,17.35,High,,UNKNOWN,10000,3
2026-06-21,anastasiia olairi kosu,Anastasiia Olairi Kosu,MIN,WAS,MIN vs WAS,AST,Assists,1.25,1.0,0.0,3.0,1.22,14.34,Medium,,UNKNOWN,10000,2
2026-06-21,eliska hamzova,Eliska Hamzova,MIN,WAS,MIN vs WAS,AST,Assists,0.82,1.0,0.0,2.0,0.96,9.52,Medium,,UNKNOWN,10000,2
2026-06-21,maya caldwell,Maya Caldwell,MIN,WAS,MIN vs WAS,AST,Assists,0.8,1.0,0.0,2.0,1.01,17.07,Low,,UNKNOWN,10000,1
2026-06-21,emese hof,Emese Hof,MIN,WAS,MIN vs WAS,AST,Assists,0.56,0.0,0.0,2.0,1.63,8.92,Low,,UNKNOWN,10000,1
2026-06-21,emma cechova,Emma Cechova,MIN,WAS,MIN vs WAS,AST,Assists,0.51,0.0,0.0,1.0,0.73,14.08,High,,UNKNOWN,10000,3
2026-06-21,teaira mccowan,Teaira McCowan,MIN,WAS,MIN vs WAS,AST,Assists,0.23,0.0,0.0,1.0,0.52,8.49,Low,,UNKNOWN,10000,1
2026-06-21,liatu king,Liatu King,MIN,WAS,MIN vs WAS,AST,Assists,0.16,0.0,0.0,1.0,0.4,11.28,Medium,,UNKNOWN,10000,2
2026-06-21,nia coffey,Nia Coffey,MIN,WAS,MIN vs WAS,BLK,Blocks,1.45,1.0,0.0,3.0,1.25,25.26,Low,,UNKNOWN,10000,1
2026-06-21,natasha howard,Natasha Howard,MIN,WAS,MIN vs WAS,BLK,Blocks,0.8,1.0,0.0,2.0,0.89,28.23,Low,,UNKNOWN,10000,1
2026-06-21,liatu king,Liatu King,MIN,WAS,MIN vs WAS,BLK,Blocks,0.72,0.0,0.0,2.0,1.34,11.28,Medium,,UNKNOWN,10000,2
2026-06-21,anastasiia olairi kosu,Anastasiia Olairi Kosu,MIN,WAS,MIN vs WAS,BLK,Blocks,0.69,0.0,0.0,2.0,1.04,14.34,Medium,,UNKNOWN,10000,2
2026-06-21,olivia miles,Olivia Miles,MIN,WAS,MIN vs WAS,BLK,Blocks,0.47,0.0,0.0,2.0,0.94,30.41,Low,,UNKNOWN,10000,1
2026-06-21,teaira mccowan,Teaira McCowan,MIN,WAS,MIN vs WAS,BLK,Blocks,0.46,0.0,0.0,1.0,0.76,8.49,Low,,UNKNOWN,10000,1
2026-06-21,courtney williams,Courtney Williams,MIN,WAS,MIN vs WAS,BLK,Blocks,0.44,0.0,0.0,1.0,0.67,28.22,Low,,UNKNOWN,10000,1
2026-06-21,emma cechova,Emma Cechova,MIN,WAS,MIN vs WAS,BLK,Blocks,0.38,0.0,0.0,1.0,0.63,14.08,High,,UNKNOWN,10000,3
2026-06-21,kayla mcbride,Kayla McBride,MIN,WAS,MIN vs WAS,BLK,Blocks,0.36,0.0,0.0,1.0,0.61,28.68,Low,,UNKNOWN,10000,1
2026-06-21,eliska hamzova,Eliska Hamzova,MIN,WAS,MIN vs WAS,BLK,Blocks,0.32,0.0,0.0,1.0,0.58,9.52,Medium,,UNKNOWN,10000,2
2026-06-21,maya caldwell,Maya Caldwell,MIN,WAS,MIN vs WAS,BLK,Blocks,0.31,0.0,0.0,1.0,0.56,17.07,Low,,UNKNOWN,10000,1
2026-06-21,dorka juhasz,Dorka Juhasz,MIN,WAS,MIN vs WAS,BLK,Blocks,0.3,0.0,0.0,1.0,0.55,17.37,High,,UNKNOWN,10000,3
2026-06-21,napheesa collier,Napheesa Collier,MIN,WAS,MIN vs WAS,BLK,Blocks,0.3,0.0,0.0,1.0,0.55,17.35,High,,UNKNOWN,10000,3
2026-06-21,antonia delaere,Antonia Delaere,MIN,WAS,MIN vs WAS,BLK,Blocks,0.18,0.0,0.0,1.0,0.44,18.69,Low,,UNKNOWN,10000,1
2026-06-21,emese hof,Emese Hof,MIN,WAS,MIN vs WAS,BLK,Blocks,0.16,0.0,0.0,1.0,0.41,8.92,Low,,UNKNOWN,10000,1
2026-06-21,kayla mcbride,Kayla McBride,MIN,WAS,MIN vs WAS,FG3M,3PM,1.86,2.0,0.0,4.0,1.41,28.68,Low,,UNKNOWN,10000,1
2026-06-21,nia coffey,Nia Coffey,MIN,WAS,MIN vs WAS,FG3M,3PM,1.81,1.0,0.0,4.0,1.66,25.26,Low,,UNKNOWN,10000,1
2026-06-21,olivia miles,Olivia Miles,MIN,WAS,MIN vs WAS,FG3M,3PM,1.24,0.0,0.0,4.0,2.46,30.41,Low,,UNKNOWN,10000,1
2026-06-21,courtney williams,Courtney Williams,MIN,WAS,MIN vs WAS,FG3M,3PM,1.22,1.0,0.0,3.0,1.2,28.22,Low,,UNKNOWN,10000,1
2026-06-21,dorka juhasz,Dorka Juhasz,MIN,WAS,MIN vs WAS,FG3M,3PM,0.78,1.0,0.0,2.0,0.89,17.37,High,,UNKNOWN,10000,3
2026-06-21,napheesa collier,Napheesa Collier,MIN,WAS,MIN vs WAS,FG3M,3PM,0.78,1.0,0.0,2.0,0.9,17.35,High,,UNKNOWN,10000,3
2026-06-21,antonia delaere,Antonia Delaere,MIN,WAS,MIN vs WAS,FG3M,3PM,0.62,0.0,0.0,2.0,1.09,18.69,Low,,UNKNOWN,10000,1
2026-06-21,maya caldwell,Maya Caldwell,MIN,WAS,MIN vs WAS,FG3M,3PM,0.54,0.0,0.0,2.0,0.75,17.07,Low,,UNKNOWN,10000,1
2026-06-21,liatu king,Liatu King,MIN,WAS,MIN vs WAS,FG3M,3PM,0.4,0.0,0.0,1.0,0.65,11.28,Medium,,UNKNOWN,10000,2
2026-06-21,natasha howard,Natasha Howard,MIN,WAS,MIN vs WAS,FG3M,3PM,0.29,0.0,0.0,1.0,0.54,28.23,Low,,UNKNOWN,10000,1
2026-06-21,anastasiia olairi kosu,Anastasiia Olairi Kosu,MIN,WAS,MIN vs WAS,FG3M,3PM,0.26,0.0,0.0,1.0,0.53,14.34,Medium,,UNKNOWN,10000,2
2026-06-21,emma cechova,Emma Cechova,MIN,WAS,MIN vs WAS,FG3M,3PM,0.23,0.0,0.0,1.0,0.48,14.08,High,,UNKNOWN,10000,3
2026-06-21,eliska hamzova,Eliska Hamzova,MIN,WAS,MIN vs WAS,FG3M,3PM,0.16,0.0,0.0,1.0,0.4,9.52,Medium,,UNKNOWN,10000,2
2026-06-21,emese hof,Emese Hof,MIN,WAS,MIN vs WAS,FG3M,3PM,0.11,0.0,0.0,1.0,0.34,8.92,Low,,UNKNOWN,10000,1
2026-06-21,teaira mccowan,Teaira McCowan,MIN,WAS,MIN vs WAS,FG3M,3PM,0.09,0.0,0.0,0.0,0.3,8.49,Low,,UNKNOWN,10000,1
2026-06-21,olivia miles,Olivia Miles,MIN,WAS,MIN vs WAS,PA,Pts+Ast,25.18,24.5,16.08,35.07,7.59,30.41,Low,,UNKNOWN,10000,1
2026-06-21,courtney williams,Courtney Williams,MIN,WAS,MIN vs WAS,PA,Pts+Ast,21.76,21.02,13.71,30.82,6.8,28.22,Low,,UNKNOWN,10000,1
2026-06-21,natasha howard,Natasha Howard,MIN,WAS,MIN vs WAS,PA,Pts+Ast,19.47,18.77,12.2,27.74,6.14,28.23,Low,,UNKNOWN,10000,1
2026-06-21,kayla mcbride,Kayla McBride,MIN,WAS,MIN vs WAS,PA,Pts+Ast,17.13,16.62,10.88,24.05,5.17,28.68,Low,,UNKNOWN,10000,1
2026-06-21,nia coffey,Nia Coffey,MIN,WAS,MIN vs WAS,PA,Pts+Ast,12.98,11.95,6.24,20.95,6.07,25.26,Low,,UNKNOWN,10000,1
2026-06-21,anastasiia olairi kosu,Anastasiia Olairi Kosu,MIN,WAS,MIN vs WAS,PA,Pts+Ast,7.86,6.94,2.73,14.25,4.76,14.34,Medium,,UNKNOWN,10000,2
2026-06-21,dorka juhasz,Dorka Juhasz,MIN,WAS,MIN vs WAS,PA,Pts+Ast,7.73,7.53,5.5,10.26,1.85,17.37,High,,UNKNOWN,10000,3
2026-06-21,napheesa collier,Napheesa Collier,MIN,WAS,MIN vs WAS,PA,Pts+Ast,7.7,7.56,5.46,10.12,1.84,17.35,High,,UNKNOWN,10000,3
2026-06-21,eliska hamzova,Eliska Hamzova,MIN,WAS,MIN vs WAS,PA,Pts+Ast,4.68,4.34,1.95,7.84,2.4,9.52,Medium,,UNKNOWN,10000,2
2026-06-21,emma cechova,Emma Cechova,MIN,WAS,MIN vs WAS,PA,Pts+Ast,4.55,4.43,3.13,6.14,1.17,14.08,High,,UNKNOWN,10000,3
2026-06-21,maya caldwell,Maya Caldwell,MIN,WAS,MIN vs WAS,PA,Pts+Ast,3.92,2.98,0.62,8.26,3.52,17.07,Low,,UNKNOWN,10000,1
2026-06-21,antonia delaere,Antonia Delaere,MIN,WAS,MIN vs WAS,PA,Pts+Ast,3.56,2.0,0.0,9.07,5.02,18.69,Low,,UNKNOWN,10000,1
2026-06-21,liatu king,Liatu King,MIN,WAS,MIN vs WAS,PA,Pts+Ast,2.7,1.42,0.1,6.9,3.6,11.28,Medium,,UNKNOWN,10000,2
2026-06-21,emese hof,Emese Hof,MIN,WAS,MIN vs WAS,PA,Pts+Ast,2.38,1.98,0.68,4.24,2.02,8.92,Low,,UNKNOWN,10000,1
2026-06-21,teaira mccowan,Teaira McCowan,MIN,WAS,MIN vs WAS,PA,Pts+Ast,1.69,0.83,0.01,4.46,2.65,8.49,Low,,UNKNOWN,10000,1
2026-06-21,natasha howard,Natasha Howard,MIN,WAS,MIN vs WAS,PR,Pts+Reb,24.48,23.76,16.25,33.77,6.9,28.23,Low,,UNKNOWN,10000,1
2026-06-21,olivia miles,Olivia Miles,MIN,WAS,MIN vs WAS,PR,Pts+Reb,24.27,23.41,15.68,33.78,7.29,30.41,Low,,UNKNOWN,10000,1
2026-06-21,courtney williams,Courtney Williams,MIN,WAS,MIN vs WAS,PR,Pts+Reb,23.11,22.27,14.99,32.4,6.86,28.22,Low,,UNKNOWN,10000,1
2026-06-21,kayla mcbride,Kayla McBride,MIN,WAS,MIN vs WAS,PR,Pts+Reb,18.66,18.14,12.06,26.12,5.55,28.68,Low,,UNKNOWN,10000,1
2026-06-21,nia coffey,Nia Coffey,MIN,WAS,MIN vs WAS,PR,Pts+Reb,17.14,16.06,10.21,25.43,6.27,25.26,Low,,UNKNOWN,10000,1
2026-06-21,anastasiia olairi kosu,Anastasiia Olairi Kosu,MIN,WAS,MIN vs WAS,PR,Pts+Reb,10.92,10.01,4.59,18.39,5.63,14.34,Medium,,UNKNOWN,10000,2
2026-06-21,dorka juhasz,Dorka Juhasz,MIN,WAS,MIN vs WAS,PR,Pts+Reb,9.07,9.02,7.13,11.14,1.55,17.37,High,,UNKNOWN,10000,3
2026-06-21,napheesa collier,Napheesa Collier,MIN,WAS,MIN vs WAS,PR,Pts+Reb,9.06,9.0,7.1,11.09,1.56,17.35,High,,UNKNOWN,10000,3
2026-06-21,emma cechova,Emma Cechova,MIN,WAS,MIN vs WAS,PR,Pts+Reb,7.14,7.09,5.39,8.95,1.41,14.08,High,,UNKNOWN,10000,3
2026-06-21,eliska hamzova,Eliska Hamzova,MIN,WAS,MIN vs WAS,PR,Pts+Reb,7.09,6.29,2.84,12.34,4.07,9.52,Medium,,UNKNOWN,10000,2
2026-06-21,liatu king,Liatu King,MIN,WAS,MIN vs WAS,PR,Pts+Reb,6.02,4.85,1.79,11.58,4.53,11.28,Medium,,UNKNOWN,10000,2
2026-06-21,maya caldwell,Maya Caldwell,MIN,WAS,MIN vs WAS,PR,Pts+Reb,5.73,4.69,1.66,11.07,4.17,17.07,Low,,UNKNOWN,10000,1
2026-06-21,teaira mccowan,Teaira McCowan,MIN,WAS,MIN vs WAS,PR,Pts+Reb,4.43,3.53,1.06,8.84,3.63,8.49,Low,,UNKNOWN,10000,1
2026-06-21,emese hof,Emese Hof,MIN,WAS,MIN vs WAS,PR,Pts+Reb,3.64,2.95,1.01,7.1,2.9,8.92,Low,,UNKNOWN,10000,1
2026-06-21,antonia delaere,Antonia Delaere,MIN,WAS,MIN vs WAS,PR,Pts+Reb,2.73,1.13,0.1,6.79,4.51,18.69,Low,,UNKNOWN,10000,1
2026-06-21,olivia miles,Olivia Miles,MIN,WAS,MIN vs WAS,PRA,Pts+Reb+Ast,30.34,29.63,20.64,40.72,8.06,30.41,Low,,UNKNOWN,10000,1
2026-06-21,courtney williams,Courtney Williams,MIN,WAS,MIN vs WAS,PRA,Pts+Reb+Ast,27.48,26.69,18.56,37.46,7.46,28.22,Low,,UNKNOWN,10000,1
2026-06-21,natasha howard,Natasha Howard,MIN,WAS,MIN vs WAS,PRA,Pts+Reb+Ast,27.06,26.34,18.26,36.74,7.25,28.23,Low,,UNKNOWN,10000,1
2026-06-21,kayla mcbride,Kayla McBride,MIN,WAS,MIN vs WAS,PRA,Pts+Reb+Ast,21.87,21.31,14.47,30.16,6.18,28.68,Low,,UNKNOWN,10000,1
2026-06-21,nia coffey,Nia Coffey,MIN,WAS,MIN vs WAS,PRA,Pts+Reb+Ast,19.76,18.84,12.25,28.52,6.69,25.26,Low,,UNKNOWN,10000,1
2026-06-21,anastasiia olairi kosu,Anastasiia Olairi Kosu,MIN,WAS,MIN vs WAS,PRA,Pts+Reb+Ast,12.17,11.31,5.18,20.35,6.11,14.34,Medium,,UNKNOWN,10000,2
2026-06-21,dorka juhasz,Dorka Juhasz,MIN,WAS,MIN vs WAS,PRA,Pts+Reb+Ast,10.7,10.53,8.02,13.64,2.19,17.37,High,,UNKNOWN,10000,3
2026-06-21,napheesa collier,Napheesa Collier,MIN,WAS,MIN vs WAS,PRA,Pts+Reb+Ast,10.68,10.54,7.97,13.52,2.18,17.35,High,,UNKNOWN,10000,3
2026-06-21,eliska hamzova,Eliska Hamzova,MIN,WAS,MIN vs WAS,PRA,Pts+Reb+Ast,7.91,7.17,3.24,13.51,4.33,9.52,Medium,,UNKNOWN,10000,2
2026-06-21,emma cechova,Emma Cechova,MIN,WAS,MIN vs WAS,PRA,Pts+Reb+Ast,7.65,7.55,5.62,9.87,1.66,14.08,High,,UNKNOWN,10000,3
2026-06-21,maya caldwell,Maya Caldwell,MIN,WAS,MIN vs WAS,PRA,Pts+Reb+Ast,6.53,5.54,2.08,12.21,4.4,17.07,Low,,UNKNOWN,10000,1
2026-06-21,liatu king,Liatu King,MIN,WAS,MIN vs WAS,PRA,Pts+Reb+Ast,6.18,5.04,1.86,11.74,4.58,11.28,Medium,,UNKNOWN,10000,2
2026-06-21,teaira mccowan,Teaira McCowan,MIN,WAS,MIN vs WAS,PRA,Pts+Reb+Ast,4.66,3.76,1.12,9.17,3.74,8.49,Low,,UNKNOWN,10000,1
2026-06-21,antonia delaere,Antonia Delaere,MIN,WAS,MIN vs WAS,PRA,Pts+Reb+Ast,4.36,2.73,0.3,10.27,5.22,18.69,Low,,UNKNOWN,10000,1
2026-06-21,emese hof,Emese Hof,MIN,WAS,MIN vs WAS,PRA,Pts+Reb+Ast,4.2,3.31,1.07,8.38,3.5,8.92,Low,,UNKNOWN,10000,1
2026-06-21,olivia miles,Olivia Miles,MIN,WAS,MIN vs WAS,PTS,Points,19.11,18.29,11.13,28.11,6.84,30.41,Low,,UNKNOWN,10000,1
2026-06-21,courtney williams,Courtney Williams,MIN,WAS,MIN vs WAS,PTS,Points,17.39,16.57,10.19,25.61,6.2,28.22,Low,,UNKNOWN,10000,1
2026-06-21,natasha howard,Natasha Howard,MIN,WAS,MIN vs WAS,PTS,Points,16.9,16.21,10.15,24.69,5.77,28.23,Low,,UNKNOWN,10000,1
2026-06-21,kayla mcbride,Kayla McBride,MIN,WAS,MIN vs WAS,PTS,Points,13.92,13.41,8.55,19.85,4.51,28.68,Low,,UNKNOWN,10000,1
2026-06-21,nia coffey,Nia Coffey,MIN,WAS,MIN vs WAS,PTS,Points,10.35,9.26,4.2,17.88,5.69,25.26,Low,,UNKNOWN,10000,1
2026-06-21,anastasiia olairi kosu,Anastasiia Olairi Kosu,MIN,WAS,MIN vs WAS,PTS,Points,6.61,5.67,2.1,12.35,4.32,14.34,Medium,,UNKNOWN,10000,2
2026-06-21,dorka juhasz,Dorka Juhasz,MIN,WAS,MIN vs WAS,PTS,Points,6.1,6.04,4.69,7.57,1.12,17.37,High,,UNKNOWN,10000,3
2026-06-21,napheesa collier,Napheesa Collier,MIN,WAS,MIN vs WAS,PTS,Points,6.09,6.04,4.69,7.56,1.12,17.35,High,,UNKNOWN,10000,3
2026-06-21,emma cechova,Emma Cechova,MIN,WAS,MIN vs WAS,PTS,Points,4.04,3.99,2.99,5.14,0.85,14.08,High,,UNKNOWN,10000,3
2026-06-21,eliska hamzova,Eliska Hamzova,MIN,WAS,MIN vs WAS,PTS,Points,3.86,3.55,1.62,6.46,2.02,9.52,Medium,,UNKNOWN,10000,2
2026-06-21,maya caldwell,Maya Caldwell,MIN,WAS,MIN vs WAS,PTS,Points,3.13,2.1,0.35,7.25,3.3,17.07,Low,,UNKNOWN,10000,1
2026-06-21,liatu king,Liatu King,MIN,WAS,MIN vs WAS,PTS,Points,2.54,1.22,0.07,6.65,3.56,11.28,Medium,,UNKNOWN,10000,2
2026-06-21,antonia delaere,Antonia Delaere,MIN,WAS,MIN vs WAS,PTS,Points,1.93,0.23,0.0,5.54,4.31,18.69,Low,,UNKNOWN,10000,1
2026-06-21,emese hof,Emese Hof,MIN,WAS,MIN vs WAS,PTS,Points,1.82,1.74,0.64,3.08,0.94,8.92,Low,,UNKNOWN,10000,1
2026-06-21,teaira mccowan,Teaira McCowan,MIN,WAS,MIN vs WAS,PTS,Points,1.46,0.47,0.01,4.06,2.56,8.49,Low,,UNKNOWN,10000,1
2026-06-21,olivia miles,Olivia Miles,MIN,WAS,MIN vs WAS,RA,Reb+Ast,11.24,11.0,7.11,15.6,3.31,30.41,Low,,UNKNOWN,10000,1
2026-06-21,natasha howard,Natasha Howard,MIN,WAS,MIN vs WAS,RA,Reb+Ast,10.16,9.73,5.84,15.11,3.66,28.23,Low,,UNKNOWN,10000,1
2026-06-21,courtney williams,Courtney Williams,MIN,WAS,MIN vs WAS,RA,Reb+Ast,10.09,9.8,6.12,14.42,3.27,28.22,Low,,UNKNOWN,10000,1
2026-06-21,nia coffey,Nia Coffey,MIN,WAS,MIN vs WAS,RA,Reb+Ast,9.41,9.17,6.27,12.86,2.6,25.26,Low,,UNKNOWN,10000,1
2026-06-21,kayla mcbride,Kayla McBride,MIN,WAS,MIN vs WAS,RA,Reb+Ast,7.95,7.55,4.1,12.33,3.3,28.68,Low,,UNKNOWN,10000,1
2026-06-21,anastasiia olairi kosu,Anastasiia Olairi Kosu,MIN,WAS,MIN vs WAS,RA,Reb+Ast,5.56,5.24,2.29,9.27,2.77,14.34,Medium,,UNKNOWN,10000,2
2026-06-21,dorka juhasz,Dorka Juhasz,MIN,WAS,MIN vs WAS,RA,Reb+Ast,4.61,4.41,2.82,6.66,1.5,17.37,High,,UNKNOWN,10000,3
2026-06-21,napheesa collier,Napheesa Collier,MIN,WAS,MIN vs WAS,RA,Reb+Ast,4.58,4.42,2.81,6.62,1.48,17.35,High,,UNKNOWN,10000,3
2026-06-21,eliska hamzova,Eliska Hamzova,MIN,WAS,MIN vs WAS,RA,Reb+Ast,4.05,3.26,0.84,8.23,3.25,9.52,Medium,,UNKNOWN,10000,2
2026-06-21,liatu king,Liatu King,MIN,WAS,MIN vs WAS,RA,Reb+Ast,3.63,3.13,1.15,6.79,2.39,11.28,Medium,,UNKNOWN,10000,2
2026-06-21,emma cechova,Emma Cechova,MIN,WAS,MIN vs WAS,RA,Reb+Ast,3.62,3.48,2.43,5.0,1.03,14.08,High,,UNKNOWN,10000,3
2026-06-21,maya caldwell,Maya Caldwell,MIN,WAS,MIN vs WAS,RA,Reb+Ast,3.4,2.88,0.85,6.55,2.45,17.07,Low,,UNKNOWN,10000,1
2026-06-21,teaira mccowan,Teaira McCowan,MIN,WAS,MIN vs WAS,RA,Reb+Ast,3.2,2.71,0.8,6.22,2.28,8.49,Low,,UNKNOWN,10000,1
2026-06-21,antonia delaere,Antonia Delaere,MIN,WAS,MIN vs WAS,RA,Reb+Ast,2.43,1.49,0.07,6.01,2.82,18.69,Low,,UNKNOWN,10000,1
2026-06-21,emese hof,Emese Hof,MIN,WAS,MIN vs WAS,RA,Reb+Ast,2.39,1.39,0.13,5.89,3.01,8.92,Low,,UNKNOWN,10000,1
2026-06-21,natasha howard,Natasha Howard,MIN,WAS,MIN vs WAS,REB,Rebounds,7.58,7.1,3.97,11.84,3.15,28.23,Low,,UNKNOWN,10000,1
2026-06-21,nia coffey,Nia Coffey,MIN,WAS,MIN vs WAS,REB,Rebounds,6.78,6.64,4.76,8.98,1.66,25.26,Low,,UNKNOWN,10000,1
2026-06-21,courtney williams,Courtney Williams,MIN,WAS,MIN vs WAS,REB,Rebounds,5.72,5.4,3.14,8.68,2.24,28.22,Low,,UNKNOWN,10000,1
2026-06-21,olivia miles,Olivia Miles,MIN,WAS,MIN vs WAS,REB,Rebounds,5.17,4.96,3.13,7.43,1.74,30.41,Low,,UNKNOWN,10000,1
2026-06-21,kayla mcbride,Kayla McBride,MIN,WAS,MIN vs WAS,REB,Rebounds,4.74,4.3,2.01,7.95,2.49,28.68,Low,,UNKNOWN,10000,1
2026-06-21,anastasiia olairi kosu,Anastasiia Olairi Kosu,MIN,WAS,MIN vs WAS,REB,Rebounds,4.31,4.02,1.85,7.12,2.13,14.34,Medium,,UNKNOWN,10000,2
2026-06-21,liatu king,Liatu King,MIN,WAS,MIN vs WAS,REB,Rebounds,3.48,2.96,1.09,6.54,2.32,11.28,Medium,,UNKNOWN,10000,2
2026-06-21,eliska hamzova,Eliska Hamzova,MIN,WAS,MIN vs WAS,REB,Rebounds,3.23,2.35,0.48,7.03,3.02,9.52,Medium,,UNKNOWN,10000,2
2026-06-21,emma cechova,Emma Cechova,MIN,WAS,MIN vs WAS,REB,Rebounds,3.11,3.07,2.31,3.95,0.65,14.08,High,,UNKNOWN,10000,3
2026-06-21,dorka juhasz,Dorka Juhasz,MIN,WAS,MIN vs WAS,REB,Rebounds,2.98,2.94,2.3,3.7,0.55,17.37,High,,UNKNOWN,10000,3
2026-06-21,napheesa collier,Napheesa Collier,MIN,WAS,MIN vs WAS,REB,Rebounds,2.97,2.94,2.29,3.7,0.55,17.35,High,,UNKNOWN,10000,3
2026-06-21,teaira mccowan,Teaira McCowan,MIN,WAS,MIN vs WAS,REB,Rebounds,2.97,2.49,0.77,5.83,2.14,8.49,Low,,UNKNOWN,10000,1
2026-06-21,maya caldwell,Maya Caldwell,MIN,WAS,MIN vs WAS,REB,Rebounds,2.6,2.03,0.55,5.3,2.14,17.07,Low,,UNKNOWN,10000,1
2026-06-21,emese hof,Emese Hof,MIN,WAS,MIN vs WAS,REB,Rebounds,1.83,0.99,0.1,4.6,2.39,8.92,Low,,UNKNOWN,10000,1
2026-06-21,antonia delaere,Antonia Delaere,MIN,WAS,MIN vs WAS,REB,Rebounds,0.8,0.37,0.02,2.12,1.18,18.69,Low,,UNKNOWN,10000,1
2026-06-21,nia coffey,Nia Coffey,MIN,WAS,MIN vs WAS,SB,Stl+Blk,2.97,3.0,1.0,6.0,2.15,25.26,Low,,UNKNOWN,10000,1
2026-06-21,natasha howard,Natasha Howard,MIN,WAS,MIN vs WAS,SB,Stl+Blk,2.38,2.0,0.0,5.0,1.73,28.23,Low,,UNKNOWN,10000,1
2026-06-21,kayla mcbride,Kayla McBride,MIN,WAS,MIN vs WAS,SB,Stl+Blk,2.03,2.0,0.0,4.0,1.49,28.68,Low,,UNKNOWN,10000,1
2026-06-21,olivia miles,Olivia Miles,MIN,WAS,MIN vs WAS,SB,Stl+Blk,1.81,2.0,0.0,4.0,1.51,30.41,Low,,UNKNOWN,10000,1
2026-06-21,courtney williams,Courtney Williams,MIN,WAS,MIN vs WAS,SB,Stl+Blk,1.73,2.0,0.0,4.0,1.4,28.22,Low,,UNKNOWN,10000,1
2026-06-21,anastasiia olairi kosu,Anastasiia Olairi Kosu,MIN,WAS,MIN vs WAS,SB,Stl+Blk,1.36,1.0,0.0,3.0,1.41,14.34,Medium,,UNKNOWN,10000,2
2026-06-21,liatu king,Liatu King,MIN,WAS,MIN vs WAS,SB,Stl+Blk,1.08,1.0,0.0,3.0,1.49,11.28,Medium,,UNKNOWN,10000,2
2026-06-21,dorka juhasz,Dorka Juhasz,MIN,WAS,MIN vs WAS,SB,Stl+Blk,0.95,1.0,0.0,2.0,1.0,17.37,High,,UNKNOWN,10000,3
2026-06-21,napheesa collier,Napheesa Collier,MIN,WAS,MIN vs WAS,SB,Stl+Blk,0.95,1.0,0.0,2.0,0.99,17.35,High,,UNKNOWN,10000,3
2026-06-21,maya caldwell,Maya Caldwell,MIN,WAS,MIN vs WAS,SB,Stl+Blk,0.82,1.0,0.0,2.0,0.94,17.07,Low,,UNKNOWN,10000,1
2026-06-21,antonia delaere,Antonia Delaere,MIN,WAS,MIN vs WAS,SB,Stl+Blk,0.76,0.0,0.0,2.0,1.07,18.69,Low,,UNKNOWN,10000,1
2026-06-21,emma cechova,Emma Cechova,MIN,WAS,MIN vs WAS,SB,Stl+Blk,0.72,1.0,0.0,2.0,0.86,14.08,High,,UNKNOWN,10000,3
2026-06-21,teaira mccowan,Teaira McCowan,MIN,WAS,MIN vs WAS,SB,Stl+Blk,0.68,0.0,0.0,2.0,0.92,8.49,Low,,UNKNOWN,10000,1
2026-06-21,eliska hamzova,Eliska Hamzova,MIN,WAS,MIN vs WAS,SB,Stl+Blk,0.66,0.0,0.0,2.0,0.84,9.52,Medium,,UNKNOWN,10000,2
2026-06-21,emese hof,Emese Hof,MIN,WAS,MIN vs WAS,SB,Stl+Blk,0.39,0.0,0.0,1.0,0.66,8.92,Low,,UNKNOWN,10000,1
2026-06-21,kayla mcbride,Kayla McBride,MIN,WAS,MIN vs WAS,STL,Steals,1.67,1.0,0.0,3.0,1.33,28.68,Low,,UNKNOWN,10000,1
2026-06-21,natasha howard,Natasha Howard,MIN,WAS,MIN vs WAS,STL,Steals,1.59,1.0,0.0,4.0,1.47,28.23,Low,,UNKNOWN,10000,1
2026-06-21,nia coffey,Nia Coffey,MIN,WAS,MIN vs WAS,STL,Steals,1.53,1.0,0.0,4.0,1.72,25.26,Low,,UNKNOWN,10000,1
2026-06-21,olivia miles,Olivia Miles,MIN,WAS,MIN vs WAS,STL,Steals,1.34,1.0,0.0,3.0,1.18,30.41,Low,,UNKNOWN,10000,1
2026-06-21,courtney williams,Courtney Williams,MIN,WAS,MIN vs WAS,STL,Steals,1.29,1.0,0.0,3.0,1.21,28.22,Low,,UNKNOWN,10000,1
2026-06-21,anastasiia olairi kosu,Anastasiia Olairi Kosu,MIN,WAS,MIN vs WAS,STL,Steals,0.67,0.0,0.0,2.0,0.87,14.34,Medium,,UNKNOWN,10000,2
2026-06-21,dorka juhasz,Dorka Juhasz,MIN,WAS,MIN vs WAS,STL,Steals,0.65,0.0,0.0,2.0,0.82,17.37,High,,UNKNOWN,10000,3
2026-06-21,napheesa collier,Napheesa Collier,MIN,WAS,MIN vs WAS,STL,Steals,0.64,0.0,0.0,2.0,0.81,17.35,High,,UNKNOWN,10000,3
2026-06-21,antonia delaere,Antonia Delaere,MIN,WAS,MIN vs WAS,STL,Steals,0.58,0.0,0.0,2.0,0.97,18.69,Low,,UNKNOWN,10000,1
2026-06-21,maya caldwell,Maya Caldwell,MIN,WAS,MIN vs WAS,STL,Steals,0.51,0.0,0.0,1.0,0.73,17.07,Low,,UNKNOWN,10000,1
2026-06-21,liatu king,Liatu King,MIN,WAS,MIN vs WAS,STL,Steals,0.36,0.0,0.0,1.0,0.61,11.28,Medium,,UNKNOWN,10000,2
2026-06-21,eliska hamzova,Eliska Hamzova,MIN,WAS,MIN vs WAS,STL,Steals,0.34,0.0,0.0,1.0,0.59,9.52,Medium,,UNKNOWN,10000,2
2026-06-21,emma cechova,Emma Cechova,MIN,WAS,MIN vs WAS,STL,Steals,0.34,0.0,0.0,1.0,0.58,14.08,High,,UNKNOWN,10000,3
2026-06-21,emese hof,Emese Hof,MIN,WAS,MIN vs WAS,STL,Steals,0.23,0.0,0.0,1.0,0.49,8.92,Low,,UNKNOWN,10000,1
2026-06-21,teaira mccowan,Teaira McCowan,MIN,WAS,MIN vs WAS,STL,Steals,0.23,0.0,0.0,1.0,0.49,8.49,Low,,UNKNOWN,10000,1
2026-06-21,sabrina ionescu,Sabrina Ionescu,NYL,LAS,NYL @ LAS,AST,Assists,5.34,5.0,2.0,9.0,2.89,28.93,Medium,,UNKNOWN,10000,2
2026-06-21,breanna stewart,Breanna Stewart,NYL,LAS,NYL @ LAS,AST,Assists,3.18,3.0,1.0,6.0,1.84,31.06,Medium,,UNKNOWN,10000,2
2026-06-21,jonquel jones,Jonquel Jones,NYL,LAS,NYL @ LAS,AST,Assists,2.99,3.0,1.0,5.0,1.79,28.95,Medium,,UNKNOWN,10000,2
2026-06-21,marine johannes,Marine Johannes,NYL,LAS,NYL @ LAS,AST,Assists,2.84,2.0,0.0,6.0,2.22,21.64,Medium,,UNKNOWN,10000,2
2026-06-21,pauline astier,Pauline Astier,NYL,LAS,NYL @ LAS,AST,Assists,2.57,2.0,1.0,5.0,1.69,23.42,Low,,UNKNOWN,10000,1
2026-06-21,leonie fiebich,Leonie Fiebich,NYL,LAS,NYL @ LAS,AST,Assists,2.02,2.0,0.0,4.0,1.48,25.16,Medium,,UNKNOWN,10000,2
2026-06-21,satou sabally,Satou Sabally,NYL,LAS,NYL @ LAS,AST,Assists,1.74,1.0,0.0,4.0,1.8,19.19,Low,,UNKNOWN,10000,1
2026-06-21,betnijah laney-hamilton,Betnijah Laney-Hamilton,NYL,LAS,NYL @ LAS,AST,Assists,1.51,1.0,0.0,3.0,1.45,16.77,Medium,,UNKNOWN,10000,2
2026-06-21,han xu,Han Xu,NYL,LAS,NYL @ LAS,AST,Assists,0.95,1.0,0.0,2.0,1.03,13.41,Medium,,UNKNOWN,10000,2
2026-06-21,rebekah gardner,Rebekah Gardner,NYL,LAS,NYL @ LAS,AST,Assists,0.92,1.0,0.0,2.0,0.99,16.46,Medium,,UNKNOWN,10000,2
2026-06-21,rebecca allen,Rebecca Allen,NYL,LAS,NYL @ LAS,AST,Assists,0.87,1.0,0.0,2.0,1.08,14.08,Low,,UNKNOWN,10000,1
2026-06-21,raquel carrera,Raquel Carrera,NYL,LAS,NYL @ LAS,AST,Assists,0.62,0.0,0.0,2.0,0.84,10.39,Medium,,UNKNOWN,10000,2
2026-06-21,marine fauthoux,Marine Fauthoux,NYL,LAS,NYL @ LAS,AST,Assists,0.42,0.0,0.0,1.0,0.71,8.1,Medium,,UNKNOWN,10000,2
2026-06-21,anneli maley,Anneli Maley,NYL,LAS,NYL @ LAS,AST,Assists,0.37,0.0,0.0,1.0,0.64,9.17,Medium,,UNKNOWN,10000,2
2026-06-21,jonquel jones,Jonquel Jones,NYL,LAS,NYL @ LAS,BLK,Blocks,1.59,1.0,0.0,3.0,1.32,28.95,Medium,,UNKNOWN,10000,2
2026-06-21,breanna stewart,Breanna Stewart,NYL,LAS,NYL @ LAS,BLK,Blocks,1.32,0.0,0.0,4.0,2.18,31.06,Medium,,UNKNOWN,10000,2
2026-06-21,han xu,Han Xu,NYL,LAS,NYL @ LAS,BLK,Blocks,0.51,0.0,0.0,2.0,1.16,13.41,Medium,,UNKNOWN,10000,2
2026-06-21,rebecca allen,Rebecca Allen,NYL,LAS,NYL @ LAS,BLK,Blocks,0.37,0.0,0.0,1.0,0.65,14.08,Low,,UNKNOWN,10000,1
2026-06-21,sabrina ionescu,Sabrina Ionescu,NYL,LAS,NYL @ LAS,BLK,Blocks,0.29,0.0,0.0,1.0,0.53,28.93,Medium,,UNKNOWN,10000,2
2026-06-21,raquel carrera,Raquel Carrera,NYL,LAS,NYL @ LAS,BLK,Blocks,0.26,0.0,0.0,1.0,0.53,10.39,Medium,,UNKNOWN,10000,2
2026-06-21,leonie fiebich,Leonie Fiebich,NYL,LAS,NYL @ LAS,BLK,Blocks,0.25,0.0,0.0,1.0,0.5,25.16,Medium,,UNKNOWN,10000,2
2026-06-21,marine johannes,Marine Johannes,NYL,LAS,NYL @ LAS,BLK,Blocks,0.25,0.0,0.0,1.0,0.51,21.64,Medium,,UNKNOWN,10000,2
2026-06-21,pauline astier,Pauline Astier,NYL,LAS,NYL @ LAS,BLK,Blocks,0.25,0.0,0.0,1.0,0.69,23.42,Low,,UNKNOWN,10000,1
2026-06-21,anneli maley,Anneli Maley,NYL,LAS,NYL @ LAS,BLK,Blocks,0.19,0.0,0.0,1.0,0.45,9.17,Medium,,UNKNOWN,10000,2
2026-06-21,satou sabally,Satou Sabally,NYL,LAS,NYL @ LAS,BLK,Blocks,0.19,0.0,0.0,1.0,0.44,19.19,Low,,UNKNOWN,10000,1
2026-06-21,rebekah gardner,Rebekah Gardner,NYL,LAS,NYL @ LAS,BLK,Blocks,0.17,0.0,0.0,1.0,0.41,16.46,Medium,,UNKNOWN,10000,2
2026-06-21,betnijah laney-hamilton,Betnijah Laney-Hamilton,NYL,LAS,NYL @ LAS,BLK,Blocks,0.16,0.0,0.0,1.0,0.41,16.77,Medium,,UNKNOWN,10000,2
2026-06-21,marine fauthoux,Marine Fauthoux,NYL,LAS,NYL @ LAS,BLK,Blocks,0.15,0.0,0.0,1.0,0.39,8.1,Medium,,UNKNOWN,10000,2
2026-06-21,marine johannes,Marine Johannes,NYL,LAS,NYL @ LAS,FG3M,3PM,2.38,2.0,0.0,5.0,2.11,21.64,Medium,,UNKNOWN,10000,2
2026-06-21,jonquel jones,Jonquel Jones,NYL,LAS,NYL @ LAS,FG3M,3PM,1.84,2.0,0.0,4.0,1.62,28.95,Medium,,UNKNOWN,10000,2
2026-06-21,sabrina ionescu,Sabrina Ionescu,NYL,LAS,NYL @ LAS,FG3M,3PM,1.84,2.0,0.0,4.0,1.39,28.93,Medium,,UNKNOWN,10000,2
2026-06-21,leonie fiebich,Leonie Fiebich,NYL,LAS,NYL @ LAS,FG3M,3PM,1.52,1.0,0.0,3.0,1.27,25.16,Medium,,UNKNOWN,10000,2
2026-06-21,satou sabally,Satou Sabally,NYL,LAS,NYL @ LAS,FG3M,3PM,1.13,1.0,0.0,3.0,1.6,19.19,Low,,UNKNOWN,10000,1
2026-06-21,breanna stewart,Breanna Stewart,NYL,LAS,NYL @ LAS,FG3M,3PM,0.88,1.0,0.0,2.0,0.95,31.06,Medium,,UNKNOWN,10000,2
2026-06-21,betnijah laney-hamilton,Betnijah Laney-Hamilton,NYL,LAS,NYL @ LAS,FG3M,3PM,0.84,1.0,0.0,2.0,0.97,16.77,Medium,,UNKNOWN,10000,2
2026-06-21,han xu,Han Xu,NYL,LAS,NYL @ LAS,FG3M,3PM,0.77,1.0,0.0,2.0,0.92,13.41,Medium,,UNKNOWN,10000,2
2026-06-21,pauline astier,Pauline Astier,NYL,LAS,NYL @ LAS,FG3M,3PM,0.46,0.0,0.0,1.0,0.72,23.42,Low,,UNKNOWN,10000,1
2026-06-21,raquel carrera,Raquel Carrera,NYL,LAS,NYL @ LAS,FG3M,3PM,0.46,0.0,0.0,1.0,0.72,10.39,Medium,,UNKNOWN,10000,2
2026-06-21,rebekah gardner,Rebekah Gardner,NYL,LAS,NYL @ LAS,FG3M,3PM,0.42,0.0,0.0,1.0,0.66,16.46,Medium,,UNKNOWN,10000,2
2026-06-21,rebecca allen,Rebecca Allen,NYL,LAS,NYL @ LAS,FG3M,3PM,0.38,0.0,0.0,1.0,0.66,14.08,Low,,UNKNOWN,10000,1
2026-06-21,marine fauthoux,Marine Fauthoux,NYL,LAS,NYL @ LAS,FG3M,3PM,0.36,0.0,0.0,1.0,0.6,8.1,Medium,,UNKNOWN,10000,2
2026-06-21,anneli maley,Anneli Maley,NYL,LAS,NYL @ LAS,FG3M,3PM,0.35,0.0,0.0,1.0,0.62,9.17,Medium,,UNKNOWN,10000,2
2026-06-21,breanna stewart,Breanna Stewart,NYL,LAS,NYL @ LAS,PA,Pts+Ast,21.35,20.33,12.57,31.35,7.55,31.06,Medium,,UNKNOWN,10000,2
2026-06-21,jonquel jones,Jonquel Jones,NYL,LAS,NYL @ LAS,PA,Pts+Ast,19.07,18.51,12.6,26.05,5.38,28.95,Medium,,UNKNOWN,10000,2
2026-06-21,sabrina ionescu,Sabrina Ionescu,NYL,LAS,NYL @ LAS,PA,Pts+Ast,18.19,17.15,9.87,27.85,7.28,28.93,Medium,,UNKNOWN,10000,2
2026-06-21,marine johannes,Marine Johannes,NYL,LAS,NYL @ LAS,PA,Pts+Ast,13.24,11.63,5.12,23.16,7.69,21.64,Medium,,UNKNOWN,10000,2
2026-06-21,satou sabally,Satou Sabally,NYL,LAS,NYL @ LAS,PA,Pts+Ast,11.37,9.8,3.82,20.84,7.29,19.19,Low,,UNKNOWN,10000,1
2026-06-21,leonie fiebich,Leonie Fiebich,NYL,LAS,NYL @ LAS,PA,Pts+Ast,11.22,10.82,6.55,16.31,3.96,25.16,Medium,,UNKNOWN,10000,2
2026-06-21,pauline astier,Pauline Astier,NYL,LAS,NYL @ LAS,PA,Pts+Ast,7.95,6.97,3.06,14.08,4.72,23.42,Low,,UNKNOWN,10000,1
2026-06-21,betnijah laney-hamilton,Betnijah Laney-Hamilton,NYL,LAS,NYL @ LAS,PA,Pts+Ast,6.59,5.19,1.47,13.35,5.45,16.77,Medium,,UNKNOWN,10000,2
2026-06-21,han xu,Han Xu,NYL,LAS,NYL @ LAS,PA,Pts+Ast,6.12,5.08,1.64,12.05,4.54,13.41,Medium,,UNKNOWN,10000,2
2026-06-21,raquel carrera,Raquel Carrera,NYL,LAS,NYL @ LAS,PA,Pts+Ast,4.82,4.08,1.24,9.28,3.47,10.39,Medium,,UNKNOWN,10000,2
2026-06-21,rebekah gardner,Rebekah Gardner,NYL,LAS,NYL @ LAS,PA,Pts+Ast,4.72,4.0,1.39,9.04,3.22,16.46,Medium,,UNKNOWN,10000,2
2026-06-21,rebecca allen,Rebecca Allen,NYL,LAS,NYL @ LAS,PA,Pts+Ast,3.88,3.55,0.79,7.37,2.53,14.08,Low,,UNKNOWN,10000,1
2026-06-21,anneli maley,Anneli Maley,NYL,LAS,NYL @ LAS,PA,Pts+Ast,1.6,1.41,0.43,3.01,1.04,9.17,Medium,,UNKNOWN,10000,2
2026-06-21,marine fauthoux,Marine Fauthoux,NYL,LAS,NYL @ LAS,PA,Pts+Ast,1.24,0.94,0.51,2.23,0.8,8.1,Medium,,UNKNOWN,10000,2
2026-06-21,breanna stewart,Breanna Stewart,NYL,LAS,NYL @ LAS,PR,Pts+Reb,26.97,26.01,17.99,37.31,7.7,31.06,Medium,,UNKNOWN,10000,2
2026-06-21,jonquel jones,Jonquel Jones,NYL,LAS,NYL @ LAS,PR,Pts+Reb,25.44,24.85,17.66,34.1,6.5,28.95,Medium,,UNKNOWN,10000,2
2026-06-21,sabrina ionescu,Sabrina Ionescu,NYL,LAS,NYL @ LAS,PR,Pts+Reb,17.35,16.3,9.66,26.38,6.82,28.93,Medium,,UNKNOWN,10000,2
2026-06-21,marine johannes,Marine Johannes,NYL,LAS,NYL @ LAS,PR,Pts+Reb,13.15,11.49,5.47,22.77,7.45,21.64,Medium,,UNKNOWN,10000,2
2026-06-21,leonie fiebich,Leonie Fiebich,NYL,LAS,NYL @ LAS,PR,Pts+Reb,12.73,12.23,7.62,18.6,4.37,25.16,Medium,,UNKNOWN,10000,2
2026-06-21,satou sabally,Satou Sabally,NYL,LAS,NYL @ LAS,PR,Pts+Reb,12.34,10.79,4.74,21.99,7.35,19.19,Low,,UNKNOWN,10000,1
2026-06-21,han xu,Han Xu,NYL,LAS,NYL @ LAS,PR,Pts+Reb,7.83,6.69,2.54,14.54,5.19,13.41,Medium,,UNKNOWN,10000,2
2026-06-21,pauline astier,Pauline Astier,NYL,LAS,NYL @ LAS,PR,Pts+Reb,7.54,6.42,2.24,14.24,5.13,23.42,Low,,UNKNOWN,10000,1
2026-06-21,betnijah laney-hamilton,Betnijah Laney-Hamilton,NYL,LAS,NYL @ LAS,PR,Pts+Reb,6.63,5.21,1.54,13.38,5.49,16.77,Medium,,UNKNOWN,10000,2
2026-06-21,raquel carrera,Raquel Carrera,NYL,LAS,NYL @ LAS,PR,Pts+Reb,6.08,5.06,1.63,11.8,4.42,10.39,Medium,,UNKNOWN,10000,2
2026-06-21,rebekah gardner,Rebekah Gardner,NYL,LAS,NYL @ LAS,PR,Pts+Reb,5.4,4.64,1.85,9.99,3.4,16.46,Medium,,UNKNOWN,10000,2
2026-06-21,rebecca allen,Rebecca Allen,NYL,LAS,NYL @ LAS,PR,Pts+Reb,5.21,4.84,1.21,9.64,3.27,14.08,Low,,UNKNOWN,10000,1
2026-06-21,anneli maley,Anneli Maley,NYL,LAS,NYL @ LAS,PR,Pts+Reb,2.87,2.42,0.76,5.51,2.06,9.17,Medium,,UNKNOWN,10000,2
2026-06-21,marine fauthoux,Marine Fauthoux,NYL,LAS,NYL @ LAS,PR,Pts+Reb,1.96,1.47,0.71,3.81,1.55,8.1,Medium,,UNKNOWN,10000,2
2026-06-21,breanna stewart,Breanna Stewart,NYL,LAS,NYL @ LAS,PRA,Pts+Reb+Ast,30.15,29.13,20.69,41.04,8.06,31.06,Medium,,UNKNOWN,10000,2
2026-06-21,jonquel jones,Jonquel Jones,NYL,LAS,NYL @ LAS,PRA,Pts+Reb+Ast,28.43,27.81,20.11,37.5,6.88,28.95,Medium,,UNKNOWN,10000,2
2026-06-21,sabrina ionescu,Sabrina Ionescu,NYL,LAS,NYL @ LAS,PRA,Pts+Reb+Ast,22.69,21.65,13.97,32.76,7.56,28.93,Medium,,UNKNOWN,10000,2
2026-06-21,marine johannes,Marine Johannes,NYL,LAS,NYL @ LAS,PRA,Pts+Reb+Ast,15.99,14.41,7.47,26.37,8.0,21.64,Medium,,UNKNOWN,10000,2
2026-06-21,leonie fiebich,Leonie Fiebich,NYL,LAS,NYL @ LAS,PRA,Pts+Reb+Ast,14.76,14.31,9.06,21.11,4.76,25.16,Medium,,UNKNOWN,10000,2
2026-06-21,satou sabally,Satou Sabally,NYL,LAS,NYL @ LAS,PRA,Pts+Reb+Ast,14.08,12.56,5.73,24.37,7.86,19.19,Low,,UNKNOWN,10000,1
2026-06-21,pauline astier,Pauline Astier,NYL,LAS,NYL @ LAS,PRA,Pts+Reb+Ast,10.11,9.09,4.21,17.39,5.55,23.42,Low,,UNKNOWN,10000,1
2026-06-21,han xu,Han Xu,NYL,LAS,NYL @ LAS,PRA,Pts+Reb+Ast,8.79,7.71,3.07,15.72,5.43,13.41,Medium,,UNKNOWN,10000,2
2026-06-21,betnijah laney-hamilton,Betnijah Laney-Hamilton,NYL,LAS,NYL @ LAS,PRA,Pts+Reb+Ast,8.14,6.78,2.34,15.45,5.88,16.77,Medium,,UNKNOWN,10000,2
2026-06-21,raquel carrera,Raquel Carrera,NYL,LAS,NYL @ LAS,PRA,Pts+Reb+Ast,6.7,5.69,1.85,12.75,4.69,10.39,Medium,,UNKNOWN,10000,2
2026-06-21,rebekah gardner,Rebekah Gardner,NYL,LAS,NYL @ LAS,PRA,Pts+Reb+Ast,6.32,5.63,2.44,11.07,3.6,16.46,Medium,,UNKNOWN,10000,2
2026-06-21,rebecca allen,Rebecca Allen,NYL,LAS,NYL @ LAS,PRA,Pts+Reb+Ast,6.08,5.62,1.32,11.46,3.88,14.08,Low,,UNKNOWN,10000,1
2026-06-21,anneli maley,Anneli Maley,NYL,LAS,NYL @ LAS,PRA,Pts+Reb+Ast,3.24,2.75,0.8,6.25,2.3,9.17,Medium,,UNKNOWN,10000,2
2026-06-21,marine fauthoux,Marine Fauthoux,NYL,LAS,NYL @ LAS,PRA,Pts+Reb+Ast,2.38,1.94,0.78,4.6,1.74,8.1,Medium,,UNKNOWN,10000,2
2026-06-21,breanna stewart,Breanna Stewart,NYL,LAS,NYL @ LAS,PTS,Points,18.17,17.22,9.89,27.64,7.2,31.06,Medium,,UNKNOWN,10000,2
2026-06-21,jonquel jones,Jonquel Jones,NYL,LAS,NYL @ LAS,PTS,Points,16.08,15.56,10.19,22.6,4.97,28.95,Medium,,UNKNOWN,10000,2
2026-06-21,sabrina ionescu,Sabrina Ionescu,NYL,LAS,NYL @ LAS,PTS,Points,12.85,11.72,5.53,21.52,6.55,28.93,Medium,,UNKNOWN,10000,2
2026-06-21,marine johannes,Marine Johannes,NYL,LAS,NYL @ LAS,PTS,Points,10.4,8.72,3.11,19.66,7.16,21.64,Medium,,UNKNOWN,10000,2
2026-06-21,satou sabally,Satou Sabally,NYL,LAS,NYL @ LAS,PTS,Points,9.63,7.97,2.87,18.55,6.8,19.19,Low,,UNKNOWN,10000,1
2026-06-21,leonie fiebich,Leonie Fiebich,NYL,LAS,NYL @ LAS,PTS,Points,9.2,8.7,5.12,13.84,3.53,25.16,Medium,,UNKNOWN,10000,2
2026-06-21,pauline astier,Pauline Astier,NYL,LAS,NYL @ LAS,PTS,Points,5.38,4.29,1.19,11.03,4.27,23.42,Low,,UNKNOWN,10000,1
2026-06-21,han xu,Han Xu,NYL,LAS,NYL @ LAS,PTS,Points,5.17,4.0,1.08,10.71,4.31,13.41,Medium,,UNKNOWN,10000,2
2026-06-21,betnijah laney-hamilton,Betnijah Laney-Hamilton,NYL,LAS,NYL @ LAS,PTS,Points,5.08,3.57,0.64,11.34,5.09,16.77,Medium,,UNKNOWN,10000,2
2026-06-21,raquel carrera,Raquel Carrera,NYL,LAS,NYL @ LAS,PTS,Points,4.2,3.47,1.05,8.3,3.18,10.39,Medium,,UNKNOWN,10000,2
2026-06-21,rebekah gardner,Rebekah Gardner,NYL,LAS,NYL @ LAS,PTS,Points,3.8,3.01,0.82,7.84,3.02,16.46,Medium,,UNKNOWN,10000,2
2026-06-21,rebecca allen,Rebecca Allen,NYL,LAS,NYL @ LAS,PTS,Points,3.01,2.83,0.72,5.54,1.84,14.08,Low,,UNKNOWN,10000,1
2026-06-21,anneli maley,Anneli Maley,NYL,LAS,NYL @ LAS,PTS,Points,1.23,1.18,0.4,2.12,0.65,9.17,Medium,,UNKNOWN,10000,2
2026-06-21,marine fauthoux,Marine Fauthoux,NYL,LAS,NYL @ LAS,PTS,Points,0.82,0.8,0.48,1.17,0.27,8.1,Medium,,UNKNOWN,10000,2
2026-06-21,jonquel jones,Jonquel Jones,NYL,LAS,NYL @ LAS,RA,Reb+Ast,12.35,11.92,7.34,17.97,4.24,28.95,Medium,,UNKNOWN,10000,2
2026-06-21,breanna stewart,Breanna Stewart,NYL,LAS,NYL @ LAS,RA,Reb+Ast,11.98,11.77,8.33,15.83,2.94,31.06,Medium,,UNKNOWN,10000,2
2026-06-21,sabrina ionescu,Sabrina Ionescu,NYL,LAS,NYL @ LAS,RA,Reb+Ast,9.84,9.5,5.85,14.25,3.3,28.93,Medium,,UNKNOWN,10000,2
2026-06-21,marine johannes,Marine Johannes,NYL,LAS,NYL @ LAS,RA,Reb+Ast,5.59,5.2,2.54,9.13,2.66,21.64,Medium,,UNKNOWN,10000,2
2026-06-21,leonie fiebich,Leonie Fiebich,NYL,LAS,NYL @ LAS,RA,Reb+Ast,5.56,5.22,2.47,9.05,2.68,25.16,Medium,,UNKNOWN,10000,2
2026-06-21,pauline astier,Pauline Astier,NYL,LAS,NYL @ LAS,RA,Reb+Ast,4.72,4.06,1.35,8.77,3.21,23.42,Low,,UNKNOWN,10000,1
2026-06-21,satou sabally,Satou Sabally,NYL,LAS,NYL @ LAS,RA,Reb+Ast,4.45,3.98,1.55,7.91,2.61,19.19,Low,,UNKNOWN,10000,1
2026-06-21,han xu,Han Xu,NYL,LAS,NYL @ LAS,RA,Reb+Ast,3.62,3.03,0.94,7.06,2.6,13.41,Medium,,UNKNOWN,10000,2
2026-06-21,betnijah laney-hamilton,Betnijah Laney-Hamilton,NYL,LAS,NYL @ LAS,RA,Reb+Ast,3.07,2.59,0.55,6.12,2.31,16.77,Medium,,UNKNOWN,10000,2
2026-06-21,rebecca allen,Rebecca Allen,NYL,LAS,NYL @ LAS,RA,Reb+Ast,3.06,2.67,0.51,6.17,2.25,14.08,Low,,UNKNOWN,10000,1
2026-06-21,rebekah gardner,Rebekah Gardner,NYL,LAS,NYL @ LAS,RA,Reb+Ast,2.52,2.19,0.57,4.8,1.76,16.46,Medium,,UNKNOWN,10000,2
2026-06-21,raquel carrera,Raquel Carrera,NYL,LAS,NYL @ LAS,RA,Reb+Ast,2.5,1.72,0.18,5.67,2.62,10.39,Medium,,UNKNOWN,10000,2
2026-06-21,anneli maley,Anneli Maley,NYL,LAS,NYL @ LAS,RA,Reb+Ast,2.01,1.49,0.23,4.43,1.88,9.17,Medium,,UNKNOWN,10000,2
2026-06-21,marine fauthoux,Marine Fauthoux,NYL,LAS,NYL @ LAS,RA,Reb+Ast,1.56,1.12,0.08,3.66,1.65,8.1,Medium,,UNKNOWN,10000,2
2026-06-21,jonquel jones,Jonquel Jones,NYL,LAS,NYL @ LAS,REB,Rebounds,9.36,8.87,5.03,14.14,3.74,28.95,Medium,,UNKNOWN,10000,2
2026-06-21,breanna stewart,Breanna Stewart,NYL,LAS,NYL @ LAS,REB,Rebounds,8.8,8.61,6.16,11.67,2.18,31.06,Medium,,UNKNOWN,10000,2
2026-06-21,sabrina ionescu,Sabrina Ionescu,NYL,LAS,NYL @ LAS,REB,Rebounds,4.5,4.32,2.86,6.41,1.43,28.93,Medium,,UNKNOWN,10000,2
2026-06-21,leonie fiebich,Leonie Fiebich,NYL,LAS,NYL @ LAS,REB,Rebounds,3.54,3.1,1.25,6.35,2.14,25.16,Medium,,UNKNOWN,10000,2
2026-06-21,marine johannes,Marine Johannes,NYL,LAS,NYL @ LAS,REB,Rebounds,2.75,2.57,1.4,4.37,1.2,21.64,Medium,,UNKNOWN,10000,2
2026-06-21,satou sabally,Satou Sabally,NYL,LAS,NYL @ LAS,REB,Rebounds,2.71,2.37,1.02,4.82,1.61,19.19,Low,,UNKNOWN,10000,1
2026-06-21,han xu,Han Xu,NYL,LAS,NYL @ LAS,REB,Rebounds,2.67,2.02,0.53,5.61,2.27,13.41,Medium,,UNKNOWN,10000,2
2026-06-21,rebecca allen,Rebecca Allen,NYL,LAS,NYL @ LAS,REB,Rebounds,2.19,1.87,0.45,4.34,1.6,14.08,Low,,UNKNOWN,10000,1
2026-06-21,pauline astier,Pauline Astier,NYL,LAS,NYL @ LAS,REB,Rebounds,2.15,1.24,0.09,5.34,2.64,23.42,Low,,UNKNOWN,10000,1
2026-06-21,raquel carrera,Raquel Carrera,NYL,LAS,NYL @ LAS,REB,Rebounds,1.88,1.03,0.1,4.68,2.38,10.39,Medium,,UNKNOWN,10000,2
2026-06-21,anneli maley,Anneli Maley,NYL,LAS,NYL @ LAS,REB,Rebounds,1.64,1.13,0.2,3.74,1.66,9.17,Medium,,UNKNOWN,10000,2
2026-06-21,rebekah gardner,Rebekah Gardner,NYL,LAS,NYL @ LAS,REB,Rebounds,1.6,1.21,0.28,3.47,1.41,16.46,Medium,,UNKNOWN,10000,2
2026-06-21,betnijah laney-hamilton,Betnijah Laney-Hamilton,NYL,LAS,NYL @ LAS,REB,Rebounds,1.56,1.04,0.17,3.58,1.62,16.77,Medium,,UNKNOWN,10000,2
2026-06-21,marine fauthoux,Marine Fauthoux,NYL,LAS,NYL @ LAS,REB,Rebounds,1.14,0.63,0.05,2.86,1.46,8.1,Medium,,UNKNOWN,10000,2
2026-06-21,breanna stewart,Breanna Stewart,NYL,LAS,NYL @ LAS,SB,Stl+Blk,2.94,2.0,0.0,6.0,2.59,31.06,Medium,,UNKNOWN,10000,2
2026-06-21,jonquel jones,Jonquel Jones,NYL,LAS,NYL @ LAS,SB,Stl+Blk,2.64,2.0,1.0,5.0,1.68,28.95,Medium,,UNKNOWN,10000,2
2026-06-21,sabrina ionescu,Sabrina Ionescu,NYL,LAS,NYL @ LAS,SB,Stl+Blk,1.35,1.0,0.0,3.0,1.19,28.93,Medium,,UNKNOWN,10000,2
2026-06-21,leonie fiebich,Leonie Fiebich,NYL,LAS,NYL @ LAS,SB,Stl+Blk,1.26,1.0,0.0,3.0,1.15,25.16,Medium,,UNKNOWN,10000,2
2026-06-21,marine johannes,Marine Johannes,NYL,LAS,NYL @ LAS,SB,Stl+Blk,1.22,1.0,0.0,3.0,1.13,21.64,Medium,,UNKNOWN,10000,2
2026-06-21,han xu,Han Xu,NYL,LAS,NYL @ LAS,SB,Stl+Blk,1.06,1.0,0.0,3.0,1.41,13.41,Medium,,UNKNOWN,10000,2
2026-06-21,rebecca allen,Rebecca Allen,NYL,LAS,NYL @ LAS,SB,Stl+Blk,0.91,1.0,0.0,2.0,1.11,14.08,Low,,UNKNOWN,10000,1
2026-06-21,rebekah gardner,Rebekah Gardner,NYL,LAS,NYL @ LAS,SB,Stl+Blk,0.77,0.0,0.0,2.0,1.06,16.46,Medium,,UNKNOWN,10000,2
2026-06-21,anneli maley,Anneli Maley,NYL,LAS,NYL @ LAS,SB,Stl+Blk,0.73,0.0,0.0,2.0,1.11,9.17,Medium,,UNKNOWN,10000,2
2026-06-21,betnijah laney-hamilton,Betnijah Laney-Hamilton,NYL,LAS,NYL @ LAS,SB,Stl+Blk,0.65,0.0,0.0,2.0,0.83,16.77,Medium,,UNKNOWN,10000,2
2026-06-21,pauline astier,Pauline Astier,NYL,LAS,NYL @ LAS,SB,Stl+Blk,0.63,0.0,0.0,2.0,0.94,23.42,Low,,UNKNOWN,10000,1
2026-06-21,satou sabally,Satou Sabally,NYL,LAS,NYL @ LAS,SB,Stl+Blk,0.6,0.0,0.0,2.0,0.79,19.19,Low,,UNKNOWN,10000,1
2026-06-21,raquel carrera,Raquel Carrera,NYL,LAS,NYL @ LAS,SB,Stl+Blk,0.56,0.0,0.0,2.0,0.8,10.39,Medium,,UNKNOWN,10000,2
2026-06-21,marine fauthoux,Marine Fauthoux,NYL,LAS,NYL @ LAS,SB,Stl+Blk,0.36,0.0,0.0,1.0,0.61,8.1,Medium,,UNKNOWN,10000,2
2026-06-21,breanna stewart,Breanna Stewart,NYL,LAS,NYL @ LAS,STL,Steals,1.61,1.0,0.0,3.0,1.34,31.06,Medium,,UNKNOWN,10000,2
2026-06-21,sabrina ionescu,Sabrina Ionescu,NYL,LAS,NYL @ LAS,STL,Steals,1.06,1.0,0.0,2.0,1.05,28.93,Medium,,UNKNOWN,10000,2
2026-06-21,jonquel jones,Jonquel Jones,NYL,LAS,NYL @ LAS,STL,Steals,1.05,1.0,0.0,2.0,1.03,28.95,Medium,,UNKNOWN,10000,2
2026-06-21,leonie fiebich,Leonie Fiebich,NYL,LAS,NYL @ LAS,STL,Steals,1.01,1.0,0.0,2.0,1.04,25.16,Medium,,UNKNOWN,10000,2
2026-06-21,marine johannes,Marine Johannes,NYL,LAS,NYL @ LAS,STL,Steals,0.97,1.0,0.0,2.0,1.01,21.64,Medium,,UNKNOWN,10000,2
2026-06-21,rebekah gardner,Rebekah Gardner,NYL,LAS,NYL @ LAS,STL,Steals,0.6,0.0,0.0,2.0,0.97,16.46,Medium,,UNKNOWN,10000,2
2026-06-21,han xu,Han Xu,NYL,LAS,NYL @ LAS,STL,Steals,0.55,0.0,0.0,2.0,0.77,13.41,Medium,,UNKNOWN,10000,2
2026-06-21,rebecca allen,Rebecca Allen,NYL,LAS,NYL @ LAS,STL,Steals,0.55,0.0,0.0,2.0,0.81,14.08,Low,,UNKNOWN,10000,1
2026-06-21,anneli maley,Anneli Maley,NYL,LAS,NYL @ LAS,STL,Steals,0.54,0.0,0.0,2.0,0.99,9.17,Medium,,UNKNOWN,10000,2
2026-06-21,betnijah laney-hamilton,Betnijah Laney-Hamilton,NYL,LAS,NYL @ LAS,STL,Steals,0.49,0.0,0.0,1.0,0.72,16.77,Medium,,UNKNOWN,10000,2
2026-06-21,satou sabally,Satou Sabally,NYL,LAS,NYL @ LAS,STL,Steals,0.41,0.0,0.0,1.0,0.65,19.19,Low,,UNKNOWN,10000,1
2026-06-21,pauline astier,Pauline Astier,NYL,LAS,NYL @ LAS,STL,Steals,0.39,0.0,0.0,1.0,0.63,23.42,Low,,UNKNOWN,10000,1
2026-06-21,raquel carrera,Raquel Carrera,NYL,LAS,NYL @ LAS,STL,Steals,0.3,0.0,0.0,1.0,0.56,10.39,Medium,,UNKNOWN,10000,2
2026-06-21,marine fauthoux,Marine Fauthoux,NYL,LAS,NYL @ LAS,STL,Steals,0.21,0.0,0.0,1.0,0.47,8.1,Medium,,UNKNOWN,10000,2
2026-06-21,alicia florez getino,Alicia Florez Getino,WAS,MIN,WAS @ MIN,AST,Assists,3.7,3.0,1.0,7.0,2.32,23.24,Medium,,UNKNOWN,10000,2
2026-06-21,sonia citron,Sonia Citron,WAS,MIN,WAS @ MIN,AST,Assists,3.63,3.0,1.0,6.0,2.14,32.11,Medium,,UNKNOWN,10000,2
2026-06-21,georgia amoore,Georgia Amoore,WAS,MIN,WAS @ MIN,AST,Assists,3.14,3.0,1.0,6.0,1.95,21.44,Medium,,UNKNOWN,10000,2
2026-06-21,alicia florez,Alicia Florez,WAS,MIN,WAS @ MIN,AST,Assists,2.79,2.0,0.0,6.0,2.55,19.92,Medium,,UNKNOWN,10000,2
2026-06-21,shakira austin,Shakira Austin,WAS,MIN,WAS @ MIN,AST,Assists,2.51,2.0,1.0,5.0,1.69,28.35,Medium,,UNKNOWN,10000,2
2026-06-21,lucy olsen,Lucy Olsen,WAS,MIN,WAS @ MIN,AST,Assists,1.61,1.0,0.0,4.0,1.46,14.71,Low,,UNKNOWN,10000,1
2026-06-21,darianna littlepage-buggs,Darianna Littlepage-Buggs,WAS,MIN,WAS @ MIN,AST,Assists,1.51,1.0,0.0,3.0,1.25,18.83,High,,UNKNOWN,10000,3
2026-06-21,kiki iriafen,Kiki Iriafen,WAS,MIN,WAS @ MIN,AST,Assists,1.34,1.0,0.0,3.0,1.22,25.16,Low,,UNKNOWN,10000,1
2026-06-21,cotie mcmahon,Cotie McMahon,WAS,MIN,WAS @ MIN,AST,Assists,1.33,1.0,0.0,3.0,1.61,21.61,Low,,UNKNOWN,10000,1
2026-06-21,rori harmon,Rori Harmon,WAS,MIN,WAS @ MIN,AST,Assists,1.3,1.0,0.0,3.0,1.2,9.97,Medium,,UNKNOWN,10000,2
2026-06-21,michaela onyenwere,Michaela Onyenwere,WAS,MIN,WAS @ MIN,AST,Assists,1.18,1.0,0.0,3.0,1.11,26.99,Low,,UNKNOWN,10000,1
2026-06-21,lauren betts,Lauren Betts,WAS,MIN,WAS @ MIN,AST,Assists,0.74,0.0,0.0,2.0,0.96,21.01,Medium,,UNKNOWN,10000,2
2026-06-21,angela dugalic,Angela Dugalic,WAS,MIN,WAS @ MIN,AST,Assists,0.5,0.0,0.0,2.0,0.88,19.08,Low,,UNKNOWN,10000,1
2026-06-21,alex wilson,Alex Wilson,WAS,MIN,WAS @ MIN,AST,Assists,0.44,0.0,0.0,1.0,0.98,12.53,Low,,UNKNOWN,10000,1
2026-06-21,cassandre prosper,Cassandre Prosper,WAS,MIN,WAS @ MIN,AST,Assists,0.33,0.0,0.0,1.0,1.13,13.79,Medium,,UNKNOWN,10000,2
2026-06-21,shakira austin,Shakira Austin,WAS,MIN,WAS @ MIN,BLK,Blocks,1.15,1.0,0.0,3.0,1.1,28.35,Medium,,UNKNOWN,10000,2
2026-06-21,sonia citron,Sonia Citron,WAS,MIN,WAS @ MIN,BLK,Blocks,0.58,0.0,0.0,2.0,0.76,32.11,Medium,,UNKNOWN,10000,2
2026-06-21,kiki iriafen,Kiki Iriafen,WAS,MIN,WAS @ MIN,BLK,Blocks,0.56,0.0,0.0,2.0,0.77,25.16,Low,,UNKNOWN,10000,1
2026-06-21,lauren betts,Lauren Betts,WAS,MIN,WAS @ MIN,BLK,Blocks,0.38,0.0,0.0,1.0,0.68,21.01,Medium,,UNKNOWN,10000,2
2026-06-21,georgia amoore,Georgia Amoore,WAS,MIN,WAS @ MIN,BLK,Blocks,0.34,0.0,0.0,1.0,0.67,21.44,Medium,,UNKNOWN,10000,2
2026-06-21,angela dugalic,Angela Dugalic,WAS,MIN,WAS @ MIN,BLK,Blocks,0.32,0.0,0.0,1.0,0.57,19.08,Low,,UNKNOWN,10000,1
2026-06-21,darianna littlepage-buggs,Darianna Littlepage-Buggs,WAS,MIN,WAS @ MIN,BLK,Blocks,0.3,0.0,0.0,1.0,0.55,18.83,High,,UNKNOWN,10000,3
2026-06-21,alex wilson,Alex Wilson,WAS,MIN,WAS @ MIN,BLK,Blocks,0.27,0.0,0.0,1.0,0.54,12.53,Low,,UNKNOWN,10000,1
2026-06-21,michaela onyenwere,Michaela Onyenwere,WAS,MIN,WAS @ MIN,BLK,Blocks,0.27,0.0,0.0,1.0,0.52,26.99,Low,,UNKNOWN,10000,1
2026-06-21,alicia florez getino,Alicia Florez Getino,WAS,MIN,WAS @ MIN,BLK,Blocks,0.23,0.0,0.0,1.0,0.48,23.24,Medium,,UNKNOWN,10000,2
2026-06-21,cotie mcmahon,Cotie McMahon,WAS,MIN,WAS @ MIN,BLK,Blocks,0.22,0.0,0.0,1.0,0.47,21.61,Low,,UNKNOWN,10000,1
2026-06-21,alicia florez,Alicia Florez,WAS,MIN,WAS @ MIN,BLK,Blocks,0.2,0.0,0.0,1.0,0.45,19.92,Medium,,UNKNOWN,10000,2
2026-06-21,lucy olsen,Lucy Olsen,WAS,MIN,WAS @ MIN,BLK,Blocks,0.15,0.0,0.0,1.0,0.4,14.71,Low,,UNKNOWN,10000,1
2026-06-21,cassandre prosper,Cassandre Prosper,WAS,MIN,WAS @ MIN,BLK,Blocks,0.13,0.0,0.0,1.0,0.37,13.79,Medium,,UNKNOWN,10000,2
2026-06-21,rori harmon,Rori Harmon,WAS,MIN,WAS @ MIN,BLK,Blocks,0.1,0.0,0.0,0.0,0.32,9.97,Medium,,UNKNOWN,10000,2
2026-06-21,michaela onyenwere,Michaela Onyenwere,WAS,MIN,WAS @ MIN,FG3M,3PM,1.66,1.0,0.0,4.0,1.43,26.99,Low,,UNKNOWN,10000,1
2026-06-21,sonia citron,Sonia Citron,WAS,MIN,WAS @ MIN,FG3M,3PM,1.19,1.0,0.0,3.0,1.11,32.11,Medium,,UNKNOWN,10000,2
2026-06-21,georgia amoore,Georgia Amoore,WAS,MIN,WAS @ MIN,FG3M,3PM,1.17,1.0,0.0,3.0,1.26,21.44,Medium,,UNKNOWN,10000,2
2026-06-21,darianna littlepage-buggs,Darianna Littlepage-Buggs,WAS,MIN,WAS @ MIN,FG3M,3PM,0.7,0.0,0.0,2.0,0.84,18.83,High,,UNKNOWN,10000,3
2026-06-21,kiki iriafen,Kiki Iriafen,WAS,MIN,WAS @ MIN,FG3M,3PM,0.65,0.0,0.0,2.0,0.83,25.16,Low,,UNKNOWN,10000,1
2026-06-21,alex wilson,Alex Wilson,WAS,MIN,WAS @ MIN,FG3M,3PM,0.54,0.0,0.0,2.0,0.78,12.53,Low,,UNKNOWN,10000,1
2026-06-21,alicia florez getino,Alicia Florez Getino,WAS,MIN,WAS @ MIN,FG3M,3PM,0.43,0.0,0.0,1.0,0.67,23.24,Medium,,UNKNOWN,10000,2
2026-06-21,shakira austin,Shakira Austin,WAS,MIN,WAS @ MIN,FG3M,3PM,0.42,0.0,0.0,1.0,0.66,28.35,Medium,,UNKNOWN,10000,2
2026-06-21,cassandre prosper,Cassandre Prosper,WAS,MIN,WAS @ MIN,FG3M,3PM,0.37,0.0,0.0,1.0,0.64,13.79,Medium,,UNKNOWN,10000,2
2026-06-21,alicia florez,Alicia Florez,WAS,MIN,WAS @ MIN,FG3M,3PM,0.35,0.0,0.0,1.0,0.81,19.92,Medium,,UNKNOWN,10000,2
2026-06-21,lucy olsen,Lucy Olsen,WAS,MIN,WAS @ MIN,FG3M,3PM,0.32,0.0,0.0,1.0,0.59,14.71,Low,,UNKNOWN,10000,1
2026-06-21,cotie mcmahon,Cotie McMahon,WAS,MIN,WAS @ MIN,FG3M,3PM,0.28,0.0,0.0,1.0,0.71,21.61,Low,,UNKNOWN,10000,1
2026-06-21,angela dugalic,Angela Dugalic,WAS,MIN,WAS @ MIN,FG3M,3PM,0.21,0.0,0.0,1.0,0.46,19.08,Low,,UNKNOWN,10000,1
2026-06-21,lauren betts,Lauren Betts,WAS,MIN,WAS @ MIN,FG3M,3PM,0.21,0.0,0.0,1.0,0.46,21.01,Medium,,UNKNOWN,10000,2
2026-06-21,rori harmon,Rori Harmon,WAS,MIN,WAS @ MIN,FG3M,3PM,0.14,0.0,0.0,1.0,0.37,9.97,Medium,,UNKNOWN,10000,2
2026-06-21,sonia citron,Sonia Citron,WAS,MIN,WAS @ MIN,PA,Pts+Ast,19.9,18.6,10.57,30.69,8.21,32.11,Medium,,UNKNOWN,10000,2
2026-06-21,shakira austin,Shakira Austin,WAS,MIN,WAS @ MIN,PA,Pts+Ast,15.46,14.62,8.57,23.57,6.06,28.35,Medium,,UNKNOWN,10000,2
2026-06-21,kiki iriafen,Kiki Iriafen,WAS,MIN,WAS @ MIN,PA,Pts+Ast,15.33,14.36,7.32,24.58,7.13,25.16,Low,,UNKNOWN,10000,1
2026-06-21,michaela onyenwere,Michaela Onyenwere,WAS,MIN,WAS @ MIN,PA,Pts+Ast,14.38,13.27,6.87,23.16,6.72,26.99,Low,,UNKNOWN,10000,1
2026-06-21,alicia florez getino,Alicia Florez Getino,WAS,MIN,WAS @ MIN,PA,Pts+Ast,10.47,10.21,6.55,14.78,3.26,23.24,Medium,,UNKNOWN,10000,2
2026-06-21,georgia amoore,Georgia Amoore,WAS,MIN,WAS @ MIN,PA,Pts+Ast,10.44,9.35,4.29,18.06,5.75,21.44,Medium,,UNKNOWN,10000,2
2026-06-21,lauren betts,Lauren Betts,WAS,MIN,WAS @ MIN,PA,Pts+Ast,8.27,7.23,2.79,15.12,5.16,21.01,Medium,,UNKNOWN,10000,2
2026-06-21,darianna littlepage-buggs,Darianna Littlepage-Buggs,WAS,MIN,WAS @ MIN,PA,Pts+Ast,7.72,7.57,5.59,10.05,1.76,18.83,High,,UNKNOWN,10000,3
2026-06-21,alicia florez,Alicia Florez,WAS,MIN,WAS @ MIN,PA,Pts+Ast,7.15,6.29,2.19,13.3,4.6,19.92,Medium,,UNKNOWN,10000,2
2026-06-21,lucy olsen,Lucy Olsen,WAS,MIN,WAS @ MIN,PA,Pts+Ast,5.53,4.64,1.36,10.78,4.11,14.71,Low,,UNKNOWN,10000,1
2026-06-21,cotie mcmahon,Cotie McMahon,WAS,MIN,WAS @ MIN,PA,Pts+Ast,5.48,4.67,1.58,10.47,3.78,21.61,Low,,UNKNOWN,10000,1
2026-06-21,angela dugalic,Angela Dugalic,WAS,MIN,WAS @ MIN,PA,Pts+Ast,3.81,2.69,0.49,8.49,3.75,19.08,Low,,UNKNOWN,10000,1
2026-06-21,alex wilson,Alex Wilson,WAS,MIN,WAS @ MIN,PA,Pts+Ast,3.51,3.21,1.01,6.28,2.14,12.53,Low,,UNKNOWN,10000,1
2026-06-21,rori harmon,Rori Harmon,WAS,MIN,WAS @ MIN,PA,Pts+Ast,2.92,2.66,0.91,5.31,1.74,9.97,Medium,,UNKNOWN,10000,2
2026-06-21,cassandre prosper,Cassandre Prosper,WAS,MIN,WAS @ MIN,PA,Pts+Ast,2.32,1.36,0.14,5.66,2.8,13.79,Medium,,UNKNOWN,10000,2
2026-06-21,kiki iriafen,Kiki Iriafen,WAS,MIN,WAS @ MIN,PR,Pts+Reb,21.11,20.1,11.03,32.6,8.63,25.16,Low,,UNKNOWN,10000,1
2026-06-21,shakira austin,Shakira Austin,WAS,MIN,WAS @ MIN,PR,Pts+Reb,20.93,20.03,12.86,30.13,6.96,28.35,Medium,,UNKNOWN,10000,2
2026-06-21,sonia citron,Sonia Citron,WAS,MIN,WAS @ MIN,PR,Pts+Reb,20.67,19.35,10.89,32.05,8.62,32.11,Medium,,UNKNOWN,10000,2
2026-06-21,michaela onyenwere,Michaela Onyenwere,WAS,MIN,WAS @ MIN,PR,Pts+Reb,16.71,15.51,8.48,26.49,7.31,26.99,Low,,UNKNOWN,10000,1
2026-06-21,lauren betts,Lauren Betts,WAS,MIN,WAS @ MIN,PR,Pts+Reb,11.74,10.75,5.2,19.54,5.93,21.01,Medium,,UNKNOWN,10000,2
2026-06-21,georgia amoore,Georgia Amoore,WAS,MIN,WAS @ MIN,PR,Pts+Reb,9.31,8.11,3.73,16.46,5.44,21.44,Medium,,UNKNOWN,10000,2
2026-06-21,darianna littlepage-buggs,Darianna Littlepage-Buggs,WAS,MIN,WAS @ MIN,PR,Pts+Reb,8.96,8.91,7.13,10.86,1.45,18.83,High,,UNKNOWN,10000,3
2026-06-21,alicia florez getino,Alicia Florez Getino,WAS,MIN,WAS @ MIN,PR,Pts+Reb,8.79,8.18,5.17,13.16,3.39,23.24,Medium,,UNKNOWN,10000,2
2026-06-21,angela dugalic,Angela Dugalic,WAS,MIN,WAS @ MIN,PR,Pts+Reb,6.86,5.79,2.43,12.48,4.5,19.08,Low,,UNKNOWN,10000,1
2026-06-21,cotie mcmahon,Cotie McMahon,WAS,MIN,WAS @ MIN,PR,Pts+Reb,6.42,5.47,2.03,12.02,4.29,21.61,Low,,UNKNOWN,10000,1
2026-06-21,alicia florez,Alicia Florez,WAS,MIN,WAS @ MIN,PR,Pts+Reb,6.12,5.16,2.0,11.59,4.09,19.92,Medium,,UNKNOWN,10000,2
2026-06-21,lucy olsen,Lucy Olsen,WAS,MIN,WAS @ MIN,PR,Pts+Reb,5.37,4.42,1.5,10.32,3.93,14.71,Low,,UNKNOWN,10000,1
2026-06-21,alex wilson,Alex Wilson,WAS,MIN,WAS @ MIN,PR,Pts+Reb,4.87,4.39,1.41,8.89,3.04,12.53,Low,,UNKNOWN,10000,1
2026-06-21,cassandre prosper,Cassandre Prosper,WAS,MIN,WAS @ MIN,PR,Pts+Reb,2.69,1.64,0.22,6.4,3.13,13.79,Medium,,UNKNOWN,10000,2
2026-06-21,rori harmon,Rori Harmon,WAS,MIN,WAS @ MIN,PR,Pts+Reb,2.22,1.95,0.84,3.98,1.31,9.97,Medium,,UNKNOWN,10000,2
2026-06-21,sonia citron,Sonia Citron,WAS,MIN,WAS @ MIN,PRA,Pts+Reb+Ast,24.3,23.08,13.99,35.93,9.02,32.11,Medium,,UNKNOWN,10000,2
2026-06-21,shakira austin,Shakira Austin,WAS,MIN,WAS @ MIN,PRA,Pts+Reb+Ast,23.44,22.52,14.96,33.1,7.3,28.35,Medium,,UNKNOWN,10000,2
2026-06-21,kiki iriafen,Kiki Iriafen,WAS,MIN,WAS @ MIN,PRA,Pts+Reb+Ast,22.45,21.41,11.98,34.25,8.95,25.16,Low,,UNKNOWN,10000,1
2026-06-21,michaela onyenwere,Michaela Onyenwere,WAS,MIN,WAS @ MIN,PRA,Pts+Reb+Ast,17.9,16.78,9.45,27.84,7.46,26.99,Low,,UNKNOWN,10000,1
2026-06-21,alicia florez getino,Alicia Florez Getino,WAS,MIN,WAS @ MIN,PRA,Pts+Reb+Ast,12.48,11.95,7.61,17.95,4.24,23.24,Medium,,UNKNOWN,10000,2
2026-06-21,lauren betts,Lauren Betts,WAS,MIN,WAS @ MIN,PRA,Pts+Reb+Ast,12.48,11.52,5.59,20.64,6.15,21.01,Medium,,UNKNOWN,10000,2
2026-06-21,georgia amoore,Georgia Amoore,WAS,MIN,WAS @ MIN,PRA,Pts+Reb+Ast,12.46,11.37,5.97,20.31,5.94,21.44,Medium,,UNKNOWN,10000,2
2026-06-21,darianna littlepage-buggs,Darianna Littlepage-Buggs,WAS,MIN,WAS @ MIN,PRA,Pts+Reb+Ast,10.47,10.34,7.95,13.2,2.05,18.83,High,,UNKNOWN,10000,3
2026-06-21,alicia florez,Alicia Florez,WAS,MIN,WAS @ MIN,PRA,Pts+Reb+Ast,8.91,8.0,3.41,15.63,5.09,19.92,Medium,,UNKNOWN,10000,2
2026-06-21,cotie mcmahon,Cotie McMahon,WAS,MIN,WAS @ MIN,PRA,Pts+Reb+Ast,7.74,6.8,2.68,13.96,4.74,21.61,Low,,UNKNOWN,10000,1
2026-06-21,angela dugalic,Angela Dugalic,WAS,MIN,WAS @ MIN,PRA,Pts+Reb+Ast,7.36,6.29,2.72,13.28,4.65,19.08,Low,,UNKNOWN,10000,1
2026-06-21,lucy olsen,Lucy Olsen,WAS,MIN,WAS @ MIN,PRA,Pts+Reb+Ast,6.98,6.1,2.11,12.78,4.59,14.71,Low,,UNKNOWN,10000,1
2026-06-21,alex wilson,Alex Wilson,WAS,MIN,WAS @ MIN,PRA,Pts+Reb+Ast,5.31,4.77,1.51,9.87,3.39,12.53,Low,,UNKNOWN,10000,1
2026-06-21,rori harmon,Rori Harmon,WAS,MIN,WAS @ MIN,PRA,Pts+Reb+Ast,3.52,3.23,1.36,6.07,1.89,9.97,Medium,,UNKNOWN,10000,2
2026-06-21,cassandre prosper,Cassandre Prosper,WAS,MIN,WAS @ MIN,PRA,Pts+Reb+Ast,3.02,1.93,0.25,7.14,3.4,13.79,Medium,,UNKNOWN,10000,2
2026-06-21,sonia citron,Sonia Citron,WAS,MIN,WAS @ MIN,PTS,Points,16.27,14.96,7.53,26.61,7.8,32.11,Medium,,UNKNOWN,10000,2
2026-06-21,kiki iriafen,Kiki Iriafen,WAS,MIN,WAS @ MIN,PTS,Points,14.0,12.95,6.43,22.87,6.82,25.16,Low,,UNKNOWN,10000,1
2026-06-21,michaela onyenwere,Michaela Onyenwere,WAS,MIN,WAS @ MIN,PTS,Points,13.19,12.1,5.94,21.95,6.57,26.99,Low,,UNKNOWN,10000,1
2026-06-21,shakira austin,Shakira Austin,WAS,MIN,WAS @ MIN,PTS,Points,12.96,12.08,6.53,20.56,5.73,28.35,Medium,,UNKNOWN,10000,2
2026-06-21,lauren betts,Lauren Betts,WAS,MIN,WAS @ MIN,PTS,Points,7.54,6.45,2.41,14.06,4.95,21.01,Medium,,UNKNOWN,10000,2
2026-06-21,georgia amoore,Georgia Amoore,WAS,MIN,WAS @ MIN,PTS,Points,7.3,6.05,1.94,14.32,5.27,21.44,Medium,,UNKNOWN,10000,2
2026-06-21,alicia florez getino,Alicia Florez Getino,WAS,MIN,WAS @ MIN,PTS,Points,6.78,6.54,4.29,9.62,2.11,23.24,Medium,,UNKNOWN,10000,2
2026-06-21,darianna littlepage-buggs,Darianna Littlepage-Buggs,WAS,MIN,WAS @ MIN,PTS,Points,6.21,6.15,4.86,7.63,1.08,18.83,High,,UNKNOWN,10000,3
2026-06-21,alicia florez,Alicia Florez,WAS,MIN,WAS @ MIN,PTS,Points,4.35,3.41,0.94,9.01,3.56,19.92,Medium,,UNKNOWN,10000,2
2026-06-21,cotie mcmahon,Cotie McMahon,WAS,MIN,WAS @ MIN,PTS,Points,4.16,3.33,1.01,8.34,3.26,21.61,Low,,UNKNOWN,10000,1
2026-06-21,lucy olsen,Lucy Olsen,WAS,MIN,WAS @ MIN,PTS,Points,3.92,2.94,0.7,8.31,3.49,14.71,Low,,UNKNOWN,10000,1
2026-06-21,angela dugalic,Angela Dugalic,WAS,MIN,WAS @ MIN,PTS,Points,3.31,2.17,0.33,7.81,3.6,19.08,Low,,UNKNOWN,10000,1
2026-06-21,alex wilson,Alex Wilson,WAS,MIN,WAS @ MIN,PTS,Points,3.07,2.93,0.97,5.32,1.68,12.53,Low,,UNKNOWN,10000,1
2026-06-21,cassandre prosper,Cassandre Prosper,WAS,MIN,WAS @ MIN,PTS,Points,1.98,1.12,0.12,4.96,2.49,13.79,Medium,,UNKNOWN,10000,2
2026-06-21,rori harmon,Rori Harmon,WAS,MIN,WAS @ MIN,PTS,Points,1.62,1.36,0.46,3.11,1.12,9.97,Medium,,UNKNOWN,10000,2
2026-06-21,shakira austin,Shakira Austin,WAS,MIN,WAS @ MIN,RA,Reb+Ast,10.48,10.02,6.0,15.52,3.84,28.35,Medium,,UNKNOWN,10000,2
2026-06-21,kiki iriafen,Kiki Iriafen,WAS,MIN,WAS @ MIN,RA,Reb+Ast,8.46,7.82,3.7,13.99,4.18,25.16,Low,,UNKNOWN,10000,1
2026-06-21,sonia citron,Sonia Citron,WAS,MIN,WAS @ MIN,RA,Reb+Ast,8.04,7.44,3.59,13.22,3.92,32.11,Medium,,UNKNOWN,10000,2
2026-06-21,alicia florez getino,Alicia Florez Getino,WAS,MIN,WAS @ MIN,RA,Reb+Ast,5.71,5.07,2.01,10.18,3.52,23.24,Medium,,UNKNOWN,10000,2
2026-06-21,georgia amoore,Georgia Amoore,WAS,MIN,WAS @ MIN,RA,Reb+Ast,5.16,4.91,2.54,8.14,2.22,21.44,Medium,,UNKNOWN,10000,2
2026-06-21,lauren betts,Lauren Betts,WAS,MIN,WAS @ MIN,RA,Reb+Ast,4.95,4.67,2.22,7.99,2.32,21.01,Medium,,UNKNOWN,10000,2
2026-06-21,michaela onyenwere,Michaela Onyenwere,WAS,MIN,WAS @ MIN,RA,Reb+Ast,4.71,4.07,1.51,8.7,3.06,26.99,Low,,UNKNOWN,10000,1
2026-06-21,alicia florez,Alicia Florez,WAS,MIN,WAS @ MIN,RA,Reb+Ast,4.55,3.91,1.19,8.82,3.16,19.92,Medium,,UNKNOWN,10000,2
2026-06-21,darianna littlepage-buggs,Darianna Littlepage-Buggs,WAS,MIN,WAS @ MIN,RA,Reb+Ast,4.27,4.09,2.57,6.14,1.41,18.83,High,,UNKNOWN,10000,3
2026-06-21,angela dugalic,Angela Dugalic,WAS,MIN,WAS @ MIN,RA,Reb+Ast,4.05,3.54,1.41,7.35,2.47,19.08,Low,,UNKNOWN,10000,1
2026-06-21,cotie mcmahon,Cotie McMahon,WAS,MIN,WAS @ MIN,RA,Reb+Ast,3.59,2.84,0.57,7.45,3.02,21.61,Low,,UNKNOWN,10000,1
2026-06-21,lucy olsen,Lucy Olsen,WAS,MIN,WAS @ MIN,RA,Reb+Ast,3.06,2.74,0.64,5.75,2.03,14.71,Low,,UNKNOWN,10000,1
2026-06-21,alex wilson,Alex Wilson,WAS,MIN,WAS @ MIN,RA,Reb+Ast,2.24,1.59,0.26,5.1,2.19,12.53,Low,,UNKNOWN,10000,1
2026-06-21,rori harmon,Rori Harmon,WAS,MIN,WAS @ MIN,RA,Reb+Ast,1.9,1.62,0.26,3.7,1.36,9.97,Medium,,UNKNOWN,10000,2
2026-06-21,cassandre prosper,Cassandre Prosper,WAS,MIN,WAS @ MIN,RA,Reb+Ast,1.04,0.17,0.0,3.02,2.05,13.79,Medium,,UNKNOWN,10000,2
2026-06-21,shakira austin,Shakira Austin,WAS,MIN,WAS @ MIN,REB,Rebounds,7.98,7.46,4.2,12.38,3.33,28.35,Medium,,UNKNOWN,10000,2
2026-06-21,kiki iriafen,Kiki Iriafen,WAS,MIN,WAS @ MIN,REB,Rebounds,7.12,6.45,2.9,12.24,3.82,25.16,Low,,UNKNOWN,10000,1
2026-06-21,sonia citron,Sonia Citron,WAS,MIN,WAS @ MIN,REB,Rebounds,4.4,3.65,1.1,8.66,3.22,32.11,Medium,,UNKNOWN,10000,2
2026-06-21,lauren betts,Lauren Betts,WAS,MIN,WAS @ MIN,REB,Rebounds,4.21,3.96,1.96,6.83,1.96,21.01,Medium,,UNKNOWN,10000,2
2026-06-21,angela dugalic,Angela Dugalic,WAS,MIN,WAS @ MIN,REB,Rebounds,3.55,3.05,1.22,6.54,2.24,19.08,Low,,UNKNOWN,10000,1
2026-06-21,michaela onyenwere,Michaela Onyenwere,WAS,MIN,WAS @ MIN,REB,Rebounds,3.52,2.84,0.79,7.17,2.79,26.99,Low,,UNKNOWN,10000,1
2026-06-21,darianna littlepage-buggs,Darianna Littlepage-Buggs,WAS,MIN,WAS @ MIN,REB,Rebounds,2.75,2.73,2.15,3.39,0.49,18.83,High,,UNKNOWN,10000,3
2026-06-21,cotie mcmahon,Cotie McMahon,WAS,MIN,WAS @ MIN,REB,Rebounds,2.26,1.49,0.23,5.25,2.46,21.61,Low,,UNKNOWN,10000,1
2026-06-21,georgia amoore,Georgia Amoore,WAS,MIN,WAS @ MIN,REB,Rebounds,2.02,1.89,1.06,3.12,0.83,21.44,Medium,,UNKNOWN,10000,2
2026-06-21,alicia florez getino,Alicia Florez Getino,WAS,MIN,WAS @ MIN,REB,Rebounds,2.01,1.05,0.06,5.26,2.6,23.24,Medium,,UNKNOWN,10000,2
2026-06-21,alex wilson,Alex Wilson,WAS,MIN,WAS @ MIN,REB,Rebounds,1.81,1.24,0.23,4.16,1.83,12.53,Low,,UNKNOWN,10000,1
2026-06-21,alicia florez,Alicia Florez,WAS,MIN,WAS @ MIN,REB,Rebounds,1.76,1.26,0.25,3.87,1.68,19.92,Medium,,UNKNOWN,10000,2
2026-06-21,lucy olsen,Lucy Olsen,WAS,MIN,WAS @ MIN,REB,Rebounds,1.45,1.21,0.37,2.84,1.06,14.71,Low,,UNKNOWN,10000,1
2026-06-21,cassandre prosper,Cassandre Prosper,WAS,MIN,WAS @ MIN,REB,Rebounds,0.71,0.08,0.0,2.06,1.66,13.79,Medium,,UNKNOWN,10000,2
2026-06-21,rori harmon,Rori Harmon,WAS,MIN,WAS @ MIN,REB,Rebounds,0.6,0.43,0.09,1.32,0.57,9.97,Medium,,UNKNOWN,10000,2
2026-06-21,shakira austin,Shakira Austin,WAS,MIN,WAS @ MIN,SB,Stl+Blk,1.91,2.0,0.0,4.0,1.59,28.35,Medium,,UNKNOWN,10000,2
2026-06-21,sonia citron,Sonia Citron,WAS,MIN,WAS @ MIN,SB,Stl+Blk,1.69,2.0,0.0,3.0,1.32,32.11,Medium,,UNKNOWN,10000,2
2026-06-21,kiki iriafen,Kiki Iriafen,WAS,MIN,WAS @ MIN,SB,Stl+Blk,1.43,1.0,0.0,3.0,1.27,25.16,Low,,UNKNOWN,10000,1
2026-06-21,georgia amoore,Georgia Amoore,WAS,MIN,WAS @ MIN,SB,Stl+Blk,1.31,1.0,0.0,3.0,1.22,21.44,Medium,,UNKNOWN,10000,2
2026-06-21,alicia florez getino,Alicia Florez Getino,WAS,MIN,WAS @ MIN,SB,Stl+Blk,1.14,1.0,0.0,3.0,1.11,23.24,Medium,,UNKNOWN,10000,2
2026-06-21,michaela onyenwere,Michaela Onyenwere,WAS,MIN,WAS @ MIN,SB,Stl+Blk,1.05,1.0,0.0,2.0,1.04,26.99,Low,,UNKNOWN,10000,1
2026-06-21,alicia florez,Alicia Florez,WAS,MIN,WAS @ MIN,SB,Stl+Blk,0.93,1.0,0.0,2.0,1.01,19.92,Medium,,UNKNOWN,10000,2
2026-06-21,darianna littlepage-buggs,Darianna Littlepage-Buggs,WAS,MIN,WAS @ MIN,SB,Stl+Blk,0.91,1.0,0.0,2.0,0.96,18.83,High,,UNKNOWN,10000,3
2026-06-21,lauren betts,Lauren Betts,WAS,MIN,WAS @ MIN,SB,Stl+Blk,0.83,1.0,0.0,2.0,1.0,21.01,Medium,,UNKNOWN,10000,2
2026-06-21,angela dugalic,Angela Dugalic,WAS,MIN,WAS @ MIN,SB,Stl+Blk,0.79,0.0,0.0,2.0,1.29,19.08,Low,,UNKNOWN,10000,1
2026-06-21,cotie mcmahon,Cotie McMahon,WAS,MIN,WAS @ MIN,SB,Stl+Blk,0.79,0.0,0.0,2.0,1.19,21.61,Low,,UNKNOWN,10000,1
2026-06-21,alex wilson,Alex Wilson,WAS,MIN,WAS @ MIN,SB,Stl+Blk,0.58,0.0,0.0,2.0,0.81,12.53,Low,,UNKNOWN,10000,1
2026-06-21,lucy olsen,Lucy Olsen,WAS,MIN,WAS @ MIN,SB,Stl+Blk,0.51,0.0,0.0,1.0,0.74,14.71,Low,,UNKNOWN,10000,1
2026-06-21,cassandre prosper,Cassandre Prosper,WAS,MIN,WAS @ MIN,SB,Stl+Blk,0.31,0.0,0.0,1.0,0.77,13.79,Medium,,UNKNOWN,10000,2
2026-06-21,rori harmon,Rori Harmon,WAS,MIN,WAS @ MIN,SB,Stl+Blk,0.21,0.0,0.0,1.0,0.45,9.97,Medium,,UNKNOWN,10000,2
2026-06-21,sonia citron,Sonia Citron,WAS,MIN,WAS @ MIN,STL,Steals,1.11,1.0,0.0,3.0,1.06,32.11,Medium,,UNKNOWN,10000,2
2026-06-21,georgia amoore,Georgia Amoore,WAS,MIN,WAS @ MIN,STL,Steals,0.97,1.0,0.0,2.0,1.01,21.44,Medium,,UNKNOWN,10000,2
2026-06-21,alicia florez getino,Alicia Florez Getino,WAS,MIN,WAS @ MIN,STL,Steals,0.91,1.0,0.0,2.0,1.0,23.24,Medium,,UNKNOWN,10000,2
2026-06-21,kiki iriafen,Kiki Iriafen,WAS,MIN,WAS @ MIN,STL,Steals,0.87,1.0,0.0,2.0,0.96,25.16,Low,,UNKNOWN,10000,1
2026-06-21,michaela onyenwere,Michaela Onyenwere,WAS,MIN,WAS @ MIN,STL,Steals,0.77,1.0,0.0,2.0,0.89,26.99,Low,,UNKNOWN,10000,1
2026-06-21,shakira austin,Shakira Austin,WAS,MIN,WAS @ MIN,STL,Steals,0.76,0.0,0.0,2.0,1.13,28.35,Medium,,UNKNOWN,10000,2
2026-06-21,alicia florez,Alicia Florez,WAS,MIN,WAS @ MIN,STL,Steals,0.73,1.0,0.0,2.0,0.89,19.92,Medium,,UNKNOWN,10000,2
2026-06-21,darianna littlepage-buggs,Darianna Littlepage-Buggs,WAS,MIN,WAS @ MIN,STL,Steals,0.61,0.0,0.0,2.0,0.79,18.83,High,,UNKNOWN,10000,3
2026-06-21,cotie mcmahon,Cotie McMahon,WAS,MIN,WAS @ MIN,STL,Steals,0.57,0.0,0.0,2.0,1.08,21.61,Low,,UNKNOWN,10000,1
2026-06-21,angela dugalic,Angela Dugalic,WAS,MIN,WAS @ MIN,STL,Steals,0.47,0.0,0.0,2.0,1.15,19.08,Low,,UNKNOWN,10000,1
2026-06-21,lauren betts,Lauren Betts,WAS,MIN,WAS @ MIN,STL,Steals,0.46,0.0,0.0,1.0,0.71,21.01,Medium,,UNKNOWN,10000,2
2026-06-21,lucy olsen,Lucy Olsen,WAS,MIN,WAS @ MIN,STL,Steals,0.35,0.0,0.0,1.0,0.62,14.71,Low,,UNKNOWN,10000,1
2026-06-21,alex wilson,Alex Wilson,WAS,MIN,WAS @ MIN,STL,Steals,0.31,0.0,0.0,1.0,0.58,12.53,Low,,UNKNOWN,10000,1
2026-06-21,cassandre prosper,Cassandre Prosper,WAS,MIN,WAS @ MIN,STL,Steals,0.18,0.0,0.0,1.0,0.66,13.79,Medium,,UNKNOWN,10000,2
2026-06-21,rori harmon,Rori Harmon,WAS,MIN,WAS @ MIN,STL,Steals,0.11,0.0,0.0,1.0,0.33,9.97,Medium,,UNKNOWN,10000,2
