target,train_rows,valid_rows,mae,rmse,r2,ridge_mae,tree_mae
blocks,7643,1867,0.5165845882322009,0.7074325024256806,0.20522479154829532,0.528714889726453,0.5066920772869951
threes_made,7643,1867,0.7131855930483769,1.0113532636607234,0.26291984644358757,0.7036362818765973,0.7344052174508571
steals,7643,1867,0.7207770234816905,0.9216603345590068,0.12434121424886735,0.7379216319941436,0.7150604050514353
assists,7643,1867,1.1342649565618115,1.5422370177797466,0.5055184694376631,1.1509709445763867,1.142811031010614
rebounds,7643,1867,1.5956922813785812,2.096863489159886,0.549240064282779,1.6172111097950819,1.624407368634928
points,7643,1867,3.3893765715104345,4.513283675106076,0.5954122914394016,3.4554280173454184,3.438419052632118
