target,train_rows,valid_rows,mae,rmse,r2,ridge_mae,tree_mae
blocks,7695,1912,0.5166139857227083,0.7056221087299881,0.19107064560171683,0.524389483873647,0.5115660741826105
threes_made,7695,1912,0.7076684725318563,1.001302212198956,0.27257412335432274,0.6979674956710484,0.7278392399353129
steals,7695,1912,0.7204276631957085,0.9221165502283137,0.1259290239107591,0.739635223939955,0.7115946541293604
assists,7695,1912,1.139796321831591,1.5471212903054632,0.5009777104373397,1.1575464440454115,1.1467348459074378
rebounds,7695,1912,1.5878053510556214,2.086907142151409,0.5500262387210468,1.6006757951286443,1.6238768237522003
points,7695,1912,3.3704245762725575,4.510064119982044,0.6040133446424166,3.443384018260043,3.4135362364669537
