game_date,season,player_name,team,opponent,home_away,minutes,points,rebounds,assists,threes_made,steals,blocks,turnovers,fga,fgm,fta,ftm,offensive_rebounds,defensive_rebounds,plus_minus,player_key,is_home,_data_source,game_id,player_id,position,starter,played,source,name_key,reason
2026-05-14,2026,A'ja Wilson,LVA,CON,A,21.0,22.0,11.0,1.0,0.0,0.0,2.0,1.0,15.0,8.0,9.0,6.0,4.0,7.0,,a'ja wilson,0,last_good_canonical,401856905.0,3149391.0,C,1.0,1.0,espn,a'ja wilson,no_projection_for_player_team_date
2026-05-24,2026,A'ja Wilson,LVA,LAS,A,35.0,24.0,15.0,4.0,2.0,2.0,4.0,3.0,20.0,8.0,6.0,6.0,2.0,13.0,,a'ja wilson,0,last_good_canonical,401856932.0,3149391.0,C,1.0,1.0,espn,a'ja wilson,no_projection_for_player_team_date
2026-05-29,2026,A'ja Wilson,LVA,DAL,A,35.0,21.0,7.0,3.0,1.0,1.0,0.0,2.0,24.0,10.0,1.0,0.0,1.0,6.0,,a'ja wilson,0,last_good_canonical,401856943.0,3149391.0,C,1.0,1.0,espn,a'ja wilson,no_projection_for_player_team_date
2026-06-03,2026,A'ja Wilson,LVA,LAS,A,34.0,25.0,15.0,1.0,1.0,3.0,5.0,3.0,20.0,10.0,7.0,4.0,3.0,12.0,,a'ja wilson,0,last_good_canonical,401856958.0,3149391.0,C,1.0,1.0,espn,a'ja wilson,no_projection_for_player_team_date
2026-06-09,2026,A'ja Wilson,LVA,SEA,A,36.0,34.0,12.0,9.0,3.0,1.0,3.0,2.0,19.0,10.0,13.0,11.0,4.0,8.0,,a'ja wilson,0,last_good_canonical,401856974.0,3149391.0,C,1.0,1.0,espn,a'ja wilson,no_projection_for_player_team_date
2026-06-12,2026,A'ja Wilson,LVA,POR,A,36.0,32.0,5.0,4.0,1.0,1.0,2.0,3.0,20.0,10.0,13.0,11.0,2.0,3.0,,a'ja wilson,0,last_good_canonical,401856983.0,3149391.0,C,1.0,1.0,espn,a'ja wilson,no_projection_for_player_team_date
2026-06-14,2026,A'ja Wilson,LVA,MIN,A,32.0,24.0,10.0,1.0,1.0,2.0,3.0,3.0,15.0,9.0,6.0,5.0,2.0,8.0,,a'ja wilson,0,last_good_canonical,401856987.0,3149391.0,C,1.0,1.0,espn,a'ja wilson,no_projection_for_player_team_date
2026-06-16,2026,A'ja Wilson,LVA,DAL,A,26.0,18.0,5.0,2.0,0.0,1.0,0.0,2.0,15.0,8.0,3.0,2.0,0.0,5.0,,a'ja wilson,0,last_good_canonical,401856992.0,3149391.0,C,1.0,1.0,espn,a'ja wilson,no_projection_for_player_team_date
2026-06-18,2026,A'ja Wilson,LVA,PHX,A,37.0,33.0,10.0,3.0,0.0,5.0,2.0,2.0,20.0,11.0,13.0,11.0,4.0,6.0,,a'ja wilson,0,last_good_canonical,401857000.0,3149391.0,C,1.0,1.0,espn,a'ja wilson,no_projection_for_player_team_date
2026-06-24,2026,A'ja Wilson,LVA,NYL,A,36.0,16.0,9.0,5.0,0.0,4.0,0.0,3.0,18.0,7.0,3.0,2.0,1.0,8.0,,a'ja wilson,0,last_good_canonical,401857016.0,3149391.0,C,1.0,1.0,espn,a'ja wilson,no_projection_for_player_team_date
2026-06-26,2026,A'ja Wilson,LVA,DAL,A,32.0,32.0,9.0,0.0,0.0,0.0,0.0,2.0,21.0,12.0,11.0,8.0,2.0,7.0,,a'ja wilson,0,last_good_canonical,401857022.0,3149391.0,C,1.0,1.0,espn,a'ja wilson,no_projection_for_player_team_date
2026-05-08,2026,Aaliyah Edwards,CON,NYL,A,0.0,0.0,0.0,0.0,0.0,0.0,0.0,0.0,0.0,0.0,0.0,0.0,0.0,0.0,,aaliyah edwards,0,last_good_canonical,401856890.0,4433408.0,F,0.0,0.0,espn,aaliyah edwards,no_projection_for_player_team_date
2026-05-10,2026,Aaliyah Edwards,CON,SEA,H,0.0,0.0,0.0,0.0,0.0,0.0,0.0,0.0,0.0,0.0,0.0,0.0,0.0,0.0,,aaliyah edwards,1,last_good_canonical,401856896.0,4433408.0,F,0.0,0.0,espn,aaliyah edwards,no_projection_for_player_team_date
2026-05-14,2026,Aaliyah Edwards,CON,LVA,H,0.0,0.0,0.0,0.0,0.0,0.0,0.0,0.0,0.0,0.0,0.0,0.0,0.0,0.0,,aaliyah edwards,1,last_good_canonical,401856905.0,4433408.0,F,0.0,0.0,espn,aaliyah edwards,no_projection_for_player_team_date
2026-05-15,2026,Aaliyah Edwards,CON,LVA,H,17.0,6.0,3.0,0.0,0.0,1.0,0.0,2.0,5.0,3.0,0.0,0.0,1.0,2.0,,aaliyah edwards,1,last_good_canonical,401856910.0,4433408.0,F,1.0,1.0,espn,aaliyah edwards,no_projection_for_player_team_date
2026-05-19,2026,Aaliyah Edwards,CON,POR,A,17.0,12.0,2.0,0.0,0.0,2.0,1.0,2.0,6.0,5.0,3.0,2.0,1.0,1.0,,aaliyah edwards,0,last_good_canonical,401856919.0,4433408.0,F,1.0,1.0,espn,aaliyah edwards,no_projection_for_player_team_date
2026-05-21,2026,Aaliyah Edwards,CON,SEA,A,27.0,12.0,4.0,3.0,0.0,1.0,0.0,4.0,12.0,5.0,2.0,2.0,2.0,2.0,,aaliyah edwards,0,last_good_canonical,401856923.0,4433408.0,F,1.0,1.0,espn,aaliyah edwards,no_projection_for_player_team_date
2026-05-23,2026,Aaliyah Edwards,CON,SEA,A,24.0,10.0,7.0,2.0,0.0,2.0,1.0,1.0,11.0,5.0,0.0,0.0,2.0,5.0,,aaliyah edwards,0,last_good_canonical,401856929.0,4433408.0,F,1.0,1.0,espn,aaliyah edwards,no_projection_for_player_team_date
2026-05-28,2026,Aaliyah Edwards,CON,POR,A,5.0,0.0,2.0,0.0,0.0,0.0,0.0,0.0,0.0,0.0,2.0,0.0,2.0,0.0,,aaliyah edwards,0,last_good_canonical,401856941.0,4433408.0,F,1.0,1.0,espn,aaliyah edwards,no_projection_for_player_team_date
2026-05-30,2026,Aaliyah Edwards,CON,LAS,H,0.0,0.0,0.0,0.0,0.0,0.0,0.0,0.0,0.0,0.0,0.0,0.0,0.0,0.0,,aaliyah edwards,1,last_good_canonical,401856950.0,4433408.0,F,0.0,0.0,espn,aaliyah edwards,no_projection_for_player_team_date
2026-06-02,2026,Aaliyah Edwards,CON,ATL,A,,,,,,,,,,,,,,,,aaliyah edwards,0,last_good_canonical,,,,,,,aaliyah edwards,no_projection_for_player_team_date
2026-05-10,2026,Aaliyah Nye,ATL,MIN,A,0.0,0.0,0.0,0.0,0.0,0.0,0.0,0.0,0.0,0.0,0.0,0.0,0.0,0.0,,aaliyah nye,0,last_good_canonical,401856899.0,4597509.0,G,0.0,0.0,espn,aaliyah nye,no_projection_for_player_team_date
2026-05-13,2026,Aaliyah Nye,ATL,DAL,A,0.0,0.0,0.0,0.0,0.0,0.0,0.0,0.0,0.0,0.0,0.0,0.0,0.0,0.0,,aaliyah nye,0,last_good_canonical,401856901.0,4597509.0,G,0.0,0.0,espn,aaliyah nye,no_projection_for_player_team_date
2026-05-17,2026,Aaliyah Nye,ATL,LVA,H,1.0,0.0,0.0,0.0,0.0,0.0,0.0,0.0,0.0,0.0,0.0,0.0,0.0,0.0,,aaliyah nye,1,last_good_canonical,401856915.0,4597509.0,G,0.0,1.0,espn,aaliyah nye,no_projection_for_player_team_date
2026-05-22,2026,Aaliyah Nye,ATL,DAL,H,1.0,0.0,0.0,0.0,0.0,0.0,0.0,0.0,0.0,0.0,0.0,0.0,0.0,0.0,,aaliyah nye,1,last_good_canonical,401856927.0,4597509.0,G,0.0,1.0,espn,aaliyah nye,no_projection_for_player_team_date
2026-05-24,2026,Aaliyah Nye,ATL,PHX,H,0.0,0.0,0.0,0.0,0.0,0.0,0.0,0.0,0.0,0.0,0.0,0.0,0.0,0.0,,aaliyah nye,1,last_good_canonical,401856933.0,4597509.0,G,0.0,1.0,espn,aaliyah nye,no_projection_for_player_team_date
2026-05-28,2026,Aaliyah Nye,ATL,MIN,A,2.0,0.0,0.0,0.0,0.0,0.0,0.0,0.0,0.0,0.0,0.0,0.0,0.0,0.0,,aaliyah nye,0,last_good_canonical,401856940.0,4597509.0,G,0.0,1.0,espn,aaliyah nye,no_projection_for_player_team_date
2026-05-30,2026,Aaliyah Nye,ATL,POR,A,1.0,0.0,0.0,1.0,0.0,0.0,0.0,0.0,1.0,0.0,0.0,0.0,0.0,0.0,,aaliyah nye,0,last_good_canonical,401856948.0,4597509.0,G,0.0,1.0,espn,aaliyah nye,no_projection_for_player_team_date
2026-06-02,2026,Aaliyah Nye,ATL,CON,H,1.0,0.0,0.0,0.0,0.0,0.0,0.0,0.0,0.0,0.0,0.0,0.0,0.0,0.0,-1.0,aaliyah nye,1,last_good_canonical,,,,,,,aaliyah nye,no_projection_for_player_team_date
2026-06-04,2026,Aaliyah Nye,ATL,IND,A,1.0,0.0,0.0,0.0,0.0,0.0,0.0,0.0,0.0,0.0,0.0,0.0,0.0,0.0,1.0,aaliyah nye,0,last_good_canonical,,,,,,,aaliyah nye,no_projection_for_player_team_date
2026-06-06,2026,Aaliyah Nye,ATL,WAS,H,5.0,3.0,0.0,0.0,1.0,0.0,0.0,0.0,3.0,1.0,0.0,0.0,0.0,0.0,7.0,aaliyah nye,1,last_good_canonical,,,,,,,aaliyah nye,no_projection_for_player_team_date
2026-06-28,2026,Aaliyah Nye,ATL,SEA,A,0.0,0.0,0.0,0.0,0.0,0.0,0.0,0.0,0.0,0.0,0.0,0.0,0.0,0.0,,aaliyah nye,0,last_good_canonical,401857029.0,4597509.0,G,0.0,0.0,espn,aaliyah nye,no_projection_for_player_team_date
2025-07-05,2025,Aari McDonald,IND,LAS,H,30.0,4.0,1.0,8.0,0.0,1.0,0.0,1.0,9.0,2.0,0.0,0.0,0.0,1.0,,aari mcdonald,1,last_good_canonical,401736225.0,4066553.0,G,1.0,1.0,espn,aari mcdonald,no_projection_for_player_team_date
2026-05-10,2026,Aicha Coulibaly,CHI,POR,A,6.0,0.0,2.0,1.0,0.0,0.0,0.0,0.0,3.0,0.0,0.0,0.0,0.0,2.0,,aicha coulibaly,0,last_good_canonical,401856895.0,4433433.0,G,0.0,1.0,espn,aicha coulibaly,no_projection_for_player_team_date
2026-05-14,2026,Aicha Coulibaly,CHI,GSV,A,0.0,0.0,0.0,0.0,0.0,0.0,0.0,0.0,0.0,0.0,0.0,0.0,0.0,0.0,,aicha coulibaly,0,last_good_canonical,401856906.0,4433433.0,G,0.0,0.0,espn,aicha coulibaly,no_projection_for_player_team_date
2026-05-17,2026,Aicha Coulibaly,CHI,MIN,A,21.0,8.0,1.0,1.0,0.0,2.0,0.0,0.0,8.0,1.0,6.0,6.0,1.0,0.0,,aicha coulibaly,0,last_good_canonical,401856914.0,4433433.0,G,0.0,1.0,espn,aicha coulibaly,no_projection_for_player_team_date
2026-05-21,2026,Aicha Coulibaly,CHI,DAL,H,16.0,0.0,2.0,1.0,0.0,0.0,0.0,0.0,0.0,0.0,0.0,0.0,0.0,2.0,,aicha coulibaly,1,last_good_canonical,401856922.0,4433433.0,G,0.0,1.0,espn,aicha coulibaly,no_projection_for_player_team_date
2026-05-28,2026,Aicha Coulibaly,CHI,TOR,H,18.0,9.0,3.0,1.0,0.0,2.0,0.0,1.0,4.0,2.0,5.0,5.0,1.0,2.0,,aicha coulibaly,1,last_good_canonical,401856939.0,4433433.0,G,0.0,1.0,espn,aicha coulibaly,no_projection_for_player_team_date
2026-05-29,2026,Aicha Coulibaly,CHI,MIN,H,11.0,4.0,3.0,0.0,0.0,2.0,0.0,3.0,7.0,2.0,0.0,0.0,1.0,2.0,,aicha coulibaly,1,last_good_canonical,401856947.0,4433433.0,G,0.0,1.0,espn,aicha coulibaly,no_projection_for_player_team_date
2026-06-18,2026,Aicha Coulibaly,CHI,NYL,H,11.0,0.0,2.0,1.0,0.0,0.0,0.0,0.0,2.0,0.0,0.0,0.0,1.0,1.0,,aicha coulibaly,1,last_good_canonical,401856997.0,4433433.0,G,0.0,1.0,espn,aicha coulibaly,no_projection_for_player_team_date
2026-06-25,2026,Aicha Coulibaly,CHI,POR,H,15.0,10.0,3.0,1.0,0.0,2.0,1.0,1.0,4.0,3.0,6.0,4.0,1.0,2.0,,aicha coulibaly,1,last_good_canonical,401857019.0,4433433.0,G,0.0,1.0,espn,aicha coulibaly,no_projection_for_player_team_date
2026-05-13,2026,Alanna Smith,DAL,ATL,H,27.0,2.0,6.0,3.0,0.0,0.0,1.0,3.0,8.0,1.0,0.0,0.0,2.0,4.0,,alanna smith,1,last_good_canonical,401856901.0,3913881.0,F,1.0,1.0,espn,alanna smith,no_projection_for_player_team_date
2026-05-15,2026,Alanna Smith,DAL,MIN,H,27.0,6.0,4.0,5.0,0.0,2.0,1.0,2.0,6.0,3.0,1.0,0.0,2.0,2.0,,alanna smith,1,last_good_canonical,401856908.0,3913881.0,F,1.0,1.0,espn,alanna smith,no_projection_for_player_team_date
2026-05-19,2026,Alanna Smith,DAL,WAS,H,7.0,3.0,1.0,1.0,1.0,2.0,0.0,2.0,3.0,1.0,0.0,0.0,1.0,0.0,,alanna smith,1,last_good_canonical,401856918.0,3913881.0,F,1.0,1.0,espn,alanna smith,no_projection_for_player_team_date
2026-05-21,2026,Alanna Smith,DAL,CHI,A,16.0,7.0,6.0,0.0,1.0,1.0,1.0,0.0,6.0,3.0,0.0,0.0,2.0,4.0,,alanna smith,0,last_good_canonical,401856922.0,3913881.0,F,1.0,1.0,espn,alanna smith,no_projection_for_player_team_date
2026-06-02,2026,Alanna Smith,DAL,SEA,H,22.0,5.0,4.0,3.0,0.0,0.0,0.0,4.0,6.0,2.0,2.0,1.0,0.0,4.0,,alanna smith,1,last_good_canonical,401856953.0,3913881.0,F,0.0,1.0,espn,alanna smith,no_projection_for_player_team_date
2026-06-06,2026,Alanna Smith,DAL,LAS,A,16.0,4.0,2.0,0.0,0.0,0.0,1.0,2.0,4.0,2.0,0.0,0.0,0.0,2.0,,alanna smith,0,last_good_canonical,401856964.0,3913881.0,F,0.0,1.0,espn,alanna smith,no_projection_for_player_team_date
2026-06-10,2026,Alanna Smith,DAL,MIN,A,9.0,0.0,2.0,1.0,0.0,2.0,0.0,1.0,2.0,0.0,0.0,0.0,1.0,1.0,,alanna smith,0,last_good_canonical,401856976.0,3913881.0,F,0.0,1.0,espn,alanna smith,no_projection_for_player_team_date
2026-06-12,2026,Alanna Smith,DAL,PHX,H,16.0,2.0,5.0,1.0,0.0,0.0,0.0,2.0,2.0,1.0,0.0,0.0,2.0,3.0,,alanna smith,1,last_good_canonical,401856982.0,3913881.0,F,0.0,1.0,espn,alanna smith,no_projection_for_player_team_date
2026-06-14,2026,Alanna Smith,DAL,POR,A,11.0,4.0,3.0,0.0,0.0,0.0,0.0,1.0,3.0,1.0,2.0,2.0,0.0,3.0,,alanna smith,0,last_good_canonical,401856988.0,3913881.0,F,0.0,1.0,espn,alanna smith,no_projection_for_player_team_date
2026-06-16,2026,Alanna Smith,DAL,LVA,H,9.0,4.0,1.0,0.0,0.0,0.0,0.0,0.0,3.0,2.0,0.0,0.0,0.0,1.0,,alanna smith,1,last_good_canonical,401856992.0,3913881.0,F,0.0,1.0,espn,alanna smith,no_projection_for_player_team_date
2026-06-18,2026,Alanna Smith,DAL,GSV,A,16.0,5.0,3.0,0.0,1.0,0.0,1.0,0.0,4.0,2.0,0.0,0.0,0.0,3.0,,alanna smith,0,last_good_canonical,401856998.0,3913881.0,F,0.0,1.0,espn,alanna smith,no_projection_for_player_team_date
2026-06-21,2026,Alanna Smith,DAL,CHI,H,5.0,3.0,0.0,0.0,1.0,2.0,0.0,1.0,1.0,1.0,0.0,0.0,0.0,0.0,,alanna smith,1,last_good_canonical,401857008.0,3913881.0,F,0.0,1.0,espn,alanna smith,no_projection_for_player_team_date
2026-06-23,2026,Alanna Smith,DAL,SEA,A,0.0,0.0,0.0,0.0,0.0,0.0,0.0,0.0,0.0,0.0,0.0,0.0,0.0,0.0,,alanna smith,0,last_good_canonical,401857015.0,3913881.0,F,0.0,0.0,espn,alanna smith,no_projection_for_player_team_date
2026-05-15,2026,Alex Fowler,NYL,POR,A,17.0,12.0,0.0,1.0,2.0,0.0,0.0,3.0,7.0,4.0,2.0,2.0,0.0,0.0,,alex fowler,0,last_good_canonical,401856909.0,4595823.0,F,0.0,1.0,espn,alex fowler,no_projection_for_player_team_date
2026-05-22,2026,Alex Fowler,NYL,GSV,A,15.0,0.0,0.0,0.0,0.0,1.0,0.0,0.0,3.0,0.0,0.0,0.0,0.0,0.0,,alex fowler,0,last_good_canonical,401856924.0,4595823.0,F,0.0,1.0,espn,alex fowler,no_projection_for_player_team_date
2026-05-08,2026,Alex Wilson,WAS,TOR,A,17.0,2.0,2.0,1.0,0.0,0.0,0.0,0.0,3.0,1.0,0.0,0.0,1.0,1.0,,alex wilson,0,last_good_canonical,401856891.0,5278157.0,G,0.0,1.0,espn,alex wilson,no_projection_for_player_team_date
2026-05-10,2026,Alex Wilson,WAS,NYL,A,24.0,5.0,4.0,2.0,1.0,0.0,0.0,2.0,9.0,2.0,0.0,0.0,4.0,0.0,,alex wilson,0,last_good_canonical,401856897.0,5278157.0,G,0.0,1.0,espn,alex wilson,no_projection_for_player_team_date
2026-05-15,2026,Alex Wilson,WAS,IND,A,9.0,3.0,1.0,0.0,1.0,0.0,1.0,0.0,3.0,1.0,0.0,0.0,0.0,1.0,,alex wilson,0,last_good_canonical,401856911.0,5278157.0,G,0.0,1.0,espn,alex wilson,no_projection_for_player_team_date
2026-05-19,2026,Alex Wilson,WAS,DAL,A,8.0,2.0,0.0,0.0,0.0,0.0,0.0,0.0,0.0,0.0,3.0,2.0,0.0,0.0,,alex wilson,0,last_good_canonical,401856918.0,5278157.0,G,0.0,1.0,espn,alex wilson,no_projection_for_player_team_date
2026-05-24,2026,Alex Wilson,WAS,SEA,A,0.0,0.0,0.0,0.0,0.0,0.0,0.0,0.0,0.0,0.0,0.0,0.0,0.0,0.0,,alex wilson,0,last_good_canonical,401856935.0,5278157.0,G,0.0,0.0,espn,alex wilson,no_projection_for_player_team_date
2026-05-28,2026,Alex Wilson,WAS,SEA,A,0.0,0.0,0.0,0.0,0.0,0.0,0.0,0.0,0.0,0.0,0.0,0.0,0.0,0.0,,alex wilson,0,last_good_canonical,401856942.0,5278157.0,G,0.0,0.0,espn,alex wilson,no_projection_for_player_team_date
2026-05-29,2026,Alex Wilson,WAS,LAS,A,0.0,0.0,0.0,0.0,0.0,0.0,0.0,0.0,0.0,0.0,0.0,0.0,0.0,0.0,,alex wilson,0,last_good_canonical,401856946.0,5278157.0,G,0.0,0.0,espn,alex wilson,no_projection_for_player_team_date
2026-05-10,2026,Alicia Florez,WAS,NYL,A,0.0,0.0,0.0,0.0,0.0,0.0,0.0,0.0,0.0,0.0,0.0,0.0,0.0,0.0,,alicia florez,0,last_good_canonical,401856897.0,5349415.0,G,0.0,0.0,espn,alicia florez,no_projection_for_player_team_date
2026-05-28,2026,Alicia Florez,WAS,SEA,A,23.0,9.0,5.0,3.0,1.0,2.0,0.0,1.0,9.0,4.0,0.0,0.0,2.0,3.0,,alicia florez,0,last_good_canonical,401856942.0,5349415.0,G,0.0,1.0,espn,alicia florez,no_projection_for_player_team_date
2026-05-29,2026,Alicia Florez,WAS,LAS,A,25.0,5.0,1.0,7.0,0.0,0.0,0.0,0.0,9.0,1.0,4.0,3.0,1.0,0.0,,alicia florez,0,last_good_canonical,401856946.0,5349415.0,G,0.0,1.0,espn,alicia florez,no_projection_for_player_team_date
2026-06-02,2026,Alicia Florez,WAS,CHI,H,19.0,8.0,0.0,3.0,0.0,1.0,0.0,0.0,7.0,3.0,4.0,2.0,0.0,0.0,-2.0,alicia florez,1,last_good_canonical,,,,,,,alicia florez,no_projection_for_player_team_date
2026-06-06,2026,Alicia Florez,WAS,ATL,A,20.0,2.0,2.0,0.0,0.0,1.0,0.0,4.0,7.0,1.0,2.0,0.0,1.0,1.0,-29.0,alicia florez,0,last_good_canonical,,,,,,,alicia florez,no_projection_for_player_team_date
2026-06-08,2026,Alicia Florez,WAS,IND,H,9.0,0.0,1.0,1.0,0.0,0.0,1.0,1.0,1.0,0.0,0.0,0.0,0.0,1.0,-4.0,alicia florez,1,last_good_canonical,,,,,,,alicia florez,no_projection_for_player_team_date
2026-05-14,2026,Aliyah Boston,IND,LAS,A,23.0,4.0,7.0,2.0,0.0,0.0,2.0,2.0,3.0,0.0,4.0,4.0,3.0,4.0,,aliyah boston,0,last_good_canonical,401856907.0,4432831.0,C,1.0,1.0,espn,aliyah boston,no_projection_for_player_team_date
2026-05-29,2026,Aliyah Boston,IND,GSV,A,22.0,13.0,6.0,4.0,1.0,0.0,0.0,2.0,11.0,4.0,4.0,4.0,2.0,4.0,,aliyah boston,0,last_good_canonical,401856944.0,4432831.0,C,1.0,1.0,espn,aliyah boston,no_projection_for_player_team_date
2026-05-31,2026,Aliyah Boston,IND,POR,A,26.0,18.0,7.0,2.0,0.0,0.0,0.0,3.0,13.0,7.0,4.0,4.0,2.0,5.0,,aliyah boston,0,last_good_canonical,401856951.0,4432831.0,C,1.0,1.0,espn,aliyah boston,no_projection_for_player_team_date
2026-06-07,2026,Aliyah Boston,IND,NYL,A,29.0,13.0,9.0,1.0,1.0,1.0,3.0,4.0,15.0,6.0,0.0,0.0,2.0,7.0,,aliyah boston,0,last_good_canonical,401856969.0,4432831.0,C,1.0,1.0,espn,aliyah boston,no_projection_for_player_team_date
2026-06-23,2026,Aliyah Boston,IND,PHX,H,29.0,8.0,9.0,0.0,1.0,2.0,1.0,3.0,9.0,2.0,4.0,3.0,1.0,8.0,,aliyah boston,1,last_good_canonical,401857014.0,4432831.0,C,1.0,1.0,espn,aliyah boston,no_projection_for_player_team_date
2026-06-28,2026,Aliyah Boston,IND,LAS,H,21.0,17.0,7.0,3.0,1.0,0.0,3.0,2.0,6.0,5.0,6.0,6.0,2.0,5.0,,aliyah boston,1,last_good_canonical,401857028.0,4432831.0,C,1.0,1.0,espn,aliyah boston,no_projection_for_player_team_date
2026-05-10,2026,Allisha Gray,ATL,MIN,A,33.0,24.0,8.0,3.0,1.0,2.0,1.0,4.0,18.0,7.0,11.0,9.0,2.0,6.0,,allisha gray,0,last_good_canonical,401856899.0,3058901.0,G,1.0,1.0,espn,allisha gray,no_projection_for_player_team_date
2026-05-13,2026,Allisha Gray,ATL,DAL,A,34.0,26.0,4.0,0.0,4.0,0.0,1.0,0.0,20.0,9.0,4.0,4.0,0.0,4.0,,allisha gray,0,last_good_canonical,401856901.0,3058901.0,G,1.0,1.0,espn,allisha gray,no_projection_for_player_team_date
2026-05-28,2026,Allisha Gray,ATL,MIN,A,31.0,21.0,0.0,3.0,5.0,1.0,0.0,3.0,11.0,7.0,2.0,2.0,0.0,0.0,,allisha gray,0,last_good_canonical,401856940.0,3058901.0,G,1.0,1.0,espn,allisha gray,no_projection_for_player_team_date
2026-05-30,2026,Allisha Gray,ATL,POR,A,30.0,13.0,3.0,1.0,3.0,3.0,0.0,1.0,12.0,3.0,4.0,4.0,0.0,3.0,,allisha gray,0,last_good_canonical,401856948.0,3058901.0,G,1.0,1.0,espn,allisha gray,no_projection_for_player_team_date
2026-06-25,2026,Allisha Gray,ATL,GSV,A,25.0,8.0,1.0,0.0,1.0,1.0,0.0,1.0,10.0,3.0,3.0,1.0,0.0,1.0,,allisha gray,0,last_good_canonical,401857020.0,3058901.0,G,1.0,1.0,espn,allisha gray,no_projection_for_player_team_date
2026-06-28,2026,Allisha Gray,ATL,SEA,A,35.0,15.0,3.0,2.0,1.0,1.0,0.0,1.0,16.0,5.0,4.0,4.0,1.0,2.0,,allisha gray,0,last_good_canonical,401857029.0,3058901.0,G,1.0,1.0,espn,allisha gray,no_projection_for_player_team_date
2026-05-09,2026,Alysha Clark,DAL,IND,A,4.0,3.0,1.0,0.0,1.0,0.0,0.0,1.0,1.0,1.0,0.0,0.0,0.0,1.0,,alysha clark,0,last_good_canonical,401856893.0,924.0,F,0.0,1.0,espn,alysha clark,no_projection_for_player_team_date
2026-05-13,2026,Alysha Clark,DAL,ATL,H,14.0,2.0,4.0,0.0,0.0,0.0,0.0,0.0,2.0,1.0,0.0,0.0,0.0,4.0,,alysha clark,1,last_good_canonical,401856901.0,924.0,F,0.0,1.0,espn,alysha clark,no_projection_for_player_team_date
2026-05-15,2026,Alysha Clark,DAL,MIN,H,3.0,0.0,0.0,0.0,0.0,1.0,0.0,0.0,0.0,0.0,0.0,0.0,0.0,0.0,,alysha clark,1,last_good_canonical,401856908.0,924.0,F,0.0,1.0,espn,alysha clark,no_projection_for_player_team_date
2026-05-19,2026,Alysha Clark,DAL,WAS,H,7.0,3.0,1.0,0.0,1.0,0.0,0.0,0.0,2.0,1.0,0.0,0.0,1.0,0.0,,alysha clark,1,last_good_canonical,401856918.0,924.0,F,0.0,1.0,espn,alysha clark,no_projection_for_player_team_date
2026-05-21,2026,Alysha Clark,DAL,CHI,A,0.0,0.0,0.0,0.0,0.0,0.0,0.0,0.0,0.0,0.0,0.0,0.0,0.0,0.0,,alysha clark,0,last_good_canonical,401856922.0,924.0,F,0.0,0.0,espn,alysha clark,no_projection_for_player_team_date
2026-05-22,2026,Alysha Clark,DAL,ATL,A,4.0,0.0,0.0,0.0,0.0,0.0,1.0,1.0,1.0,0.0,0.0,0.0,0.0,0.0,,alysha clark,0,last_good_canonical,401856927.0,924.0,F,0.0,1.0,espn,alysha clark,no_projection_for_player_team_date
2026-05-24,2026,Alysha Clark,DAL,NYL,A,0.0,0.0,0.0,0.0,0.0,0.0,0.0,0.0,0.0,0.0,0.0,0.0,0.0,0.0,,alysha clark,0,last_good_canonical,401856934.0,924.0,F,0.0,0.0,espn,alysha clark,no_projection_for_player_team_date
2026-05-29,2026,Alysha Clark,DAL,LVA,H,18.0,6.0,0.0,1.0,1.0,0.0,0.0,1.0,2.0,1.0,4.0,3.0,0.0,0.0,,alysha clark,1,last_good_canonical,401856943.0,924.0,F,0.0,1.0,espn,alysha clark,no_projection_for_player_team_date
2026-06-02,2026,Alysha Clark,DAL,SEA,H,18.0,6.0,5.0,1.0,1.0,1.0,0.0,0.0,3.0,1.0,4.0,3.0,2.0,3.0,,alysha clark,1,last_good_canonical,401856953.0,924.0,F,0.0,1.0,espn,alysha clark,no_projection_for_player_team_date
2026-06-06,2026,Alysha Clark,DAL,LAS,A,2.0,0.0,0.0,0.0,0.0,0.0,0.0,0.0,0.0,0.0,0.0,0.0,0.0,0.0,,alysha clark,0,last_good_canonical,401856964.0,924.0,F,0.0,1.0,espn,alysha clark,no_projection_for_player_team_date
2026-06-10,2026,Alysha Clark,DAL,MIN,A,14.0,0.0,1.0,0.0,0.0,1.0,0.0,1.0,5.0,0.0,0.0,0.0,0.0,1.0,,alysha clark,0,last_good_canonical,401856976.0,924.0,F,0.0,1.0,espn,alysha clark,no_projection_for_player_team_date
2026-06-12,2026,Alysha Clark,DAL,PHX,H,5.0,0.0,0.0,1.0,0.0,0.0,0.0,0.0,1.0,0.0,0.0,0.0,0.0,0.0,,alysha clark,1,last_good_canonical,401856982.0,924.0,F,0.0,1.0,espn,alysha clark,no_projection_for_player_team_date
2026-06-14,2026,Alysha Clark,DAL,POR,A,16.0,1.0,1.0,2.0,0.0,0.0,0.0,1.0,1.0,0.0,2.0,1.0,1.0,0.0,,alysha clark,0,last_good_canonical,401856988.0,924.0,F,0.0,1.0,espn,alysha clark,no_projection_for_player_team_date
2026-06-16,2026,Alysha Clark,DAL,LVA,H,5.0,0.0,1.0,0.0,0.0,0.0,0.0,0.0,2.0,0.0,0.0,0.0,0.0,1.0,,alysha clark,1,last_good_canonical,401856992.0,924.0,F,0.0,1.0,espn,alysha clark,no_projection_for_player_team_date
2026-06-18,2026,Alysha Clark,DAL,GSV,A,0.0,0.0,0.0,0.0,0.0,0.0,0.0,0.0,0.0,0.0,0.0,0.0,0.0,0.0,,alysha clark,0,last_good_canonical,401856998.0,924.0,F,0.0,0.0,espn,alysha clark,no_projection_for_player_team_date
2026-06-23,2026,Alysha Clark,DAL,SEA,A,0.0,0.0,0.0,0.0,0.0,0.0,0.0,0.0,0.0,0.0,0.0,0.0,0.0,0.0,,alysha clark,0,last_good_canonical,401857015.0,924.0,F,0.0,0.0,espn,alysha clark,no_projection_for_player_team_date
2026-06-26,2026,Alysha Clark,DAL,LVA,A,8.0,0.0,1.0,0.0,0.0,0.0,0.0,1.0,1.0,0.0,0.0,0.0,0.0,1.0,,alysha clark,0,last_good_canonical,401857022.0,924.0,F,0.0,1.0,espn,alysha clark,no_projection_for_player_team_date
2026-05-13,2026,Alyssa Thomas,PHX,MIN,H,34.0,10.0,4.0,8.0,0.0,2.0,0.0,4.0,10.0,2.0,13.0,6.0,0.0,4.0,,alyssa thomas,1,last_good_canonical,401856902.0,2529140.0,F,1.0,1.0,espn,alyssa thomas,no_projection_for_player_team_date
2026-05-20,2026,Alyssa Thomas,PHX,TOR,H,35.0,17.0,6.0,8.0,0.0,3.0,0.0,2.0,7.0,6.0,6.0,5.0,3.0,3.0,,alyssa thomas,1,last_good_canonical,401856920.0,2529140.0,F,1.0,1.0,espn,alyssa thomas,no_projection_for_player_team_date
2026-05-22,2026,Alyssa Thomas,PHX,LAS,H,35.0,23.0,7.0,7.0,0.0,2.0,0.0,3.0,13.0,7.0,11.0,9.0,2.0,5.0,,alyssa thomas,1,last_good_canonical,401856926.0,2529140.0,F,1.0,1.0,espn,alyssa thomas,no_projection_for_player_team_date
2026-06-02,2026,Alyssa Thomas,PHX,MIN,H,25.0,6.0,3.0,5.0,0.0,0.0,0.0,3.0,6.0,1.0,4.0,4.0,2.0,1.0,,alyssa thomas,1,last_good_canonical,401856954.0,2529140.0,F,1.0,1.0,espn,alyssa thomas,no_projection_for_player_team_date
2026-06-04,2026,Alyssa Thomas,PHX,SEA,A,34.0,9.0,9.0,5.0,0.0,2.0,0.0,4.0,9.0,4.0,3.0,1.0,1.0,8.0,,alyssa thomas,0,last_good_canonical,401856960.0,2529140.0,F,1.0,1.0,espn,alyssa thomas,no_projection_for_player_team_date
2026-06-06,2026,Alyssa Thomas,PHX,POR,A,0.0,0.0,0.0,0.0,0.0,0.0,0.0,0.0,0.0,0.0,0.0,0.0,0.0,0.0,,alyssa thomas,0,last_good_canonical,401856965.0,2529140.0,F,0.0,0.0,espn,alyssa thomas,no_projection_for_player_team_date
2026-06-10,2026,Alyssa Thomas,PHX,GSV,A,32.0,22.0,8.0,9.0,0.0,1.0,0.0,4.0,14.0,9.0,7.0,4.0,4.0,4.0,,alyssa thomas,0,last_good_canonical,401856977.0,2529140.0,F,1.0,1.0,espn,alyssa thomas,no_projection_for_player_team_date
2026-06-12,2026,Alyssa Thomas,PHX,DAL,A,32.0,6.0,9.0,10.0,0.0,2.0,0.0,6.0,8.0,3.0,2.0,0.0,1.0,8.0,,alyssa thomas,0,last_good_canonical,401856982.0,2529140.0,F,1.0,1.0,espn,alyssa thomas,no_projection_for_player_team_date
2026-06-14,2026,Alyssa Thomas,PHX,LAS,H,41.0,10.0,7.0,12.0,0.0,0.0,1.0,2.0,10.0,4.0,3.0,2.0,3.0,4.0,,alyssa thomas,1,last_good_canonical,401856989.0,2529140.0,F,1.0,1.0,espn,alyssa thomas,no_projection_for_player_team_date
2026-06-18,2026,Alyssa Thomas,PHX,LVA,H,35.0,10.0,5.0,11.0,0.0,0.0,0.0,6.0,10.0,4.0,2.0,2.0,1.0,4.0,,alyssa thomas,1,last_good_canonical,401857000.0,2529140.0,F,1.0,1.0,espn,alyssa thomas,no_projection_for_player_team_date
2026-06-23,2026,Alyssa Thomas,PHX,IND,A,34.0,19.0,5.0,9.0,0.0,1.0,1.0,3.0,12.0,8.0,5.0,3.0,0.0,5.0,,alyssa thomas,0,last_good_canonical,401857014.0,2529140.0,F,1.0,1.0,espn,alyssa thomas,no_projection_for_player_team_date
2026-06-28,2026,Amy Okonkwo,ATL,SEA,A,1.0,1.0,1.0,0.0,0.0,0.0,0.0,0.0,1.0,0.0,2.0,1.0,0.0,1.0,,amy okonkwo,0,last_good_canonical,401857029.0,3142242.0,F,0.0,1.0,espn,amy okonkwo,no_projection_for_player_team_date
2026-05-10,2026,Anastasiia Olairi Kosu,MIN,ATL,H,6.0,4.0,1.0,0.0,0.0,1.0,1.0,0.0,4.0,2.0,0.0,0.0,1.0,0.0,,anastasiia olairi kosu,1,last_good_canonical,401856899.0,5278237.0,F,0.0,1.0,espn,anastasiia olairi kosu,no_projection_for_player_team_date
2026-05-13,2026,Anastasiia Olairi Kosu,MIN,PHX,A,9.0,2.0,2.0,2.0,0.0,0.0,0.0,0.0,2.0,1.0,0.0,0.0,1.0,1.0,,anastasiia olairi kosu,0,last_good_canonical,401856902.0,5278237.0,F,0.0,1.0,espn,anastasiia olairi kosu,no_projection_for_player_team_date
2026-05-15,2026,Anastasiia Olairi Kosu,MIN,DAL,A,5.0,2.0,0.0,1.0,0.0,0.0,0.0,0.0,2.0,1.0,0.0,0.0,0.0,0.0,,anastasiia olairi kosu,0,last_good_canonical,401856908.0,5278237.0,F,0.0,1.0,espn,anastasiia olairi kosu,no_projection_for_player_team_date
2026-05-17,2026,Anastasiia Olairi Kosu,MIN,CHI,H,6.0,2.0,0.0,0.0,0.0,0.0,0.0,0.0,1.0,1.0,0.0,0.0,0.0,0.0,,anastasiia olairi kosu,1,last_good_canonical,401856914.0,5278237.0,F,0.0,1.0,espn,anastasiia olairi kosu,no_projection_for_player_team_date
2026-05-22,2026,Anastasiia Olairi Kosu,MIN,TOR,H,14.0,5.0,4.0,0.0,0.0,2.0,1.0,2.0,4.0,2.0,2.0,1.0,2.0,2.0,,anastasiia olairi kosu,1,last_good_canonical,401856925.0,5278237.0,F,0.0,1.0,espn,anastasiia olairi kosu,no_projection_for_player_team_date
2026-05-23,2026,Anastasiia Olairi Kosu,MIN,CHI,A,0.0,0.0,0.0,0.0,0.0,0.0,0.0,0.0,0.0,0.0,0.0,0.0,0.0,0.0,,anastasiia olairi kosu,0,last_good_canonical,401856930.0,5278237.0,F,0.0,0.0,espn,anastasiia olairi kosu,no_projection_for_player_team_date
2026-05-28,2026,Anastasiia Olairi Kosu,MIN,ATL,H,7.0,2.0,0.0,1.0,0.0,0.0,0.0,1.0,1.0,1.0,0.0,0.0,0.0,0.0,,anastasiia olairi kosu,1,last_good_canonical,401856940.0,5278237.0,F,0.0,1.0,espn,anastasiia olairi kosu,no_projection_for_player_team_date
2026-05-29,2026,Anastasiia Olairi Kosu,MIN,CHI,A,5.0,2.0,2.0,0.0,0.0,1.0,0.0,0.0,2.0,1.0,0.0,0.0,1.0,1.0,,anastasiia olairi kosu,0,last_good_canonical,401856947.0,5278237.0,F,0.0,1.0,espn,anastasiia olairi kosu,no_projection_for_player_team_date
2026-06-02,2026,Anastasiia Olairi Kosu,MIN,PHX,A,18.0,12.0,6.0,0.0,0.0,1.0,3.0,0.0,6.0,4.0,4.0,4.0,4.0,2.0,,anastasiia olairi kosu,0,last_good_canonical,401856954.0,5278237.0,F,0.0,1.0,espn,anastasiia olairi kosu,no_projection_for_player_team_date
2026-06-04,2026,Anastasiia Olairi Kosu,MIN,GSV,H,13.0,8.0,4.0,0.0,0.0,0.0,0.0,0.0,4.0,2.0,4.0,4.0,1.0,3.0,-4.0,anastasiia olairi kosu,1,last_good_canonical,,,,,,,anastasiia olairi kosu,no_projection_for_player_team_date
2026-06-06,2026,Anastasiia Olairi Kosu,MIN,SEA,H,17.0,4.0,1.0,1.0,0.0,2.0,0.0,0.0,4.0,2.0,0.0,0.0,0.0,1.0,3.0,anastasiia olairi kosu,1,last_good_canonical,,,,,,,anastasiia olairi kosu,no_projection_for_player_team_date
2026-06-10,2026,Anastasiia Olairi Kosu,MIN,DAL,H,20.0,6.0,5.0,2.0,0.0,1.0,1.0,2.0,10.0,3.0,0.0,0.0,4.0,1.0,,anastasiia olairi kosu,1,last_good_canonical,401856976.0,5278237.0,F,0.0,1.0,espn,anastasiia olairi kosu,no_projection_for_player_team_date
2026-06-14,2026,Anastasiia Olairi Kosu,MIN,LVA,A,10.0,0.0,2.0,0.0,0.0,0.0,0.0,0.0,2.0,0.0,0.0,0.0,2.0,0.0,,anastasiia olairi kosu,0,last_good_canonical,401856987.0,5278237.0,F,0.0,1.0,espn,anastasiia olairi kosu,no_projection_for_player_team_date
2026-06-16,2026,Anastasiia Olairi Kosu,MIN,POR,H,19.0,11.0,5.0,3.0,1.0,0.0,1.0,2.0,8.0,4.0,2.0,2.0,3.0,2.0,,anastasiia olairi kosu,1,last_good_canonical,401856993.0,5278237.0,F,0.0,1.0,espn,anastasiia olairi kosu,no_projection_for_player_team_date
2026-06-18,2026,Anastasiia Olairi Kosu,MIN,LAS,A,10.0,4.0,2.0,1.0,0.0,0.0,0.0,3.0,2.0,2.0,0.0,0.0,0.0,2.0,,anastasiia olairi kosu,0,last_good_canonical,401856999.0,5278237.0,F,0.0,1.0,espn,anastasiia olairi kosu,no_projection_for_player_team_date
2026-06-20,2026,Anastasiia Olairi Kosu,MIN,GSV,A,19.0,4.0,6.0,0.0,0.0,2.0,2.0,2.0,5.0,1.0,2.0,2.0,3.0,3.0,,anastasiia olairi kosu,0,last_good_canonical,401857005.0,5278237.0,F,0.0,1.0,espn,anastasiia olairi kosu,no_projection_for_player_team_date
2026-05-14,2026,Aneesah Morrow,CON,LVA,H,24.0,16.0,11.0,0.0,1.0,1.0,0.0,0.0,16.0,4.0,10.0,7.0,4.0,7.0,,aneesah morrow,1,last_good_canonical,401856905.0,4684384.0,F,0.0,1.0,espn,aneesah morrow,no_projection_for_player_team_date
2026-05-15,2026,Aneesah Morrow,CON,LVA,H,27.0,10.0,10.0,2.0,0.0,2.0,0.0,2.0,11.0,4.0,2.0,2.0,2.0,8.0,,aneesah morrow,1,last_good_canonical,401856910.0,4684384.0,F,0.0,1.0,espn,aneesah morrow,no_projection_for_player_team_date
2026-05-19,2026,Aneesah Morrow,CON,POR,A,34.0,12.0,12.0,4.0,1.0,1.0,1.0,4.0,10.0,5.0,2.0,1.0,3.0,9.0,,aneesah morrow,0,last_good_canonical,401856919.0,4684384.0,F,0.0,1.0,espn,aneesah morrow,no_projection_for_player_team_date
2026-05-21,2026,Aneesah Morrow,CON,SEA,A,7.0,2.0,3.0,0.0,0.0,0.0,0.0,2.0,1.0,1.0,0.0,0.0,1.0,2.0,,aneesah morrow,0,last_good_canonical,401856923.0,4684384.0,F,1.0,1.0,espn,aneesah morrow,no_projection_for_player_team_date
2026-05-23,2026,Aneesah Morrow,CON,SEA,A,18.0,7.0,6.0,0.0,1.0,0.0,0.0,2.0,5.0,3.0,1.0,0.0,1.0,5.0,,aneesah morrow,0,last_good_canonical,401856929.0,4684384.0,F,0.0,1.0,espn,aneesah morrow,no_projection_for_player_team_date
2026-05-28,2026,Aneesah Morrow,CON,POR,A,29.0,13.0,13.0,1.0,1.0,1.0,2.0,2.0,19.0,6.0,0.0,0.0,8.0,5.0,,aneesah morrow,0,last_good_canonical,401856941.0,4684384.0,F,1.0,1.0,espn,aneesah morrow,no_projection_for_player_team_date
2026-05-10,2026,Angel Reese,ATL,MIN,A,32.0,11.0,14.0,2.0,0.0,2.0,3.0,5.0,11.0,4.0,6.0,3.0,9.0,5.0,,angel reese,0,last_good_canonical,401856899.0,4433402.0,F,1.0,1.0,espn,angel reese,no_projection_for_player_team_date
2026-05-13,2026,Angel Reese,ATL,DAL,A,34.0,12.0,16.0,2.0,0.0,1.0,1.0,3.0,8.0,4.0,4.0,4.0,8.0,8.0,,angel reese,0,last_good_canonical,401856901.0,4433402.0,F,1.0,1.0,espn,angel reese,no_projection_for_player_team_date
2026-05-28,2026,Angel Reese,ATL,MIN,A,27.0,10.0,8.0,5.0,0.0,1.0,0.0,2.0,8.0,3.0,4.0,4.0,4.0,4.0,,angel reese,0,last_good_canonical,401856940.0,4433402.0,F,1.0,1.0,espn,angel reese,no_projection_for_player_team_date
2026-05-30,2026,Angel Reese,ATL,POR,A,32.0,18.0,12.0,5.0,0.0,0.0,1.0,4.0,14.0,6.0,7.0,6.0,5.0,7.0,,angel reese,0,last_good_canonical,401856948.0,4433402.0,F,1.0,1.0,espn,angel reese,no_projection_for_player_team_date
2026-06-25,2026,Angel Reese,ATL,GSV,A,27.0,10.0,12.0,4.0,0.0,1.0,0.0,1.0,12.0,3.0,9.0,4.0,7.0,5.0,,angel reese,0,last_good_canonical,401857020.0,4433402.0,F,1.0,1.0,espn,angel reese,no_projection_for_player_team_date
2026-06-28,2026,Angel Reese,ATL,SEA,A,32.0,17.0,9.0,0.0,0.0,2.0,0.0,4.0,10.0,4.0,11.0,9.0,1.0,8.0,,angel reese,0,last_good_canonical,401857029.0,4433402.0,F,1.0,1.0,espn,angel reese,no_projection_for_player_team_date
2026-05-08,2026,Angela Dugalic,WAS,TOR,A,12.0,2.0,2.0,0.0,0.0,0.0,0.0,1.0,4.0,1.0,0.0,0.0,0.0,2.0,,angela dugalic,0,last_good_canonical,401856891.0,4433411.0,F,0.0,1.0,espn,angela dugalic,no_projection_for_player_team_date
2026-05-10,2026,Angela Dugalic,WAS,NYL,A,10.0,5.0,2.0,0.0,1.0,1.0,0.0,0.0,4.0,2.0,2.0,0.0,0.0,2.0,,angela dugalic,0,last_good_canonical,401856897.0,4433411.0,F,0.0,1.0,espn,angela dugalic,no_projection_for_player_team_date
2026-05-15,2026,Angela Dugalic,WAS,IND,A,6.0,0.0,3.0,0.0,0.0,0.0,1.0,0.0,0.0,0.0,0.0,0.0,0.0,3.0,,angela dugalic,0,last_good_canonical,401856911.0,4433411.0,F,0.0,1.0,espn,angela dugalic,no_projection_for_player_team_date
2026-05-19,2026,Angela Dugalic,WAS,DAL,A,13.0,2.0,3.0,1.0,0.0,0.0,1.0,0.0,2.0,1.0,0.0,0.0,0.0,3.0,,angela dugalic,0,last_good_canonical,401856918.0,4433411.0,F,0.0,1.0,espn,angela dugalic,no_projection_for_player_team_date
2026-05-24,2026,Angela Dugalic,WAS,SEA,A,12.0,13.0,3.0,1.0,1.0,1.0,0.0,0.0,6.0,5.0,3.0,2.0,1.0,2.0,,angela dugalic,0,last_good_canonical,401856935.0,4433411.0,F,0.0,1.0,espn,angela dugalic,no_projection_for_player_team_date
2026-05-28,2026,Angela Dugalic,WAS,SEA,A,16.0,2.0,3.0,2.0,0.0,1.0,0.0,1.0,6.0,1.0,0.0,0.0,2.0,1.0,,angela dugalic,0,last_good_canonical,401856942.0,4433411.0,F,0.0,1.0,espn,angela dugalic,no_projection_for_player_team_date
2026-05-29,2026,Angela Dugalic,WAS,LAS,A,17.0,6.0,5.0,1.0,0.0,3.0,1.0,1.0,3.0,3.0,0.0,0.0,1.0,4.0,,angela dugalic,0,last_good_canonical,401856946.0,4433411.0,F,0.0,1.0,espn,angela dugalic,no_projection_for_player_team_date
2026-06-02,2026,Angela Dugalic,WAS,CHI,H,13.0,8.0,7.0,1.0,0.0,0.0,0.0,1.0,8.0,3.0,2.0,2.0,3.0,4.0,1.0,angela dugalic,1,last_good_canonical,,,,,,,angela dugalic,no_projection_for_player_team_date
2026-06-06,2026,Angela Dugalic,WAS,ATL,A,14.0,5.0,9.0,1.0,1.0,0.0,0.0,1.0,3.0,2.0,0.0,0.0,1.0,8.0,-9.0,angela dugalic,0,last_good_canonical,,,,,,,angela dugalic,no_projection_for_player_team_date
2026-05-09,2026,Anneli Maley,PHX,LVA,A,6.0,1.0,2.0,0.0,0.0,0.0,0.0,0.0,2.0,0.0,2.0,1.0,0.0,2.0,,anneli maley,0,last_good_canonical,401856894.0,4281930.0,F,0.0,1.0,espn,anneli maley,no_projection_for_player_team_date
2026-05-13,2026,Anneli Maley,PHX,MIN,H,0.0,0.0,0.0,0.0,0.0,0.0,0.0,0.0,0.0,0.0,0.0,0.0,0.0,0.0,,anneli maley,1,last_good_canonical,401856902.0,4281930.0,F,0.0,0.0,espn,anneli maley,no_projection_for_player_team_date
2026-05-24,2026,Anneli Maley,NYL,DAL,A,11.0,0.0,3.0,0.0,0.0,1.0,0.0,0.0,2.0,0.0,0.0,0.0,2.0,1.0,,anneli maley,0,last_good_canonical,401856934.0,4281930.0,F,0.0,1.0,espn,anneli maley,no_projection_for_player_team_date
2026-06-26,2026,Anneli Maley,NYL,SEA,A,0.0,0.0,0.0,0.0,0.0,0.0,0.0,0.0,0.0,0.0,0.0,0.0,0.0,0.0,,anneli maley,0,last_good_canonical,401857023.0,4281930.0,F,0.0,0.0,espn,anneli maley,no_projection_for_player_team_date
2026-05-10,2026,Antonia Delaere,MIN,ATL,H,14.0,2.0,0.0,1.0,0.0,1.0,0.0,1.0,2.0,1.0,0.0,0.0,0.0,0.0,,antonia delaere,1,last_good_canonical,401856899.0,4873358.0,F,0.0,1.0,espn,antonia delaere,no_projection_for_player_team_date
2026-05-13,2026,Antonia Delaere,MIN,PHX,A,19.0,8.0,0.0,1.0,1.0,0.0,0.0,0.0,4.0,3.0,1.0,1.0,0.0,0.0,,antonia delaere,0,last_good_canonical,401856902.0,4873358.0,F,0.0,1.0,espn,antonia delaere,no_projection_for_player_team_date
2026-05-15,2026,Antonia Delaere,MIN,DAL,A,13.0,0.0,1.0,1.0,0.0,0.0,0.0,1.0,0.0,0.0,0.0,0.0,0.0,1.0,,antonia delaere,0,last_good_canonical,401856908.0,4873358.0,F,0.0,1.0,espn,antonia delaere,no_projection_for_player_team_date
2026-05-17,2026,Antonia Delaere,MIN,CHI,H,6.0,0.0,0.0,1.0,0.0,0.0,0.0,0.0,0.0,0.0,0.0,0.0,0.0,0.0,,antonia delaere,1,last_good_canonical,401856914.0,4873358.0,F,0.0,1.0,espn,antonia delaere,no_projection_for_player_team_date
2026-05-22,2026,Antonia Delaere,MIN,TOR,H,18.0,3.0,1.0,4.0,1.0,0.0,0.0,1.0,3.0,1.0,0.0,0.0,1.0,0.0,,antonia delaere,1,last_good_canonical,401856925.0,4873358.0,F,0.0,1.0,espn,antonia delaere,no_projection_for_player_team_date
2026-05-23,2026,Antonia Delaere,MIN,CHI,A,11.0,3.0,1.0,0.0,1.0,0.0,0.0,0.0,3.0,1.0,0.0,0.0,0.0,1.0,,antonia delaere,0,last_good_canonical,401856930.0,4873358.0,F,0.0,1.0,espn,antonia delaere,no_projection_for_player_team_date
2026-05-28,2026,Antonia Delaere,MIN,ATL,H,6.0,0.0,0.0,0.0,0.0,1.0,0.0,0.0,1.0,0.0,0.0,0.0,0.0,0.0,,antonia delaere,1,last_good_canonical,401856940.0,4873358.0,F,0.0,1.0,espn,antonia delaere,no_projection_for_player_team_date
2026-05-29,2026,Antonia Delaere,MIN,CHI,A,11.0,0.0,0.0,1.0,0.0,0.0,0.0,0.0,1.0,0.0,0.0,0.0,0.0,0.0,,antonia delaere,0,last_good_canonical,401856947.0,4873358.0,F,0.0,1.0,espn,antonia delaere,no_projection_for_player_team_date
2026-06-02,2026,Antonia Delaere,MIN,PHX,A,24.0,13.0,2.0,6.0,3.0,0.0,0.0,0.0,6.0,4.0,2.0,2.0,0.0,2.0,,antonia delaere,0,last_good_canonical,401856954.0,4873358.0,F,0.0,1.0,espn,antonia delaere,no_projection_for_player_team_date
2026-06-04,2026,Antonia Delaere,MIN,GSV,H,13.0,0.0,0.0,0.0,0.0,0.0,0.0,1.0,1.0,0.0,0.0,0.0,0.0,0.0,-7.0,antonia delaere,1,last_good_canonical,,,,,,,antonia delaere,no_projection_for_player_team_date
2026-06-06,2026,Antonia Delaere,MIN,SEA,H,14.0,0.0,3.0,2.0,0.0,1.0,0.0,1.0,1.0,0.0,0.0,0.0,1.0,2.0,2.0,antonia delaere,1,last_good_canonical,,,,,,,antonia delaere,no_projection_for_player_team_date
2026-06-10,2026,Antonia Delaere,MIN,DAL,H,14.0,2.0,1.0,2.0,0.0,1.0,0.0,0.0,2.0,1.0,0.0,0.0,0.0,1.0,,antonia delaere,1,last_good_canonical,401856976.0,4873358.0,F,0.0,1.0,espn,antonia delaere,no_projection_for_player_team_date
2026-06-14,2026,Antonia Delaere,MIN,LVA,A,13.0,3.0,2.0,2.0,1.0,1.0,0.0,1.0,1.0,1.0,0.0,0.0,0.0,2.0,,antonia delaere,0,last_good_canonical,401856987.0,4873358.0,F,0.0,1.0,espn,antonia delaere,no_projection_for_player_team_date
2026-06-16,2026,Antonia Delaere,MIN,POR,H,29.0,6.0,1.0,7.0,2.0,3.0,0.0,0.0,6.0,2.0,0.0,0.0,0.0,1.0,,antonia delaere,1,last_good_canonical,401856993.0,4873358.0,F,0.0,1.0,espn,antonia delaere,no_projection_for_player_team_date
2026-06-18,2026,Antonia Delaere,MIN,LAS,A,15.0,6.0,0.0,1.0,2.0,0.0,0.0,0.0,4.0,2.0,0.0,0.0,0.0,0.0,,antonia delaere,0,last_good_canonical,401856999.0,4873358.0,F,0.0,1.0,espn,antonia delaere,no_projection_for_player_team_date
2026-06-20,2026,Antonia Delaere,MIN,GSV,A,7.0,0.0,0.0,0.0,0.0,1.0,0.0,0.0,0.0,0.0,0.0,0.0,0.0,0.0,,antonia delaere,0,last_good_canonical,401857005.0,4873358.0,F,0.0,1.0,espn,antonia delaere,no_projection_for_player_team_date
2026-05-14,2026,Ariel Atkins,LAS,IND,A,16.0,2.0,2.0,2.0,0.0,1.0,0.0,2.0,4.0,0.0,2.0,2.0,1.0,1.0,,ariel atkins,0,last_good_canonical,401856907.0,3146151.0,G,1.0,1.0,espn,ariel atkins,no_projection_for_player_team_date
2026-05-22,2026,Ariel Atkins,LAS,PHX,A,24.0,11.0,1.0,2.0,3.0,3.0,1.0,2.0,8.0,4.0,1.0,0.0,0.0,1.0,,ariel atkins,0,last_good_canonical,401856926.0,3146151.0,G,1.0,1.0,espn,ariel atkins,no_projection_for_player_team_date
2026-05-24,2026,Ariel Atkins,LAS,LVA,A,30.0,11.0,3.0,3.0,1.0,1.0,0.0,2.0,12.0,5.0,0.0,0.0,0.0,3.0,,ariel atkins,0,last_good_canonical,401856932.0,3146151.0,G,1.0,1.0,espn,ariel atkins,no_projection_for_player_team_date
2026-05-30,2026,Ariel Atkins,LAS,CON,A,32.0,16.0,4.0,1.0,2.0,4.0,3.0,3.0,9.0,3.0,8.0,8.0,1.0,3.0,,ariel atkins,0,last_good_canonical,401856950.0,3146151.0,G,1.0,1.0,espn,ariel atkins,no_projection_for_player_team_date
2026-06-03,2026,Ariel Atkins,LAS,LVA,A,29.0,9.0,7.0,2.0,1.0,2.0,0.0,1.0,13.0,2.0,4.0,4.0,0.0,7.0,,ariel atkins,0,last_good_canonical,401856958.0,3146151.0,G,1.0,1.0,espn,ariel atkins,no_projection_for_player_team_date
2026-06-06,2026,Ariel Atkins,LAS,DAL,A,28.0,16.0,5.0,3.0,4.0,1.0,0.0,2.0,12.0,6.0,0.0,0.0,2.0,3.0,,ariel atkins,0,last_good_canonical,401856964.0,3146151.0,G,1.0,1.0,espn,ariel atkins,no_projection_for_player_team_date
2026-06-11,2026,Ariel Atkins,LAS,SEA,A,25.0,7.0,6.0,3.0,1.0,4.0,0.0,0.0,8.0,2.0,2.0,2.0,1.0,5.0,,ariel atkins,0,last_good_canonical,401856979.0,3146151.0,G,1.0,1.0,espn,ariel atkins,no_projection_for_player_team_date
2026-06-14,2026,Ariel Atkins,LAS,PHX,A,31.0,6.0,1.0,3.0,1.0,1.0,0.0,1.0,7.0,2.0,1.0,1.0,0.0,1.0,,ariel atkins,0,last_good_canonical,401856989.0,3146151.0,G,1.0,1.0,espn,ariel atkins,no_projection_for_player_team_date
2026-06-16,2026,Ariel Atkins,LAS,GSV,A,21.0,6.0,0.0,2.0,0.0,1.0,0.0,1.0,11.0,3.0,0.0,0.0,0.0,0.0,,ariel atkins,0,last_good_canonical,401856994.0,3146151.0,G,1.0,1.0,espn,ariel atkins,no_projection_for_player_team_date
2026-06-18,2026,Ariel Atkins,LAS,MIN,A,30.0,4.0,1.0,3.0,0.0,2.0,0.0,3.0,7.0,1.0,2.0,2.0,0.0,1.0,,ariel atkins,0,last_good_canonical,401856999.0,3146151.0,G,1.0,1.0,espn,ariel atkins,no_projection_for_player_team_date
2026-06-22,2026,Ariel Atkins,LAS,NYL,A,26.0,10.0,2.0,4.0,2.0,0.0,2.0,1.0,8.0,4.0,0.0,0.0,0.0,2.0,,ariel atkins,0,last_good_canonical,401857011.0,3146151.0,G,1.0,1.0,espn,ariel atkins,no_projection_for_player_team_date
2026-06-28,2026,Ariel Atkins,LAS,IND,A,22.0,12.0,3.0,3.0,2.0,1.0,0.0,0.0,8.0,5.0,0.0,0.0,1.0,2.0,,ariel atkins,0,last_good_canonical,401857028.0,3146151.0,G,1.0,1.0,espn,ariel atkins,no_projection_for_player_team_date
2026-05-13,2026,Arike Ogunbowale,DAL,ATL,H,36.0,20.0,4.0,1.0,0.0,1.0,0.0,2.0,15.0,7.0,7.0,6.0,0.0,4.0,,arike ogunbowale,1,last_good_canonical,401856901.0,3904577.0,G,1.0,1.0,espn,arike ogunbowale,no_projection_for_player_team_date
2026-05-15,2026,Arike Ogunbowale,DAL,MIN,H,30.0,6.0,4.0,1.0,1.0,0.0,0.0,1.0,11.0,2.0,1.0,1.0,3.0,1.0,,arike ogunbowale,1,last_good_canonical,401856908.0,3904577.0,G,1.0,1.0,espn,arike ogunbowale,no_projection_for_player_team_date
2026-05-19,2026,Arike Ogunbowale,DAL,WAS,H,33.0,16.0,0.0,3.0,2.0,3.0,0.0,0.0,10.0,4.0,6.0,6.0,0.0,0.0,,arike ogunbowale,1,last_good_canonical,401856918.0,3904577.0,G,1.0,1.0,espn,arike ogunbowale,no_projection_for_player_team_date
2026-05-21,2026,Arike Ogunbowale,DAL,CHI,A,32.0,23.0,2.0,5.0,4.0,0.0,0.0,1.0,16.0,7.0,5.0,5.0,0.0,2.0,,arike ogunbowale,0,last_good_canonical,401856922.0,3904577.0,G,1.0,1.0,espn,arike ogunbowale,no_projection_for_player_team_date
2026-05-29,2026,Arike Ogunbowale,DAL,LVA,H,18.0,1.0,0.0,2.0,0.0,0.0,0.0,1.0,4.0,0.0,1.0,1.0,0.0,0.0,,arike ogunbowale,1,last_good_canonical,401856943.0,3904577.0,G,1.0,1.0,espn,arike ogunbowale,no_projection_for_player_team_date
2026-06-02,2026,Arike Ogunbowale,DAL,SEA,H,18.0,9.0,5.0,0.0,0.0,1.0,0.0,1.0,13.0,2.0,6.0,5.0,4.0,1.0,,arike ogunbowale,1,last_good_canonical,401856953.0,3904577.0,G,1.0,1.0,espn,arike ogunbowale,no_projection_for_player_team_date
2026-06-06,2026,Arike Ogunbowale,DAL,LAS,A,34.0,30.0,6.0,6.0,6.0,0.0,0.0,3.0,21.0,10.0,5.0,4.0,3.0,3.0,,arike ogunbowale,0,last_good_canonical,401856964.0,3904577.0,G,1.0,1.0,espn,arike ogunbowale,no_projection_for_player_team_date
2026-06-10,2026,Arike Ogunbowale,DAL,MIN,A,28.0,16.0,3.0,6.0,2.0,3.0,0.0,0.0,8.0,4.0,6.0,6.0,1.0,2.0,,arike ogunbowale,0,last_good_canonical,401856976.0,3904577.0,G,1.0,1.0,espn,arike ogunbowale,no_projection_for_player_team_date
2026-06-12,2026,Arike Ogunbowale,DAL,PHX,H,29.0,2.0,6.0,1.0,0.0,2.0,0.0,4.0,9.0,1.0,0.0,0.0,1.0,5.0,,arike ogunbowale,1,last_good_canonical,401856982.0,3904577.0,G,1.0,1.0,espn,arike ogunbowale,no_projection_for_player_team_date
2026-06-14,2026,Arike Ogunbowale,DAL,POR,A,35.0,22.0,6.0,2.0,2.0,0.0,0.0,2.0,16.0,7.0,8.0,6.0,0.0,6.0,,arike ogunbowale,0,last_good_canonical,401856988.0,3904577.0,G,1.0,1.0,espn,arike ogunbowale,no_projection_for_player_team_date
2026-06-16,2026,Arike Ogunbowale,DAL,LVA,H,30.0,22.0,4.0,7.0,5.0,2.0,0.0,0.0,16.0,6.0,6.0,5.0,1.0,3.0,,arike ogunbowale,1,last_good_canonical,401856992.0,3904577.0,G,1.0,1.0,espn,arike ogunbowale,no_projection_for_player_team_date
2026-06-18,2026,Arike Ogunbowale,DAL,GSV,A,28.0,21.0,2.0,3.0,3.0,1.0,0.0,0.0,11.0,7.0,4.0,4.0,0.0,2.0,,arike ogunbowale,0,last_good_canonical,401856998.0,3904577.0,G,1.0,1.0,espn,arike ogunbowale,no_projection_for_player_team_date
2026-06-21,2026,Arike Ogunbowale,DAL,CHI,H,32.0,12.0,3.0,1.0,3.0,1.0,0.0,1.0,11.0,4.0,2.0,1.0,1.0,2.0,,arike ogunbowale,1,last_good_canonical,401857008.0,3904577.0,G,1.0,1.0,espn,arike ogunbowale,no_projection_for_player_team_date
2026-06-23,2026,Arike Ogunbowale,DAL,SEA,A,20.0,4.0,2.0,4.0,0.0,0.0,0.0,1.0,5.0,1.0,2.0,2.0,0.0,2.0,,arike ogunbowale,0,last_good_canonical,401857015.0,3904577.0,G,1.0,1.0,espn,arike ogunbowale,no_projection_for_player_team_date
2026-06-26,2026,Arike Ogunbowale,DAL,LVA,A,29.0,4.0,1.0,2.0,0.0,0.0,0.0,1.0,10.0,1.0,2.0,2.0,0.0,1.0,,arike ogunbowale,0,last_good_canonical,401857022.0,3904577.0,G,1.0,1.0,espn,arike ogunbowale,no_projection_for_player_team_date
2026-05-08,2026,Ashlon Jackson,CON,NYL,A,0.0,0.0,0.0,0.0,0.0,0.0,0.0,0.0,0.0,0.0,0.0,0.0,0.0,0.0,,ashlon jackson,0,last_good_canonical,401856890.0,5106232.0,G,0.0,0.0,espn,ashlon jackson,no_projection_for_player_team_date
2026-05-10,2026,Ashlon Jackson,CON,SEA,H,0.0,0.0,0.0,0.0,0.0,0.0,0.0,0.0,0.0,0.0,0.0,0.0,0.0,0.0,,ashlon jackson,1,last_good_canonical,401856896.0,5106232.0,G,0.0,0.0,espn,ashlon jackson,no_projection_for_player_team_date
2026-05-14,2026,Ashlon Jackson,CON,LVA,H,0.0,0.0,0.0,0.0,0.0,0.0,0.0,0.0,0.0,0.0,0.0,0.0,0.0,0.0,,ashlon jackson,1,last_good_canonical,401856905.0,5106232.0,G,0.0,0.0,espn,ashlon jackson,no_projection_for_player_team_date
2026-05-19,2026,Ashlon Jackson,CON,POR,A,0.0,0.0,0.0,0.0,0.0,0.0,0.0,0.0,0.0,0.0,0.0,0.0,0.0,0.0,,ashlon jackson,0,last_good_canonical,401856919.0,5106232.0,G,0.0,0.0,espn,ashlon jackson,no_projection_for_player_team_date
2026-05-21,2026,Ashlon Jackson,CON,SEA,A,15.0,4.0,1.0,1.0,0.0,2.0,0.0,0.0,3.0,2.0,0.0,0.0,0.0,1.0,,ashlon jackson,0,last_good_canonical,401856923.0,5106232.0,G,0.0,1.0,espn,ashlon jackson,no_projection_for_player_team_date
2026-05-23,2026,Ashlon Jackson,CON,SEA,A,9.0,0.0,1.0,0.0,0.0,0.0,0.0,0.0,1.0,0.0,0.0,0.0,0.0,1.0,,ashlon jackson,0,last_good_canonical,401856929.0,5106232.0,G,0.0,1.0,espn,ashlon jackson,no_projection_for_player_team_date
2026-05-28,2026,Ashlon Jackson,CON,POR,A,17.0,0.0,2.0,3.0,0.0,3.0,0.0,3.0,2.0,0.0,0.0,0.0,0.0,2.0,,ashlon jackson,0,last_good_canonical,401856941.0,5106232.0,G,0.0,1.0,espn,ashlon jackson,no_projection_for_player_team_date
2026-05-14,2026,Ashten Prechtel,GSV,CHI,A,0.0,0.0,0.0,0.0,0.0,0.0,0.0,0.0,0.0,0.0,0.0,0.0,0.0,0.0,,ashten prechtel,0,last_good_canonical,401856906.0,4433634.0,F,0.0,0.0,espn,ashten prechtel,no_projection_for_player_team_date
2026-05-22,2026,Ashten Prechtel,GSV,NYL,A,0.0,0.0,0.0,0.0,0.0,0.0,0.0,0.0,0.0,0.0,0.0,0.0,0.0,0.0,,ashten prechtel,0,last_good_canonical,401856924.0,4433634.0,F,0.0,0.0,espn,ashten prechtel,no_projection_for_player_team_date
2026-05-29,2026,Ashten Prechtel,GSV,IND,A,0.0,0.0,0.0,0.0,0.0,0.0,0.0,0.0,0.0,0.0,0.0,0.0,0.0,0.0,,ashten prechtel,0,last_good_canonical,401856944.0,4433634.0,F,0.0,0.0,espn,ashten prechtel,no_projection_for_player_team_date
2026-05-08,2026,Aubrey Griffin,NYL,CON,A,5.0,2.0,0.0,0.0,0.0,0.0,0.0,1.0,1.0,1.0,0.0,0.0,0.0,0.0,,aubrey griffin,0,last_good_canonical,401856890.0,4432844.0,F,0.0,1.0,espn,aubrey griffin,no_projection_for_player_team_date
2026-05-10,2026,Aubrey Griffin,NYL,WAS,A,0.0,0.0,0.0,0.0,0.0,0.0,0.0,0.0,0.0,0.0,0.0,0.0,0.0,0.0,,aubrey griffin,0,last_good_canonical,401856897.0,4432844.0,F,0.0,1.0,espn,aubrey griffin,no_projection_for_player_team_date
2026-05-13,2026,Aubrey Griffin,NYL,POR,A,0.0,0.0,0.0,0.0,0.0,0.0,0.0,0.0,0.0,0.0,0.0,0.0,0.0,0.0,,aubrey griffin,0,last_good_canonical,401856903.0,4432844.0,F,0.0,1.0,espn,aubrey griffin,no_projection_for_player_team_date
2026-05-15,2026,Aubrey Griffin,NYL,POR,A,2.0,0.0,1.0,0.0,0.0,0.0,0.0,0.0,0.0,0.0,0.0,0.0,0.0,1.0,,aubrey griffin,0,last_good_canonical,401856909.0,4432844.0,F,0.0,1.0,espn,aubrey griffin,no_projection_for_player_team_date
2026-05-13,2026,Awa Fam,SEA,TOR,A,0.0,0.0,0.0,0.0,0.0,0.0,0.0,0.0,0.0,0.0,0.0,0.0,0.0,0.0,,awa fam,0,last_good_canonical,401856904.0,5345325.0,C,0.0,0.0,espn,awa fam,no_projection_for_player_team_date
2026-05-23,2026,Awa Fam,SEA,CON,H,0.0,0.0,0.0,0.0,0.0,0.0,0.0,0.0,0.0,0.0,0.0,0.0,0.0,0.0,,awa fam,1,last_good_canonical,401856929.0,5345325.0,C,0.0,0.0,espn,awa fam,no_projection_for_player_team_date
2026-05-24,2026,Awa Fam,SEA,WAS,H,20.0,10.0,2.0,0.0,0.0,1.0,0.0,2.0,7.0,4.0,2.0,2.0,0.0,2.0,,awa fam,1,last_good_canonical,401856935.0,5345325.0,C,0.0,1.0,espn,awa fam,no_projection_for_player_team_date
2026-05-28,2026,Awa Fam,SEA,WAS,H,17.0,6.0,5.0,0.0,0.0,0.0,0.0,1.0,5.0,2.0,4.0,2.0,4.0,1.0,,awa fam,1,last_good_canonical,401856942.0,5345325.0,C,0.0,1.0,espn,awa fam,no_projection_for_player_team_date
2026-05-30,2026,Awa Fam,SEA,TOR,A,24.0,7.0,5.0,0.0,0.0,0.0,1.0,2.0,10.0,3.0,1.0,1.0,1.0,4.0,,awa fam,0,last_good_canonical,401856949.0,5345325.0,C,0.0,1.0,espn,awa fam,no_projection_for_player_team_date
2026-06-02,2026,Awa Fam,SEA,DAL,A,31.0,8.0,7.0,1.0,0.0,4.0,0.0,2.0,10.0,4.0,0.0,0.0,3.0,4.0,,awa fam,0,last_good_canonical,401856953.0,5345325.0,C,0.0,1.0,espn,awa fam,no_projection_for_player_team_date
2026-06-03,2026,Awa Fam,SEA,PHX,H,33.0,18.0,6.0,2.0,0.0,1.0,2.0,2.0,17.0,9.0,0.0,0.0,1.0,5.0,-1.0,awa fam,1,last_good_canonical,,,,,,,awa fam,no_projection_for_player_team_date
2026-06-04,2026,Awa Fam,SEA,PHX,H,33.0,18.0,6.0,2.0,0.0,1.0,2.0,2.0,17.0,9.0,0.0,0.0,1.0,5.0,,awa fam,1,last_good_canonical,401856960.0,5345325.0,C,1.0,1.0,espn,awa fam,no_projection_for_player_team_date
2026-06-06,2026,Awa Fam,SEA,MIN,A,30.0,5.0,4.0,4.0,1.0,0.0,0.0,4.0,6.0,2.0,0.0,0.0,2.0,2.0,-15.0,awa fam,0,last_good_canonical,,,,,,,awa fam,no_projection_for_player_team_date
2026-06-09,2026,Awa Fam,SEA,LVA,A,29.0,16.0,3.0,1.0,1.0,0.0,0.0,3.0,11.0,7.0,1.0,1.0,1.0,2.0,,awa fam,0,last_good_canonical,401856974.0,5345325.0,C,1.0,1.0,espn,awa fam,no_projection_for_player_team_date
2026-06-11,2026,Awa Fam,SEA,LAS,H,30.0,12.0,6.0,4.0,2.0,0.0,2.0,3.0,6.0,4.0,2.0,2.0,1.0,5.0,,awa fam,1,last_good_canonical,401856979.0,5345325.0,C,1.0,1.0,espn,awa fam,no_projection_for_player_team_date
2026-06-13,2026,Awa Fam,SEA,GSV,H,35.0,8.0,6.0,1.0,2.0,0.0,1.0,1.0,9.0,3.0,2.0,0.0,1.0,5.0,,awa fam,1,last_good_canonical,401856985.0,5345325.0,C,1.0,1.0,espn,awa fam,no_projection_for_player_team_date
2026-06-18,2026,Awa Fam,SEA,POR,A,29.0,18.0,5.0,1.0,3.0,0.0,0.0,1.0,10.0,6.0,3.0,3.0,3.0,2.0,,awa fam,0,last_good_canonical,401857001.0,5345325.0,C,1.0,1.0,espn,awa fam,no_projection_for_player_team_date
2026-06-23,2026,Awa Fam,SEA,DAL,H,39.0,18.0,6.0,4.0,4.0,0.0,3.0,2.0,8.0,6.0,2.0,2.0,1.0,5.0,,awa fam,1,last_good_canonical,401857015.0,5345325.0,C,1.0,1.0,espn,awa fam,no_projection_for_player_team_date
2026-06-26,2026,Awa Fam,SEA,NYL,H,33.0,15.0,6.0,2.0,2.0,0.0,1.0,3.0,9.0,6.0,1.0,1.0,1.0,5.0,,awa fam,1,last_good_canonical,401857023.0,5345325.0,C,1.0,1.0,espn,awa fam,no_projection_for_player_team_date
2026-06-28,2026,Awa Fam,SEA,ATL,H,28.0,21.0,1.0,1.0,5.0,0.0,1.0,4.0,9.0,8.0,0.0,0.0,1.0,0.0,,awa fam,1,last_good_canonical,401857029.0,5345325.0,C,1.0,1.0,espn,awa fam,no_projection_for_player_team_date
2026-05-09,2026,Awak Kuier,DAL,IND,A,2.0,0.0,1.0,1.0,0.0,1.0,0.0,0.0,0.0,0.0,0.0,0.0,0.0,1.0,,awak kuier,0,last_good_canonical,401856893.0,4790266.0,F,0.0,1.0,espn,awak kuier,no_projection_for_player_team_date
2026-05-13,2026,Awak Kuier,DAL,ATL,H,15.0,6.0,4.0,1.0,1.0,0.0,1.0,0.0,4.0,2.0,2.0,1.0,1.0,3.0,,awak kuier,1,last_good_canonical,401856901.0,4790266.0,F,0.0,1.0,espn,awak kuier,no_projection_for_player_team_date
2026-05-15,2026,Awak Kuier,DAL,MIN,H,6.0,0.0,1.0,0.0,0.0,0.0,0.0,1.0,0.0,0.0,0.0,0.0,1.0,0.0,,awak kuier,1,last_good_canonical,401856908.0,4790266.0,F,0.0,1.0,espn,awak kuier,no_projection_for_player_team_date
2026-05-19,2026,Awak Kuier,DAL,WAS,H,20.0,9.0,3.0,4.0,0.0,3.0,1.0,0.0,6.0,4.0,1.0,1.0,1.0,2.0,,awak kuier,1,last_good_canonical,401856918.0,4790266.0,F,0.0,1.0,espn,awak kuier,no_projection_for_player_team_date
2026-05-21,2026,Awak Kuier,DAL,CHI,A,5.0,0.0,1.0,0.0,0.0,0.0,0.0,0.0,2.0,0.0,0.0,0.0,0.0,1.0,,awak kuier,0,last_good_canonical,401856922.0,4790266.0,F,0.0,1.0,espn,awak kuier,no_projection_for_player_team_date
2026-05-22,2026,Awak Kuier,DAL,ATL,A,17.0,16.0,4.0,0.0,2.0,1.0,1.0,3.0,6.0,6.0,5.0,2.0,0.0,4.0,,awak kuier,0,last_good_canonical,401856927.0,4790266.0,F,0.0,1.0,espn,awak kuier,no_projection_for_player_team_date
2026-05-24,2026,Awak Kuier,DAL,NYL,A,24.0,10.0,6.0,1.0,2.0,0.0,2.0,1.0,3.0,2.0,4.0,4.0,1.0,5.0,,awak kuier,0,last_good_canonical,401856934.0,4790266.0,F,0.0,1.0,espn,awak kuier,no_projection_for_player_team_date
2026-05-29,2026,Awak Kuier,DAL,LVA,H,21.0,12.0,4.0,0.0,2.0,0.0,2.0,1.0,5.0,3.0,4.0,4.0,0.0,4.0,,awak kuier,1,last_good_canonical,401856943.0,4790266.0,F,0.0,1.0,espn,awak kuier,no_projection_for_player_team_date
2026-06-10,2026,Awak Kuier,DAL,MIN,A,0.0,0.0,0.0,0.0,0.0,0.0,0.0,0.0,0.0,0.0,0.0,0.0,0.0,0.0,,awak kuier,0,last_good_canonical,401856976.0,4790266.0,F,0.0,0.0,espn,awak kuier,no_projection_for_player_team_date
2026-06-12,2026,Awak Kuier,DAL,PHX,H,15.0,4.0,3.0,1.0,0.0,0.0,1.0,2.0,3.0,2.0,0.0,0.0,0.0,3.0,,awak kuier,1,last_good_canonical,401856982.0,4790266.0,F,0.0,1.0,espn,awak kuier,no_projection_for_player_team_date
2026-06-14,2026,Awak Kuier,DAL,POR,A,24.0,3.0,5.0,3.0,0.0,2.0,2.0,1.0,5.0,1.0,2.0,1.0,4.0,1.0,,awak kuier,0,last_good_canonical,401856988.0,4790266.0,F,0.0,1.0,espn,awak kuier,no_projection_for_player_team_date
2026-06-16,2026,Awak Kuier,DAL,LVA,H,27.0,7.0,4.0,0.0,1.0,2.0,2.0,3.0,9.0,3.0,0.0,0.0,2.0,2.0,,awak kuier,1,last_good_canonical,401856992.0,4790266.0,F,1.0,1.0,espn,awak kuier,no_projection_for_player_team_date
2026-06-18,2026,Awak Kuier,DAL,GSV,A,24.0,3.0,2.0,1.0,0.0,1.0,0.0,3.0,3.0,1.0,2.0,1.0,0.0,2.0,,awak kuier,0,last_good_canonical,401856998.0,4790266.0,F,1.0,1.0,espn,awak kuier,no_projection_for_player_team_date
2026-06-21,2026,Awak Kuier,DAL,CHI,H,14.0,3.0,0.0,0.0,1.0,0.0,1.0,1.0,4.0,1.0,0.0,0.0,0.0,0.0,,awak kuier,1,last_good_canonical,401857008.0,4790266.0,F,1.0,1.0,espn,awak kuier,no_projection_for_player_team_date
2026-06-23,2026,Awak Kuier,DAL,SEA,A,22.0,6.0,4.0,0.0,0.0,0.0,2.0,2.0,8.0,3.0,0.0,0.0,0.0,4.0,,awak kuier,0,last_good_canonical,401857015.0,4790266.0,F,1.0,1.0,espn,awak kuier,no_projection_for_player_team_date
2026-06-26,2026,Awak Kuier,DAL,LVA,A,21.0,8.0,2.0,1.0,0.0,0.0,0.0,1.0,7.0,4.0,0.0,0.0,1.0,1.0,,awak kuier,0,last_good_canonical,401857022.0,4790266.0,F,1.0,1.0,espn,awak kuier,no_projection_for_player_team_date
2026-05-09,2026,Aziaha James,DAL,IND,A,16.0,10.0,2.0,2.0,3.0,0.0,1.0,2.0,5.0,3.0,1.0,1.0,0.0,2.0,,aziaha james,0,last_good_canonical,401856893.0,4433807.0,G,0.0,1.0,espn,aziaha james,no_projection_for_player_team_date
2026-05-13,2026,Aziaha James,DAL,ATL,H,15.0,6.0,2.0,0.0,0.0,2.0,1.0,0.0,10.0,2.0,2.0,2.0,1.0,1.0,,aziaha james,1,last_good_canonical,401856901.0,4433807.0,G,0.0,1.0,espn,aziaha james,no_projection_for_player_team_date
2026-05-15,2026,Aziaha James,DAL,MIN,H,11.0,4.0,2.0,0.0,0.0,2.0,0.0,1.0,3.0,1.0,2.0,2.0,1.0,1.0,,aziaha james,1,last_good_canonical,401856908.0,4433807.0,G,0.0,1.0,espn,aziaha james,no_projection_for_player_team_date
2026-05-19,2026,Aziaha James,DAL,WAS,H,7.0,8.0,2.0,0.0,1.0,1.0,0.0,0.0,6.0,2.0,3.0,3.0,0.0,2.0,,aziaha james,1,last_good_canonical,401856918.0,4433807.0,G,0.0,1.0,espn,aziaha james,no_projection_for_player_team_date
2026-05-21,2026,Aziaha James,DAL,CHI,A,8.0,4.0,4.0,0.0,0.0,1.0,0.0,1.0,5.0,2.0,0.0,0.0,2.0,2.0,,aziaha james,0,last_good_canonical,401856922.0,4433807.0,G,0.0,1.0,espn,aziaha james,no_projection_for_player_team_date
2026-05-22,2026,Aziaha James,DAL,ATL,A,18.0,6.0,4.0,5.0,1.0,3.0,1.0,1.0,6.0,2.0,2.0,1.0,0.0,4.0,,aziaha james,0,last_good_canonical,401856927.0,4433807.0,G,0.0,1.0,espn,aziaha james,no_projection_for_player_team_date
2026-05-24,2026,Aziaha James,DAL,NYL,A,4.0,2.0,1.0,0.0,0.0,0.0,0.0,0.0,2.0,1.0,0.0,0.0,1.0,0.0,,aziaha james,0,last_good_canonical,401856934.0,4433807.0,G,0.0,1.0,espn,aziaha james,no_projection_for_player_team_date
2026-05-29,2026,Aziaha James,DAL,LVA,H,6.0,2.0,1.0,1.0,0.0,0.0,0.0,0.0,3.0,1.0,0.0,0.0,0.0,1.0,,aziaha james,1,last_good_canonical,401856943.0,4433807.0,G,0.0,1.0,espn,aziaha james,no_projection_for_player_team_date
2026-06-02,2026,Aziaha James,DAL,SEA,H,18.0,18.0,3.0,1.0,1.0,0.0,0.0,0.0,14.0,7.0,4.0,3.0,2.0,1.0,,aziaha james,1,last_good_canonical,401856953.0,4433807.0,G,0.0,1.0,espn,aziaha james,no_projection_for_player_team_date
2026-06-06,2026,Aziaha James,DAL,LAS,A,10.0,3.0,1.0,3.0,0.0,1.0,0.0,0.0,4.0,1.0,3.0,1.0,0.0,1.0,,aziaha james,0,last_good_canonical,401856964.0,4433807.0,G,0.0,1.0,espn,aziaha james,no_projection_for_player_team_date
2026-06-10,2026,Aziaha James,DAL,MIN,A,16.0,9.0,5.0,0.0,1.0,0.0,0.0,0.0,13.0,4.0,0.0,0.0,1.0,4.0,,aziaha james,0,last_good_canonical,401856976.0,4433807.0,G,0.0,1.0,espn,aziaha james,no_projection_for_player_team_date
2026-06-12,2026,Aziaha James,DAL,PHX,H,17.0,7.0,1.0,4.0,0.0,3.0,0.0,1.0,9.0,3.0,1.0,1.0,0.0,1.0,,aziaha james,1,last_good_canonical,401856982.0,4433807.0,G,0.0,1.0,espn,aziaha james,no_projection_for_player_team_date
2026-06-14,2026,Aziaha James,DAL,POR,A,34.0,17.0,6.0,4.0,1.0,2.0,0.0,1.0,18.0,6.0,6.0,4.0,1.0,5.0,,aziaha james,0,last_good_canonical,401856988.0,4433807.0,G,1.0,1.0,espn,aziaha james,no_projection_for_player_team_date
2026-06-16,2026,Aziaha James,DAL,LVA,H,12.0,10.0,4.0,1.0,0.0,2.0,0.0,0.0,5.0,4.0,3.0,2.0,2.0,2.0,,aziaha james,1,last_good_canonical,401856992.0,4433807.0,G,0.0,1.0,espn,aziaha james,no_projection_for_player_team_date
2026-06-18,2026,Aziaha James,DAL,GSV,A,6.0,2.0,2.0,0.0,0.0,2.0,0.0,1.0,3.0,1.0,0.0,0.0,0.0,2.0,,aziaha james,0,last_good_canonical,401856998.0,4433807.0,G,0.0,1.0,espn,aziaha james,no_projection_for_player_team_date
2026-06-21,2026,Aziaha James,DAL,CHI,H,6.0,4.0,3.0,1.0,0.0,0.0,0.0,1.0,3.0,2.0,0.0,0.0,1.0,2.0,,aziaha james,1,last_good_canonical,401857008.0,4433807.0,G,0.0,1.0,espn,aziaha james,no_projection_for_player_team_date
2026-06-23,2026,Aziaha James,DAL,SEA,A,24.0,18.0,6.0,6.0,1.0,2.0,0.0,0.0,11.0,7.0,5.0,3.0,1.0,5.0,,aziaha james,0,last_good_canonical,401857015.0,4433807.0,G,0.0,1.0,espn,aziaha james,no_projection_for_player_team_date
2026-06-26,2026,Aziaha James,DAL,LVA,A,13.0,8.0,1.0,3.0,0.0,1.0,1.0,3.0,5.0,3.0,2.0,2.0,0.0,1.0,,aziaha james,0,last_good_canonical,401857022.0,4433807.0,G,0.0,1.0,espn,aziaha james,no_projection_for_player_team_date
2025-07-05,2025,Azura Stevens,LAS,IND,A,29.0,21.0,12.0,2.0,3.0,0.0,0.0,0.0,14.0,7.0,6.0,4.0,3.0,9.0,,azura stevens,0,last_good_canonical,401736225.0,3142010.0,F,1.0,1.0,espn,azura stevens,no_projection_for_player_team_date
2026-05-17,2026,Azura Stevens,CHI,MIN,A,0.0,0.0,0.0,0.0,0.0,0.0,0.0,0.0,0.0,0.0,0.0,0.0,0.0,0.0,,azura stevens,0,last_good_canonical,401856914.0,3142010.0,F,0.0,0.0,espn,azura stevens,no_projection_for_player_team_date
2026-05-21,2026,Azura Stevens,CHI,DAL,H,0.0,0.0,0.0,0.0,0.0,0.0,0.0,0.0,0.0,0.0,0.0,0.0,0.0,0.0,,azura stevens,1,last_good_canonical,401856922.0,3142010.0,F,0.0,0.0,espn,azura stevens,no_projection_for_player_team_date
2026-05-23,2026,Azura Stevens,CHI,MIN,H,16.0,6.0,3.0,1.0,0.0,1.0,1.0,2.0,10.0,3.0,0.0,0.0,0.0,3.0,,azura stevens,1,last_good_canonical,401856930.0,3142010.0,F,0.0,1.0,espn,azura stevens,no_projection_for_player_team_date
2026-05-28,2026,Azura Stevens,CHI,TOR,H,15.0,10.0,0.0,3.0,1.0,1.0,0.0,0.0,7.0,3.0,3.0,3.0,0.0,0.0,,azura stevens,1,last_good_canonical,401856939.0,3142010.0,F,1.0,1.0,espn,azura stevens,no_projection_for_player_team_date
2026-05-29,2026,Azura Stevens,CHI,MIN,H,18.0,4.0,1.0,2.0,0.0,0.0,0.0,1.0,8.0,2.0,0.0,0.0,1.0,0.0,,azura stevens,1,last_good_canonical,401856947.0,3142010.0,F,1.0,1.0,espn,azura stevens,no_projection_for_player_team_date
2026-06-02,2026,Azura Stevens,CHI,WAS,A,19.0,7.0,5.0,3.0,1.0,1.0,2.0,3.0,7.0,3.0,0.0,0.0,0.0,5.0,-9.0,azura stevens,0,last_good_canonical,,,,,,,azura stevens,no_projection_for_player_team_date
2026-06-18,2026,Azura Stevens,CHI,NYL,H,20.0,6.0,6.0,0.0,0.0,0.0,0.0,4.0,6.0,3.0,0.0,0.0,1.0,5.0,,azura stevens,1,last_good_canonical,401856997.0,3142010.0,F,1.0,1.0,espn,azura stevens,no_projection_for_player_team_date
2026-06-21,2026,Azura Stevens,CHI,DAL,A,28.0,8.0,11.0,4.0,1.0,2.0,0.0,1.0,11.0,3.0,2.0,1.0,4.0,7.0,,azura stevens,0,last_good_canonical,401857008.0,3142010.0,F,1.0,1.0,espn,azura stevens,no_projection_for_player_team_date
2026-06-25,2026,Azura Stevens,CHI,POR,H,27.0,11.0,11.0,5.0,1.0,1.0,0.0,3.0,13.0,3.0,4.0,4.0,6.0,5.0,,azura stevens,1,last_good_canonical,401857019.0,3142010.0,F,1.0,1.0,espn,azura stevens,no_projection_for_player_team_date
2026-05-15,2026,Azzi Fudd,DAL,MIN,H,20.0,8.0,1.0,0.0,0.0,1.0,1.0,2.0,7.0,4.0,0.0,0.0,0.0,1.0,,azzi fudd,1,last_good_canonical,401856908.0,4433790.0,G,0.0,1.0,espn,azzi fudd,no_projection_for_player_team_date
2026-05-19,2026,Azzi Fudd,DAL,WAS,H,24.0,12.0,2.0,3.0,0.0,1.0,0.0,1.0,9.0,6.0,0.0,0.0,1.0,1.0,,azzi fudd,1,last_good_canonical,401856918.0,4433790.0,G,0.0,1.0,espn,azzi fudd,no_projection_for_player_team_date
2026-05-21,2026,Azzi Fudd,DAL,CHI,A,28.0,12.0,0.0,1.0,2.0,0.0,0.0,1.0,6.0,4.0,2.0,2.0,0.0,0.0,,azzi fudd,0,last_good_canonical,401856922.0,4433790.0,G,0.0,1.0,espn,azzi fudd,no_projection_for_player_team_date
2026-05-29,2026,Azzi Fudd,DAL,LVA,H,38.0,22.0,3.0,2.0,3.0,1.0,1.0,0.0,15.0,9.0,2.0,1.0,1.0,2.0,,azzi fudd,1,last_good_canonical,401856943.0,4433790.0,G,1.0,1.0,espn,azzi fudd,no_projection_for_player_team_date
2026-06-02,2026,Azzi Fudd,DAL,SEA,H,24.0,9.0,1.0,0.0,1.0,1.0,1.0,0.0,7.0,4.0,0.0,0.0,0.0,1.0,,azzi fudd,1,last_good_canonical,401856953.0,4433790.0,G,1.0,1.0,espn,azzi fudd,no_projection_for_player_team_date
2026-06-06,2026,Azzi Fudd,DAL,LAS,A,35.0,11.0,1.0,2.0,1.0,2.0,0.0,0.0,10.0,5.0,0.0,0.0,1.0,0.0,,azzi fudd,0,last_good_canonical,401856964.0,4433790.0,G,1.0,1.0,espn,azzi fudd,no_projection_for_player_team_date
2026-06-10,2026,Azzi Fudd,DAL,MIN,A,30.0,6.0,0.0,0.0,2.0,2.0,0.0,2.0,12.0,2.0,0.0,0.0,0.0,0.0,,azzi fudd,0,last_good_canonical,401856976.0,4433790.0,G,1.0,1.0,espn,azzi fudd,no_projection_for_player_team_date
2026-06-12,2026,Azzi Fudd,DAL,PHX,H,34.0,17.0,3.0,4.0,1.0,1.0,3.0,2.0,13.0,7.0,2.0,2.0,0.0,3.0,,azzi fudd,1,last_good_canonical,401856982.0,4433790.0,G,1.0,1.0,espn,azzi fudd,no_projection_for_player_team_date
2026-06-14,2026,Azzi Fudd,DAL,POR,A,32.0,18.0,4.0,3.0,3.0,2.0,2.0,1.0,17.0,7.0,1.0,1.0,1.0,3.0,,azzi fudd,0,last_good_canonical,401856988.0,4433790.0,G,1.0,1.0,espn,azzi fudd,no_projection_for_player_team_date
2026-06-16,2026,Azzi Fudd,DAL,LVA,H,28.0,19.0,0.0,1.0,1.0,0.0,0.0,1.0,9.0,8.0,2.0,2.0,0.0,0.0,,azzi fudd,1,last_good_canonical,401856992.0,4433790.0,G,1.0,1.0,espn,azzi fudd,no_projection_for_player_team_date
2026-06-18,2026,Azzi Fudd,DAL,GSV,A,37.0,10.0,1.0,1.0,2.0,5.0,1.0,1.0,13.0,4.0,2.0,0.0,0.0,1.0,,azzi fudd,0,last_good_canonical,401856998.0,4433790.0,G,1.0,1.0,espn,azzi fudd,no_projection_for_player_team_date
2026-06-21,2026,Azzi Fudd,DAL,CHI,H,34.0,13.0,5.0,2.0,2.0,1.0,4.0,2.0,13.0,5.0,1.0,1.0,1.0,4.0,,azzi fudd,1,last_good_canonical,401857008.0,4433790.0,G,1.0,1.0,espn,azzi fudd,no_projection_for_player_team_date
2026-06-23,2026,Azzi Fudd,DAL,SEA,A,42.0,26.0,3.0,2.0,2.0,4.0,0.0,1.0,17.0,11.0,2.0,2.0,0.0,3.0,,azzi fudd,0,last_good_canonical,401857015.0,4433790.0,G,1.0,1.0,espn,azzi fudd,no_projection_for_player_team_date
2026-06-26,2026,Azzi Fudd,DAL,LVA,A,32.0,7.0,1.0,1.0,1.0,2.0,0.0,1.0,9.0,3.0,0.0,0.0,0.0,1.0,,azzi fudd,0,last_good_canonical,401857022.0,4433790.0,G,1.0,1.0,espn,azzi fudd,no_projection_for_player_team_date
2026-05-13,2026,Betnijah Laney-Hamilton,NYL,POR,A,25.0,10.0,3.0,3.0,2.0,0.0,0.0,4.0,7.0,3.0,2.0,2.0,0.0,3.0,,betnijah laney-hamilton,0,last_good_canonical,401856903.0,2593770.0,G,1.0,1.0,espn,betnijah laney-hamilton,no_projection_for_player_team_date
2026-05-15,2026,Betnijah Laney-Hamilton,NYL,POR,A,17.0,8.0,2.0,2.0,2.0,1.0,0.0,0.0,6.0,3.0,0.0,0.0,0.0,2.0,,betnijah laney-hamilton,0,last_good_canonical,401856909.0,2593770.0,G,1.0,1.0,espn,betnijah laney-hamilton,no_projection_for_player_team_date
2026-05-27,2026,Betnijah Laney-Hamilton,NYL,PHX,A,13.0,7.0,0.0,2.0,1.0,1.0,0.0,0.0,5.0,2.0,2.0,2.0,0.0,0.0,,betnijah laney-hamilton,0,last_good_canonical,401856938.0,2593770.0,G,0.0,1.0,espn,betnijah laney-hamilton,no_projection_for_player_team_date
2026-05-29,2026,Betnijah Laney-Hamilton,NYL,PHX,A,15.0,13.0,3.0,2.0,2.0,2.0,0.0,1.0,6.0,3.0,6.0,5.0,0.0,3.0,,betnijah laney-hamilton,0,last_good_canonical,401856945.0,2593770.0,G,0.0,1.0,espn,betnijah laney-hamilton,no_projection_for_player_team_date
2026-06-03,2026,Betnijah Laney-Hamilton,NYL,TOR,H,17.0,1.0,0.0,3.0,0.0,1.0,0.0,2.0,3.0,0.0,2.0,1.0,0.0,0.0,9.0,betnijah laney-hamilton,1,last_good_canonical,,,,,,,betnijah laney-hamilton,no_projection_for_player_team_date
2026-06-07,2026,Betnijah Laney-Hamilton,NYL,IND,A,12.0,2.0,1.0,0.0,0.0,0.0,0.0,1.0,5.0,1.0,0.0,0.0,0.0,1.0,,betnijah laney-hamilton,0,last_good_canonical,401856969.0,2593770.0,G,0.0,1.0,espn,betnijah laney-hamilton,no_projection_for_player_team_date
2026-06-22,2026,Betnijah Laney-Hamilton,NYL,LAS,A,0.0,0.0,0.0,0.0,0.0,0.0,0.0,0.0,0.0,0.0,0.0,0.0,0.0,0.0,,betnijah laney-hamilton,0,last_good_canonical,401857011.0,2593770.0,G,0.0,0.0,espn,betnijah laney-hamilton,no_projection_for_player_team_date
2026-06-24,2026,Betnijah Laney-Hamilton,NYL,LVA,A,17.0,0.0,3.0,1.0,0.0,0.0,1.0,2.0,3.0,0.0,0.0,0.0,0.0,3.0,,betnijah laney-hamilton,0,last_good_canonical,401857016.0,2593770.0,G,0.0,1.0,espn,betnijah laney-hamilton,no_projection_for_player_team_date
2026-06-26,2026,Betnijah Laney-Hamilton,NYL,SEA,A,21.0,3.0,5.0,0.0,1.0,0.0,0.0,3.0,5.0,1.0,0.0,0.0,0.0,5.0,,betnijah laney-hamilton,0,last_good_canonical,401857023.0,2593770.0,G,1.0,1.0,espn,betnijah laney-hamilton,no_projection_for_player_team_date
2026-05-13,2026,Breanna Stewart,NYL,POR,A,38.0,16.0,10.0,4.0,0.0,2.0,3.0,2.0,12.0,4.0,8.0,8.0,1.0,9.0,,breanna stewart,0,last_good_canonical,401856903.0,2998928.0,F,1.0,1.0,espn,breanna stewart,no_projection_for_player_team_date
2026-05-15,2026,Breanna Stewart,NYL,POR,A,28.0,22.0,7.0,1.0,1.0,0.0,0.0,2.0,14.0,8.0,6.0,5.0,1.0,6.0,,breanna stewart,0,last_good_canonical,401856909.0,2998928.0,F,1.0,1.0,espn,breanna stewart,no_projection_for_player_team_date
2026-05-22,2026,Breanna Stewart,NYL,GSV,A,30.0,18.0,9.0,2.0,0.0,0.0,1.0,1.0,13.0,7.0,6.0,4.0,2.0,7.0,,breanna stewart,0,last_good_canonical,401856924.0,2998928.0,F,1.0,1.0,espn,breanna stewart,no_projection_for_player_team_date
2026-06-07,2026,Breanna Stewart,NYL,IND,A,33.0,30.0,8.0,2.0,0.0,4.0,0.0,2.0,15.0,6.0,21.0,18.0,4.0,4.0,,breanna stewart,0,last_good_canonical,401856969.0,2998928.0,F,1.0,1.0,espn,breanna stewart,no_projection_for_player_team_date
2026-06-18,2026,Breanna Stewart,NYL,CHI,A,35.0,17.0,6.0,3.0,1.0,2.0,1.0,0.0,12.0,7.0,3.0,2.0,1.0,5.0,,breanna stewart,0,last_good_canonical,401856997.0,2998928.0,F,1.0,1.0,espn,breanna stewart,no_projection_for_player_team_date
2026-06-22,2026,Breanna Stewart,NYL,LAS,A,34.0,18.0,10.0,4.0,0.0,2.0,0.0,2.0,17.0,8.0,4.0,2.0,1.0,9.0,,breanna stewart,0,last_good_canonical,401857011.0,2998928.0,F,1.0,1.0,espn,breanna stewart,no_projection_for_player_team_date
2026-06-24,2026,Breanna Stewart,NYL,LVA,A,36.0,20.0,6.0,4.0,2.0,0.0,3.0,4.0,16.0,7.0,6.0,4.0,2.0,4.0,,breanna stewart,0,last_good_canonical,401857016.0,2998928.0,F,1.0,1.0,espn,breanna stewart,no_projection_for_player_team_date
2026-06-26,2026,Breanna Stewart,NYL,SEA,A,0.0,0.0,0.0,0.0,0.0,0.0,0.0,0.0,0.0,0.0,0.0,0.0,0.0,0.0,,breanna stewart,0,last_good_canonical,401857023.0,2998928.0,F,0.0,0.0,espn,breanna stewart,no_projection_for_player_team_date
2026-06-06,2026,Bree Hall,IND,NYL,A,,,,,,,,,,,,,,,,bree hall,0,last_good_canonical,,,,,,,bree hall,no_projection_for_player_team_date
2026-06-07,2026,Bree Hall,IND,NYL,A,0.0,0.0,0.0,0.0,0.0,0.0,0.0,0.0,0.0,0.0,0.0,0.0,0.0,0.0,,bree hall,0,last_good_canonical,401856969.0,4898383.0,G,0.0,0.0,espn,bree hall,no_projection_for_player_team_date
2026-06-28,2026,Bree Hall,IND,LAS,H,10.0,5.0,1.0,0.0,1.0,0.0,0.0,0.0,5.0,2.0,0.0,0.0,0.0,1.0,,bree hall,1,last_good_canonical,401857028.0,4898383.0,G,0.0,1.0,espn,bree hall,no_projection_for_player_team_date
2025-07-05,2025,Brianna Turner,IND,LAS,H,0.0,0.0,0.0,0.0,0.0,0.0,0.0,0.0,0.0,0.0,0.0,0.0,0.0,0.0,,brianna turner,1,last_good_canonical,401736225.0,3142086.0,F,0.0,0.0,espn,brianna turner,no_projection_for_player_team_date
2026-05-09,2026,Brianna Turner,LVA,PHX,A,14.0,0.0,3.0,0.0,0.0,0.0,1.0,1.0,0.0,0.0,0.0,0.0,2.0,1.0,,brianna turner,0,last_good_canonical,401856894.0,3142086.0,F,0.0,1.0,espn,brianna turner,no_projection_for_player_team_date
2026-05-10,2026,Brianna Turner,LVA,LAS,A,16.0,4.0,6.0,1.0,0.0,2.0,2.0,0.0,3.0,2.0,0.0,0.0,2.0,4.0,,brianna turner,0,last_good_canonical,401856898.0,3142086.0,F,0.0,1.0,espn,brianna turner,no_projection_for_player_team_date
2026-05-14,2026,Brianna Turner,LVA,CON,A,18.0,0.0,5.0,0.0,0.0,0.0,1.0,2.0,0.0,0.0,0.0,0.0,0.0,5.0,,brianna turner,0,last_good_canonical,401856905.0,3142086.0,F,0.0,1.0,espn,brianna turner,no_projection_for_player_team_date
2026-05-15,2026,Brianna Turner,LVA,CON,A,3.0,0.0,0.0,0.0,0.0,0.0,0.0,0.0,0.0,0.0,0.0,0.0,0.0,0.0,,brianna turner,0,last_good_canonical,401856910.0,3142086.0,F,0.0,1.0,espn,brianna turner,no_projection_for_player_team_date
2026-05-17,2026,Brianna Turner,LVA,ATL,A,6.0,0.0,1.0,0.0,0.0,1.0,0.0,0.0,0.0,0.0,0.0,0.0,1.0,0.0,,brianna turner,0,last_good_canonical,401856915.0,3142086.0,F,0.0,1.0,espn,brianna turner,no_projection_for_player_team_date
2026-05-24,2026,Brianna Turner,LVA,LAS,A,8.0,2.0,1.0,1.0,0.0,0.0,0.0,0.0,0.0,0.0,2.0,2.0,0.0,1.0,,brianna turner,0,last_good_canonical,401856932.0,3142086.0,F,0.0,1.0,espn,brianna turner,no_projection_for_player_team_date
2026-05-29,2026,Brianna Turner,LVA,DAL,A,0.0,0.0,0.0,0.0,0.0,0.0,0.0,0.0,0.0,0.0,0.0,0.0,0.0,0.0,,brianna turner,0,last_good_canonical,401856943.0,3142086.0,F,0.0,0.0,espn,brianna turner,no_projection_for_player_team_date
2026-05-31,2026,Brianna Turner,LVA,GSV,A,10.0,4.0,3.0,0.0,0.0,0.0,1.0,1.0,4.0,2.0,0.0,0.0,2.0,1.0,,brianna turner,0,last_good_canonical,401856952.0,3142086.0,F,0.0,1.0,espn,brianna turner,no_projection_for_player_team_date
2026-06-02,2026,Brianna Turner,LVA,LAS,A,21.0,0.0,4.0,1.0,0.0,0.0,1.0,1.0,0.0,0.0,0.0,0.0,1.0,3.0,16.0,brianna turner,0,last_good_canonical,,,,,,,brianna turner,no_projection_for_player_team_date
2026-06-03,2026,Brianna Turner,LVA,LAS,A,21.0,0.0,4.0,1.0,0.0,0.0,1.0,1.0,0.0,0.0,0.0,0.0,1.0,3.0,,brianna turner,0,last_good_canonical,401856958.0,3142086.0,F,0.0,1.0,espn,brianna turner,no_projection_for_player_team_date
2026-06-06,2026,Brianna Turner,LVA,GSV,H,9.0,0.0,0.0,0.0,0.0,0.0,0.0,1.0,1.0,0.0,0.0,0.0,0.0,0.0,-5.0,brianna turner,1,last_good_canonical,,,,,,,brianna turner,no_projection_for_player_team_date
2026-06-09,2026,Brianna Turner,LVA,SEA,A,6.0,0.0,0.0,0.0,0.0,1.0,0.0,0.0,2.0,0.0,0.0,0.0,0.0,0.0,,brianna turner,0,last_good_canonical,401856974.0,3142086.0,F,0.0,1.0,espn,brianna turner,no_projection_for_player_team_date
2026-06-12,2026,Brianna Turner,LVA,POR,A,2.0,0.0,0.0,0.0,0.0,0.0,0.0,0.0,0.0,0.0,0.0,0.0,0.0,0.0,,brianna turner,0,last_good_canonical,401856983.0,3142086.0,F,0.0,1.0,espn,brianna turner,no_projection_for_player_team_date
2026-06-14,2026,Brianna Turner,LVA,MIN,A,2.0,0.0,0.0,0.0,0.0,0.0,0.0,0.0,0.0,0.0,0.0,0.0,0.0,0.0,,brianna turner,0,last_good_canonical,401856987.0,3142086.0,F,0.0,1.0,espn,brianna turner,no_projection_for_player_team_date
2026-06-16,2026,Brianna Turner,LVA,DAL,A,11.0,2.0,0.0,0.0,0.0,0.0,0.0,0.0,1.0,1.0,0.0,0.0,0.0,0.0,,brianna turner,0,last_good_canonical,401856992.0,3142086.0,F,0.0,1.0,espn,brianna turner,no_projection_for_player_team_date
2026-06-18,2026,Brianna Turner,LVA,PHX,A,8.0,2.0,3.0,0.0,0.0,0.0,1.0,0.0,1.0,1.0,0.0,0.0,0.0,3.0,,brianna turner,0,last_good_canonical,401857000.0,3142086.0,F,0.0,1.0,espn,brianna turner,no_projection_for_player_team_date
2026-06-24,2026,Brianna Turner,LVA,NYL,A,0.0,0.0,0.0,0.0,0.0,0.0,0.0,0.0,0.0,0.0,0.0,0.0,0.0,0.0,,brianna turner,0,last_good_canonical,401857016.0,3142086.0,F,0.0,0.0,espn,brianna turner,no_projection_for_player_team_date
2026-06-26,2026,Brianna Turner,LVA,DAL,A,2.0,0.0,0.0,0.0,0.0,0.0,0.0,0.0,0.0,0.0,0.0,0.0,0.0,0.0,,brianna turner,0,last_good_canonical,401857022.0,3142086.0,F,0.0,1.0,espn,brianna turner,no_projection_for_player_team_date
2026-05-10,2026,Bridget Carleton,POR,CHI,H,30.0,13.0,1.0,4.0,3.0,1.0,1.0,0.0,10.0,4.0,3.0,2.0,0.0,1.0,,bridget carleton,1,last_good_canonical,401856895.0,3906972.0,F,1.0,1.0,espn,bridget carleton,no_projection_for_player_team_date
2026-05-13,2026,Bridget Carleton,POR,NYL,H,33.0,26.0,1.0,0.0,5.0,4.0,0.0,0.0,16.0,9.0,3.0,3.0,0.0,1.0,,bridget carleton,1,last_good_canonical,401856903.0,3906972.0,F,1.0,1.0,espn,bridget carleton,no_projection_for_player_team_date
2026-05-15,2026,Bridget Carleton,POR,NYL,H,25.0,11.0,5.0,2.0,2.0,1.0,0.0,1.0,11.0,4.0,1.0,1.0,2.0,3.0,,bridget carleton,1,last_good_canonical,401856909.0,3906972.0,F,1.0,1.0,espn,bridget carleton,no_projection_for_player_team_date
2026-05-19,2026,Bridget Carleton,POR,CON,H,33.0,18.0,5.0,3.0,2.0,3.0,1.0,2.0,12.0,5.0,6.0,6.0,0.0,5.0,,bridget carleton,1,last_good_canonical,401856919.0,3906972.0,F,1.0,1.0,espn,bridget carleton,no_projection_for_player_team_date
2026-05-28,2026,Bridget Carleton,POR,CON,H,29.0,13.0,7.0,3.0,2.0,1.0,0.0,2.0,10.0,5.0,1.0,1.0,2.0,5.0,,bridget carleton,1,last_good_canonical,401856941.0,3906972.0,F,1.0,1.0,espn,bridget carleton,no_projection_for_player_team_date
2026-05-31,2026,Bridget Carleton,POR,IND,H,32.0,14.0,2.0,3.0,2.0,3.0,2.0,0.0,15.0,6.0,0.0,0.0,0.0,2.0,,bridget carleton,1,last_good_canonical,401856951.0,3906972.0,F,1.0,1.0,espn,bridget carleton,no_projection_for_player_team_date
2026-06-03,2026,Bridget Carleton,POR,GSV,A,30.0,11.0,3.0,1.0,2.0,1.0,0.0,0.0,6.0,4.0,1.0,1.0,1.0,2.0,,bridget carleton,0,last_good_canonical,401856957.0,3906972.0,F,1.0,1.0,espn,bridget carleton,no_projection_for_player_team_date
2026-06-06,2026,Bridget Carleton,POR,PHX,H,27.0,6.0,4.0,2.0,0.0,1.0,0.0,4.0,9.0,2.0,2.0,2.0,1.0,3.0,,bridget carleton,1,last_good_canonical,401856965.0,3906972.0,F,1.0,1.0,espn,bridget carleton,no_projection_for_player_team_date
2026-06-12,2026,Bridget Carleton,POR,LVA,H,33.0,13.0,1.0,0.0,3.0,1.0,0.0,2.0,13.0,5.0,0.0,0.0,0.0,1.0,,bridget carleton,1,last_good_canonical,401856983.0,3906972.0,F,1.0,1.0,espn,bridget carleton,no_projection_for_player_team_date
2026-06-14,2026,Bridget Carleton,POR,DAL,H,31.0,20.0,4.0,1.0,6.0,1.0,0.0,2.0,14.0,6.0,2.0,2.0,0.0,4.0,,bridget carleton,1,last_good_canonical,401856988.0,3906972.0,F,1.0,1.0,espn,bridget carleton,no_projection_for_player_team_date
2026-06-16,2026,Bridget Carleton,POR,MIN,A,26.0,3.0,1.0,2.0,0.0,0.0,0.0,1.0,9.0,1.0,2.0,1.0,0.0,1.0,,bridget carleton,0,last_good_canonical,401856993.0,3906972.0,F,1.0,1.0,espn,bridget carleton,no_projection_for_player_team_date
2026-06-18,2026,Bridget Carleton,POR,SEA,H,29.0,24.0,4.0,1.0,7.0,3.0,2.0,2.0,13.0,7.0,4.0,3.0,2.0,2.0,,bridget carleton,1,last_good_canonical,401857001.0,3906972.0,F,1.0,1.0,espn,bridget carleton,no_projection_for_player_team_date
2026-06-25,2026,Bridget Carleton,POR,CHI,A,29.0,7.0,5.0,2.0,0.0,0.0,1.0,2.0,6.0,2.0,4.0,3.0,2.0,3.0,,bridget carleton,0,last_good_canonical,401857019.0,3906972.0,F,1.0,1.0,espn,bridget carleton,no_projection_for_player_team_date
2026-05-10,2026,Brionna Jones,ATL,MIN,A,0.0,0.0,0.0,0.0,0.0,0.0,0.0,0.0,0.0,0.0,0.0,0.0,0.0,0.0,,brionna jones,0,last_good_canonical,401856899.0,3058895.0,F,0.0,0.0,espn,brionna jones,no_projection_for_player_team_date
2026-05-22,2026,Brionna Jones,ATL,DAL,H,0.0,0.0,0.0,0.0,0.0,0.0,0.0,0.0,0.0,0.0,0.0,0.0,0.0,0.0,,brionna jones,1,last_good_canonical,401856927.0,3058895.0,F,0.0,0.0,espn,brionna jones,no_projection_for_player_team_date
2026-05-24,2026,Brionna Jones,ATL,PHX,H,0.0,0.0,0.0,0.0,0.0,0.0,0.0,0.0,0.0,0.0,0.0,0.0,0.0,0.0,,brionna jones,1,last_good_canonical,401856933.0,3058895.0,F,0.0,0.0,espn,brionna jones,no_projection_for_player_team_date
2026-05-28,2026,Brionna Jones,ATL,MIN,A,0.0,0.0,0.0,0.0,0.0,0.0,0.0,0.0,0.0,0.0,0.0,0.0,0.0,0.0,,brionna jones,0,last_good_canonical,401856940.0,3058895.0,F,0.0,0.0,espn,brionna jones,no_projection_for_player_team_date
2026-05-30,2026,Brionna Jones,ATL,POR,A,0.0,0.0,0.0,0.0,0.0,0.0,0.0,0.0,0.0,0.0,0.0,0.0,0.0,0.0,,brionna jones,0,last_good_canonical,401856948.0,3058895.0,F,0.0,0.0,espn,brionna jones,no_projection_for_player_team_date
2026-06-02,2026,Brionna Jones,ATL,CON,H,,,,,,,,,,,,,,,,brionna jones,1,last_good_canonical,,,,,,,brionna jones,no_projection_for_player_team_date
2026-06-04,2026,Brionna Jones,ATL,IND,A,,,,,,,,,,,,,,,,brionna jones,0,last_good_canonical,,,,,,,brionna jones,no_projection_for_player_team_date
2026-06-06,2026,Brionna Jones,ATL,WAS,H,,,,,,,,,,,,,,,,brionna jones,1,last_good_canonical,,,,,,,brionna jones,no_projection_for_player_team_date
2026-06-28,2026,Brionna Jones,ATL,SEA,A,0.0,0.0,0.0,0.0,0.0,0.0,0.0,0.0,0.0,0.0,0.0,0.0,0.0,0.0,,brionna jones,0,last_good_canonical,401857029.0,3058895.0,F,0.0,0.0,espn,brionna jones,no_projection_for_player_team_date
2026-05-14,2026,Brittney Griner,CON,LVA,H,0.0,0.0,0.0,0.0,0.0,0.0,0.0,0.0,0.0,0.0,0.0,0.0,0.0,0.0,,brittney griner,1,last_good_canonical,401856905.0,2490553.0,C,0.0,0.0,espn,brittney griner,no_projection_for_player_team_date
2026-05-15,2026,Brittney Griner,CON,LVA,H,0.0,0.0,0.0,0.0,0.0,0.0,0.0,0.0,0.0,0.0,0.0,0.0,0.0,0.0,,brittney griner,1,last_good_canonical,401856910.0,2490553.0,C,0.0,0.0,espn,brittney griner,no_projection_for_player_team_date
2026-05-19,2026,Brittney Griner,CON,POR,A,27.0,16.0,5.0,4.0,0.0,0.0,2.0,2.0,12.0,6.0,7.0,4.0,3.0,2.0,,brittney griner,0,last_good_canonical,401856919.0,2490553.0,C,1.0,1.0,espn,brittney griner,no_projection_for_player_team_date
2026-05-21,2026,Brittney Griner,CON,SEA,A,0.0,0.0,0.0,0.0,0.0,0.0,0.0,0.0,0.0,0.0,0.0,0.0,0.0,0.0,,brittney griner,0,last_good_canonical,401856923.0,2490553.0,C,0.0,0.0,espn,brittney griner,no_projection_for_player_team_date
2026-05-23,2026,Brittney Griner,CON,SEA,A,0.0,0.0,0.0,0.0,0.0,0.0,0.0,0.0,0.0,0.0,0.0,0.0,0.0,0.0,,brittney griner,0,last_good_canonical,401856929.0,2490553.0,C,0.0,0.0,espn,brittney griner,no_projection_for_player_team_date
2026-05-28,2026,Brittney Griner,CON,POR,A,0.0,0.0,0.0,0.0,0.0,0.0,0.0,0.0,0.0,0.0,0.0,0.0,0.0,0.0,,brittney griner,0,last_good_canonical,401856941.0,2490553.0,C,0.0,0.0,espn,brittney griner,no_projection_for_player_team_date
2026-05-20,2026,Brittney Sykes,TOR,PHX,A,35.0,31.0,7.0,6.0,4.0,0.0,0.0,0.0,19.0,10.0,8.0,7.0,2.0,5.0,,brittney sykes,0,last_good_canonical,401856920.0,2988756.0,G,1.0,1.0,espn,brittney sykes,no_projection_for_player_team_date
2026-05-22,2026,Brittney Sykes,TOR,MIN,A,20.0,6.0,3.0,4.0,1.0,0.0,0.0,1.0,7.0,2.0,1.0,1.0,1.0,2.0,,brittney sykes,0,last_good_canonical,401856925.0,2988756.0,G,1.0,1.0,espn,brittney sykes,no_projection_for_player_team_date
2026-05-28,2026,Brittney Sykes,TOR,CHI,A,35.0,20.0,6.0,2.0,1.0,0.0,1.0,0.0,14.0,6.0,8.0,7.0,1.0,5.0,,brittney sykes,0,last_good_canonical,401856939.0,2988756.0,G,1.0,1.0,espn,brittney sykes,no_projection_for_player_team_date
2026-05-14,2026,Caitlin Clark,IND,LAS,A,31.0,24.0,4.0,9.0,1.0,2.0,1.0,6.0,17.0,9.0,5.0,5.0,0.0,4.0,,caitlin clark,0,last_good_canonical,401856907.0,4433403.0,G,1.0,1.0,espn,caitlin clark,no_projection_for_player_team_date
2026-05-20,2026,Caitlin Clark,IND,POR,H,0.0,0.0,0.0,0.0,0.0,0.0,0.0,0.0,0.0,0.0,0.0,0.0,0.0,0.0,,caitlin clark,1,last_good_canonical,401856921.0,4433403.0,G,0.0,0.0,espn,caitlin clark,no_projection_for_player_team_date
2026-05-29,2026,Caitlin Clark,IND,GSV,A,29.0,16.0,4.0,6.0,2.0,3.0,1.0,5.0,12.0,3.0,8.0,8.0,0.0,4.0,,caitlin clark,0,last_good_canonical,401856944.0,4433403.0,G,1.0,1.0,espn,caitlin clark,no_projection_for_player_team_date
2026-05-31,2026,Caitlin Clark,IND,POR,A,22.0,6.0,2.0,6.0,0.0,1.0,0.0,1.0,7.0,1.0,5.0,4.0,1.0,1.0,,caitlin clark,0,last_good_canonical,401856951.0,4433403.0,G,1.0,1.0,espn,caitlin clark,no_projection_for_player_team_date
2026-06-07,2026,Caitlin Clark,IND,NYL,A,34.0,10.0,7.0,9.0,2.0,0.0,1.0,3.0,14.0,4.0,0.0,0.0,0.0,7.0,,caitlin clark,0,last_good_canonical,401856969.0,4433403.0,G,1.0,1.0,espn,caitlin clark,no_projection_for_player_team_date
2026-06-23,2026,Caitlin Clark,IND,PHX,H,29.0,24.0,3.0,9.0,3.0,0.0,0.0,3.0,17.0,8.0,6.0,5.0,0.0,3.0,,caitlin clark,1,last_good_canonical,401857014.0,4433403.0,G,1.0,1.0,espn,caitlin clark,no_projection_for_player_team_date
2026-06-28,2026,Caitlin Clark,IND,LAS,H,0.0,0.0,0.0,0.0,0.0,0.0,0.0,0.0,0.0,0.0,0.0,0.0,0.0,0.0,,caitlin clark,1,last_good_canonical,401857028.0,4433403.0,G,0.0,0.0,espn,caitlin clark,no_projection_for_player_team_date
2025-07-05,2025,Cameron Brink,LAS,IND,A,0.0,0.0,0.0,0.0,0.0,0.0,0.0,0.0,0.0,0.0,0.0,0.0,0.0,0.0,,cameron brink,0,last_good_canonical,401736225.0,4433404.0,F,0.0,0.0,espn,cameron brink,no_projection_for_player_team_date
2026-05-10,2026,Cameron Brink,LAS,LVA,A,8.0,0.0,3.0,0.0,0.0,0.0,0.0,3.0,0.0,0.0,0.0,0.0,3.0,0.0,,cameron brink,0,last_good_canonical,401856898.0,4433404.0,F,0.0,1.0,espn,cameron brink,no_projection_for_player_team_date
2026-05-14,2026,Cameron Brink,LAS,IND,A,19.0,11.0,5.0,1.0,0.0,1.0,3.0,3.0,6.0,4.0,4.0,3.0,1.0,4.0,,cameron brink,0,last_good_canonical,401856907.0,4433404.0,F,0.0,1.0,espn,cameron brink,no_projection_for_player_team_date
2026-05-22,2026,Cameron Brink,LAS,PHX,A,19.0,12.0,5.0,1.0,1.0,1.0,3.0,6.0,6.0,3.0,6.0,5.0,1.0,4.0,,cameron brink,0,last_good_canonical,401856926.0,4433404.0,F,0.0,1.0,espn,cameron brink,no_projection_for_player_team_date
2026-05-24,2026,Cameron Brink,LAS,LVA,A,24.0,16.0,8.0,0.0,2.0,1.0,1.0,6.0,11.0,7.0,1.0,0.0,4.0,4.0,,cameron brink,0,last_good_canonical,401856932.0,4433404.0,F,1.0,1.0,espn,cameron brink,no_projection_for_player_team_date
2026-05-30,2026,Cameron Brink,LAS,CON,A,18.0,2.0,4.0,3.0,0.0,1.0,1.0,5.0,4.0,1.0,0.0,0.0,0.0,4.0,,cameron brink,0,last_good_canonical,401856950.0,4433404.0,F,0.0,1.0,espn,cameron brink,no_projection_for_player_team_date
2026-06-03,2026,Cameron Brink,LAS,LVA,A,25.0,9.0,8.0,3.0,1.0,0.0,2.0,1.0,10.0,3.0,2.0,2.0,1.0,7.0,,cameron brink,0,last_good_canonical,401856958.0,4433404.0,F,0.0,1.0,espn,cameron brink,no_projection_for_player_team_date
2026-06-06,2026,Cameron Brink,LAS,DAL,A,15.0,10.0,5.0,0.0,1.0,0.0,1.0,3.0,7.0,3.0,4.0,3.0,1.0,4.0,,cameron brink,0,last_good_canonical,401856964.0,4433404.0,F,0.0,1.0,espn,cameron brink,no_projection_for_player_team_date
2026-06-11,2026,Cameron Brink,LAS,SEA,A,18.0,15.0,6.0,1.0,2.0,0.0,2.0,1.0,7.0,5.0,3.0,3.0,4.0,2.0,,cameron brink,0,last_good_canonical,401856979.0,4433404.0,F,0.0,1.0,espn,cameron brink,no_projection_for_player_team_date
2026-06-14,2026,Cameron Brink,LAS,PHX,A,22.0,9.0,9.0,2.0,2.0,1.0,2.0,0.0,4.0,2.0,3.0,3.0,4.0,5.0,,cameron brink,0,last_good_canonical,401856989.0,4433404.0,F,0.0,1.0,espn,cameron brink,no_projection_for_player_team_date
2026-06-16,2026,Cameron Brink,LAS,GSV,A,15.0,10.0,2.0,0.0,0.0,0.0,1.0,1.0,5.0,4.0,5.0,2.0,0.0,2.0,,cameron brink,0,last_good_canonical,401856994.0,4433404.0,F,0.0,1.0,espn,cameron brink,no_projection_for_player_team_date
2026-06-28,2026,Cameron Brink,LAS,IND,A,0.0,0.0,0.0,0.0,0.0,0.0,0.0,0.0,0.0,0.0,0.0,0.0,0.0,0.0,,cameron brink,0,last_good_canonical,401857028.0,4433404.0,F,0.0,0.0,espn,cameron brink,no_projection_for_player_team_date
2026-05-10,2026,Carla Leite,POR,CHI,H,29.0,18.0,3.0,3.0,1.0,0.0,0.0,1.0,11.0,3.0,12.0,11.0,1.0,2.0,,carla leite,1,last_good_canonical,401856895.0,5208982.0,G,1.0,1.0,espn,carla leite,no_projection_for_player_team_date
2026-05-13,2026,Carla Leite,POR,NYL,H,26.0,21.0,4.0,6.0,0.0,1.0,0.0,2.0,14.0,8.0,5.0,5.0,1.0,3.0,,carla leite,1,last_good_canonical,401856903.0,5208982.0,G,1.0,1.0,espn,carla leite,no_projection_for_player_team_date
2026-05-28,2026,Carla Leite,POR,CON,H,23.0,20.0,0.0,3.0,2.0,1.0,0.0,4.0,10.0,4.0,10.0,10.0,0.0,0.0,,carla leite,1,last_good_canonical,401856941.0,5208982.0,G,1.0,1.0,espn,carla leite,no_projection_for_player_team_date
2026-05-31,2026,Carla Leite,POR,IND,H,27.0,18.0,1.0,12.0,0.0,0.0,0.0,4.0,12.0,6.0,6.0,6.0,0.0,1.0,,carla leite,1,last_good_canonical,401856951.0,5208982.0,G,1.0,1.0,espn,carla leite,no_projection_for_player_team_date
2026-06-03,2026,Carla Leite,POR,GSV,A,24.0,10.0,1.0,7.0,0.0,0.0,0.0,4.0,6.0,2.0,6.0,6.0,0.0,1.0,,carla leite,0,last_good_canonical,401856957.0,5208982.0,G,1.0,1.0,espn,carla leite,no_projection_for_player_team_date
2026-06-06,2026,Carla Leite,POR,PHX,H,24.0,7.0,2.0,4.0,1.0,1.0,0.0,3.0,6.0,2.0,3.0,2.0,1.0,1.0,,carla leite,1,last_good_canonical,401856965.0,5208982.0,G,1.0,1.0,espn,carla leite,no_projection_for_player_team_date
2026-06-12,2026,Carla Leite,POR,LVA,H,28.0,18.0,3.0,8.0,1.0,1.0,0.0,0.0,13.0,8.0,2.0,1.0,0.0,3.0,,carla leite,1,last_good_canonical,401856983.0,5208982.0,G,1.0,1.0,espn,carla leite,no_projection_for_player_team_date
2026-06-14,2026,Carla Leite,POR,DAL,H,27.0,10.0,5.0,8.0,2.0,0.0,0.0,4.0,11.0,4.0,0.0,0.0,2.0,3.0,,carla leite,1,last_good_canonical,401856988.0,5208982.0,G,1.0,1.0,espn,carla leite,no_projection_for_player_team_date
2026-06-16,2026,Carla Leite,POR,MIN,A,19.0,10.0,2.0,3.0,1.0,1.0,0.0,4.0,8.0,3.0,4.0,3.0,0.0,2.0,,carla leite,0,last_good_canonical,401856993.0,5208982.0,G,1.0,1.0,espn,carla leite,no_projection_for_player_team_date
2026-06-18,2026,Carla Leite,POR,SEA,H,29.0,20.0,4.0,10.0,1.0,1.0,0.0,1.0,11.0,5.0,10.0,9.0,2.0,2.0,,carla leite,1,last_good_canonical,401857001.0,5208982.0,G,1.0,1.0,espn,carla leite,no_projection_for_player_team_date
2026-06-25,2026,Carla Leite,POR,CHI,A,28.0,10.0,1.0,6.0,1.0,0.0,0.0,1.0,8.0,1.0,8.0,7.0,1.0,0.0,,carla leite,0,last_good_canonical,401857019.0,5208982.0,G,1.0,1.0,espn,carla leite,no_projection_for_player_team_date
2026-05-08,2026,Cassandre Prosper,WAS,TOR,A,19.0,2.0,1.0,2.0,0.0,1.0,0.0,1.0,5.0,1.0,0.0,0.0,1.0,0.0,,cassandre prosper,0,last_good_canonical,401856891.0,5122345.0,G,1.0,1.0,espn,cassandre prosper,no_projection_for_player_team_date
2026-05-10,2026,Cassandre Prosper,WAS,NYL,A,28.0,8.0,3.0,0.0,0.0,1.0,0.0,0.0,9.0,4.0,0.0,0.0,3.0,0.0,,cassandre prosper,0,last_good_canonical,401856897.0,5122345.0,G,1.0,1.0,espn,cassandre prosper,no_projection_for_player_team_date
2026-05-15,2026,Cassandre Prosper,WAS,IND,A,25.0,2.0,4.0,0.0,0.0,0.0,1.0,4.0,6.0,1.0,0.0,0.0,0.0,4.0,,cassandre prosper,0,last_good_canonical,401856911.0,5122345.0,G,0.0,1.0,espn,cassandre prosper,no_projection_for_player_team_date
2026-05-19,2026,Cassandre Prosper,WAS,DAL,A,25.0,6.0,0.0,3.0,1.0,0.0,0.0,0.0,4.0,2.0,2.0,1.0,0.0,0.0,,cassandre prosper,0,last_good_canonical,401856918.0,5122345.0,G,0.0,1.0,espn,cassandre prosper,no_projection_for_player_team_date
2026-05-24,2026,Cassandre Prosper,WAS,SEA,A,22.0,2.0,0.0,2.0,0.0,0.0,0.0,1.0,8.0,1.0,0.0,0.0,0.0,0.0,,cassandre prosper,0,last_good_canonical,401856935.0,5122345.0,G,0.0,1.0,espn,cassandre prosper,no_projection_for_player_team_date
2026-05-28,2026,Cassandre Prosper,WAS,SEA,A,10.0,2.0,1.0,0.0,0.0,0.0,0.0,1.0,3.0,1.0,0.0,0.0,1.0,0.0,,cassandre prosper,0,last_good_canonical,401856942.0,5122345.0,G,0.0,1.0,espn,cassandre prosper,no_projection_for_player_team_date
2026-05-29,2026,Cassandre Prosper,WAS,LAS,A,6.0,5.0,0.0,0.0,1.0,0.0,0.0,1.0,2.0,2.0,0.0,0.0,0.0,0.0,,cassandre prosper,0,last_good_canonical,401856946.0,5122345.0,G,0.0,1.0,espn,cassandre prosper,no_projection_for_player_team_date
2026-06-02,2026,Cassandre Prosper,WAS,CHI,H,20.0,7.0,5.0,0.0,1.0,2.0,0.0,2.0,7.0,3.0,1.0,0.0,3.0,2.0,-3.0,cassandre prosper,1,last_good_canonical,,,,,,,cassandre prosper,no_projection_for_player_team_date
2026-06-06,2026,Cassandre Prosper,WAS,ATL,A,11.0,4.0,0.0,1.0,0.0,0.0,0.0,0.0,2.0,2.0,0.0,0.0,0.0,0.0,-12.0,cassandre prosper,0,last_good_canonical,,,,,,,cassandre prosper,no_projection_for_player_team_date
2026-05-09,2026,Cecilia Zandalasini,GSV,SEA,A,7.0,8.0,2.0,1.0,1.0,1.0,0.0,0.0,5.0,3.0,2.0,1.0,0.0,2.0,,cecilia zandalasini,0,last_good_canonical,401856892.0,4257500.0,F,0.0,1.0,espn,cecilia zandalasini,no_projection_for_player_team_date
2026-05-22,2026,Cecilia Zandalasini,GSV,IND,A,0.0,0.0,0.0,0.0,0.0,0.0,0.0,0.0,0.0,0.0,0.0,0.0,0.0,0.0,,cecilia zandalasini,0,last_good_canonical,401856928.0,4257500.0,F,0.0,0.0,espn,cecilia zandalasini,no_projection_for_player_team_date
2026-05-29,2026,Cecilia Zandalasini,GSV,IND,A,14.0,8.0,0.0,3.0,2.0,0.0,0.0,1.0,8.0,3.0,0.0,0.0,0.0,0.0,,cecilia zandalasini,0,last_good_canonical,401856944.0,4257500.0,F,0.0,1.0,espn,cecilia zandalasini,no_projection_for_player_team_date
2026-05-31,2026,Cecilia Zandalasini,GSV,LVA,A,21.0,9.0,4.0,1.0,2.0,0.0,0.0,4.0,7.0,3.0,2.0,1.0,2.0,2.0,,cecilia zandalasini,0,last_good_canonical,401856952.0,4257500.0,F,1.0,1.0,espn,cecilia zandalasini,no_projection_for_player_team_date
2026-06-03,2026,Cecilia Zandalasini,GSV,POR,A,23.0,9.0,1.0,3.0,1.0,4.0,0.0,2.0,7.0,2.0,5.0,4.0,0.0,1.0,,cecilia zandalasini,0,last_good_canonical,401856957.0,4257500.0,F,1.0,1.0,espn,cecilia zandalasini,no_projection_for_player_team_date
2026-06-10,2026,Cecilia Zandalasini,GSV,PHX,A,17.0,0.0,0.0,1.0,0.0,3.0,0.0,2.0,2.0,0.0,0.0,0.0,0.0,0.0,,cecilia zandalasini,0,last_good_canonical,401856977.0,4257500.0,F,1.0,1.0,espn,cecilia zandalasini,no_projection_for_player_team_date
2026-06-13,2026,Cecilia Zandalasini,GSV,SEA,A,13.0,2.0,2.0,0.0,0.0,1.0,1.0,0.0,6.0,1.0,0.0,0.0,0.0,2.0,,cecilia zandalasini,0,last_good_canonical,401856985.0,4257500.0,F,1.0,1.0,espn,cecilia zandalasini,no_projection_for_player_team_date
2026-06-16,2026,Cecilia Zandalasini,GSV,LAS,A,18.0,10.0,3.0,3.0,0.0,1.0,0.0,0.0,12.0,5.0,0.0,0.0,0.0,3.0,,cecilia zandalasini,0,last_good_canonical,401856994.0,4257500.0,F,1.0,1.0,espn,cecilia zandalasini,no_projection_for_player_team_date
2026-06-18,2026,Cecilia Zandalasini,GSV,DAL,A,9.0,2.0,1.0,2.0,0.0,0.0,0.0,3.0,3.0,1.0,0.0,0.0,0.0,1.0,,cecilia zandalasini,0,last_good_canonical,401856998.0,4257500.0,F,1.0,1.0,espn,cecilia zandalasini,no_projection_for_player_team_date
2026-06-20,2026,Cecilia Zandalasini,GSV,MIN,A,27.0,23.0,4.0,2.0,4.0,0.0,0.0,2.0,15.0,7.0,5.0,5.0,1.0,3.0,,cecilia zandalasini,0,last_good_canonical,401857005.0,4257500.0,F,1.0,1.0,espn,cecilia zandalasini,no_projection_for_player_team_date
2026-06-25,2026,Cecilia Zandalasini,GSV,ATL,A,21.0,14.0,1.0,3.0,4.0,0.0,0.0,1.0,9.0,4.0,2.0,2.0,0.0,1.0,,cecilia zandalasini,0,last_good_canonical,401857020.0,4257500.0,F,1.0,1.0,espn,cecilia zandalasini,no_projection_for_player_team_date
2026-06-27,2026,Cecilia Zandalasini,GSV,ATL,A,18.0,4.0,2.0,3.0,0.0,0.0,0.0,2.0,4.0,2.0,0.0,0.0,0.0,2.0,,cecilia zandalasini,0,last_good_canonical,401857026.0,4257500.0,F,1.0,1.0,espn,cecilia zandalasini,no_projection_for_player_team_date
2026-05-10,2026,Chance Gray,LAS,LVA,A,8.0,0.0,1.0,1.0,0.0,0.0,0.0,0.0,2.0,0.0,0.0,0.0,0.0,1.0,,chance gray,0,last_good_canonical,401856898.0,5105729.0,G,0.0,1.0,espn,chance gray,no_projection_for_player_team_date
2026-05-14,2026,Chance Gray,LAS,IND,A,16.0,2.0,1.0,0.0,0.0,0.0,0.0,0.0,2.0,1.0,0.0,0.0,0.0,1.0,,chance gray,0,last_good_canonical,401856907.0,5105729.0,G,0.0,1.0,espn,chance gray,no_projection_for_player_team_date
2026-05-17,2026,Chance Gray,LAS,TOR,A,10.0,4.0,1.0,0.0,0.0,0.0,0.0,1.0,4.0,2.0,0.0,0.0,0.0,1.0,,chance gray,0,last_good_canonical,401856917.0,5105729.0,G,0.0,1.0,espn,chance gray,no_projection_for_player_team_date
2026-05-22,2026,Chance Gray,LAS,PHX,A,2.0,0.0,0.0,1.0,0.0,0.0,0.0,0.0,1.0,0.0,0.0,0.0,0.0,0.0,,chance gray,0,last_good_canonical,401856926.0,5105729.0,G,0.0,1.0,espn,chance gray,no_projection_for_player_team_date
2026-05-24,2026,Chance Gray,LAS,LVA,A,0.0,0.0,0.0,0.0,0.0,0.0,0.0,0.0,0.0,0.0,0.0,0.0,0.0,0.0,,chance gray,0,last_good_canonical,401856932.0,5105729.0,G,0.0,0.0,espn,chance gray,no_projection_for_player_team_date
2026-05-29,2026,Chance Gray,LAS,WAS,A,13.0,6.0,3.0,0.0,2.0,0.0,0.0,1.0,3.0,2.0,0.0,0.0,2.0,1.0,,chance gray,0,last_good_canonical,401856946.0,5105729.0,G,0.0,1.0,espn,chance gray,no_projection_for_player_team_date
2026-05-30,2026,Chance Gray,LAS,CON,A,13.0,6.0,2.0,1.0,2.0,0.0,0.0,0.0,4.0,2.0,0.0,0.0,1.0,1.0,,chance gray,0,last_good_canonical,401856950.0,5105729.0,G,0.0,1.0,espn,chance gray,no_projection_for_player_team_date
2026-06-02,2026,Chance Gray,LAS,LVA,H,21.0,3.0,2.0,1.0,0.0,1.0,0.0,0.0,4.0,1.0,1.0,1.0,0.0,2.0,-5.0,chance gray,1,last_good_canonical,,,,,,,chance gray,no_projection_for_player_team_date
2026-06-03,2026,Chance Gray,LAS,LVA,A,21.0,3.0,2.0,1.0,0.0,1.0,0.0,0.0,4.0,1.0,1.0,1.0,0.0,2.0,,chance gray,0,last_good_canonical,401856958.0,5105729.0,G,0.0,1.0,espn,chance gray,no_projection_for_player_team_date
2026-06-06,2026,Chance Gray,LAS,DAL,A,5.0,0.0,0.0,0.0,0.0,0.0,0.0,0.0,1.0,0.0,0.0,0.0,0.0,0.0,,chance gray,0,last_good_canonical,401856964.0,5105729.0,G,0.0,1.0,espn,chance gray,no_projection_for_player_team_date
2026-06-11,2026,Chance Gray,LAS,SEA,A,7.0,3.0,3.0,2.0,0.0,1.0,0.0,1.0,3.0,0.0,3.0,3.0,1.0,2.0,,chance gray,0,last_good_canonical,401856979.0,5105729.0,G,0.0,1.0,espn,chance gray,no_projection_for_player_team_date
2026-06-14,2026,Chance Gray,LAS,PHX,A,8.0,0.0,0.0,0.0,0.0,0.0,0.0,0.0,0.0,0.0,0.0,0.0,0.0,0.0,,chance gray,0,last_good_canonical,401856989.0,5105729.0,G,0.0,1.0,espn,chance gray,no_projection_for_player_team_date
2026-06-16,2026,Chance Gray,LAS,GSV,A,8.0,0.0,2.0,0.0,0.0,0.0,0.0,3.0,1.0,0.0,0.0,0.0,0.0,2.0,,chance gray,0,last_good_canonical,401856994.0,5105729.0,G,0.0,1.0,espn,chance gray,no_projection_for_player_team_date
2026-06-18,2026,Chance Gray,LAS,MIN,A,13.0,8.0,2.0,2.0,2.0,0.0,0.0,2.0,3.0,2.0,2.0,2.0,0.0,2.0,,chance gray,0,last_good_canonical,401856999.0,5105729.0,G,0.0,1.0,espn,chance gray,no_projection_for_player_team_date
2026-06-22,2026,Chance Gray,LAS,NYL,A,0.0,0.0,0.0,0.0,0.0,0.0,0.0,0.0,0.0,0.0,0.0,0.0,0.0,0.0,,chance gray,0,last_good_canonical,401857011.0,5105729.0,G,0.0,0.0,espn,chance gray,no_projection_for_player_team_date
2026-06-28,2026,Chance Gray,LAS,IND,A,11.0,6.0,0.0,4.0,0.0,0.0,0.0,0.0,4.0,2.0,2.0,2.0,0.0,0.0,,chance gray,0,last_good_canonical,401857028.0,5105729.0,G,0.0,1.0,espn,chance gray,no_projection_for_player_team_date
2026-05-08,2026,Charlisse Leger-Walker,CON,NYL,A,21.0,4.0,2.0,1.0,0.0,0.0,0.0,1.0,9.0,2.0,1.0,0.0,0.0,2.0,,charlisse leger-walker,0,last_good_canonical,401856890.0,4703609.0,G,0.0,1.0,espn,charlisse leger-walker,no_projection_for_player_team_date
2026-05-10,2026,Charlisse Leger-Walker,CON,SEA,H,20.0,6.0,2.0,2.0,0.0,1.0,0.0,1.0,6.0,2.0,2.0,2.0,1.0,1.0,,charlisse leger-walker,1,last_good_canonical,401856896.0,4703609.0,G,1.0,1.0,espn,charlisse leger-walker,no_projection_for_player_team_date
2026-05-14,2026,Charlisse Leger-Walker,CON,LVA,H,16.0,2.0,2.0,2.0,0.0,0.0,0.0,2.0,2.0,1.0,0.0,0.0,0.0,2.0,,charlisse leger-walker,1,last_good_canonical,401856905.0,4703609.0,G,1.0,1.0,espn,charlisse leger-walker,no_projection_for_player_team_date
2026-05-15,2026,Charlisse Leger-Walker,CON,LVA,H,18.0,10.0,1.0,4.0,1.0,1.0,0.0,0.0,5.0,3.0,4.0,3.0,0.0,1.0,,charlisse leger-walker,1,last_good_canonical,401856910.0,4703609.0,G,0.0,1.0,espn,charlisse leger-walker,no_projection_for_player_team_date
2026-05-19,2026,Charlisse Leger-Walker,CON,POR,A,23.0,10.0,1.0,2.0,3.0,0.0,0.0,4.0,7.0,3.0,2.0,1.0,0.0,1.0,,charlisse leger-walker,0,last_good_canonical,401856919.0,4703609.0,G,0.0,1.0,espn,charlisse leger-walker,no_projection_for_player_team_date
2026-05-21,2026,Charlisse Leger-Walker,CON,SEA,A,28.0,16.0,2.0,3.0,1.0,1.0,0.0,1.0,15.0,6.0,3.0,3.0,0.0,2.0,,charlisse leger-walker,0,last_good_canonical,401856923.0,4703609.0,G,0.0,1.0,espn,charlisse leger-walker,no_projection_for_player_team_date
2026-05-23,2026,Charlisse Leger-Walker,CON,SEA,A,30.0,5.0,3.0,5.0,1.0,2.0,0.0,0.0,9.0,2.0,0.0,0.0,1.0,2.0,,charlisse leger-walker,0,last_good_canonical,401856929.0,4703609.0,G,1.0,1.0,espn,charlisse leger-walker,no_projection_for_player_team_date
2026-05-28,2026,Charlisse Leger-Walker,CON,POR,A,27.0,11.0,2.0,3.0,0.0,0.0,0.0,2.0,7.0,3.0,9.0,5.0,0.0,2.0,,charlisse leger-walker,0,last_good_canonical,401856941.0,4703609.0,G,1.0,1.0,espn,charlisse leger-walker,no_projection_for_player_team_date
2026-05-30,2026,Charlisse Leger-Walker,CON,LAS,H,13.0,2.0,1.0,3.0,0.0,2.0,1.0,3.0,2.0,0.0,2.0,2.0,0.0,1.0,,charlisse leger-walker,1,last_good_canonical,401856950.0,4703609.0,G,0.0,1.0,espn,charlisse leger-walker,no_projection_for_player_team_date
2026-06-02,2026,Charlisse Leger-Walker,CON,ATL,A,16.0,0.0,0.0,3.0,0.0,0.0,0.0,1.0,1.0,0.0,0.0,0.0,0.0,0.0,-11.0,charlisse leger-walker,0,last_good_canonical,,,,,,,charlisse leger-walker,no_projection_for_player_team_date
2026-05-14,2026,Chelsea Gray,LVA,CON,A,26.0,7.0,6.0,6.0,1.0,1.0,1.0,2.0,7.0,3.0,0.0,0.0,0.0,6.0,,chelsea gray,0,last_good_canonical,401856905.0,2529122.0,G,1.0,1.0,espn,chelsea gray,no_projection_for_player_team_date
2026-05-24,2026,Chelsea Gray,LVA,LAS,A,37.0,12.0,2.0,7.0,0.0,1.0,2.0,3.0,14.0,6.0,0.0,0.0,0.0,2.0,,chelsea gray,0,last_good_canonical,401856932.0,2529122.0,G,1.0,1.0,espn,chelsea gray,no_projection_for_player_team_date
2026-05-29,2026,Chelsea Gray,LVA,DAL,A,34.0,8.0,3.0,8.0,1.0,1.0,1.0,1.0,10.0,2.0,3.0,3.0,0.0,3.0,,chelsea gray,0,last_good_canonical,401856943.0,2529122.0,G,1.0,1.0,espn,chelsea gray,no_projection_for_player_team_date
2026-06-03,2026,Chelsea Gray,LVA,LAS,A,34.0,12.0,4.0,11.0,1.0,2.0,0.0,1.0,11.0,4.0,3.0,3.0,0.0,4.0,,chelsea gray,0,last_good_canonical,401856958.0,2529122.0,G,1.0,1.0,espn,chelsea gray,no_projection_for_player_team_date
2026-06-09,2026,Chelsea Gray,LVA,SEA,A,35.0,12.0,5.0,8.0,1.0,0.0,0.0,1.0,10.0,5.0,1.0,1.0,1.0,4.0,,chelsea gray,0,last_good_canonical,401856974.0,2529122.0,G,1.0,1.0,espn,chelsea gray,no_projection_for_player_team_date
2026-06-12,2026,Chelsea Gray,LVA,POR,A,37.0,29.0,5.0,3.0,9.0,0.0,0.0,5.0,15.0,10.0,0.0,0.0,1.0,4.0,,chelsea gray,0,last_good_canonical,401856983.0,2529122.0,G,1.0,1.0,espn,chelsea gray,no_projection_for_player_team_date
2026-06-14,2026,Chelsea Gray,LVA,MIN,A,34.0,23.0,4.0,7.0,6.0,2.0,0.0,3.0,15.0,7.0,3.0,3.0,0.0,4.0,,chelsea gray,0,last_good_canonical,401856987.0,2529122.0,G,1.0,1.0,espn,chelsea gray,no_projection_for_player_team_date
2026-06-16,2026,Chelsea Gray,LVA,DAL,A,29.0,0.0,4.0,9.0,0.0,2.0,0.0,4.0,5.0,0.0,0.0,0.0,1.0,3.0,,chelsea gray,0,last_good_canonical,401856992.0,2529122.0,G,1.0,1.0,espn,chelsea gray,no_projection_for_player_team_date
2026-06-18,2026,Chelsea Gray,LVA,PHX,A,35.0,5.0,4.0,9.0,0.0,2.0,0.0,3.0,10.0,2.0,1.0,1.0,0.0,4.0,,chelsea gray,0,last_good_canonical,401857000.0,2529122.0,G,1.0,1.0,espn,chelsea gray,no_projection_for_player_team_date
2026-06-24,2026,Chelsea Gray,LVA,NYL,A,35.0,11.0,5.0,8.0,2.0,2.0,1.0,1.0,8.0,4.0,1.0,1.0,0.0,5.0,,chelsea gray,0,last_good_canonical,401857016.0,2529122.0,G,1.0,1.0,espn,chelsea gray,no_projection_for_player_team_date
2026-06-26,2026,Chelsea Gray,LVA,DAL,A,33.0,12.0,1.0,9.0,2.0,1.0,0.0,5.0,11.0,5.0,0.0,0.0,0.0,1.0,,chelsea gray,0,last_good_canonical,401857022.0,2529122.0,G,1.0,1.0,espn,chelsea gray,no_projection_for_player_team_date
2026-05-09,2026,Chennedy Carter,LVA,PHX,A,19.0,10.0,2.0,2.0,0.0,2.0,0.0,3.0,8.0,5.0,0.0,0.0,0.0,2.0,,chennedy carter,0,last_good_canonical,401856894.0,4280892.0,G,0.0,1.0,espn,chennedy carter,no_projection_for_player_team_date
2026-05-10,2026,Chennedy Carter,LVA,LAS,A,20.0,22.0,1.0,0.0,1.0,2.0,0.0,2.0,13.0,9.0,5.0,3.0,1.0,0.0,,chennedy carter,0,last_good_canonical,401856898.0,4280892.0,G,0.0,1.0,espn,chennedy carter,no_projection_for_player_team_date
2026-05-14,2026,Chennedy Carter,LVA,CON,A,25.0,27.0,8.0,4.0,1.0,2.0,0.0,4.0,16.0,13.0,0.0,0.0,3.0,5.0,,chennedy carter,0,last_good_canonical,401856905.0,4280892.0,G,0.0,1.0,espn,chennedy carter,no_projection_for_player_team_date
2026-05-24,2026,Chennedy Carter,LVA,LAS,A,26.0,23.0,3.0,3.0,4.0,1.0,1.0,3.0,13.0,8.0,4.0,3.0,2.0,1.0,,chennedy carter,0,last_good_canonical,401856932.0,4280892.0,G,0.0,1.0,espn,chennedy carter,no_projection_for_player_team_date
2026-05-29,2026,Chennedy Carter,LVA,DAL,A,19.0,14.0,1.0,0.0,2.0,1.0,0.0,0.0,11.0,6.0,0.0,0.0,0.0,1.0,,chennedy carter,0,last_good_canonical,401856943.0,4280892.0,G,0.0,1.0,espn,chennedy carter,no_projection_for_player_team_date
2026-06-12,2026,Chennedy Carter,LVA,POR,A,8.0,0.0,0.0,0.0,0.0,0.0,0.0,0.0,3.0,0.0,0.0,0.0,0.0,0.0,,chennedy carter,0,last_good_canonical,401856983.0,4280892.0,G,0.0,1.0,espn,chennedy carter,no_projection_for_player_team_date
2026-06-14,2026,Chennedy Carter,LVA,MIN,A,8.0,4.0,1.0,1.0,0.0,0.0,0.0,0.0,5.0,2.0,0.0,0.0,1.0,0.0,,chennedy carter,0,last_good_canonical,401856987.0,4280892.0,G,0.0,1.0,espn,chennedy carter,no_projection_for_player_team_date
2026-06-18,2026,Chennedy Carter,LVA,PHX,A,0.0,0.0,0.0,0.0,0.0,0.0,0.0,0.0,0.0,0.0,0.0,0.0,0.0,0.0,,chennedy carter,0,last_good_canonical,401857000.0,4280892.0,G,0.0,0.0,espn,chennedy carter,no_projection_for_player_team_date
2026-06-24,2026,Chennedy Carter,LVA,NYL,A,0.0,0.0,0.0,0.0,0.0,0.0,0.0,0.0,0.0,0.0,0.0,0.0,0.0,0.0,,chennedy carter,0,last_good_canonical,401857016.0,4280892.0,G,0.0,0.0,espn,chennedy carter,no_projection_for_player_team_date
2026-05-09,2026,Cheyenne Parker-Tyus,LVA,PHX,A,12.0,2.0,4.0,0.0,0.0,0.0,0.0,2.0,3.0,1.0,0.0,0.0,0.0,4.0,,cheyenne parker-tyus,0,last_good_canonical,401856894.0,2529458.0,F,0.0,1.0,espn,cheyenne parker-tyus,no_projection_for_player_team_date
2026-05-10,2026,Cheyenne Parker-Tyus,LVA,LAS,A,3.0,2.0,0.0,1.0,0.0,1.0,1.0,0.0,1.0,1.0,0.0,0.0,0.0,0.0,,cheyenne parker-tyus,0,last_good_canonical,401856898.0,2529458.0,F,0.0,1.0,espn,cheyenne parker-tyus,no_projection_for_player_team_date
2026-05-14,2026,Cheyenne Parker-Tyus,LVA,CON,A,18.0,10.0,5.0,1.0,0.0,1.0,2.0,1.0,5.0,3.0,5.0,4.0,3.0,2.0,,cheyenne parker-tyus,0,last_good_canonical,401856905.0,2529458.0,F,0.0,1.0,espn,cheyenne parker-tyus,no_projection_for_player_team_date
2026-05-15,2026,Cheyenne Parker-Tyus,LVA,CON,A,14.0,2.0,2.0,1.0,0.0,0.0,2.0,1.0,1.0,1.0,0.0,0.0,1.0,1.0,,cheyenne parker-tyus,0,last_good_canonical,401856910.0,2529458.0,F,0.0,1.0,espn,cheyenne parker-tyus,no_projection_for_player_team_date
2026-05-17,2026,Cheyenne Parker-Tyus,LVA,ATL,A,9.0,4.0,1.0,0.0,0.0,0.0,1.0,0.0,5.0,2.0,0.0,0.0,0.0,1.0,,cheyenne parker-tyus,0,last_good_canonical,401856915.0,2529458.0,F,0.0,1.0,espn,cheyenne parker-tyus,no_projection_for_player_team_date
2026-05-24,2026,Cheyenne Parker-Tyus,LVA,LAS,A,0.0,0.0,0.0,0.0,0.0,0.0,0.0,0.0,0.0,0.0,0.0,0.0,0.0,0.0,,cheyenne parker-tyus,0,last_good_canonical,401856932.0,2529458.0,F,0.0,0.0,espn,cheyenne parker-tyus,no_projection_for_player_team_date
2026-05-29,2026,Cheyenne Parker-Tyus,LVA,DAL,A,8.0,9.0,2.0,0.0,1.0,0.0,0.0,0.0,5.0,3.0,2.0,2.0,1.0,1.0,,cheyenne parker-tyus,0,last_good_canonical,401856943.0,2529458.0,F,0.0,1.0,espn,cheyenne parker-tyus,no_projection_for_player_team_date
2026-05-31,2026,Cheyenne Parker-Tyus,LVA,GSV,A,0.0,0.0,0.0,0.0,0.0,0.0,0.0,0.0,0.0,0.0,0.0,0.0,0.0,0.0,,cheyenne parker-tyus,0,last_good_canonical,401856952.0,2529458.0,F,0.0,0.0,espn,cheyenne parker-tyus,no_projection_for_player_team_date
2026-06-02,2026,Cheyenne Parker-Tyus,LVA,LAS,A,8.0,5.0,4.0,2.0,0.0,0.0,1.0,1.0,4.0,2.0,2.0,1.0,0.0,4.0,10.0,cheyenne parker-tyus,0,last_good_canonical,,,,,,,cheyenne parker-tyus,no_projection_for_player_team_date
2026-06-03,2026,Cheyenne Parker-Tyus,LVA,LAS,A,8.0,5.0,4.0,2.0,0.0,0.0,1.0,1.0,4.0,2.0,2.0,1.0,0.0,4.0,,cheyenne parker-tyus,0,last_good_canonical,401856958.0,2529458.0,F,0.0,1.0,espn,cheyenne parker-tyus,no_projection_for_player_team_date
2026-06-06,2026,Cheyenne Parker-Tyus,LVA,GSV,H,,,,,,,,,,,,,,,,cheyenne parker-tyus,1,last_good_canonical,,,,,,,cheyenne parker-tyus,no_projection_for_player_team_date
2026-06-09,2026,Cheyenne Parker-Tyus,LVA,SEA,A,10.0,0.0,1.0,1.0,0.0,0.0,1.0,0.0,1.0,0.0,0.0,0.0,1.0,0.0,,cheyenne parker-tyus,0,last_good_canonical,401856974.0,2529458.0,F,0.0,1.0,espn,cheyenne parker-tyus,no_projection_for_player_team_date
2026-06-12,2026,Cheyenne Parker-Tyus,LVA,POR,A,8.0,4.0,2.0,0.0,0.0,0.0,0.0,0.0,1.0,1.0,5.0,2.0,0.0,2.0,,cheyenne parker-tyus,0,last_good_canonical,401856983.0,2529458.0,F,0.0,1.0,espn,cheyenne parker-tyus,no_projection_for_player_team_date
2026-06-14,2026,Cheyenne Parker-Tyus,LVA,MIN,A,12.0,9.0,2.0,1.0,1.0,0.0,0.0,0.0,6.0,4.0,0.0,0.0,0.0,2.0,,cheyenne parker-tyus,0,last_good_canonical,401856987.0,2529458.0,F,0.0,1.0,espn,cheyenne parker-tyus,no_projection_for_player_team_date
2026-06-16,2026,Cheyenne Parker-Tyus,LVA,DAL,A,18.0,4.0,5.0,3.0,0.0,1.0,1.0,1.0,5.0,1.0,2.0,2.0,1.0,4.0,,cheyenne parker-tyus,0,last_good_canonical,401856992.0,2529458.0,F,0.0,1.0,espn,cheyenne parker-tyus,no_projection_for_player_team_date
2026-06-18,2026,Cheyenne Parker-Tyus,LVA,PHX,A,4.0,2.0,1.0,0.0,0.0,0.0,1.0,0.0,2.0,1.0,0.0,0.0,0.0,1.0,,cheyenne parker-tyus,0,last_good_canonical,401857000.0,2529458.0,F,0.0,1.0,espn,cheyenne parker-tyus,no_projection_for_player_team_date
2026-06-24,2026,Cheyenne Parker-Tyus,LVA,NYL,A,17.0,14.0,6.0,0.0,2.0,1.0,0.0,0.0,7.0,5.0,2.0,2.0,3.0,3.0,,cheyenne parker-tyus,0,last_good_canonical,401857016.0,2529458.0,F,0.0,1.0,espn,cheyenne parker-tyus,no_projection_for_player_team_date
2026-06-26,2026,Cheyenne Parker-Tyus,LVA,DAL,A,17.0,13.0,2.0,3.0,0.0,0.0,1.0,0.0,7.0,4.0,6.0,5.0,2.0,0.0,,cheyenne parker-tyus,0,last_good_canonical,401857022.0,2529458.0,F,0.0,1.0,espn,cheyenne parker-tyus,no_projection_for_player_team_date
2026-05-24,2026,Costanza Verona,DAL,NYL,A,0.0,0.0,0.0,0.0,0.0,0.0,0.0,0.0,0.0,0.0,0.0,0.0,0.0,0.0,,costanza verona,0,last_good_canonical,401856934.0,5345473.0,G,0.0,0.0,espn,costanza verona,no_projection_for_player_team_date
2026-06-10,2026,Costanza Verona,DAL,MIN,A,6.0,4.0,0.0,2.0,0.0,0.0,0.0,0.0,2.0,2.0,0.0,0.0,0.0,0.0,,costanza verona,0,last_good_canonical,401856976.0,5345473.0,G,0.0,1.0,espn,costanza verona,no_projection_for_player_team_date
2026-06-14,2026,Costanza Verona,DAL,POR,A,0.0,0.0,0.0,0.0,0.0,0.0,0.0,0.0,0.0,0.0,0.0,0.0,0.0,0.0,,costanza verona,0,last_good_canonical,401856988.0,5345473.0,G,0.0,0.0,espn,costanza verona,no_projection_for_player_team_date
2026-06-21,2026,Costanza Verona,DAL,CHI,H,0.0,0.0,0.0,0.0,0.0,0.0,0.0,0.0,0.0,0.0,0.0,0.0,0.0,0.0,,costanza verona,1,last_good_canonical,401857008.0,5345473.0,G,0.0,0.0,espn,costanza verona,no_projection_for_player_team_date
2026-06-23,2026,Costanza Verona,DAL,SEA,A,0.0,0.0,0.0,0.0,0.0,0.0,0.0,0.0,0.0,0.0,0.0,0.0,0.0,0.0,,costanza verona,0,last_good_canonical,401857015.0,5345473.0,G,0.0,0.0,espn,costanza verona,no_projection_for_player_team_date
2026-05-10,2026,Cotie McMahon,WAS,NYL,A,0.0,0.0,0.0,0.0,0.0,0.0,0.0,0.0,0.0,0.0,0.0,0.0,0.0,0.0,,cotie mcmahon,0,last_good_canonical,401856897.0,4583144.0,G,0.0,0.0,espn,cotie mcmahon,no_projection_for_player_team_date
2026-05-15,2026,Cotie McMahon,WAS,IND,A,30.0,13.0,5.0,2.0,2.0,0.0,0.0,1.0,12.0,5.0,2.0,1.0,0.0,5.0,,cotie mcmahon,0,last_good_canonical,401856911.0,4583144.0,G,1.0,1.0,espn,cotie mcmahon,no_projection_for_player_team_date
2026-05-19,2026,Cotie McMahon,WAS,DAL,A,21.0,7.0,1.0,1.0,1.0,0.0,0.0,4.0,3.0,2.0,2.0,2.0,0.0,1.0,,cotie mcmahon,0,last_good_canonical,401856918.0,4583144.0,G,1.0,1.0,espn,cotie mcmahon,no_projection_for_player_team_date
2026-05-24,2026,Cotie McMahon,WAS,SEA,A,16.0,2.0,2.0,1.0,0.0,1.0,0.0,0.0,3.0,0.0,2.0,2.0,2.0,0.0,,cotie mcmahon,0,last_good_canonical,401856935.0,4583144.0,G,0.0,1.0,espn,cotie mcmahon,no_projection_for_player_team_date
2026-05-28,2026,Cotie McMahon,WAS,SEA,A,8.0,0.0,0.0,2.0,0.0,0.0,1.0,1.0,1.0,0.0,0.0,0.0,0.0,0.0,,cotie mcmahon,0,last_good_canonical,401856942.0,4583144.0,G,0.0,1.0,espn,cotie mcmahon,no_projection_for_player_team_date
2026-05-29,2026,Cotie McMahon,WAS,LAS,A,5.0,5.0,0.0,0.0,1.0,0.0,0.0,0.0,2.0,2.0,2.0,0.0,0.0,0.0,,cotie mcmahon,0,last_good_canonical,401856946.0,4583144.0,G,0.0,1.0,espn,cotie mcmahon,no_projection_for_player_team_date
2026-06-02,2026,Cotie McMahon,WAS,CHI,H,25.0,8.0,2.0,4.0,0.0,3.0,1.0,1.0,7.0,3.0,4.0,2.0,1.0,1.0,6.0,cotie mcmahon,1,last_good_canonical,,,,,,,cotie mcmahon,no_projection_for_player_team_date
2026-06-06,2026,Cotie McMahon,WAS,ATL,A,15.0,7.0,2.0,0.0,0.0,0.0,0.0,2.0,4.0,2.0,4.0,3.0,1.0,1.0,-5.0,cotie mcmahon,0,last_good_canonical,,,,,,,cotie mcmahon,no_projection_for_player_team_date
2026-05-17,2026,Courtney Vandersloot,CHI,MIN,A,0.0,0.0,0.0,0.0,0.0,0.0,0.0,0.0,0.0,0.0,0.0,0.0,0.0,0.0,,courtney vandersloot,0,last_good_canonical,401856914.0,981.0,G,0.0,0.0,espn,courtney vandersloot,no_projection_for_player_team_date
2026-05-21,2026,Courtney Vandersloot,CHI,DAL,H,0.0,0.0,0.0,0.0,0.0,0.0,0.0,0.0,0.0,0.0,0.0,0.0,0.0,0.0,,courtney vandersloot,1,last_good_canonical,401856922.0,981.0,G,0.0,0.0,espn,courtney vandersloot,no_projection_for_player_team_date
2026-05-23,2026,Courtney Vandersloot,CHI,MIN,H,0.0,0.0,0.0,0.0,0.0,0.0,0.0,0.0,0.0,0.0,0.0,0.0,0.0,0.0,,courtney vandersloot,1,last_good_canonical,401856930.0,981.0,G,0.0,0.0,espn,courtney vandersloot,no_projection_for_player_team_date
2026-05-28,2026,Courtney Vandersloot,CHI,TOR,H,0.0,0.0,0.0,0.0,0.0,0.0,0.0,0.0,0.0,0.0,0.0,0.0,0.0,0.0,,courtney vandersloot,1,last_good_canonical,401856939.0,981.0,G,0.0,0.0,espn,courtney vandersloot,no_projection_for_player_team_date
2026-05-29,2026,Courtney Vandersloot,CHI,MIN,H,0.0,0.0,0.0,0.0,0.0,0.0,0.0,0.0,0.0,0.0,0.0,0.0,0.0,0.0,,courtney vandersloot,1,last_good_canonical,401856947.0,981.0,G,0.0,0.0,espn,courtney vandersloot,no_projection_for_player_team_date
2026-06-02,2026,Courtney Vandersloot,CHI,WAS,A,,,,,,,,,,,,,,,,courtney vandersloot,0,last_good_canonical,,,,,,,courtney vandersloot,no_projection_for_player_team_date
2026-06-25,2026,Courtney Vandersloot,CHI,POR,H,0.0,0.0,0.0,0.0,0.0,0.0,0.0,0.0,0.0,0.0,0.0,0.0,0.0,0.0,,courtney vandersloot,1,last_good_canonical,401857019.0,981.0,G,0.0,0.0,espn,courtney vandersloot,no_projection_for_player_team_date
2026-05-10,2026,Courtney Williams,MIN,ATL,H,32.0,14.0,6.0,6.0,0.0,3.0,0.0,2.0,18.0,7.0,0.0,0.0,0.0,6.0,,courtney williams,1,last_good_canonical,401856899.0,2987891.0,G,1.0,1.0,espn,courtney williams,no_projection_for_player_team_date
2026-05-13,2026,Courtney Williams,MIN,PHX,A,30.0,11.0,3.0,5.0,1.0,2.0,2.0,1.0,13.0,4.0,3.0,2.0,0.0,3.0,,courtney williams,0,last_good_canonical,401856902.0,2987891.0,G,1.0,1.0,espn,courtney williams,no_projection_for_player_team_date
2026-05-15,2026,Courtney Williams,MIN,DAL,A,31.0,21.0,5.0,3.0,3.0,2.0,0.0,1.0,10.0,9.0,0.0,0.0,0.0,5.0,,courtney williams,0,last_good_canonical,401856908.0,2987891.0,G,1.0,1.0,espn,courtney williams,no_projection_for_player_team_date
2026-05-22,2026,Courtney Williams,MIN,TOR,H,29.0,15.0,8.0,3.0,3.0,0.0,0.0,0.0,15.0,6.0,0.0,0.0,0.0,8.0,,courtney williams,1,last_good_canonical,401856925.0,2987891.0,G,1.0,1.0,espn,courtney williams,no_projection_for_player_team_date
2026-05-28,2026,Courtney Williams,MIN,ATL,H,33.0,25.0,3.0,7.0,3.0,1.0,0.0,4.0,15.0,10.0,2.0,2.0,1.0,2.0,,courtney williams,1,last_good_canonical,401856940.0,2987891.0,G,1.0,1.0,espn,courtney williams,no_projection_for_player_team_date
2026-06-02,2026,Courtney Williams,MIN,PHX,A,29.0,30.0,5.0,2.0,3.0,0.0,1.0,2.0,20.0,13.0,1.0,1.0,1.0,4.0,,courtney williams,0,last_good_canonical,401856954.0,2987891.0,G,1.0,1.0,espn,courtney williams,no_projection_for_player_team_date
2026-06-10,2026,Courtney Williams,MIN,DAL,H,31.0,16.0,8.0,2.0,0.0,3.0,0.0,2.0,14.0,8.0,0.0,0.0,0.0,8.0,,courtney williams,1,last_good_canonical,401856976.0,2987891.0,G,1.0,1.0,espn,courtney williams,no_projection_for_player_team_date
2026-06-14,2026,Courtney Williams,MIN,LVA,A,33.0,17.0,5.0,4.0,1.0,0.0,0.0,1.0,19.0,8.0,0.0,0.0,0.0,5.0,,courtney williams,0,last_good_canonical,401856987.0,2987891.0,G,1.0,1.0,espn,courtney williams,no_projection_for_player_team_date
2026-06-16,2026,Courtney Williams,MIN,POR,H,24.0,16.0,5.0,4.0,2.0,0.0,0.0,2.0,10.0,7.0,0.0,0.0,1.0,4.0,,courtney williams,1,last_good_canonical,401856993.0,2987891.0,G,1.0,1.0,espn,courtney williams,no_projection_for_player_team_date
2026-06-18,2026,Courtney Williams,MIN,LAS,A,26.0,13.0,1.0,5.0,1.0,0.0,0.0,3.0,11.0,6.0,0.0,0.0,0.0,1.0,,courtney williams,0,last_good_canonical,401856999.0,2987891.0,G,1.0,1.0,espn,courtney williams,no_projection_for_player_team_date
2026-06-20,2026,Courtney Williams,MIN,GSV,A,36.0,21.0,12.0,5.0,2.0,1.0,2.0,2.0,16.0,6.0,7.0,7.0,2.0,10.0,,courtney williams,0,last_good_canonical,401857005.0,2987891.0,G,1.0,1.0,espn,courtney williams,no_projection_for_player_team_date
2026-05-09,2026,Damiris Dantas,IND,DAL,H,13.0,7.0,1.0,1.0,1.0,0.0,1.0,2.0,4.0,3.0,0.0,0.0,0.0,1.0,,damiris dantas,1,last_good_canonical,401856893.0,2955898.0,C,0.0,1.0,espn,damiris dantas,no_projection_for_player_team_date
2026-05-14,2026,Damiris Dantas,IND,LAS,A,11.0,3.0,1.0,0.0,1.0,0.0,0.0,1.0,4.0,1.0,0.0,0.0,0.0,1.0,,damiris dantas,0,last_good_canonical,401856907.0,2955898.0,C,0.0,1.0,espn,damiris dantas,no_projection_for_player_team_date
2026-05-15,2026,Damiris Dantas,IND,WAS,H,7.0,3.0,2.0,0.0,1.0,1.0,0.0,0.0,2.0,1.0,0.0,0.0,0.0,2.0,,damiris dantas,1,last_good_canonical,401856911.0,2955898.0,C,0.0,1.0,espn,damiris dantas,no_projection_for_player_team_date
2026-05-17,2026,Damiris Dantas,IND,SEA,H,6.0,3.0,0.0,0.0,1.0,0.0,1.0,0.0,1.0,1.0,0.0,0.0,0.0,0.0,,damiris dantas,1,last_good_canonical,401856916.0,2955898.0,C,0.0,1.0,espn,damiris dantas,no_projection_for_player_team_date
2026-05-20,2026,Damiris Dantas,IND,POR,H,0.0,0.0,0.0,0.0,0.0,0.0,0.0,0.0,0.0,0.0,0.0,0.0,0.0,0.0,,damiris dantas,1,last_good_canonical,401856921.0,2955898.0,C,0.0,0.0,espn,damiris dantas,no_projection_for_player_team_date
2026-05-22,2026,Damiris Dantas,IND,GSV,H,0.0,0.0,0.0,0.0,0.0,0.0,0.0,0.0,0.0,0.0,0.0,0.0,0.0,0.0,,damiris dantas,1,last_good_canonical,401856928.0,2955898.0,C,0.0,0.0,espn,damiris dantas,no_projection_for_player_team_date
2026-05-29,2026,Damiris Dantas,IND,GSV,A,0.0,0.0,0.0,0.0,0.0,0.0,0.0,0.0,0.0,0.0,0.0,0.0,0.0,0.0,,damiris dantas,0,last_good_canonical,401856944.0,2955898.0,C,0.0,0.0,espn,damiris dantas,no_projection_for_player_team_date
2026-05-31,2026,Damiris Dantas,IND,POR,A,0.0,0.0,0.0,0.0,0.0,0.0,0.0,0.0,0.0,0.0,0.0,0.0,0.0,0.0,,damiris dantas,0,last_good_canonical,401856951.0,2955898.0,C,0.0,0.0,espn,damiris dantas,no_projection_for_player_team_date
2026-06-04,2026,Damiris Dantas,IND,ATL,H,,,,,,,,,,,,,,,,damiris dantas,1,last_good_canonical,,,,,,,damiris dantas,no_projection_for_player_team_date
2026-06-06,2026,Damiris Dantas,IND,NYL,A,,,,,,,,,,,,,,,,damiris dantas,0,last_good_canonical,,,,,,,damiris dantas,no_projection_for_player_team_date
2026-06-07,2026,Damiris Dantas,IND,NYL,A,0.0,0.0,0.0,0.0,0.0,0.0,0.0,0.0,0.0,0.0,0.0,0.0,0.0,0.0,,damiris dantas,0,last_good_canonical,401856969.0,2955898.0,C,0.0,0.0,espn,damiris dantas,no_projection_for_player_team_date
2026-06-23,2026,Damiris Dantas,IND,PHX,H,0.0,0.0,0.0,0.0,0.0,0.0,0.0,0.0,0.0,0.0,0.0,0.0,0.0,0.0,,damiris dantas,1,last_good_canonical,401857014.0,2955898.0,C,0.0,0.0,espn,damiris dantas,no_projection_for_player_team_date
2026-06-28,2026,Damiris Dantas,IND,LAS,H,4.0,0.0,1.0,1.0,0.0,0.0,0.0,1.0,4.0,0.0,0.0,0.0,0.0,1.0,,damiris dantas,1,last_good_canonical,401857028.0,2955898.0,C,0.0,1.0,espn,damiris dantas,no_projection_for_player_team_date
2026-05-14,2026,Dana Evans,LVA,CON,A,0.0,0.0,0.0,0.0,0.0,0.0,0.0,0.0,0.0,0.0,0.0,0.0,0.0,0.0,,dana evans,0,last_good_canonical,401856905.0,4281190.0,G,0.0,0.0,espn,dana evans,no_projection_for_player_team_date
2026-05-15,2026,Dana Evans,LVA,CON,A,0.0,0.0,0.0,0.0,0.0,0.0,0.0,0.0,0.0,0.0,0.0,0.0,0.0,0.0,,dana evans,0,last_good_canonical,401856910.0,4281190.0,G,0.0,0.0,espn,dana evans,no_projection_for_player_team_date
2026-06-12,2026,Dana Evans,LVA,POR,A,0.0,0.0,0.0,0.0,0.0,0.0,0.0,0.0,0.0,0.0,0.0,0.0,0.0,0.0,,dana evans,0,last_good_canonical,401856983.0,4281190.0,G,0.0,0.0,espn,dana evans,no_projection_for_player_team_date
2026-06-18,2026,Dana Evans,LVA,PHX,A,0.0,0.0,0.0,0.0,0.0,0.0,0.0,0.0,0.0,0.0,0.0,0.0,0.0,0.0,,dana evans,0,last_good_canonical,401857000.0,4281190.0,G,0.0,0.0,espn,dana evans,no_projection_for_player_team_date
2026-06-24,2026,Dana Evans,LVA,NYL,A,0.0,0.0,0.0,0.0,0.0,0.0,0.0,0.0,0.0,0.0,0.0,0.0,0.0,0.0,,dana evans,0,last_good_canonical,401857016.0,4281190.0,G,0.0,0.0,espn,dana evans,no_projection_for_player_team_date
2026-05-10,2026,Darianna Littlepage-Buggs,WAS,NYL,A,0.0,0.0,0.0,0.0,0.0,0.0,0.0,0.0,0.0,0.0,0.0,0.0,0.0,0.0,,darianna littlepage-buggs,0,last_good_canonical,401856897.0,5106145.0,G,0.0,0.0,espn,darianna littlepage-buggs,no_projection_for_player_team_date
2026-06-14,2026,Darianna Littlepage-Buggs,WAS,NYL,A,,,,,,,,,,,,,,,,darianna littlepage-buggs,0,last_good_canonical,,,,,,,darianna littlepage-buggs,no_projection_for_player_team_date
2025-07-05,2025,Dearica Hamby,LAS,IND,A,32.0,18.0,3.0,4.0,1.0,1.0,0.0,3.0,11.0,7.0,4.0,3.0,1.0,2.0,,dearica hamby,0,last_good_canonical,401736225.0,2566106.0,F,1.0,1.0,espn,dearica hamby,no_projection_for_player_team_date
2026-05-14,2026,Dearica Hamby,LAS,IND,A,29.0,16.0,8.0,1.0,0.0,2.0,0.0,4.0,8.0,6.0,5.0,4.0,1.0,7.0,,dearica hamby,0,last_good_canonical,401856907.0,2566106.0,F,1.0,1.0,espn,dearica hamby,no_projection_for_player_team_date
2026-05-22,2026,Dearica Hamby,LAS,PHX,A,30.0,27.0,15.0,3.0,2.0,1.0,0.0,0.0,11.0,7.0,11.0,11.0,5.0,10.0,,dearica hamby,0,last_good_canonical,401856926.0,2566106.0,F,1.0,1.0,espn,dearica hamby,no_projection_for_player_team_date
2026-05-24,2026,Dearica Hamby,LAS,LVA,A,36.0,16.0,5.0,4.0,1.0,1.0,0.0,3.0,12.0,6.0,4.0,3.0,0.0,5.0,,dearica hamby,0,last_good_canonical,401856932.0,2566106.0,F,1.0,1.0,espn,dearica hamby,no_projection_for_player_team_date
2026-06-03,2026,Dearica Hamby,LAS,LVA,A,24.0,2.0,6.0,2.0,0.0,0.0,1.0,0.0,7.0,0.0,3.0,2.0,3.0,3.0,,dearica hamby,0,last_good_canonical,401856958.0,2566106.0,F,1.0,1.0,espn,dearica hamby,no_projection_for_player_team_date
2026-06-06,2026,Dearica Hamby,LAS,DAL,A,30.0,15.0,5.0,1.0,0.0,0.0,0.0,0.0,8.0,6.0,4.0,3.0,2.0,3.0,,dearica hamby,0,last_good_canonical,401856964.0,2566106.0,F,1.0,1.0,espn,dearica hamby,no_projection_for_player_team_date
2026-06-11,2026,Dearica Hamby,LAS,SEA,A,28.0,6.0,10.0,0.0,0.0,0.0,0.0,0.0,8.0,3.0,0.0,0.0,3.0,7.0,,dearica hamby,0,last_good_canonical,401856979.0,2566106.0,F,1.0,1.0,espn,dearica hamby,no_projection_for_player_team_date
2026-06-14,2026,Dearica Hamby,LAS,PHX,A,28.0,8.0,6.0,0.0,0.0,2.0,0.0,1.0,7.0,3.0,3.0,2.0,1.0,5.0,,dearica hamby,0,last_good_canonical,401856989.0,2566106.0,F,1.0,1.0,espn,dearica hamby,no_projection_for_player_team_date
2026-06-16,2026,Dearica Hamby,LAS,GSV,A,27.0,6.0,10.0,3.0,0.0,2.0,0.0,3.0,5.0,3.0,0.0,0.0,2.0,8.0,,dearica hamby,0,last_good_canonical,401856994.0,2566106.0,F,1.0,1.0,espn,dearica hamby,no_projection_for_player_team_date
2026-06-18,2026,Dearica Hamby,LAS,MIN,A,25.0,12.0,9.0,2.0,1.0,3.0,1.0,3.0,6.0,5.0,3.0,1.0,2.0,7.0,,dearica hamby,0,last_good_canonical,401856999.0,2566106.0,F,1.0,1.0,espn,dearica hamby,no_projection_for_player_team_date
2026-06-22,2026,Dearica Hamby,LAS,NYL,A,31.0,12.0,8.0,3.0,0.0,1.0,0.0,2.0,12.0,6.0,2.0,0.0,2.0,6.0,,dearica hamby,0,last_good_canonical,401857011.0,2566106.0,F,1.0,1.0,espn,dearica hamby,no_projection_for_player_team_date
2026-06-28,2026,Dearica Hamby,LAS,IND,A,26.0,15.0,4.0,4.0,0.0,0.0,0.0,2.0,14.0,6.0,4.0,3.0,2.0,2.0,,dearica hamby,0,last_good_canonical,401857028.0,2566106.0,F,1.0,1.0,espn,dearica hamby,no_projection_for_player_team_date
2026-05-13,2026,DeWanna Bonner,PHX,MIN,H,30.0,16.0,7.0,2.0,2.0,0.0,1.0,1.0,16.0,6.0,2.0,2.0,1.0,6.0,,dewanna bonner,1,last_good_canonical,401856902.0,869.0,F,1.0,1.0,espn,dewanna bonner,no_projection_for_player_team_date
2026-05-20,2026,DeWanna Bonner,PHX,TOR,H,30.0,13.0,4.0,1.0,0.0,1.0,0.0,1.0,11.0,4.0,5.0,5.0,0.0,4.0,,dewanna bonner,1,last_good_canonical,401856920.0,869.0,F,1.0,1.0,espn,dewanna bonner,no_projection_for_player_team_date
2026-05-22,2026,DeWanna Bonner,PHX,LAS,H,30.0,9.0,5.0,1.0,1.0,3.0,1.0,1.0,7.0,3.0,2.0,2.0,2.0,3.0,,dewanna bonner,1,last_good_canonical,401856926.0,869.0,F,1.0,1.0,espn,dewanna bonner,no_projection_for_player_team_date
2026-05-27,2026,DeWanna Bonner,PHX,NYL,A,24.0,2.0,5.0,0.0,0.0,0.0,0.0,1.0,5.0,1.0,0.0,0.0,1.0,4.0,,dewanna bonner,0,last_good_canonical,401856938.0,869.0,F,0.0,1.0,espn,dewanna bonner,no_projection_for_player_team_date
2026-05-29,2026,DeWanna Bonner,PHX,NYL,A,22.0,4.0,3.0,0.0,0.0,0.0,0.0,0.0,3.0,0.0,4.0,4.0,0.0,3.0,,dewanna bonner,0,last_good_canonical,401856945.0,869.0,F,0.0,1.0,espn,dewanna bonner,no_projection_for_player_team_date
2026-06-02,2026,DeWanna Bonner,PHX,MIN,H,7.0,2.0,1.0,0.0,0.0,0.0,0.0,2.0,5.0,1.0,0.0,0.0,1.0,0.0,,dewanna bonner,1,last_good_canonical,401856954.0,869.0,F,0.0,1.0,espn,dewanna bonner,no_projection_for_player_team_date
2026-06-03,2026,DeWanna Bonner,PHX,SEA,A,25.0,10.0,2.0,1.0,0.0,2.0,0.0,1.0,12.0,3.0,5.0,4.0,0.0,2.0,0.0,dewanna bonner,0,last_good_canonical,,,,,,,dewanna bonner,no_projection_for_player_team_date
2026-06-04,2026,DeWanna Bonner,PHX,SEA,A,25.0,10.0,2.0,1.0,0.0,2.0,0.0,1.0,12.0,3.0,5.0,4.0,0.0,2.0,,dewanna bonner,0,last_good_canonical,401856960.0,869.0,F,0.0,1.0,espn,dewanna bonner,no_projection_for_player_team_date
2026-06-06,2026,DeWanna Bonner,PHX,POR,A,34.0,19.0,5.0,5.0,3.0,2.0,3.0,1.0,15.0,6.0,4.0,4.0,1.0,4.0,,dewanna bonner,0,last_good_canonical,401856965.0,869.0,F,1.0,1.0,espn,dewanna bonner,no_projection_for_player_team_date
2026-06-10,2026,DeWanna Bonner,PHX,GSV,A,28.0,3.0,4.0,0.0,1.0,0.0,1.0,0.0,7.0,1.0,0.0,0.0,0.0,4.0,,dewanna bonner,0,last_good_canonical,401856977.0,869.0,F,0.0,1.0,espn,dewanna bonner,no_projection_for_player_team_date
2026-06-12,2026,DeWanna Bonner,PHX,DAL,A,29.0,9.0,7.0,1.0,0.0,3.0,0.0,1.0,8.0,4.0,2.0,1.0,2.0,5.0,,dewanna bonner,0,last_good_canonical,401856982.0,869.0,F,0.0,1.0,espn,dewanna bonner,no_projection_for_player_team_date
2026-06-14,2026,DeWanna Bonner,PHX,LAS,H,14.0,10.0,1.0,0.0,3.0,0.0,1.0,1.0,5.0,3.0,1.0,1.0,0.0,1.0,,dewanna bonner,1,last_good_canonical,401856989.0,869.0,F,0.0,1.0,espn,dewanna bonner,no_projection_for_player_team_date
2026-06-18,2026,DeWanna Bonner,PHX,LVA,H,20.0,10.0,3.0,1.0,2.0,2.0,0.0,0.0,6.0,3.0,3.0,2.0,0.0,3.0,,dewanna bonner,1,last_good_canonical,401857000.0,869.0,F,0.0,1.0,espn,dewanna bonner,no_projection_for_player_team_date
2026-06-23,2026,DeWanna Bonner,PHX,IND,A,27.0,7.0,3.0,0.0,1.0,0.0,1.0,0.0,8.0,3.0,1.0,0.0,0.0,3.0,,dewanna bonner,0,last_good_canonical,401857014.0,869.0,F,0.0,1.0,espn,dewanna bonner,no_projection_for_player_team_date
2026-05-08,2026,Diamond Miller,CON,NYL,A,25.0,16.0,3.0,1.0,1.0,2.0,0.0,2.0,16.0,6.0,5.0,3.0,1.0,2.0,,diamond miller,0,last_good_canonical,401856890.0,4433635.0,F,1.0,1.0,espn,diamond miller,no_projection_for_player_team_date
2026-05-14,2026,Diamond Miller,CON,LVA,H,24.0,5.0,2.0,1.0,1.0,0.0,0.0,1.0,9.0,1.0,2.0,2.0,0.0,2.0,,diamond miller,1,last_good_canonical,401856905.0,4433635.0,F,1.0,1.0,espn,diamond miller,no_projection_for_player_team_date
2026-05-19,2026,Diamond Miller,CON,POR,A,13.0,3.0,0.0,1.0,1.0,0.0,0.0,0.0,2.0,1.0,0.0,0.0,0.0,0.0,,diamond miller,0,last_good_canonical,401856919.0,4433635.0,F,1.0,1.0,espn,diamond miller,no_projection_for_player_team_date
2026-05-21,2026,Diamond Miller,CON,SEA,A,15.0,2.0,2.0,0.0,0.0,0.0,1.0,0.0,6.0,1.0,0.0,0.0,1.0,1.0,,diamond miller,0,last_good_canonical,401856923.0,4433635.0,F,1.0,1.0,espn,diamond miller,no_projection_for_player_team_date
2026-05-23,2026,Diamond Miller,CON,SEA,A,23.0,13.0,3.0,2.0,0.0,2.0,0.0,3.0,6.0,3.0,8.0,7.0,0.0,3.0,,diamond miller,0,last_good_canonical,401856929.0,4433635.0,F,1.0,1.0,espn,diamond miller,no_projection_for_player_team_date
2026-05-28,2026,Diamond Miller,CON,POR,A,20.0,5.0,0.0,1.0,0.0,2.0,0.0,1.0,6.0,2.0,2.0,1.0,0.0,0.0,,diamond miller,0,last_good_canonical,401856941.0,4433635.0,F,1.0,1.0,espn,diamond miller,no_projection_for_player_team_date
2026-05-30,2026,Diamond Miller,CON,LAS,H,20.0,12.0,1.0,2.0,1.0,1.0,0.0,1.0,11.0,5.0,1.0,1.0,1.0,0.0,,diamond miller,1,last_good_canonical,401856950.0,4433635.0,F,1.0,1.0,espn,diamond miller,no_projection_for_player_team_date
2026-06-02,2026,Diamond Miller,CON,ATL,A,26.0,8.0,3.0,1.0,0.0,0.0,0.0,1.0,6.0,2.0,4.0,4.0,0.0,3.0,-8.0,diamond miller,0,last_good_canonical,,,,,,,diamond miller,no_projection_for_player_team_date
2026-05-17,2026,DiJonai Carrington,CHI,MIN,A,0.0,0.0,0.0,0.0,0.0,0.0,0.0,0.0,0.0,0.0,0.0,0.0,0.0,0.0,,dijonai carrington,0,last_good_canonical,401856914.0,4066548.0,G,0.0,0.0,espn,dijonai carrington,no_projection_for_player_team_date
2026-05-21,2026,DiJonai Carrington,CHI,DAL,H,0.0,0.0,0.0,0.0,0.0,0.0,0.0,0.0,0.0,0.0,0.0,0.0,0.0,0.0,,dijonai carrington,1,last_good_canonical,401856922.0,4066548.0,G,0.0,0.0,espn,dijonai carrington,no_projection_for_player_team_date
2026-05-23,2026,DiJonai Carrington,CHI,MIN,H,0.0,0.0,0.0,0.0,0.0,0.0,0.0,0.0,0.0,0.0,0.0,0.0,0.0,0.0,,dijonai carrington,1,last_good_canonical,401856930.0,4066548.0,G,0.0,0.0,espn,dijonai carrington,no_projection_for_player_team_date
2026-05-28,2026,DiJonai Carrington,CHI,TOR,H,0.0,0.0,0.0,0.0,0.0,0.0,0.0,0.0,0.0,0.0,0.0,0.0,0.0,0.0,,dijonai carrington,1,last_good_canonical,401856939.0,4066548.0,G,0.0,0.0,espn,dijonai carrington,no_projection_for_player_team_date
2026-05-29,2026,DiJonai Carrington,CHI,MIN,H,0.0,0.0,0.0,0.0,0.0,0.0,0.0,0.0,0.0,0.0,0.0,0.0,0.0,0.0,,dijonai carrington,1,last_good_canonical,401856947.0,4066548.0,G,0.0,0.0,espn,dijonai carrington,no_projection_for_player_team_date
2026-06-02,2026,DiJonai Carrington,CHI,WAS,A,,,,,,,,,,,,,,,,dijonai carrington,0,last_good_canonical,,,,,,,dijonai carrington,no_projection_for_player_team_date
2026-06-25,2026,DiJonai Carrington,CHI,POR,H,0.0,0.0,0.0,0.0,0.0,0.0,0.0,0.0,0.0,0.0,0.0,0.0,0.0,0.0,,dijonai carrington,1,last_good_canonical,401857019.0,4066548.0,G,0.0,0.0,espn,dijonai carrington,no_projection_for_player_team_date
2026-05-09,2026,Dominique Malonga,SEA,GSV,H,29.0,21.0,8.0,0.0,0.0,0.0,2.0,3.0,15.0,8.0,9.0,5.0,4.0,4.0,,dominique malonga,1,last_good_canonical,401856892.0,5220150.0,C,1.0,1.0,espn,dominique malonga,no_projection_for_player_team_date
2026-05-17,2026,Dominique Malonga,SEA,IND,A,0.0,0.0,0.0,0.0,0.0,0.0,0.0,0.0,0.0,0.0,0.0,0.0,0.0,0.0,,dominique malonga,0,last_good_canonical,401856916.0,5220150.0,C,0.0,0.0,espn,dominique malonga,no_projection_for_player_team_date
2026-05-21,2026,Dominique Malonga,SEA,CON,H,0.0,0.0,0.0,0.0,0.0,0.0,0.0,0.0,0.0,0.0,0.0,0.0,0.0,0.0,,dominique malonga,1,last_good_canonical,401856923.0,5220150.0,C,0.0,0.0,espn,dominique malonga,no_projection_for_player_team_date
2026-05-23,2026,Dominique Malonga,SEA,CON,H,0.0,0.0,0.0,0.0,0.0,0.0,0.0,0.0,0.0,0.0,0.0,0.0,0.0,0.0,,dominique malonga,1,last_good_canonical,401856929.0,5220150.0,C,0.0,0.0,espn,dominique malonga,no_projection_for_player_team_date
2026-05-28,2026,Dominique Malonga,SEA,WAS,H,0.0,0.0,0.0,0.0,0.0,0.0,0.0,0.0,0.0,0.0,0.0,0.0,0.0,0.0,,dominique malonga,1,last_good_canonical,401856942.0,5220150.0,C,0.0,0.0,espn,dominique malonga,no_projection_for_player_team_date
2026-05-30,2026,Dominique Malonga,SEA,TOR,A,0.0,0.0,0.0,0.0,0.0,0.0,0.0,0.0,0.0,0.0,0.0,0.0,0.0,0.0,,dominique malonga,0,last_good_canonical,401856949.0,5220150.0,C,0.0,0.0,espn,dominique malonga,no_projection_for_player_team_date
2026-06-02,2026,Dominique Malonga,SEA,DAL,A,0.0,0.0,0.0,0.0,0.0,0.0,0.0,0.0,0.0,0.0,0.0,0.0,0.0,0.0,,dominique malonga,0,last_good_canonical,401856953.0,5220150.0,C,0.0,0.0,espn,dominique malonga,no_projection_for_player_team_date
2026-06-03,2026,Dominique Malonga,SEA,PHX,H,,,,,,,,,,,,,,,,dominique malonga,1,last_good_canonical,,,,,,,dominique malonga,no_projection_for_player_team_date
2026-06-04,2026,Dominique Malonga,SEA,PHX,H,0.0,0.0,0.0,0.0,0.0,0.0,0.0,0.0,0.0,0.0,0.0,0.0,0.0,0.0,,dominique malonga,1,last_good_canonical,401856960.0,5220150.0,C,0.0,0.0,espn,dominique malonga,no_projection_for_player_team_date
2026-06-09,2026,Dominique Malonga,SEA,LVA,A,17.0,19.0,5.0,0.0,1.0,1.0,0.0,2.0,12.0,7.0,4.0,4.0,3.0,2.0,,dominique malonga,0,last_good_canonical,401856974.0,5220150.0,C,1.0,1.0,espn,dominique malonga,no_projection_for_player_team_date
2026-06-11,2026,Dominique Malonga,SEA,LAS,H,24.0,15.0,7.0,2.0,1.0,0.0,0.0,4.0,11.0,6.0,2.0,2.0,0.0,7.0,,dominique malonga,1,last_good_canonical,401856979.0,5220150.0,C,1.0,1.0,espn,dominique malonga,no_projection_for_player_team_date
2026-06-13,2026,Dominique Malonga,SEA,GSV,H,25.0,9.0,8.0,2.0,0.0,0.0,1.0,2.0,10.0,3.0,3.0,3.0,3.0,5.0,,dominique malonga,1,last_good_canonical,401856985.0,5220150.0,C,1.0,1.0,espn,dominique malonga,no_projection_for_player_team_date
2026-06-18,2026,Dominique Malonga,SEA,POR,A,35.0,28.0,11.0,3.0,0.0,2.0,3.0,1.0,19.0,12.0,6.0,4.0,3.0,8.0,,dominique malonga,0,last_good_canonical,401857001.0,5220150.0,C,1.0,1.0,espn,dominique malonga,no_projection_for_player_team_date
2026-06-23,2026,Dominique Malonga,SEA,DAL,H,38.0,37.0,12.0,1.0,2.0,0.0,2.0,4.0,24.0,14.0,9.0,7.0,2.0,10.0,,dominique malonga,1,last_good_canonical,401857015.0,5220150.0,C,1.0,1.0,espn,dominique malonga,no_projection_for_player_team_date
2026-06-26,2026,Dominique Malonga,SEA,NYL,H,34.0,20.0,10.0,2.0,1.0,0.0,1.0,2.0,12.0,9.0,1.0,1.0,3.0,7.0,,dominique malonga,1,last_good_canonical,401857023.0,5220150.0,C,1.0,1.0,espn,dominique malonga,no_projection_for_player_team_date
2026-06-28,2026,Dominique Malonga,SEA,ATL,H,28.0,16.0,11.0,3.0,1.0,2.0,3.0,6.0,13.0,7.0,2.0,1.0,1.0,10.0,,dominique malonga,1,last_good_canonical,401857029.0,5220150.0,C,1.0,1.0,espn,dominique malonga,no_projection_for_player_team_date
2026-05-10,2026,Dorka Juhasz,MIN,ATL,H,0.0,0.0,0.0,0.0,0.0,0.0,0.0,0.0,0.0,0.0,0.0,0.0,0.0,0.0,,dorka juhasz,1,last_good_canonical,401856899.0,4398938.0,F,0.0,0.0,espn,dorka juhasz,no_projection_for_player_team_date
2026-05-13,2026,Dorka Juhasz,MIN,PHX,A,0.0,0.0,0.0,0.0,0.0,0.0,0.0,0.0,0.0,0.0,0.0,0.0,0.0,0.0,,dorka juhasz,0,last_good_canonical,401856902.0,4398938.0,F,0.0,0.0,espn,dorka juhasz,no_projection_for_player_team_date
2026-05-17,2026,Dorka Juhasz,MIN,CHI,H,0.0,0.0,0.0,0.0,0.0,0.0,0.0,0.0,0.0,0.0,0.0,0.0,0.0,0.0,,dorka juhasz,1,last_good_canonical,401856914.0,4398938.0,F,0.0,0.0,espn,dorka juhasz,no_projection_for_player_team_date
2026-05-22,2026,Dorka Juhasz,MIN,TOR,H,0.0,0.0,0.0,0.0,0.0,0.0,0.0,0.0,0.0,0.0,0.0,0.0,0.0,0.0,,dorka juhasz,1,last_good_canonical,401856925.0,4398938.0,F,0.0,0.0,espn,dorka juhasz,no_projection_for_player_team_date
2026-05-23,2026,Dorka Juhasz,MIN,CHI,A,0.0,0.0,0.0,0.0,0.0,0.0,0.0,0.0,0.0,0.0,0.0,0.0,0.0,0.0,,dorka juhasz,0,last_good_canonical,401856930.0,4398938.0,F,0.0,0.0,espn,dorka juhasz,no_projection_for_player_team_date
2026-05-28,2026,Dorka Juhasz,MIN,ATL,H,0.0,0.0,0.0,0.0,0.0,0.0,0.0,0.0,0.0,0.0,0.0,0.0,0.0,0.0,,dorka juhasz,1,last_good_canonical,401856940.0,4398938.0,F,0.0,0.0,espn,dorka juhasz,no_projection_for_player_team_date
2026-05-29,2026,Dorka Juhasz,MIN,CHI,A,0.0,0.0,0.0,0.0,0.0,0.0,0.0,0.0,0.0,0.0,0.0,0.0,0.0,0.0,,dorka juhasz,0,last_good_canonical,401856947.0,4398938.0,F,0.0,0.0,espn,dorka juhasz,no_projection_for_player_team_date
2026-06-02,2026,Dorka Juhasz,MIN,PHX,A,0.0,0.0,0.0,0.0,0.0,0.0,0.0,0.0,0.0,0.0,0.0,0.0,0.0,0.0,,dorka juhasz,0,last_good_canonical,401856954.0,4398938.0,F,0.0,0.0,espn,dorka juhasz,no_projection_for_player_team_date
2026-06-04,2026,Dorka Juhasz,MIN,GSV,H,,,,,,,,,,,,,,,,dorka juhasz,1,last_good_canonical,,,,,,,dorka juhasz,no_projection_for_player_team_date
2026-06-06,2026,Dorka Juhasz,MIN,SEA,H,,,,,,,,,,,,,,,,dorka juhasz,1,last_good_canonical,,,,,,,dorka juhasz,no_projection_for_player_team_date
2026-06-10,2026,Dorka Juhasz,MIN,DAL,H,0.0,0.0,0.0,0.0,0.0,0.0,0.0,0.0,0.0,0.0,0.0,0.0,0.0,0.0,,dorka juhasz,1,last_good_canonical,401856976.0,4398938.0,F,0.0,0.0,espn,dorka juhasz,no_projection_for_player_team_date
2026-06-16,2026,Dorka Juhasz,MIN,POR,H,0.0,0.0,0.0,0.0,0.0,0.0,0.0,0.0,0.0,0.0,0.0,0.0,0.0,0.0,,dorka juhasz,1,last_good_canonical,401856993.0,4398938.0,F,0.0,0.0,espn,dorka juhasz,no_projection_for_player_team_date
2026-05-09,2026,Dulcy Fankam Mendjiadeu,DAL,IND,A,0.0,0.0,0.0,0.0,0.0,0.0,0.0,0.0,0.0,0.0,0.0,0.0,0.0,0.0,,dulcy fankam mendjiadeu,0,last_good_canonical,401856893.0,4594527.0,F,0.0,0.0,espn,dulcy fankam mendjiadeu,no_projection_for_player_team_date
2026-05-24,2026,Dulcy Fankam Mendjiadeu,DAL,NYL,A,0.0,0.0,0.0,0.0,0.0,0.0,0.0,0.0,0.0,0.0,0.0,0.0,0.0,0.0,,dulcy fankam mendjiadeu,0,last_good_canonical,401856934.0,4594527.0,F,0.0,0.0,espn,dulcy fankam mendjiadeu,no_projection_for_player_team_date
2026-05-29,2026,Dulcy Fankam Mendjiadeu,DAL,LVA,H,0.0,0.0,0.0,0.0,0.0,0.0,0.0,0.0,0.0,0.0,0.0,0.0,0.0,0.0,,dulcy fankam mendjiadeu,1,last_good_canonical,401856943.0,4594527.0,F,0.0,0.0,espn,dulcy fankam mendjiadeu,no_projection_for_player_team_date
2026-05-10,2026,Eliska Hamzova,MIN,ATL,H,0.0,0.0,0.0,0.0,0.0,0.0,0.0,0.0,0.0,0.0,0.0,0.0,0.0,0.0,,eliska hamzova,1,last_good_canonical,401856899.0,5345478.0,G,0.0,0.0,espn,eliska hamzova,no_projection_for_player_team_date
2026-05-13,2026,Eliska Hamzova,MIN,PHX,A,5.0,2.0,1.0,0.0,0.0,0.0,0.0,2.0,1.0,0.0,2.0,2.0,0.0,1.0,,eliska hamzova,0,last_good_canonical,401856902.0,5345478.0,G,0.0,1.0,espn,eliska hamzova,no_projection_for_player_team_date
2026-05-15,2026,Eliska Hamzova,MIN,DAL,A,0.0,0.0,0.0,0.0,0.0,0.0,0.0,0.0,0.0,0.0,0.0,0.0,0.0,0.0,,eliska hamzova,0,last_good_canonical,401856908.0,5345478.0,G,0.0,0.0,espn,eliska hamzova,no_projection_for_player_team_date
2026-05-17,2026,Eliska Hamzova,MIN,CHI,H,2.0,0.0,0.0,0.0,0.0,0.0,0.0,0.0,0.0,0.0,0.0,0.0,0.0,0.0,,eliska hamzova,1,last_good_canonical,401856914.0,5345478.0,G,0.0,1.0,espn,eliska hamzova,no_projection_for_player_team_date
2026-05-22,2026,Eliska Hamzova,MIN,TOR,H,5.0,4.0,6.0,2.0,0.0,0.0,0.0,2.0,1.0,0.0,6.0,4.0,2.0,4.0,,eliska hamzova,1,last_good_canonical,401856925.0,5345478.0,G,0.0,1.0,espn,eliska hamzova,no_projection_for_player_team_date
2026-05-23,2026,Eliska Hamzova,MIN,CHI,A,0.0,0.0,0.0,0.0,0.0,0.0,0.0,0.0,0.0,0.0,0.0,0.0,0.0,0.0,,eliska hamzova,0,last_good_canonical,401856930.0,5345478.0,G,0.0,0.0,espn,eliska hamzova,no_projection_for_player_team_date
2026-06-16,2026,Eliska Hamzova,MIN,POR,H,10.0,4.0,0.0,1.0,0.0,0.0,0.0,0.0,3.0,2.0,0.0,0.0,0.0,0.0,,eliska hamzova,1,last_good_canonical,401856993.0,5345478.0,G,0.0,1.0,espn,eliska hamzova,no_projection_for_player_team_date
2026-06-18,2026,Eliska Hamzova,MIN,LAS,A,11.0,0.0,0.0,3.0,0.0,0.0,0.0,1.0,1.0,0.0,0.0,0.0,0.0,0.0,,eliska hamzova,0,last_good_canonical,401856999.0,5345478.0,G,0.0,1.0,espn,eliska hamzova,no_projection_for_player_team_date
2026-05-10,2026,Elizabeth Williams,CHI,POR,A,15.0,10.0,1.0,2.0,0.0,0.0,1.0,0.0,5.0,4.0,3.0,2.0,1.0,0.0,,elizabeth williams,0,last_good_canonical,401856895.0,2566081.0,C,0.0,1.0,espn,elizabeth williams,no_projection_for_player_team_date
2026-05-14,2026,Elizabeth Williams,CHI,GSV,A,13.0,2.0,6.0,0.0,0.0,0.0,1.0,1.0,2.0,1.0,2.0,0.0,3.0,3.0,,elizabeth williams,0,last_good_canonical,401856906.0,2566081.0,C,0.0,1.0,espn,elizabeth williams,no_projection_for_player_team_date
2026-05-17,2026,Elizabeth Williams,CHI,MIN,A,14.0,2.0,8.0,0.0,0.0,0.0,0.0,2.0,3.0,1.0,0.0,0.0,2.0,6.0,,elizabeth williams,0,last_good_canonical,401856914.0,2566081.0,C,0.0,1.0,espn,elizabeth williams,no_projection_for_player_team_date
2026-05-21,2026,Elizabeth Williams,CHI,DAL,H,18.0,5.0,3.0,1.0,0.0,1.0,2.0,1.0,4.0,2.0,2.0,1.0,1.0,2.0,,elizabeth williams,1,last_good_canonical,401856922.0,2566081.0,C,0.0,1.0,espn,elizabeth williams,no_projection_for_player_team_date
2026-05-23,2026,Elizabeth Williams,CHI,MIN,H,18.0,4.0,3.0,1.0,0.0,1.0,0.0,0.0,7.0,2.0,2.0,0.0,2.0,1.0,,elizabeth williams,1,last_good_canonical,401856930.0,2566081.0,C,0.0,1.0,espn,elizabeth williams,no_projection_for_player_team_date
2026-05-28,2026,Elizabeth Williams,CHI,TOR,H,23.0,11.0,9.0,3.0,0.0,1.0,1.0,2.0,6.0,4.0,6.0,3.0,4.0,5.0,,elizabeth williams,1,last_good_canonical,401856939.0,2566081.0,C,0.0,1.0,espn,elizabeth williams,no_projection_for_player_team_date
2026-05-29,2026,Elizabeth Williams,CHI,MIN,H,19.0,0.0,5.0,1.0,0.0,0.0,2.0,1.0,3.0,0.0,4.0,0.0,2.0,3.0,,elizabeth williams,1,last_good_canonical,401856947.0,2566081.0,C,0.0,1.0,espn,elizabeth williams,no_projection_for_player_team_date
2026-06-02,2026,Elizabeth Williams,CHI,WAS,A,23.0,10.0,6.0,3.0,0.0,2.0,1.0,0.0,10.0,4.0,5.0,2.0,1.0,5.0,-13.0,elizabeth williams,0,last_good_canonical,,,,,,,elizabeth williams,no_projection_for_player_team_date
2026-06-18,2026,Elizabeth Williams,CHI,NYL,H,16.0,3.0,3.0,0.0,0.0,0.0,2.0,0.0,2.0,1.0,2.0,1.0,1.0,2.0,,elizabeth williams,1,last_good_canonical,401856997.0,2566081.0,C,0.0,1.0,espn,elizabeth williams,no_projection_for_player_team_date
2026-06-21,2026,Elizabeth Williams,CHI,DAL,A,11.0,4.0,4.0,1.0,0.0,0.0,1.0,0.0,2.0,2.0,2.0,0.0,0.0,4.0,,elizabeth williams,0,last_good_canonical,401857008.0,2566081.0,C,0.0,1.0,espn,elizabeth williams,no_projection_for_player_team_date
2026-06-25,2026,Elizabeth Williams,CHI,POR,H,13.0,2.0,2.0,0.0,0.0,0.0,1.0,1.0,3.0,1.0,0.0,0.0,0.0,2.0,,elizabeth williams,1,last_good_canonical,401857019.0,2566081.0,C,0.0,1.0,espn,elizabeth williams,no_projection_for_player_team_date
2026-05-10,2026,Emese Hof,MIN,ATL,H,4.0,2.0,0.0,0.0,0.0,0.0,0.0,0.0,2.0,1.0,0.0,0.0,0.0,0.0,,emese hof,1,last_good_canonical,401856899.0,3913680.0,C,0.0,1.0,espn,emese hof,no_projection_for_player_team_date
2026-05-17,2026,Emese Hof,MIN,CHI,H,11.0,3.0,3.0,2.0,0.0,0.0,0.0,2.0,3.0,1.0,2.0,1.0,1.0,2.0,,emese hof,1,last_good_canonical,401856914.0,3913680.0,C,0.0,1.0,espn,emese hof,no_projection_for_player_team_date
2026-05-23,2026,Emese Hof,MIN,CHI,A,6.0,2.0,2.0,0.0,0.0,0.0,0.0,2.0,1.0,1.0,0.0,0.0,1.0,1.0,,emese hof,0,last_good_canonical,401856930.0,3913680.0,C,0.0,1.0,espn,emese hof,no_projection_for_player_team_date
2026-05-10,2026,Emily Engstler,POR,CHI,H,23.0,4.0,2.0,2.0,0.0,1.0,3.0,3.0,6.0,2.0,0.0,0.0,0.0,2.0,,emily engstler,1,last_good_canonical,401856895.0,4398729.0,F,1.0,1.0,espn,emily engstler,no_projection_for_player_team_date
2026-05-13,2026,Emily Engstler,POR,NYL,H,24.0,6.0,3.0,1.0,2.0,2.0,3.0,3.0,3.0,2.0,0.0,0.0,0.0,3.0,,emily engstler,1,last_good_canonical,401856903.0,4398729.0,F,1.0,1.0,espn,emily engstler,no_projection_for_player_team_date
2026-05-15,2026,Emily Engstler,POR,NYL,H,19.0,11.0,4.0,0.0,2.0,0.0,1.0,1.0,7.0,4.0,2.0,1.0,1.0,3.0,,emily engstler,1,last_good_canonical,401856909.0,4398729.0,F,1.0,1.0,espn,emily engstler,no_projection_for_player_team_date
2026-05-19,2026,Emily Engstler,POR,CON,H,28.0,15.0,3.0,2.0,2.0,2.0,1.0,2.0,7.0,4.0,5.0,5.0,1.0,2.0,,emily engstler,1,last_good_canonical,401856919.0,4398729.0,F,1.0,1.0,espn,emily engstler,no_projection_for_player_team_date
2026-05-28,2026,Emily Engstler,POR,CON,H,19.0,4.0,1.0,2.0,0.0,0.0,2.0,2.0,5.0,2.0,0.0,0.0,0.0,1.0,,emily engstler,1,last_good_canonical,401856941.0,4398729.0,F,1.0,1.0,espn,emily engstler,no_projection_for_player_team_date
2026-05-30,2026,Emily Engstler,POR,ATL,H,18.0,10.0,2.0,0.0,2.0,0.0,3.0,6.0,9.0,4.0,0.0,0.0,1.0,1.0,,emily engstler,1,last_good_canonical,401856948.0,4398729.0,F,1.0,1.0,espn,emily engstler,no_projection_for_player_team_date
2026-05-31,2026,Emily Engstler,POR,IND,H,29.0,16.0,10.0,4.0,2.0,4.0,2.0,1.0,10.0,7.0,0.0,0.0,3.0,7.0,,emily engstler,1,last_good_canonical,401856951.0,4398729.0,F,1.0,1.0,espn,emily engstler,no_projection_for_player_team_date
2026-06-03,2026,Emily Engstler,POR,GSV,A,29.0,12.0,8.0,1.0,2.0,1.0,2.0,0.0,12.0,4.0,4.0,2.0,4.0,4.0,,emily engstler,0,last_good_canonical,401856957.0,4398729.0,F,1.0,1.0,espn,emily engstler,no_projection_for_player_team_date
2026-06-06,2026,Emily Engstler,POR,PHX,H,17.0,3.0,5.0,1.0,0.0,0.0,2.0,2.0,5.0,1.0,2.0,1.0,2.0,3.0,,emily engstler,1,last_good_canonical,401856965.0,4398729.0,F,1.0,1.0,espn,emily engstler,no_projection_for_player_team_date
2026-06-12,2026,Emily Engstler,POR,LVA,H,24.0,7.0,6.0,0.0,0.0,2.0,2.0,2.0,5.0,2.0,4.0,3.0,0.0,6.0,,emily engstler,1,last_good_canonical,401856983.0,4398729.0,F,1.0,1.0,espn,emily engstler,no_projection_for_player_team_date
2026-06-14,2026,Emily Engstler,POR,DAL,H,24.0,11.0,6.0,2.0,0.0,1.0,2.0,1.0,10.0,4.0,5.0,3.0,0.0,6.0,,emily engstler,1,last_good_canonical,401856988.0,4398729.0,F,1.0,1.0,espn,emily engstler,no_projection_for_player_team_date
2026-06-16,2026,Emily Engstler,POR,MIN,A,20.0,9.0,2.0,3.0,1.0,2.0,1.0,3.0,7.0,4.0,0.0,0.0,1.0,1.0,,emily engstler,0,last_good_canonical,401856993.0,4398729.0,F,1.0,1.0,espn,emily engstler,no_projection_for_player_team_date
2026-06-18,2026,Emily Engstler,POR,SEA,H,27.0,9.0,6.0,5.0,2.0,1.0,2.0,2.0,8.0,3.0,2.0,1.0,3.0,3.0,,emily engstler,1,last_good_canonical,401857001.0,4398729.0,F,1.0,1.0,espn,emily engstler,no_projection_for_player_team_date
2026-06-25,2026,Emily Engstler,POR,CHI,A,17.0,10.0,4.0,2.0,2.0,2.0,0.0,2.0,6.0,4.0,0.0,0.0,0.0,4.0,,emily engstler,0,last_good_canonical,401857019.0,4398729.0,F,1.0,1.0,espn,emily engstler,no_projection_for_player_team_date
2025-07-05,2025,Emma Cannon,LAS,IND,A,11.0,0.0,1.0,0.0,0.0,0.0,0.0,0.0,2.0,0.0,0.0,0.0,0.0,1.0,,emma cannon,0,last_good_canonical,401736225.0,2284331.0,F,0.0,1.0,espn,emma cannon,no_projection_for_player_team_date
2026-05-10,2026,Emma Cannon,LAS,LVA,A,2.0,3.0,0.0,0.0,1.0,0.0,0.0,2.0,1.0,1.0,0.0,0.0,0.0,0.0,,emma cannon,0,last_good_canonical,401856898.0,2284331.0,F,0.0,1.0,espn,emma cannon,no_projection_for_player_team_date
2026-05-14,2026,Emma Cannon,LAS,IND,A,0.0,0.0,0.0,0.0,0.0,0.0,0.0,0.0,0.0,0.0,0.0,0.0,0.0,0.0,,emma cannon,0,last_good_canonical,401856907.0,2284331.0,F,0.0,0.0,espn,emma cannon,no_projection_for_player_team_date
2026-05-17,2026,Emma Cannon,LAS,TOR,A,0.0,0.0,0.0,0.0,0.0,0.0,0.0,0.0,0.0,0.0,0.0,0.0,0.0,0.0,,emma cannon,0,last_good_canonical,401856917.0,2284331.0,F,0.0,0.0,espn,emma cannon,no_projection_for_player_team_date
2026-05-22,2026,Emma Cannon,LAS,PHX,A,0.0,0.0,0.0,0.0,0.0,0.0,0.0,0.0,0.0,0.0,0.0,0.0,0.0,0.0,,emma cannon,0,last_good_canonical,401856926.0,2284331.0,F,0.0,0.0,espn,emma cannon,no_projection_for_player_team_date
2026-05-24,2026,Emma Cannon,LAS,LVA,A,1.0,0.0,0.0,0.0,0.0,0.0,0.0,0.0,0.0,0.0,0.0,0.0,0.0,0.0,,emma cannon,0,last_good_canonical,401856932.0,2284331.0,F,0.0,1.0,espn,emma cannon,no_projection_for_player_team_date
2026-05-29,2026,Emma Cannon,LAS,WAS,A,0.0,0.0,0.0,0.0,0.0,0.0,0.0,0.0,0.0,0.0,0.0,0.0,0.0,0.0,,emma cannon,0,last_good_canonical,401856946.0,2284331.0,F,0.0,0.0,espn,emma cannon,no_projection_for_player_team_date
2026-05-30,2026,Emma Cannon,LAS,CON,A,0.0,0.0,0.0,0.0,0.0,0.0,0.0,0.0,0.0,0.0,0.0,0.0,0.0,0.0,,emma cannon,0,last_good_canonical,401856950.0,2284331.0,F,0.0,0.0,espn,emma cannon,no_projection_for_player_team_date
2026-06-02,2026,Emma Cannon,LAS,LVA,H,,,,,,,,,,,,,,,,emma cannon,1,last_good_canonical,,,,,,,emma cannon,no_projection_for_player_team_date
2026-06-03,2026,Emma Cannon,LAS,LVA,A,0.0,0.0,0.0,0.0,0.0,0.0,0.0,0.0,0.0,0.0,0.0,0.0,0.0,0.0,,emma cannon,0,last_good_canonical,401856958.0,2284331.0,F,0.0,0.0,espn,emma cannon,no_projection_for_player_team_date
2026-06-06,2026,Emma Cannon,LAS,DAL,A,0.0,0.0,0.0,0.0,0.0,0.0,0.0,0.0,0.0,0.0,0.0,0.0,0.0,0.0,,emma cannon,0,last_good_canonical,401856964.0,2284331.0,F,0.0,0.0,espn,emma cannon,no_projection_for_player_team_date
2026-06-11,2026,Emma Cannon,LAS,SEA,A,0.0,0.0,0.0,0.0,0.0,0.0,0.0,0.0,0.0,0.0,0.0,0.0,0.0,0.0,,emma cannon,0,last_good_canonical,401856979.0,2284331.0,F,0.0,0.0,espn,emma cannon,no_projection_for_player_team_date
2026-06-14,2026,Emma Cannon,LAS,PHX,A,0.0,0.0,0.0,0.0,0.0,0.0,0.0,0.0,0.0,0.0,0.0,0.0,0.0,0.0,,emma cannon,0,last_good_canonical,401856989.0,2284331.0,F,0.0,0.0,espn,emma cannon,no_projection_for_player_team_date
2026-06-16,2026,Emma Cannon,LAS,GSV,A,0.0,0.0,0.0,0.0,0.0,0.0,0.0,0.0,0.0,0.0,0.0,0.0,0.0,0.0,,emma cannon,0,last_good_canonical,401856994.0,2284331.0,F,0.0,0.0,espn,emma cannon,no_projection_for_player_team_date
2026-06-18,2026,Emma Cannon,LAS,MIN,A,4.0,5.0,1.0,1.0,1.0,0.0,0.0,0.0,2.0,1.0,2.0,2.0,1.0,0.0,,emma cannon,0,last_good_canonical,401856999.0,2284331.0,F,0.0,1.0,espn,emma cannon,no_projection_for_player_team_date
2026-06-22,2026,Emma Cannon,LAS,NYL,A,0.0,0.0,0.0,0.0,0.0,0.0,0.0,0.0,0.0,0.0,0.0,0.0,0.0,0.0,,emma cannon,0,last_good_canonical,401857011.0,2284331.0,F,0.0,0.0,espn,emma cannon,no_projection_for_player_team_date
2026-06-28,2026,Emma Cannon,LAS,IND,A,7.0,6.0,1.0,1.0,1.0,0.0,0.0,0.0,2.0,1.0,4.0,3.0,0.0,1.0,,emma cannon,0,last_good_canonical,401857028.0,2284331.0,F,0.0,1.0,espn,emma cannon,no_projection_for_player_team_date
2026-05-10,2026,Emma Cechova,MIN,ATL,H,19.0,12.0,3.0,0.0,0.0,0.0,1.0,2.0,5.0,5.0,4.0,2.0,1.0,2.0,,emma cechova,1,last_good_canonical,401856899.0,5345322.0,F,0.0,1.0,espn,emma cechova,no_projection_for_player_team_date
2026-05-13,2026,Emma Cechova,MIN,PHX,A,22.0,11.0,6.0,0.0,0.0,1.0,1.0,2.0,8.0,4.0,4.0,3.0,3.0,3.0,,emma cechova,0,last_good_canonical,401856902.0,5345322.0,F,0.0,1.0,espn,emma cechova,no_projection_for_player_team_date
2026-05-15,2026,Emma Cechova,MIN,DAL,A,11.0,2.0,2.0,0.0,0.0,0.0,0.0,0.0,3.0,1.0,0.0,0.0,0.0,2.0,,emma cechova,0,last_good_canonical,401856908.0,5345322.0,F,0.0,1.0,espn,emma cechova,no_projection_for_player_team_date
2026-05-17,2026,Emma Cechova,MIN,CHI,H,0.0,0.0,0.0,0.0,0.0,0.0,0.0,0.0,0.0,0.0,0.0,0.0,0.0,0.0,,emma cechova,1,last_good_canonical,401856914.0,5345322.0,F,0.0,0.0,espn,emma cechova,no_projection_for_player_team_date
2026-05-22,2026,Emma Cechova,MIN,TOR,H,0.0,0.0,0.0,0.0,0.0,0.0,0.0,0.0,0.0,0.0,0.0,0.0,0.0,0.0,,emma cechova,1,last_good_canonical,401856925.0,5345322.0,F,0.0,0.0,espn,emma cechova,no_projection_for_player_team_date
2026-05-23,2026,Emma Cechova,MIN,CHI,A,0.0,0.0,0.0,0.0,0.0,0.0,0.0,0.0,0.0,0.0,0.0,0.0,0.0,0.0,,emma cechova,0,last_good_canonical,401856930.0,5345322.0,F,0.0,0.0,espn,emma cechova,no_projection_for_player_team_date
2026-05-28,2026,Emma Cechova,MIN,ATL,H,0.0,0.0,0.0,0.0,0.0,0.0,0.0,0.0,0.0,0.0,0.0,0.0,0.0,0.0,,emma cechova,1,last_good_canonical,401856940.0,5345322.0,F,0.0,0.0,espn,emma cechova,no_projection_for_player_team_date
2026-05-29,2026,Emma Cechova,MIN,CHI,A,0.0,0.0,0.0,0.0,0.0,0.0,0.0,0.0,0.0,0.0,0.0,0.0,0.0,0.0,,emma cechova,0,last_good_canonical,401856947.0,5345322.0,F,0.0,0.0,espn,emma cechova,no_projection_for_player_team_date
2026-06-02,2026,Emma Cechova,MIN,PHX,A,0.0,0.0,0.0,0.0,0.0,0.0,0.0,0.0,0.0,0.0,0.0,0.0,0.0,0.0,,emma cechova,0,last_good_canonical,401856954.0,5345322.0,F,0.0,0.0,espn,emma cechova,no_projection_for_player_team_date
2026-06-04,2026,Emma Cechova,MIN,GSV,H,,,,,,,,,,,,,,,,emma cechova,1,last_good_canonical,,,,,,,emma cechova,no_projection_for_player_team_date
2026-06-06,2026,Emma Cechova,MIN,SEA,H,,,,,,,,,,,,,,,,emma cechova,1,last_good_canonical,,,,,,,emma cechova,no_projection_for_player_team_date
2026-06-10,2026,Emma Cechova,MIN,DAL,H,0.0,0.0,0.0,0.0,0.0,0.0,0.0,0.0,0.0,0.0,0.0,0.0,0.0,0.0,,emma cechova,1,last_good_canonical,401856976.0,5345322.0,F,0.0,0.0,espn,emma cechova,no_projection_for_player_team_date
2026-06-16,2026,Emma Cechova,MIN,POR,H,0.0,0.0,0.0,0.0,0.0,0.0,0.0,0.0,0.0,0.0,0.0,0.0,0.0,0.0,,emma cechova,1,last_good_canonical,401856993.0,5345322.0,F,0.0,0.0,espn,emma cechova,no_projection_for_player_team_date
2026-05-10,2026,Erica Wheeler,LAS,LVA,A,18.0,2.0,1.0,1.0,0.0,3.0,0.0,0.0,11.0,1.0,0.0,0.0,1.0,0.0,,erica wheeler,0,last_good_canonical,401856898.0,2491214.0,G,0.0,1.0,espn,erica wheeler,no_projection_for_player_team_date
2026-05-14,2026,Erica Wheeler,LAS,IND,A,21.0,2.0,1.0,4.0,0.0,2.0,0.0,0.0,5.0,1.0,0.0,0.0,0.0,1.0,,erica wheeler,0,last_good_canonical,401856907.0,2491214.0,G,0.0,1.0,espn,erica wheeler,no_projection_for_player_team_date
2026-05-22,2026,Erica Wheeler,LAS,PHX,A,26.0,5.0,1.0,4.0,1.0,0.0,0.0,2.0,4.0,2.0,0.0,0.0,0.0,1.0,,erica wheeler,0,last_good_canonical,401856926.0,2491214.0,G,1.0,1.0,espn,erica wheeler,no_projection_for_player_team_date
2026-05-24,2026,Erica Wheeler,LAS,LVA,A,34.0,10.0,7.0,6.0,2.0,2.0,0.0,2.0,7.0,4.0,0.0,0.0,0.0,7.0,,erica wheeler,0,last_good_canonical,401856932.0,2491214.0,G,1.0,1.0,espn,erica wheeler,no_projection_for_player_team_date
2026-05-29,2026,Erica Wheeler,LAS,WAS,A,35.0,21.0,2.0,8.0,1.0,1.0,0.0,4.0,16.0,8.0,4.0,4.0,1.0,1.0,,erica wheeler,0,last_good_canonical,401856946.0,2491214.0,G,1.0,1.0,espn,erica wheeler,no_projection_for_player_team_date
2026-06-03,2026,Erica Wheeler,LAS,LVA,A,26.0,10.0,0.0,1.0,2.0,0.0,0.0,3.0,6.0,3.0,3.0,2.0,0.0,0.0,,erica wheeler,0,last_good_canonical,401856958.0,2491214.0,G,1.0,1.0,espn,erica wheeler,no_projection_for_player_team_date
2026-06-06,2026,Erica Wheeler,LAS,DAL,A,33.0,7.0,1.0,6.0,1.0,1.0,0.0,4.0,8.0,2.0,2.0,2.0,1.0,0.0,,erica wheeler,0,last_good_canonical,401856964.0,2491214.0,G,1.0,1.0,espn,erica wheeler,no_projection_for_player_team_date
2026-06-11,2026,Erica Wheeler,LAS,SEA,A,26.0,10.0,1.0,1.0,2.0,0.0,0.0,2.0,9.0,3.0,2.0,2.0,0.0,1.0,,erica wheeler,0,last_good_canonical,401856979.0,2491214.0,G,1.0,1.0,espn,erica wheeler,no_projection_for_player_team_date
2026-06-14,2026,Erica Wheeler,LAS,PHX,A,29.0,6.0,0.0,5.0,2.0,3.0,0.0,3.0,8.0,2.0,0.0,0.0,0.0,0.0,,erica wheeler,0,last_good_canonical,401856989.0,2491214.0,G,1.0,1.0,espn,erica wheeler,no_projection_for_player_team_date
2026-06-16,2026,Erica Wheeler,LAS,GSV,A,28.0,0.0,4.0,5.0,0.0,1.0,0.0,1.0,7.0,0.0,0.0,0.0,1.0,3.0,,erica wheeler,0,last_good_canonical,401856994.0,2491214.0,G,1.0,1.0,espn,erica wheeler,no_projection_for_player_team_date
2026-06-18,2026,Erica Wheeler,LAS,MIN,A,25.0,6.0,1.0,4.0,0.0,1.0,0.0,2.0,10.0,2.0,2.0,2.0,1.0,0.0,,erica wheeler,0,last_good_canonical,401856999.0,2491214.0,G,1.0,1.0,espn,erica wheeler,no_projection_for_player_team_date
2026-06-22,2026,Erica Wheeler,LAS,NYL,A,26.0,15.0,2.0,5.0,2.0,1.0,0.0,1.0,11.0,6.0,1.0,1.0,1.0,1.0,,erica wheeler,0,last_good_canonical,401857011.0,2491214.0,G,1.0,1.0,espn,erica wheeler,no_projection_for_player_team_date
2026-06-28,2026,Erica Wheeler,LAS,IND,A,21.0,2.0,0.0,5.0,0.0,0.0,1.0,2.0,3.0,1.0,0.0,0.0,0.0,0.0,,erica wheeler,0,last_good_canonical,401857028.0,2491214.0,G,1.0,1.0,espn,erica wheeler,no_projection_for_player_team_date
2026-05-09,2026,Ezi Magbegor,SEA,GSV,H,0.0,0.0,0.0,0.0,0.0,0.0,0.0,0.0,0.0,0.0,0.0,0.0,0.0,0.0,,ezi magbegor,1,last_good_canonical,401856892.0,4420318.0,F,0.0,0.0,espn,ezi magbegor,no_projection_for_player_team_date
2026-05-10,2026,Ezi Magbegor,SEA,CON,A,0.0,0.0,0.0,0.0,0.0,0.0,0.0,0.0,0.0,0.0,0.0,0.0,0.0,0.0,,ezi magbegor,0,last_good_canonical,401856896.0,4420318.0,F,0.0,0.0,espn,ezi magbegor,no_projection_for_player_team_date
2026-05-13,2026,Ezi Magbegor,SEA,TOR,A,0.0,0.0,0.0,0.0,0.0,0.0,0.0,0.0,0.0,0.0,0.0,0.0,0.0,0.0,,ezi magbegor,0,last_good_canonical,401856904.0,4420318.0,F,0.0,0.0,espn,ezi magbegor,no_projection_for_player_team_date
2026-05-17,2026,Ezi Magbegor,SEA,IND,A,0.0,0.0,0.0,0.0,0.0,0.0,0.0,0.0,0.0,0.0,0.0,0.0,0.0,0.0,,ezi magbegor,0,last_good_canonical,401856916.0,4420318.0,F,0.0,0.0,espn,ezi magbegor,no_projection_for_player_team_date
2026-05-21,2026,Ezi Magbegor,SEA,CON,H,0.0,0.0,0.0,0.0,0.0,0.0,0.0,0.0,0.0,0.0,0.0,0.0,0.0,0.0,,ezi magbegor,1,last_good_canonical,401856923.0,4420318.0,F,0.0,0.0,espn,ezi magbegor,no_projection_for_player_team_date
2026-05-23,2026,Ezi Magbegor,SEA,CON,H,0.0,0.0,0.0,0.0,0.0,0.0,0.0,0.0,0.0,0.0,0.0,0.0,0.0,0.0,,ezi magbegor,1,last_good_canonical,401856929.0,4420318.0,F,0.0,0.0,espn,ezi magbegor,no_projection_for_player_team_date
2026-05-24,2026,Ezi Magbegor,SEA,WAS,H,0.0,0.0,0.0,0.0,0.0,0.0,0.0,0.0,0.0,0.0,0.0,0.0,0.0,0.0,,ezi magbegor,1,last_good_canonical,401856935.0,4420318.0,F,0.0,0.0,espn,ezi magbegor,no_projection_for_player_team_date
2026-05-28,2026,Ezi Magbegor,SEA,WAS,H,0.0,0.0,0.0,0.0,0.0,0.0,0.0,0.0,0.0,0.0,0.0,0.0,0.0,0.0,,ezi magbegor,1,last_good_canonical,401856942.0,4420318.0,F,0.0,0.0,espn,ezi magbegor,no_projection_for_player_team_date
2026-05-30,2026,Ezi Magbegor,SEA,TOR,A,0.0,0.0,0.0,0.0,0.0,0.0,0.0,0.0,0.0,0.0,0.0,0.0,0.0,0.0,,ezi magbegor,0,last_good_canonical,401856949.0,4420318.0,F,0.0,0.0,espn,ezi magbegor,no_projection_for_player_team_date
2026-06-02,2026,Ezi Magbegor,SEA,DAL,A,0.0,0.0,0.0,0.0,0.0,0.0,0.0,0.0,0.0,0.0,0.0,0.0,0.0,0.0,,ezi magbegor,0,last_good_canonical,401856953.0,4420318.0,F,0.0,0.0,espn,ezi magbegor,no_projection_for_player_team_date
2026-06-03,2026,Ezi Magbegor,SEA,PHX,H,,,,,,,,,,,,,,,,ezi magbegor,1,last_good_canonical,,,,,,,ezi magbegor,no_projection_for_player_team_date
2026-06-04,2026,Ezi Magbegor,SEA,PHX,H,0.0,0.0,0.0,0.0,0.0,0.0,0.0,0.0,0.0,0.0,0.0,0.0,0.0,0.0,,ezi magbegor,1,last_good_canonical,401856960.0,4420318.0,F,0.0,0.0,espn,ezi magbegor,no_projection_for_player_team_date
2026-06-06,2026,Ezi Magbegor,SEA,MIN,A,,,,,,,,,,,,,,,,ezi magbegor,0,last_good_canonical,,,,,,,ezi magbegor,no_projection_for_player_team_date
2026-06-09,2026,Ezi Magbegor,SEA,LVA,A,0.0,0.0,0.0,0.0,0.0,0.0,0.0,0.0,0.0,0.0,0.0,0.0,0.0,0.0,,ezi magbegor,0,last_good_canonical,401856974.0,4420318.0,F,0.0,0.0,espn,ezi magbegor,no_projection_for_player_team_date
2026-06-11,2026,Ezi Magbegor,SEA,LAS,H,0.0,0.0,0.0,0.0,0.0,0.0,0.0,0.0,0.0,0.0,0.0,0.0,0.0,0.0,,ezi magbegor,1,last_good_canonical,401856979.0,4420318.0,F,0.0,0.0,espn,ezi magbegor,no_projection_for_player_team_date
2026-06-13,2026,Ezi Magbegor,SEA,GSV,H,0.0,0.0,0.0,0.0,0.0,0.0,0.0,0.0,0.0,0.0,0.0,0.0,0.0,0.0,,ezi magbegor,1,last_good_canonical,401856985.0,4420318.0,F,0.0,0.0,espn,ezi magbegor,no_projection_for_player_team_date
2026-06-18,2026,Ezi Magbegor,SEA,POR,A,0.0,0.0,0.0,0.0,0.0,0.0,0.0,0.0,0.0,0.0,0.0,0.0,0.0,0.0,,ezi magbegor,0,last_good_canonical,401857001.0,4420318.0,F,0.0,0.0,espn,ezi magbegor,no_projection_for_player_team_date
2026-06-23,2026,Ezi Magbegor,SEA,DAL,H,0.0,0.0,0.0,0.0,0.0,0.0,0.0,0.0,0.0,0.0,0.0,0.0,0.0,0.0,,ezi magbegor,1,last_good_canonical,401857015.0,4420318.0,F,0.0,0.0,espn,ezi magbegor,no_projection_for_player_team_date
2026-06-26,2026,Ezi Magbegor,SEA,NYL,H,0.0,0.0,0.0,0.0,0.0,0.0,0.0,0.0,0.0,0.0,0.0,0.0,0.0,0.0,,ezi magbegor,1,last_good_canonical,401857023.0,4420318.0,F,0.0,0.0,espn,ezi magbegor,no_projection_for_player_team_date
2026-06-28,2026,Ezi Magbegor,SEA,ATL,H,0.0,0.0,0.0,0.0,0.0,0.0,0.0,0.0,0.0,0.0,0.0,0.0,0.0,0.0,,ezi magbegor,1,last_good_canonical,401857029.0,4420318.0,F,0.0,0.0,espn,ezi magbegor,no_projection_for_player_team_date
2026-05-09,2026,Flau'jae Johnson,SEA,GSV,H,26.0,12.0,2.0,2.0,3.0,1.0,0.0,2.0,12.0,3.0,3.0,3.0,0.0,2.0,,flau'jae johnson,1,last_good_canonical,401856892.0,4698736.0,G,1.0,1.0,espn,flau'jae johnson,no_projection_for_player_team_date
2026-05-21,2026,Flau'jae Johnson,SEA,CON,H,16.0,5.0,3.0,0.0,0.0,1.0,1.0,0.0,6.0,2.0,2.0,1.0,0.0,3.0,,flau'jae johnson,1,last_good_canonical,401856923.0,4698736.0,G,1.0,1.0,espn,flau'jae johnson,no_projection_for_player_team_date
2026-05-23,2026,Flau'jae Johnson,SEA,CON,H,31.0,17.0,7.0,5.0,3.0,0.0,3.0,5.0,12.0,7.0,0.0,0.0,0.0,7.0,,flau'jae johnson,1,last_good_canonical,401856929.0,4698736.0,G,1.0,1.0,espn,flau'jae johnson,no_projection_for_player_team_date
2026-05-28,2026,Flau'jae Johnson,SEA,WAS,H,29.0,8.0,2.0,2.0,0.0,0.0,2.0,0.0,13.0,3.0,2.0,2.0,1.0,1.0,,flau'jae johnson,1,last_good_canonical,401856942.0,4698736.0,G,1.0,1.0,espn,flau'jae johnson,no_projection_for_player_team_date
2026-06-02,2026,Flau'jae Johnson,SEA,DAL,A,25.0,16.0,10.0,1.0,1.0,1.0,1.0,5.0,12.0,4.0,10.0,7.0,2.0,8.0,,flau'jae johnson,0,last_good_canonical,401856953.0,4698736.0,G,1.0,1.0,espn,flau'jae johnson,no_projection_for_player_team_date
2026-06-04,2026,Flau'jae Johnson,SEA,PHX,H,29.0,9.0,4.0,5.0,2.0,2.0,0.0,4.0,11.0,3.0,2.0,1.0,0.0,4.0,,flau'jae johnson,1,last_good_canonical,401856960.0,4698736.0,G,1.0,1.0,espn,flau'jae johnson,no_projection_for_player_team_date
2026-06-09,2026,Flau'jae Johnson,SEA,LVA,A,24.0,13.0,2.0,7.0,1.0,0.0,0.0,0.0,9.0,5.0,2.0,2.0,0.0,2.0,,flau'jae johnson,0,last_good_canonical,401856974.0,4698736.0,G,1.0,1.0,espn,flau'jae johnson,no_projection_for_player_team_date
2026-06-11,2026,Flau'jae Johnson,SEA,LAS,H,30.0,14.0,12.0,6.0,1.0,0.0,0.0,0.0,11.0,4.0,6.0,5.0,2.0,10.0,,flau'jae johnson,1,last_good_canonical,401856979.0,4698736.0,G,1.0,1.0,espn,flau'jae johnson,no_projection_for_player_team_date
2026-06-13,2026,Flau'jae Johnson,SEA,GSV,H,29.0,8.0,5.0,1.0,0.0,0.0,0.0,3.0,9.0,4.0,0.0,0.0,0.0,5.0,,flau'jae johnson,1,last_good_canonical,401856985.0,4698736.0,G,1.0,1.0,espn,flau'jae johnson,no_projection_for_player_team_date
2026-06-18,2026,Flau'jae Johnson,SEA,POR,A,22.0,8.0,2.0,1.0,0.0,1.0,0.0,2.0,7.0,4.0,0.0,0.0,1.0,1.0,,flau'jae johnson,0,last_good_canonical,401857001.0,4698736.0,G,1.0,1.0,espn,flau'jae johnson,no_projection_for_player_team_date
2026-06-23,2026,Flau'jae Johnson,SEA,DAL,H,40.0,11.0,5.0,9.0,2.0,2.0,1.0,2.0,9.0,3.0,3.0,3.0,0.0,5.0,,flau'jae johnson,1,last_good_canonical,401857015.0,4698736.0,G,1.0,1.0,espn,flau'jae johnson,no_projection_for_player_team_date
2026-06-26,2026,Flau'jae Johnson,SEA,NYL,H,33.0,28.0,9.0,2.0,4.0,3.0,1.0,2.0,23.0,11.0,4.0,2.0,4.0,5.0,,flau'jae johnson,1,last_good_canonical,401857023.0,4698736.0,G,1.0,1.0,espn,flau'jae johnson,no_projection_for_player_team_date
2026-06-28,2026,Flau'jae Johnson,SEA,ATL,H,33.0,24.0,11.0,4.0,2.0,2.0,0.0,4.0,12.0,9.0,5.0,4.0,2.0,9.0,,flau'jae johnson,1,last_good_canonical,401857029.0,4698736.0,G,1.0,1.0,espn,flau'jae johnson,no_projection_for_player_team_date
2026-05-10,2026,Frieda Buhner,POR,CHI,H,13.0,4.0,3.0,0.0,0.0,0.0,0.0,0.0,4.0,2.0,0.0,0.0,0.0,3.0,,frieda buhner,1,last_good_canonical,401856895.0,5105406.0,F,0.0,1.0,espn,frieda buhner,no_projection_for_player_team_date
2026-05-13,2026,Frieda Buhner,POR,NYL,H,8.0,2.0,2.0,0.0,0.0,0.0,0.0,0.0,0.0,0.0,2.0,2.0,2.0,0.0,,frieda buhner,1,last_good_canonical,401856903.0,5105406.0,F,0.0,1.0,espn,frieda buhner,no_projection_for_player_team_date
2026-05-15,2026,Frieda Buhner,POR,NYL,H,14.0,0.0,0.0,0.0,0.0,0.0,0.0,2.0,3.0,0.0,0.0,0.0,0.0,0.0,,frieda buhner,1,last_good_canonical,401856909.0,5105406.0,F,0.0,1.0,espn,frieda buhner,no_projection_for_player_team_date
2026-05-19,2026,Frieda Buhner,POR,CON,H,0.0,0.0,0.0,0.0,0.0,0.0,0.0,0.0,0.0,0.0,0.0,0.0,0.0,0.0,,frieda buhner,1,last_good_canonical,401856919.0,5105406.0,F,0.0,0.0,espn,frieda buhner,no_projection_for_player_team_date
2026-05-23,2026,Frieda Buhner,POR,TOR,A,13.0,5.0,2.0,1.0,1.0,0.0,0.0,0.0,2.0,1.0,2.0,2.0,1.0,1.0,,frieda buhner,0,last_good_canonical,401856931.0,5105406.0,F,0.0,1.0,espn,frieda buhner,no_projection_for_player_team_date
2026-05-28,2026,Frieda Buhner,POR,CON,H,13.0,9.0,1.0,0.0,1.0,0.0,0.0,0.0,5.0,4.0,0.0,0.0,0.0,1.0,,frieda buhner,1,last_good_canonical,401856941.0,5105406.0,F,0.0,1.0,espn,frieda buhner,no_projection_for_player_team_date
2026-05-30,2026,Frieda Buhner,POR,ATL,H,14.0,7.0,0.0,0.0,1.0,0.0,0.0,3.0,2.0,2.0,2.0,2.0,0.0,0.0,,frieda buhner,1,last_good_canonical,401856948.0,5105406.0,F,0.0,1.0,espn,frieda buhner,no_projection_for_player_team_date
2026-05-31,2026,Frieda Buhner,POR,IND,H,14.0,10.0,1.0,0.0,0.0,1.0,0.0,0.0,5.0,3.0,4.0,4.0,1.0,0.0,,frieda buhner,1,last_good_canonical,401856951.0,5105406.0,F,0.0,1.0,espn,frieda buhner,no_projection_for_player_team_date
2026-06-02,2026,Frieda Buhner,POR,GSV,A,10.0,0.0,0.0,1.0,0.0,0.0,0.0,1.0,1.0,0.0,0.0,0.0,0.0,0.0,-9.0,frieda buhner,0,last_good_canonical,,,,,,,frieda buhner,no_projection_for_player_team_date
2026-06-03,2026,Frieda Buhner,POR,GSV,A,10.0,0.0,0.0,1.0,0.0,0.0,0.0,1.0,1.0,0.0,0.0,0.0,0.0,0.0,,frieda buhner,0,last_good_canonical,401856957.0,5105406.0,F,0.0,1.0,espn,frieda buhner,no_projection_for_player_team_date
2026-06-06,2026,Frieda Buhner,POR,PHX,H,15.0,5.0,4.0,0.0,0.0,0.0,0.0,2.0,5.0,1.0,3.0,3.0,1.0,3.0,,frieda buhner,1,last_good_canonical,401856965.0,5105406.0,F,0.0,1.0,espn,frieda buhner,no_projection_for_player_team_date
2026-06-12,2026,Frieda Buhner,POR,LVA,H,10.0,2.0,0.0,0.0,0.0,0.0,0.0,1.0,2.0,1.0,0.0,0.0,0.0,0.0,,frieda buhner,1,last_good_canonical,401856983.0,5105406.0,F,0.0,1.0,espn,frieda buhner,no_projection_for_player_team_date
2026-06-14,2026,Frieda Buhner,POR,DAL,H,13.0,5.0,0.0,0.0,1.0,1.0,0.0,0.0,3.0,2.0,0.0,0.0,0.0,0.0,,frieda buhner,1,last_good_canonical,401856988.0,5105406.0,F,0.0,1.0,espn,frieda buhner,no_projection_for_player_team_date
2026-06-16,2026,Frieda Buhner,POR,MIN,A,20.0,10.0,2.0,1.0,0.0,0.0,0.0,0.0,9.0,3.0,5.0,4.0,2.0,0.0,,frieda buhner,0,last_good_canonical,401856993.0,5105406.0,F,0.0,1.0,espn,frieda buhner,no_projection_for_player_team_date
2026-06-18,2026,Frieda Buhner,POR,SEA,H,13.0,3.0,2.0,1.0,0.0,0.0,0.0,0.0,4.0,1.0,1.0,1.0,0.0,2.0,,frieda buhner,1,last_good_canonical,401857001.0,5105406.0,F,0.0,1.0,espn,frieda buhner,no_projection_for_player_team_date
2026-06-25,2026,Frieda Buhner,POR,CHI,A,16.0,2.0,3.0,2.0,0.0,1.0,0.0,1.0,3.0,0.0,2.0,2.0,0.0,3.0,,frieda buhner,0,last_good_canonical,401857019.0,5105406.0,F,0.0,1.0,espn,frieda buhner,no_projection_for_player_team_date
2026-05-09,2026,Gabby Williams,GSV,SEA,A,24.0,7.0,6.0,4.0,1.0,1.0,0.0,2.0,9.0,2.0,3.0,2.0,3.0,3.0,,gabby williams,0,last_good_canonical,401856892.0,3142328.0,F,1.0,1.0,espn,gabby williams,no_projection_for_player_team_date
2026-05-14,2026,Gabby Williams,GSV,CHI,A,32.0,18.0,5.0,1.0,3.0,1.0,1.0,2.0,17.0,6.0,4.0,3.0,1.0,4.0,,gabby williams,0,last_good_canonical,401856906.0,3142328.0,F,1.0,1.0,espn,gabby williams,no_projection_for_player_team_date
2026-05-29,2026,Gabby Williams,GSV,IND,A,28.0,19.0,6.0,6.0,0.0,3.0,0.0,1.0,14.0,6.0,10.0,7.0,1.0,5.0,,gabby williams,0,last_good_canonical,401856944.0,3142328.0,F,1.0,1.0,espn,gabby williams,no_projection_for_player_team_date
2026-06-03,2026,Gabby Williams,GSV,POR,A,27.0,8.0,2.0,2.0,0.0,1.0,0.0,0.0,13.0,4.0,0.0,0.0,0.0,2.0,,gabby williams,0,last_good_canonical,401856957.0,3142328.0,F,1.0,1.0,espn,gabby williams,no_projection_for_player_team_date
2026-06-10,2026,Gabby Williams,GSV,PHX,A,30.0,25.0,4.0,1.0,3.0,1.0,0.0,1.0,19.0,9.0,6.0,4.0,1.0,3.0,,gabby williams,0,last_good_canonical,401856977.0,3142328.0,F,1.0,1.0,espn,gabby williams,no_projection_for_player_team_date
2026-06-13,2026,Gabby Williams,GSV,SEA,A,32.0,19.0,1.0,4.0,2.0,1.0,0.0,3.0,16.0,6.0,5.0,5.0,1.0,0.0,,gabby williams,0,last_good_canonical,401856985.0,3142328.0,F,1.0,1.0,espn,gabby williams,no_projection_for_player_team_date
2026-06-16,2026,Gabby Williams,GSV,LAS,A,28.0,16.0,4.0,1.0,1.0,1.0,0.0,3.0,12.0,6.0,3.0,3.0,0.0,4.0,,gabby williams,0,last_good_canonical,401856994.0,3142328.0,F,1.0,1.0,espn,gabby williams,no_projection_for_player_team_date
2026-06-18,2026,Gabby Williams,GSV,DAL,A,29.0,25.0,3.0,4.0,2.0,1.0,0.0,2.0,16.0,7.0,12.0,9.0,2.0,1.0,,gabby williams,0,last_good_canonical,401856998.0,3142328.0,F,1.0,1.0,espn,gabby williams,no_projection_for_player_team_date
2026-06-20,2026,Gabby Williams,GSV,MIN,A,28.0,15.0,8.0,1.0,2.0,1.0,0.0,3.0,16.0,6.0,2.0,1.0,3.0,5.0,,gabby williams,0,last_good_canonical,401857005.0,3142328.0,F,1.0,1.0,espn,gabby williams,no_projection_for_player_team_date
2026-06-25,2026,Gabby Williams,GSV,ATL,A,32.0,23.0,5.0,5.0,3.0,1.0,1.0,0.0,16.0,9.0,2.0,2.0,1.0,4.0,,gabby williams,0,last_good_canonical,401857020.0,3142328.0,F,1.0,1.0,espn,gabby williams,no_projection_for_player_team_date
2026-06-27,2026,Gabby Williams,GSV,ATL,A,22.0,16.0,4.0,2.0,0.0,2.0,0.0,2.0,11.0,5.0,10.0,6.0,0.0,4.0,,gabby williams,0,last_good_canonical,401857026.0,3142328.0,F,1.0,1.0,espn,gabby williams,no_projection_for_player_team_date
2026-05-10,2026,Gabriela Jaquez,CHI,POR,A,32.0,10.0,7.0,2.0,1.0,2.0,0.0,0.0,7.0,3.0,4.0,3.0,2.0,5.0,,gabriela jaquez,0,last_good_canonical,401856895.0,4858656.0,G,1.0,1.0,espn,gabriela jaquez,no_projection_for_player_team_date
2026-05-14,2026,Gabriela Jaquez,CHI,GSV,A,26.0,7.0,5.0,2.0,1.0,0.0,0.0,1.0,7.0,3.0,0.0,0.0,0.0,5.0,,gabriela jaquez,0,last_good_canonical,401856906.0,4858656.0,G,1.0,1.0,espn,gabriela jaquez,no_projection_for_player_team_date
2026-05-17,2026,Gabriela Jaquez,CHI,MIN,A,32.0,20.0,8.0,1.0,1.0,1.0,0.0,2.0,11.0,6.0,7.0,7.0,1.0,7.0,,gabriela jaquez,0,last_good_canonical,401856914.0,4858656.0,G,1.0,1.0,espn,gabriela jaquez,no_projection_for_player_team_date
2026-05-21,2026,Gabriela Jaquez,CHI,DAL,H,28.0,12.0,5.0,2.0,0.0,1.0,0.0,1.0,11.0,4.0,4.0,4.0,1.0,4.0,,gabriela jaquez,1,last_good_canonical,401856922.0,4858656.0,G,1.0,1.0,espn,gabriela jaquez,no_projection_for_player_team_date
2026-05-28,2026,Gabriela Jaquez,CHI,TOR,H,0.0,0.0,0.0,0.0,0.0,0.0,0.0,0.0,0.0,0.0,0.0,0.0,0.0,0.0,,gabriela jaquez,1,last_good_canonical,401856939.0,4858656.0,G,0.0,0.0,espn,gabriela jaquez,no_projection_for_player_team_date
2026-05-29,2026,Gabriela Jaquez,CHI,MIN,H,0.0,0.0,0.0,0.0,0.0,0.0,0.0,0.0,0.0,0.0,0.0,0.0,0.0,0.0,,gabriela jaquez,1,last_good_canonical,401856947.0,4858656.0,G,0.0,0.0,espn,gabriela jaquez,no_projection_for_player_team_date
2026-06-02,2026,Gabriela Jaquez,CHI,WAS,A,,,,,,,,,,,,,,,,gabriela jaquez,0,last_good_canonical,,,,,,,gabriela jaquez,no_projection_for_player_team_date
2026-06-18,2026,Gabriela Jaquez,CHI,NYL,H,29.0,22.0,3.0,3.0,4.0,1.0,0.0,2.0,11.0,7.0,4.0,4.0,0.0,3.0,,gabriela jaquez,1,last_good_canonical,401856997.0,4858656.0,G,1.0,1.0,espn,gabriela jaquez,no_projection_for_player_team_date
2026-06-21,2026,Gabriela Jaquez,CHI,DAL,A,25.0,6.0,7.0,1.0,0.0,2.0,0.0,1.0,7.0,3.0,1.0,0.0,2.0,5.0,,gabriela jaquez,0,last_good_canonical,401857008.0,4858656.0,G,1.0,1.0,espn,gabriela jaquez,no_projection_for_player_team_date
2026-06-25,2026,Gabriela Jaquez,CHI,POR,H,23.0,10.0,5.0,1.0,0.0,0.0,0.0,0.0,7.0,3.0,5.0,4.0,2.0,3.0,,gabriela jaquez,1,last_good_canonical,401857019.0,4858656.0,G,1.0,1.0,espn,gabriela jaquez,no_projection_for_player_team_date
2026-05-15,2026,Georgia Amoore,WAS,IND,A,24.0,7.0,0.0,4.0,1.0,0.0,0.0,2.0,3.0,2.0,2.0,2.0,0.0,0.0,,georgia amoore,0,last_good_canonical,401856911.0,4704180.0,G,1.0,1.0,espn,georgia amoore,no_projection_for_player_team_date
2026-05-19,2026,Georgia Amoore,WAS,DAL,A,24.0,3.0,1.0,3.0,1.0,0.0,0.0,2.0,6.0,1.0,0.0,0.0,0.0,1.0,,georgia amoore,0,last_good_canonical,401856918.0,4704180.0,G,1.0,1.0,espn,georgia amoore,no_projection_for_player_team_date
2026-05-28,2026,Georgia Amoore,WAS,SEA,A,27.0,7.0,0.0,2.0,1.0,0.0,0.0,2.0,3.0,2.0,2.0,2.0,0.0,0.0,,georgia amoore,0,last_good_canonical,401856942.0,4704180.0,G,1.0,1.0,espn,georgia amoore,no_projection_for_player_team_date
2026-05-29,2026,Georgia Amoore,WAS,LAS,A,23.0,1.0,1.0,3.0,0.0,0.0,0.0,3.0,7.0,0.0,2.0,1.0,0.0,1.0,,georgia amoore,0,last_good_canonical,401856946.0,4704180.0,G,1.0,1.0,espn,georgia amoore,no_projection_for_player_team_date
2026-05-08,2026,Gianna Kneepkens,CON,NYL,A,13.0,7.0,5.0,1.0,1.0,0.0,0.0,0.0,8.0,3.0,0.0,0.0,2.0,3.0,,gianna kneepkens,0,last_good_canonical,401856890.0,4898898.0,G,0.0,1.0,espn,gianna kneepkens,no_projection_for_player_team_date
2026-05-10,2026,Gianna Kneepkens,CON,SEA,H,8.0,2.0,1.0,1.0,0.0,0.0,0.0,0.0,2.0,1.0,0.0,0.0,1.0,0.0,,gianna kneepkens,1,last_good_canonical,401856896.0,4898898.0,G,0.0,1.0,espn,gianna kneepkens,no_projection_for_player_team_date
2026-05-14,2026,Gianna Kneepkens,CON,LVA,H,16.0,4.0,3.0,0.0,0.0,1.0,0.0,0.0,4.0,2.0,0.0,0.0,2.0,1.0,,gianna kneepkens,1,last_good_canonical,401856905.0,4898898.0,G,0.0,1.0,espn,gianna kneepkens,no_projection_for_player_team_date
2026-05-15,2026,Gianna Kneepkens,CON,LVA,H,18.0,3.0,3.0,1.0,0.0,0.0,0.0,2.0,5.0,1.0,1.0,1.0,2.0,1.0,,gianna kneepkens,1,last_good_canonical,401856910.0,4898898.0,G,1.0,1.0,espn,gianna kneepkens,no_projection_for_player_team_date
2026-05-19,2026,Gianna Kneepkens,CON,POR,A,4.0,3.0,0.0,0.0,1.0,0.0,0.0,0.0,2.0,1.0,0.0,0.0,0.0,0.0,,gianna kneepkens,0,last_good_canonical,401856919.0,4898898.0,G,0.0,1.0,espn,gianna kneepkens,no_projection_for_player_team_date
2026-05-21,2026,Gianna Kneepkens,CON,SEA,A,4.0,2.0,1.0,0.0,0.0,0.0,0.0,0.0,2.0,0.0,2.0,2.0,0.0,1.0,,gianna kneepkens,0,last_good_canonical,401856923.0,4898898.0,G,1.0,1.0,espn,gianna kneepkens,no_projection_for_player_team_date
2026-05-23,2026,Gianna Kneepkens,CON,SEA,A,11.0,4.0,1.0,0.0,0.0,0.0,0.0,0.0,5.0,2.0,0.0,0.0,0.0,1.0,,gianna kneepkens,0,last_good_canonical,401856929.0,4898898.0,G,1.0,1.0,espn,gianna kneepkens,no_projection_for_player_team_date
2026-05-28,2026,Gianna Kneepkens,CON,POR,A,9.0,4.0,1.0,0.0,0.0,0.0,0.0,0.0,2.0,1.0,2.0,2.0,0.0,1.0,,gianna kneepkens,0,last_good_canonical,401856941.0,4898898.0,G,0.0,1.0,espn,gianna kneepkens,no_projection_for_player_team_date
2026-05-30,2026,Gianna Kneepkens,CON,LAS,H,6.0,3.0,0.0,0.0,1.0,0.0,0.0,0.0,1.0,1.0,0.0,0.0,0.0,0.0,,gianna kneepkens,1,last_good_canonical,401856950.0,4898898.0,G,0.0,1.0,espn,gianna kneepkens,no_projection_for_player_team_date
2026-06-02,2026,Gianna Kneepkens,CON,ATL,A,5.0,0.0,1.0,1.0,0.0,0.0,0.0,0.0,0.0,0.0,0.0,0.0,0.0,1.0,3.0,gianna kneepkens,0,last_good_canonical,,,,,,,gianna kneepkens,no_projection_for_player_team_date
2026-05-09,2026,Grace VanSlooten,SEA,GSV,H,7.0,5.0,0.0,0.0,1.0,0.0,0.0,0.0,2.0,1.0,2.0,2.0,0.0,0.0,,grace vanslooten,1,last_good_canonical,401856892.0,5105731.0,F,0.0,1.0,espn,grace vanslooten,no_projection_for_player_team_date
2026-05-10,2026,Grace VanSlooten,SEA,CON,A,10.0,5.0,2.0,0.0,1.0,1.0,0.0,0.0,2.0,2.0,0.0,0.0,1.0,1.0,,grace vanslooten,0,last_good_canonical,401856896.0,5105731.0,F,0.0,1.0,espn,grace vanslooten,no_projection_for_player_team_date
2026-05-13,2026,Grace VanSlooten,SEA,TOR,A,12.0,2.0,2.0,0.0,0.0,1.0,1.0,1.0,0.0,0.0,2.0,2.0,0.0,2.0,,grace vanslooten,0,last_good_canonical,401856904.0,5105731.0,F,0.0,1.0,espn,grace vanslooten,no_projection_for_player_team_date
2026-05-17,2026,Grace VanSlooten,SEA,IND,A,18.0,5.0,2.0,3.0,0.0,2.0,2.0,0.0,4.0,2.0,4.0,1.0,0.0,2.0,,grace vanslooten,0,last_good_canonical,401856916.0,5105731.0,F,0.0,1.0,espn,grace vanslooten,no_projection_for_player_team_date
2026-05-22,2026,Grace VanSlooten,IND,GSV,H,2.0,0.0,0.0,0.0,0.0,0.0,0.0,0.0,0.0,0.0,0.0,0.0,0.0,0.0,,grace vanslooten,1,last_good_canonical,401856928.0,5105731.0,F,0.0,1.0,espn,grace vanslooten,no_projection_for_player_team_date
2026-05-29,2026,Grace VanSlooten,IND,GSV,A,0.0,0.0,0.0,0.0,0.0,0.0,0.0,0.0,0.0,0.0,0.0,0.0,0.0,0.0,,grace vanslooten,0,last_good_canonical,401856944.0,5105731.0,F,0.0,0.0,espn,grace vanslooten,no_projection_for_player_team_date
2026-05-31,2026,Grace VanSlooten,IND,POR,A,6.0,2.0,0.0,0.0,0.0,0.0,0.0,0.0,1.0,1.0,0.0,0.0,0.0,0.0,,grace vanslooten,0,last_good_canonical,401856951.0,5105731.0,F,0.0,1.0,espn,grace vanslooten,no_projection_for_player_team_date
2026-06-04,2026,Grace VanSlooten,IND,ATL,H,,,,,,,,,,,,,,,,grace vanslooten,1,last_good_canonical,,,,,,,grace vanslooten,no_projection_for_player_team_date
2026-06-06,2026,Grace VanSlooten,IND,NYL,A,,,,,,,,,,,,,,,,grace vanslooten,0,last_good_canonical,,,,,,,grace vanslooten,no_projection_for_player_team_date
2026-06-07,2026,Grace VanSlooten,IND,NYL,A,0.0,0.0,0.0,0.0,0.0,0.0,0.0,0.0,0.0,0.0,0.0,0.0,0.0,0.0,,grace vanslooten,0,last_good_canonical,401856969.0,5105731.0,F,0.0,0.0,espn,grace vanslooten,no_projection_for_player_team_date
2026-06-23,2026,Grace VanSlooten,IND,PHX,H,1.0,0.0,0.0,0.0,0.0,0.0,0.0,1.0,0.0,0.0,0.0,0.0,0.0,0.0,,grace vanslooten,1,last_good_canonical,401857014.0,5105731.0,F,0.0,1.0,espn,grace vanslooten,no_projection_for_player_team_date
2026-06-28,2026,Grace VanSlooten,IND,LAS,H,5.0,4.0,1.0,1.0,0.0,0.0,1.0,0.0,2.0,2.0,0.0,0.0,0.0,1.0,,grace vanslooten,1,last_good_canonical,401857028.0,5105731.0,F,0.0,1.0,espn,grace vanslooten,no_projection_for_player_team_date
2026-05-08,2026,Hailey Van Lith,CON,NYL,A,14.0,9.0,1.0,4.0,1.0,1.0,0.0,2.0,7.0,4.0,0.0,0.0,0.0,1.0,,hailey van lith,0,last_good_canonical,401856890.0,4433412.0,G,0.0,1.0,espn,hailey van lith,no_projection_for_player_team_date
2026-05-10,2026,Hailey Van Lith,CON,SEA,H,20.0,9.0,3.0,4.0,1.0,1.0,0.0,1.0,8.0,4.0,0.0,0.0,0.0,3.0,,hailey van lith,1,last_good_canonical,401856896.0,4433412.0,G,0.0,1.0,espn,hailey van lith,no_projection_for_player_team_date
2026-05-14,2026,Hailey Van Lith,CON,LVA,H,22.0,9.0,0.0,1.0,1.0,2.0,1.0,2.0,5.0,3.0,2.0,2.0,0.0,0.0,,hailey van lith,1,last_good_canonical,401856905.0,4433412.0,G,0.0,1.0,espn,hailey van lith,no_projection_for_player_team_date
2026-05-15,2026,Hailey Van Lith,CON,LVA,H,22.0,17.0,1.0,4.0,3.0,0.0,0.0,1.0,11.0,7.0,0.0,0.0,1.0,0.0,,hailey van lith,1,last_good_canonical,401856910.0,4433412.0,G,1.0,1.0,espn,hailey van lith,no_projection_for_player_team_date
2026-05-19,2026,Hailey Van Lith,CON,POR,A,25.0,12.0,1.0,3.0,1.0,0.0,1.0,2.0,9.0,5.0,2.0,1.0,0.0,1.0,,hailey van lith,0,last_good_canonical,401856919.0,4433412.0,G,1.0,1.0,espn,hailey van lith,no_projection_for_player_team_date
2026-05-21,2026,Hailey Van Lith,CON,SEA,A,12.0,0.0,0.0,1.0,0.0,0.0,0.0,0.0,4.0,0.0,0.0,0.0,0.0,0.0,,hailey van lith,0,last_good_canonical,401856923.0,4433412.0,G,1.0,1.0,espn,hailey van lith,no_projection_for_player_team_date
2026-05-23,2026,Hailey Van Lith,CON,SEA,A,10.0,5.0,0.0,1.0,1.0,0.0,0.0,1.0,5.0,2.0,0.0,0.0,0.0,0.0,,hailey van lith,0,last_good_canonical,401856929.0,4433412.0,G,0.0,1.0,espn,hailey van lith,no_projection_for_player_team_date
2026-05-28,2026,Hailey Van Lith,CON,POR,A,13.0,7.0,2.0,0.0,0.0,0.0,1.0,2.0,5.0,3.0,1.0,1.0,0.0,2.0,,hailey van lith,0,last_good_canonical,401856941.0,4433412.0,G,0.0,1.0,espn,hailey van lith,no_projection_for_player_team_date
2026-05-10,2026,Haley Jones,POR,CHI,H,7.0,4.0,0.0,0.0,0.0,0.0,0.0,0.0,3.0,2.0,0.0,0.0,0.0,0.0,,haley jones,1,last_good_canonical,401856895.0,4595910.0,G,0.0,1.0,espn,haley jones,no_projection_for_player_team_date
2026-05-13,2026,Haley Jones,POR,NYL,H,11.0,6.0,5.0,1.0,0.0,0.0,0.0,1.0,4.0,3.0,0.0,0.0,0.0,5.0,,haley jones,1,last_good_canonical,401856903.0,4595910.0,G,0.0,1.0,espn,haley jones,no_projection_for_player_team_date
2026-05-15,2026,Haley Jones,POR,NYL,H,15.0,10.0,3.0,2.0,0.0,1.0,0.0,2.0,6.0,3.0,6.0,4.0,1.0,2.0,,haley jones,1,last_good_canonical,401856909.0,4595910.0,G,0.0,1.0,espn,haley jones,no_projection_for_player_team_date
2026-05-19,2026,Haley Jones,POR,CON,H,12.0,0.0,0.0,1.0,0.0,1.0,0.0,3.0,0.0,0.0,0.0,0.0,0.0,0.0,,haley jones,1,last_good_canonical,401856919.0,4595910.0,G,0.0,1.0,espn,haley jones,no_projection_for_player_team_date
2026-05-20,2026,Haley Jones,POR,IND,A,13.0,6.0,3.0,1.0,0.0,0.0,0.0,0.0,4.0,2.0,2.0,2.0,1.0,2.0,,haley jones,0,last_good_canonical,401856921.0,4595910.0,G,0.0,1.0,espn,haley jones,no_projection_for_player_team_date
2026-05-08,2026,Han Xu,NYL,CON,A,22.0,8.0,2.0,1.0,2.0,0.0,1.0,1.0,8.0,3.0,0.0,0.0,0.0,2.0,,han xu,0,last_good_canonical,401856890.0,4337216.0,C,0.0,1.0,espn,han xu,no_projection_for_player_team_date
2026-05-10,2026,Han Xu,NYL,WAS,A,26.0,4.0,5.0,0.0,0.0,1.0,1.0,0.0,5.0,2.0,0.0,0.0,1.0,4.0,,han xu,0,last_good_canonical,401856897.0,4337216.0,C,0.0,1.0,espn,han xu,no_projection_for_player_team_date
2026-05-13,2026,Han Xu,NYL,POR,A,6.0,0.0,0.0,0.0,0.0,0.0,0.0,0.0,1.0,0.0,0.0,0.0,0.0,0.0,,han xu,0,last_good_canonical,401856903.0,4337216.0,C,0.0,1.0,espn,han xu,no_projection_for_player_team_date
2026-05-15,2026,Han Xu,NYL,POR,A,7.0,3.0,2.0,2.0,0.0,0.0,0.0,1.0,2.0,1.0,2.0,1.0,1.0,1.0,,han xu,0,last_good_canonical,401856909.0,4337216.0,C,0.0,1.0,espn,han xu,no_projection_for_player_team_date
2026-05-22,2026,Han Xu,NYL,GSV,A,7.0,5.0,0.0,0.0,1.0,0.0,0.0,0.0,3.0,2.0,0.0,0.0,0.0,0.0,,han xu,0,last_good_canonical,401856924.0,4337216.0,C,0.0,1.0,espn,han xu,no_projection_for_player_team_date
2026-05-27,2026,Han Xu,NYL,PHX,A,11.0,8.0,3.0,0.0,1.0,1.0,0.0,0.0,6.0,3.0,1.0,1.0,1.0,2.0,,han xu,0,last_good_canonical,401856938.0,4337216.0,C,0.0,1.0,espn,han xu,no_projection_for_player_team_date
2026-05-29,2026,Han Xu,NYL,PHX,A,17.0,9.0,6.0,1.0,1.0,0.0,1.0,1.0,7.0,4.0,0.0,0.0,1.0,5.0,,han xu,0,last_good_canonical,401856945.0,4337216.0,C,0.0,1.0,espn,han xu,no_projection_for_player_team_date
2026-06-03,2026,Han Xu,NYL,TOR,H,10.0,4.0,2.0,1.0,0.0,0.0,0.0,0.0,2.0,2.0,0.0,0.0,0.0,2.0,4.0,han xu,1,last_good_canonical,,,,,,,han xu,no_projection_for_player_team_date
2026-06-07,2026,Han Xu,NYL,IND,A,8.0,2.0,4.0,1.0,0.0,0.0,0.0,0.0,4.0,1.0,0.0,0.0,2.0,2.0,,han xu,0,last_good_canonical,401856969.0,4337216.0,C,0.0,1.0,espn,han xu,no_projection_for_player_team_date
2026-06-18,2026,Han Xu,NYL,CHI,A,11.0,2.0,2.0,2.0,0.0,0.0,3.0,1.0,3.0,1.0,0.0,0.0,0.0,2.0,,han xu,0,last_good_canonical,401856997.0,4337216.0,C,0.0,1.0,espn,han xu,no_projection_for_player_team_date
2026-06-22,2026,Han Xu,NYL,LAS,A,6.0,0.0,2.0,0.0,0.0,1.0,0.0,1.0,1.0,0.0,0.0,0.0,0.0,2.0,,han xu,0,last_good_canonical,401857011.0,4337216.0,C,0.0,1.0,espn,han xu,no_projection_for_player_team_date
2026-06-24,2026,Han Xu,NYL,LVA,A,13.0,12.0,2.0,0.0,2.0,0.0,0.0,1.0,4.0,4.0,2.0,2.0,1.0,1.0,,han xu,0,last_good_canonical,401857016.0,4337216.0,C,0.0,1.0,espn,han xu,no_projection_for_player_team_date
2026-06-26,2026,Han Xu,NYL,SEA,A,14.0,8.0,0.0,2.0,0.0,1.0,1.0,0.0,7.0,4.0,0.0,0.0,0.0,0.0,,han xu,0,last_good_canonical,401857023.0,4337216.0,C,0.0,1.0,espn,han xu,no_projection_for_player_team_date
2026-05-19,2026,Holly Winterburn,POR,CON,H,15.0,2.0,1.0,4.0,0.0,1.0,0.0,1.0,4.0,1.0,0.0,0.0,0.0,1.0,,holly winterburn,1,last_good_canonical,401856919.0,4433690.0,G,0.0,1.0,espn,holly winterburn,no_projection_for_player_team_date
2026-05-20,2026,Holly Winterburn,POR,IND,A,8.0,4.0,2.0,1.0,0.0,0.0,0.0,1.0,2.0,1.0,2.0,2.0,0.0,2.0,,holly winterburn,0,last_good_canonical,401856921.0,4433690.0,G,0.0,1.0,espn,holly winterburn,no_projection_for_player_team_date
2026-05-23,2026,Holly Winterburn,POR,TOR,A,1.0,0.0,0.0,0.0,0.0,0.0,0.0,0.0,0.0,0.0,0.0,0.0,0.0,0.0,,holly winterburn,0,last_good_canonical,401856931.0,4433690.0,G,0.0,1.0,espn,holly winterburn,no_projection_for_player_team_date
2026-05-28,2026,Holly Winterburn,POR,CON,H,0.0,0.0,0.0,0.0,0.0,0.0,0.0,0.0,0.0,0.0,0.0,0.0,0.0,0.0,,holly winterburn,1,last_good_canonical,401856941.0,4433690.0,G,0.0,0.0,espn,holly winterburn,no_projection_for_player_team_date
2026-05-30,2026,Holly Winterburn,POR,ATL,H,28.0,6.0,3.0,7.0,0.0,2.0,0.0,4.0,7.0,3.0,0.0,0.0,0.0,3.0,,holly winterburn,1,last_good_canonical,401856948.0,4433690.0,G,1.0,1.0,espn,holly winterburn,no_projection_for_player_team_date
2026-05-31,2026,Holly Winterburn,POR,IND,H,3.0,0.0,0.0,1.0,0.0,0.0,0.0,1.0,0.0,0.0,0.0,0.0,0.0,0.0,,holly winterburn,1,last_good_canonical,401856951.0,4433690.0,G,0.0,1.0,espn,holly winterburn,no_projection_for_player_team_date
2026-06-02,2026,Holly Winterburn,POR,GSV,A,4.0,0.0,1.0,1.0,0.0,0.0,0.0,0.0,1.0,0.0,0.0,0.0,0.0,1.0,-3.0,holly winterburn,0,last_good_canonical,,,,,,,holly winterburn,no_projection_for_player_team_date
2026-06-03,2026,Holly Winterburn,POR,GSV,A,4.0,0.0,1.0,1.0,0.0,0.0,0.0,0.0,1.0,0.0,0.0,0.0,0.0,1.0,,holly winterburn,0,last_good_canonical,401856957.0,4433690.0,G,0.0,1.0,espn,holly winterburn,no_projection_for_player_team_date
2026-06-06,2026,Holly Winterburn,POR,PHX,H,0.0,0.0,0.0,0.0,0.0,0.0,0.0,0.0,0.0,0.0,0.0,0.0,0.0,0.0,,holly winterburn,1,last_good_canonical,401856965.0,4433690.0,G,0.0,0.0,espn,holly winterburn,no_projection_for_player_team_date
2026-06-12,2026,Holly Winterburn,POR,LVA,H,0.0,0.0,0.0,0.0,0.0,0.0,0.0,0.0,0.0,0.0,0.0,0.0,0.0,0.0,,holly winterburn,1,last_good_canonical,401856983.0,4433690.0,G,0.0,0.0,espn,holly winterburn,no_projection_for_player_team_date
2026-06-14,2026,Holly Winterburn,POR,DAL,H,0.0,0.0,0.0,0.0,0.0,0.0,0.0,0.0,0.0,0.0,0.0,0.0,0.0,0.0,,holly winterburn,1,last_good_canonical,401856988.0,4433690.0,G,0.0,0.0,espn,holly winterburn,no_projection_for_player_team_date
2026-06-16,2026,Holly Winterburn,POR,MIN,A,8.0,2.0,0.0,2.0,0.0,0.0,0.0,1.0,4.0,1.0,0.0,0.0,0.0,0.0,,holly winterburn,0,last_good_canonical,401856993.0,4433690.0,G,0.0,1.0,espn,holly winterburn,no_projection_for_player_team_date
2026-06-18,2026,Holly Winterburn,POR,SEA,H,0.0,0.0,0.0,0.0,0.0,0.0,0.0,0.0,0.0,0.0,0.0,0.0,0.0,0.0,,holly winterburn,1,last_good_canonical,401857001.0,4433690.0,G,0.0,0.0,espn,holly winterburn,no_projection_for_player_team_date
2026-06-25,2026,Holly Winterburn,POR,CHI,A,4.0,2.0,0.0,1.0,0.0,0.0,0.0,1.0,2.0,1.0,0.0,0.0,0.0,0.0,,holly winterburn,0,last_good_canonical,401857019.0,4433690.0,G,0.0,1.0,espn,holly winterburn,no_projection_for_player_team_date
2026-06-06,2026,Iliana Rupert,GSV,LVA,A,,0.0,0.0,0.0,0.0,0.0,0.0,0.0,0.0,0.0,0.0,0.0,0.0,0.0,0.0,iliana rupert,0,last_good_canonical,,,,,,,iliana rupert,no_projection_for_player_team_date
2026-05-10,2026,Indya Nivar,ATL,MIN,A,0.0,0.0,0.0,0.0,0.0,0.0,0.0,0.0,0.0,0.0,0.0,0.0,0.0,0.0,,indya nivar,0,last_good_canonical,401856899.0,5105740.0,G,0.0,0.0,espn,indya nivar,no_projection_for_player_team_date
2026-05-13,2026,Indya Nivar,ATL,DAL,A,1.0,0.0,1.0,0.0,0.0,0.0,1.0,0.0,0.0,0.0,0.0,0.0,0.0,1.0,,indya nivar,0,last_good_canonical,401856901.0,5105740.0,G,0.0,1.0,espn,indya nivar,no_projection_for_player_team_date
2026-05-17,2026,Indya Nivar,ATL,LVA,H,10.0,0.0,6.0,3.0,0.0,1.0,1.0,0.0,2.0,0.0,4.0,0.0,2.0,4.0,,indya nivar,1,last_good_canonical,401856915.0,5105740.0,G,0.0,1.0,espn,indya nivar,no_projection_for_player_team_date
2026-05-22,2026,Indya Nivar,ATL,DAL,H,5.0,2.0,1.0,1.0,0.0,0.0,0.0,0.0,3.0,1.0,0.0,0.0,0.0,1.0,,indya nivar,1,last_good_canonical,401856927.0,5105740.0,G,0.0,1.0,espn,indya nivar,no_projection_for_player_team_date
2026-05-24,2026,Indya Nivar,ATL,PHX,H,2.0,3.0,1.0,0.0,1.0,0.0,0.0,0.0,1.0,1.0,0.0,0.0,0.0,1.0,,indya nivar,1,last_good_canonical,401856933.0,5105740.0,G,0.0,1.0,espn,indya nivar,no_projection_for_player_team_date
2026-05-28,2026,Indya Nivar,ATL,MIN,A,5.0,0.0,3.0,1.0,0.0,1.0,0.0,1.0,2.0,0.0,2.0,0.0,1.0,2.0,,indya nivar,0,last_good_canonical,401856940.0,5105740.0,G,0.0,1.0,espn,indya nivar,no_projection_for_player_team_date
2026-05-30,2026,Indya Nivar,ATL,POR,A,4.0,4.0,1.0,0.0,0.0,1.0,0.0,0.0,2.0,2.0,0.0,0.0,0.0,1.0,,indya nivar,0,last_good_canonical,401856948.0,5105740.0,G,0.0,1.0,espn,indya nivar,no_projection_for_player_team_date
2026-06-02,2026,Indya Nivar,ATL,CON,H,1.0,0.0,0.0,0.0,0.0,0.0,0.0,0.0,0.0,0.0,0.0,0.0,0.0,0.0,-1.0,indya nivar,1,last_good_canonical,,,,,,,indya nivar,no_projection_for_player_team_date
2026-06-04,2026,Indya Nivar,ATL,IND,A,1.0,1.0,0.0,0.0,0.0,0.0,0.0,0.0,0.0,0.0,2.0,1.0,0.0,0.0,1.0,indya nivar,0,last_good_canonical,,,,,,,indya nivar,no_projection_for_player_team_date
2026-06-06,2026,Indya Nivar,ATL,WAS,H,8.0,2.0,2.0,0.0,0.0,1.0,0.0,0.0,3.0,1.0,3.0,0.0,1.0,1.0,-2.0,indya nivar,1,last_good_canonical,,,,,,,indya nivar,no_projection_for_player_team_date
2026-06-25,2026,Indya Nivar,ATL,GSV,A,11.0,2.0,1.0,1.0,0.0,1.0,0.0,0.0,3.0,1.0,2.0,0.0,0.0,1.0,,indya nivar,0,last_good_canonical,401857020.0,5105740.0,G,0.0,1.0,espn,indya nivar,no_projection_for_player_team_date
2026-06-28,2026,Indya Nivar,ATL,SEA,A,1.0,0.0,0.0,0.0,0.0,0.0,0.0,1.0,0.0,0.0,0.0,0.0,0.0,0.0,,indya nivar,0,last_good_canonical,401857029.0,5105740.0,G,0.0,1.0,espn,indya nivar,no_projection_for_player_team_date
2026-05-20,2026,Isabelle Harrison,TOR,PHX,A,0.0,0.0,0.0,0.0,0.0,0.0,0.0,0.0,0.0,0.0,0.0,0.0,0.0,0.0,,isabelle harrison,0,last_good_canonical,401856920.0,2566453.0,F,0.0,0.0,espn,isabelle harrison,no_projection_for_player_team_date
2026-05-22,2026,Isabelle Harrison,TOR,MIN,A,0.0,0.0,0.0,0.0,0.0,0.0,0.0,0.0,0.0,0.0,0.0,0.0,0.0,0.0,,isabelle harrison,0,last_good_canonical,401856925.0,2566453.0,F,0.0,0.0,espn,isabelle harrison,no_projection_for_player_team_date
2026-05-23,2026,Isabelle Harrison,TOR,POR,H,0.0,0.0,0.0,0.0,0.0,0.0,0.0,0.0,0.0,0.0,0.0,0.0,0.0,0.0,,isabelle harrison,1,last_good_canonical,401856931.0,2566453.0,F,0.0,0.0,espn,isabelle harrison,no_projection_for_player_team_date
2026-05-28,2026,Isabelle Harrison,TOR,CHI,A,0.0,0.0,0.0,0.0,0.0,0.0,0.0,0.0,0.0,0.0,0.0,0.0,0.0,0.0,,isabelle harrison,0,last_good_canonical,401856939.0,2566453.0,F,0.0,0.0,espn,isabelle harrison,no_projection_for_player_team_date
2026-05-30,2026,Isabelle Harrison,TOR,SEA,H,0.0,0.0,0.0,0.0,0.0,0.0,0.0,0.0,0.0,0.0,0.0,0.0,0.0,0.0,,isabelle harrison,1,last_good_canonical,401856949.0,2566453.0,F,0.0,0.0,espn,isabelle harrison,no_projection_for_player_team_date
2026-06-03,2026,Isabelle Harrison,TOR,NYL,A,,,,,,,,,,,,,,,,isabelle harrison,0,last_good_canonical,,,,,,,isabelle harrison,no_projection_for_player_team_date
2026-05-10,2026,Isobel Borlase,ATL,MIN,A,3.0,0.0,0.0,0.0,0.0,0.0,0.0,0.0,0.0,0.0,0.0,0.0,0.0,0.0,,isobel borlase,0,last_good_canonical,401856899.0,5208983.0,G,0.0,1.0,espn,isobel borlase,no_projection_for_player_team_date
2026-05-13,2026,Isobel Borlase,ATL,DAL,A,4.0,3.0,0.0,0.0,1.0,0.0,0.0,0.0,2.0,1.0,0.0,0.0,0.0,0.0,,isobel borlase,0,last_good_canonical,401856901.0,5208983.0,G,0.0,1.0,espn,isobel borlase,no_projection_for_player_team_date
2026-05-17,2026,Isobel Borlase,ATL,LVA,H,4.0,0.0,1.0,0.0,0.0,0.0,0.0,0.0,0.0,0.0,0.0,0.0,0.0,1.0,,isobel borlase,1,last_good_canonical,401856915.0,5208983.0,G,0.0,1.0,espn,isobel borlase,no_projection_for_player_team_date
2026-05-22,2026,Isobel Borlase,ATL,DAL,H,2.0,2.0,1.0,0.0,0.0,0.0,0.0,0.0,1.0,1.0,0.0,0.0,0.0,1.0,,isobel borlase,1,last_good_canonical,401856927.0,5208983.0,G,0.0,1.0,espn,isobel borlase,no_projection_for_player_team_date
2026-05-24,2026,Isobel Borlase,ATL,PHX,H,16.0,5.0,4.0,2.0,1.0,0.0,1.0,0.0,7.0,2.0,0.0,0.0,1.0,3.0,,isobel borlase,1,last_good_canonical,401856933.0,5208983.0,G,0.0,1.0,espn,isobel borlase,no_projection_for_player_team_date
2026-05-28,2026,Isobel Borlase,ATL,MIN,A,13.0,4.0,1.0,3.0,0.0,0.0,0.0,0.0,4.0,2.0,0.0,0.0,1.0,0.0,,isobel borlase,0,last_good_canonical,401856940.0,5208983.0,G,0.0,1.0,espn,isobel borlase,no_projection_for_player_team_date
2026-05-30,2026,Isobel Borlase,ATL,POR,A,10.0,2.0,0.0,1.0,0.0,0.0,0.0,1.0,1.0,1.0,0.0,0.0,0.0,0.0,,isobel borlase,0,last_good_canonical,401856948.0,5208983.0,G,0.0,1.0,espn,isobel borlase,no_projection_for_player_team_date
2026-06-02,2026,Isobel Borlase,ATL,CON,H,5.0,0.0,0.0,0.0,0.0,0.0,0.0,0.0,1.0,0.0,0.0,0.0,0.0,0.0,-3.0,isobel borlase,1,last_good_canonical,,,,,,,isobel borlase,no_projection_for_player_team_date
2026-06-04,2026,Isobel Borlase,ATL,IND,A,7.0,4.0,1.0,0.0,0.0,0.0,0.0,0.0,3.0,2.0,0.0,0.0,0.0,1.0,-3.0,isobel borlase,0,last_good_canonical,,,,,,,isobel borlase,no_projection_for_player_team_date
2026-06-06,2026,Isobel Borlase,ATL,WAS,H,23.0,9.0,2.0,2.0,1.0,2.0,0.0,1.0,5.0,3.0,2.0,2.0,0.0,2.0,27.0,isobel borlase,1,last_good_canonical,,,,,,,isobel borlase,no_projection_for_player_team_date
2026-06-25,2026,Isobel Borlase,ATL,GSV,A,19.0,2.0,1.0,2.0,0.0,0.0,0.0,3.0,2.0,1.0,0.0,0.0,0.0,1.0,,isobel borlase,0,last_good_canonical,401857020.0,5208983.0,G,0.0,1.0,espn,isobel borlase,no_projection_for_player_team_date
2026-06-28,2026,Isobel Borlase,ATL,SEA,A,14.0,7.0,2.0,1.0,1.0,1.0,0.0,1.0,6.0,3.0,0.0,0.0,0.0,2.0,,isobel borlase,0,last_good_canonical,401857029.0,5208983.0,G,0.0,1.0,espn,isobel borlase,no_projection_for_player_team_date
2026-05-14,2026,Jackie Young,LVA,CON,A,27.0,11.0,1.0,6.0,0.0,2.0,0.0,1.0,10.0,4.0,3.0,3.0,0.0,1.0,,jackie young,0,last_good_canonical,401856905.0,4065870.0,G,1.0,1.0,espn,jackie young,no_projection_for_player_team_date
2026-05-24,2026,Jackie Young,LVA,LAS,A,19.0,0.0,3.0,2.0,0.0,0.0,1.0,3.0,2.0,0.0,0.0,0.0,1.0,2.0,,jackie young,0,last_good_canonical,401856932.0,4065870.0,G,1.0,1.0,espn,jackie young,no_projection_for_player_team_date
2026-05-29,2026,Jackie Young,LVA,DAL,A,33.0,15.0,3.0,7.0,1.0,1.0,0.0,0.0,20.0,7.0,0.0,0.0,1.0,2.0,,jackie young,0,last_good_canonical,401856943.0,4065870.0,G,1.0,1.0,espn,jackie young,no_projection_for_player_team_date
2026-06-03,2026,Jackie Young,LVA,LAS,A,36.0,16.0,4.0,9.0,2.0,1.0,0.0,2.0,17.0,7.0,0.0,0.0,1.0,3.0,,jackie young,0,last_good_canonical,401856958.0,4065870.0,G,1.0,1.0,espn,jackie young,no_projection_for_player_team_date
2026-06-09,2026,Jackie Young,LVA,SEA,A,34.0,29.0,3.0,6.0,4.0,0.0,1.0,4.0,19.0,10.0,5.0,5.0,0.0,3.0,,jackie young,0,last_good_canonical,401856974.0,4065870.0,G,1.0,1.0,espn,jackie young,no_projection_for_player_team_date
2026-06-12,2026,Jackie Young,LVA,POR,A,35.0,18.0,8.0,10.0,2.0,1.0,1.0,2.0,15.0,7.0,3.0,2.0,6.0,2.0,,jackie young,0,last_good_canonical,401856983.0,4065870.0,G,1.0,1.0,espn,jackie young,no_projection_for_player_team_date
2026-06-14,2026,Jackie Young,LVA,MIN,A,37.0,16.0,5.0,10.0,1.0,1.0,0.0,3.0,10.0,5.0,5.0,5.0,2.0,3.0,,jackie young,0,last_good_canonical,401856987.0,4065870.0,G,1.0,1.0,espn,jackie young,no_projection_for_player_team_date
2026-06-16,2026,Jackie Young,LVA,DAL,A,24.0,6.0,4.0,5.0,0.0,0.0,0.0,3.0,13.0,3.0,0.0,0.0,2.0,2.0,,jackie young,0,last_good_canonical,401856992.0,4065870.0,G,1.0,1.0,espn,jackie young,no_projection_for_player_team_date
2026-06-18,2026,Jackie Young,LVA,PHX,A,38.0,20.0,1.0,9.0,4.0,5.0,1.0,3.0,15.0,7.0,3.0,2.0,1.0,0.0,,jackie young,0,last_good_canonical,401857000.0,4065870.0,G,1.0,1.0,espn,jackie young,no_projection_for_player_team_date
2026-06-24,2026,Jackie Young,LVA,NYL,A,38.0,19.0,4.0,7.0,1.0,0.0,1.0,2.0,19.0,9.0,0.0,0.0,0.0,4.0,,jackie young,0,last_good_canonical,401857016.0,4065870.0,G,1.0,1.0,espn,jackie young,no_projection_for_player_team_date
2026-06-26,2026,Jackie Young,LVA,DAL,A,32.0,20.0,8.0,6.0,2.0,1.0,0.0,4.0,6.0,4.0,10.0,10.0,1.0,7.0,,jackie young,0,last_good_canonical,401857022.0,4065870.0,G,1.0,1.0,espn,jackie young,no_projection_for_player_team_date
2026-05-10,2026,Jacy Sheldon,CHI,POR,A,34.0,13.0,4.0,4.0,1.0,1.0,3.0,0.0,7.0,4.0,4.0,4.0,0.0,4.0,,jacy sheldon,0,last_good_canonical,401856895.0,4432865.0,G,1.0,1.0,espn,jacy sheldon,no_projection_for_player_team_date
2026-05-14,2026,Jacy Sheldon,CHI,GSV,A,31.0,12.0,7.0,4.0,2.0,3.0,1.0,1.0,8.0,4.0,2.0,2.0,1.0,6.0,,jacy sheldon,0,last_good_canonical,401856906.0,4432865.0,G,1.0,1.0,espn,jacy sheldon,no_projection_for_player_team_date
2026-05-17,2026,Jacy Sheldon,CHI,MIN,A,32.0,10.0,1.0,2.0,1.0,4.0,0.0,1.0,7.0,3.0,3.0,3.0,0.0,1.0,,jacy sheldon,0,last_good_canonical,401856914.0,4432865.0,G,1.0,1.0,espn,jacy sheldon,no_projection_for_player_team_date
2026-05-21,2026,Jacy Sheldon,CHI,DAL,H,21.0,2.0,0.0,1.0,0.0,0.0,0.0,0.0,4.0,1.0,0.0,0.0,0.0,0.0,,jacy sheldon,1,last_good_canonical,401856922.0,4432865.0,G,1.0,1.0,espn,jacy sheldon,no_projection_for_player_team_date
2026-05-28,2026,Jacy Sheldon,CHI,TOR,H,19.0,4.0,0.0,0.0,0.0,0.0,0.0,0.0,6.0,2.0,0.0,0.0,0.0,0.0,,jacy sheldon,1,last_good_canonical,401856939.0,4432865.0,G,1.0,1.0,espn,jacy sheldon,no_projection_for_player_team_date
2026-05-29,2026,Jacy Sheldon,CHI,MIN,H,20.0,5.0,1.0,2.0,1.0,0.0,0.0,2.0,5.0,2.0,0.0,0.0,0.0,1.0,,jacy sheldon,1,last_good_canonical,401856947.0,4432865.0,G,1.0,1.0,espn,jacy sheldon,no_projection_for_player_team_date
2026-06-18,2026,Jacy Sheldon,CHI,NYL,H,10.0,0.0,2.0,1.0,0.0,1.0,0.0,0.0,2.0,0.0,0.0,0.0,1.0,1.0,,jacy sheldon,1,last_good_canonical,401856997.0,4432865.0,G,0.0,1.0,espn,jacy sheldon,no_projection_for_player_team_date
2026-06-21,2026,Jacy Sheldon,CHI,DAL,A,15.0,6.0,2.0,0.0,1.0,0.0,0.0,1.0,3.0,2.0,2.0,1.0,1.0,1.0,,jacy sheldon,0,last_good_canonical,401857008.0,4432865.0,G,0.0,1.0,espn,jacy sheldon,no_projection_for_player_team_date
2026-06-25,2026,Jacy Sheldon,CHI,POR,H,22.0,14.0,1.0,3.0,1.0,1.0,2.0,0.0,12.0,6.0,2.0,1.0,1.0,0.0,,jacy sheldon,1,last_good_canonical,401857019.0,4432865.0,G,0.0,1.0,espn,jacy sheldon,no_projection_for_player_team_date
2026-05-09,2026,Jade Melbourne,SEA,GSV,H,17.0,13.0,2.0,3.0,2.0,1.0,0.0,0.0,5.0,4.0,3.0,3.0,1.0,1.0,,jade melbourne,1,last_good_canonical,401856892.0,5017726.0,G,0.0,1.0,espn,jade melbourne,no_projection_for_player_team_date
2026-05-10,2026,Jade Melbourne,SEA,CON,A,23.0,15.0,1.0,6.0,1.0,1.0,1.0,1.0,7.0,4.0,11.0,6.0,0.0,1.0,,jade melbourne,0,last_good_canonical,401856896.0,5017726.0,G,0.0,1.0,espn,jade melbourne,no_projection_for_player_team_date
2026-05-21,2026,Jade Melbourne,SEA,CON,H,30.0,11.0,2.0,3.0,0.0,0.0,1.0,5.0,4.0,1.0,10.0,9.0,0.0,2.0,,jade melbourne,1,last_good_canonical,401856923.0,5017726.0,G,1.0,1.0,espn,jade melbourne,no_projection_for_player_team_date
2026-05-23,2026,Jade Melbourne,SEA,CON,H,20.0,4.0,3.0,4.0,0.0,2.0,0.0,1.0,5.0,2.0,1.0,0.0,0.0,3.0,,jade melbourne,1,last_good_canonical,401856929.0,5017726.0,G,1.0,1.0,espn,jade melbourne,no_projection_for_player_team_date
2026-05-28,2026,Jade Melbourne,SEA,WAS,H,23.0,15.0,3.0,3.0,0.0,1.0,0.0,1.0,8.0,6.0,4.0,3.0,1.0,2.0,,jade melbourne,1,last_good_canonical,401856942.0,5017726.0,G,1.0,1.0,espn,jade melbourne,no_projection_for_player_team_date
2026-06-02,2026,Jade Melbourne,SEA,DAL,A,25.0,5.0,3.0,1.0,1.0,0.0,0.0,1.0,8.0,2.0,0.0,0.0,0.0,3.0,,jade melbourne,0,last_good_canonical,401856953.0,5017726.0,G,1.0,1.0,espn,jade melbourne,no_projection_for_player_team_date
2026-06-04,2026,Jade Melbourne,SEA,PHX,H,13.0,5.0,4.0,2.0,1.0,1.0,0.0,1.0,1.0,1.0,2.0,2.0,0.0,4.0,,jade melbourne,1,last_good_canonical,401856960.0,5017726.0,G,0.0,1.0,espn,jade melbourne,no_projection_for_player_team_date
2026-06-09,2026,Jade Melbourne,SEA,LVA,A,23.0,6.0,0.0,5.0,0.0,1.0,0.0,1.0,7.0,1.0,4.0,4.0,0.0,0.0,,jade melbourne,0,last_good_canonical,401856974.0,5017726.0,G,0.0,1.0,espn,jade melbourne,no_projection_for_player_team_date
2026-06-11,2026,Jade Melbourne,SEA,LAS,H,16.0,4.0,1.0,3.0,0.0,1.0,0.0,1.0,3.0,1.0,3.0,2.0,0.0,1.0,,jade melbourne,1,last_good_canonical,401856979.0,5017726.0,G,0.0,1.0,espn,jade melbourne,no_projection_for_player_team_date
2026-06-13,2026,Jade Melbourne,SEA,GSV,H,27.0,5.0,0.0,2.0,0.0,2.0,0.0,1.0,7.0,2.0,2.0,1.0,0.0,0.0,,jade melbourne,1,last_good_canonical,401856985.0,5017726.0,G,0.0,1.0,espn,jade melbourne,no_projection_for_player_team_date
2026-06-18,2026,Jade Melbourne,SEA,POR,A,30.0,6.0,2.0,8.0,0.0,0.0,0.0,2.0,6.0,1.0,4.0,4.0,0.0,2.0,,jade melbourne,0,last_good_canonical,401857001.0,5017726.0,G,1.0,1.0,espn,jade melbourne,no_projection_for_player_team_date
2026-06-23,2026,Jade Melbourne,SEA,DAL,H,0.0,0.0,0.0,0.0,0.0,0.0,0.0,0.0,0.0,0.0,0.0,0.0,0.0,0.0,,jade melbourne,1,last_good_canonical,401857015.0,5017726.0,G,0.0,0.0,espn,jade melbourne,no_projection_for_player_team_date
2026-06-26,2026,Jade Melbourne,SEA,NYL,H,25.0,18.0,2.0,7.0,0.0,2.0,0.0,2.0,11.0,6.0,7.0,6.0,0.0,2.0,,jade melbourne,1,last_good_canonical,401857023.0,5017726.0,G,1.0,1.0,espn,jade melbourne,no_projection_for_player_team_date
2026-06-28,2026,Jade Melbourne,SEA,ATL,H,31.0,10.0,4.0,5.0,2.0,1.0,0.0,0.0,9.0,4.0,0.0,0.0,1.0,3.0,,jade melbourne,1,last_good_canonical,401857029.0,5017726.0,G,1.0,1.0,espn,jade melbourne,no_projection_for_player_team_date
2026-05-09,2026,Janelle Salaun,GSV,SEA,A,27.0,20.0,2.0,1.0,5.0,0.0,1.0,1.0,16.0,7.0,3.0,1.0,0.0,2.0,,janelle salaun,0,last_good_canonical,401856892.0,4790264.0,F,0.0,1.0,espn,janelle salaun,no_projection_for_player_team_date
2026-05-14,2026,Janelle Salaun,GSV,CHI,A,17.0,6.0,1.0,0.0,1.0,0.0,0.0,0.0,5.0,1.0,4.0,3.0,0.0,1.0,,janelle salaun,0,last_good_canonical,401856906.0,4790264.0,F,0.0,1.0,espn,janelle salaun,no_projection_for_player_team_date
2026-05-22,2026,Janelle Salaun,GSV,NYL,A,26.0,12.0,6.0,1.0,2.0,2.0,0.0,1.0,11.0,3.0,5.0,4.0,3.0,3.0,,janelle salaun,0,last_good_canonical,401856924.0,4790264.0,F,0.0,1.0,espn,janelle salaun,no_projection_for_player_team_date
2026-05-22,2026,Janelle Salaun,GSV,IND,A,21.0,4.0,2.0,0.0,0.0,1.0,0.0,0.0,8.0,1.0,2.0,2.0,1.0,1.0,,janelle salaun,0,last_good_canonical,401856928.0,4790264.0,F,0.0,1.0,espn,janelle salaun,no_projection_for_player_team_date
2026-05-29,2026,Janelle Salaun,GSV,IND,A,24.0,19.0,7.0,3.0,3.0,1.0,0.0,0.0,12.0,7.0,4.0,2.0,1.0,6.0,,janelle salaun,0,last_good_canonical,401856944.0,4790264.0,F,0.0,1.0,espn,janelle salaun,no_projection_for_player_team_date
2026-05-31,2026,Janelle Salaun,GSV,LVA,A,21.0,16.0,4.0,1.0,3.0,2.0,0.0,0.0,13.0,5.0,3.0,3.0,1.0,3.0,,janelle salaun,0,last_good_canonical,401856952.0,4790264.0,F,0.0,1.0,espn,janelle salaun,no_projection_for_player_team_date
2026-06-02,2026,Janelle Salaun,GSV,POR,H,23.0,18.0,4.0,1.0,3.0,0.0,0.0,0.0,10.0,6.0,3.0,3.0,1.0,3.0,5.0,janelle salaun,1,last_good_canonical,,,,,,,janelle salaun,no_projection_for_player_team_date
2026-06-03,2026,Janelle Salaun,GSV,POR,A,23.0,18.0,4.0,1.0,3.0,0.0,0.0,0.0,10.0,6.0,3.0,3.0,1.0,3.0,,janelle salaun,0,last_good_canonical,401856957.0,4790264.0,F,0.0,1.0,espn,janelle salaun,no_projection_for_player_team_date
2026-06-04,2026,Janelle Salaun,GSV,MIN,A,19.0,17.0,5.0,3.0,5.0,0.0,1.0,1.0,11.0,6.0,0.0,0.0,0.0,5.0,11.0,janelle salaun,0,last_good_canonical,,,,,,,janelle salaun,no_projection_for_player_team_date
2026-06-06,2026,Janelle Salaun,GSV,LVA,A,28.0,11.0,3.0,2.0,3.0,0.0,0.0,1.0,12.0,4.0,0.0,0.0,1.0,2.0,-2.0,janelle salaun,0,last_good_canonical,,,,,,,janelle salaun,no_projection_for_player_team_date
2026-06-10,2026,Janelle Salaun,GSV,PHX,A,25.0,11.0,5.0,0.0,2.0,1.0,0.0,1.0,7.0,3.0,3.0,3.0,1.0,4.0,,janelle salaun,0,last_good_canonical,401856977.0,4790264.0,F,0.0,1.0,espn,janelle salaun,no_projection_for_player_team_date
2026-06-13,2026,Janelle Salaun,GSV,SEA,A,33.0,22.0,7.0,1.0,5.0,0.0,0.0,2.0,14.0,7.0,3.0,3.0,2.0,5.0,,janelle salaun,0,last_good_canonical,401856985.0,4790264.0,F,0.0,1.0,espn,janelle salaun,no_projection_for_player_team_date
2026-06-16,2026,Janelle Salaun,GSV,LAS,A,25.0,7.0,4.0,2.0,1.0,1.0,0.0,0.0,8.0,1.0,4.0,4.0,2.0,2.0,,janelle salaun,0,last_good_canonical,401856994.0,4790264.0,F,0.0,1.0,espn,janelle salaun,no_projection_for_player_team_date
2026-06-18,2026,Janelle Salaun,GSV,DAL,A,20.0,12.0,4.0,1.0,2.0,0.0,0.0,2.0,7.0,3.0,5.0,4.0,0.0,4.0,,janelle salaun,0,last_good_canonical,401856998.0,4790264.0,F,0.0,1.0,espn,janelle salaun,no_projection_for_player_team_date
2026-06-20,2026,Janelle Salaun,GSV,MIN,A,24.0,15.0,6.0,0.0,3.0,1.0,0.0,1.0,16.0,6.0,2.0,0.0,4.0,2.0,,janelle salaun,0,last_good_canonical,401857005.0,4790264.0,F,0.0,1.0,espn,janelle salaun,no_projection_for_player_team_date
2026-06-25,2026,Janelle Salaun,GSV,ATL,A,10.0,6.0,2.0,1.0,2.0,0.0,0.0,1.0,5.0,2.0,0.0,0.0,0.0,2.0,,janelle salaun,0,last_good_canonical,401857020.0,4790264.0,F,0.0,1.0,espn,janelle salaun,no_projection_for_player_team_date
2026-06-27,2026,Janelle Salaun,GSV,ATL,A,22.0,8.0,7.0,0.0,2.0,0.0,0.0,0.0,7.0,2.0,2.0,2.0,2.0,5.0,,janelle salaun,0,last_good_canonical,401857026.0,4790264.0,F,0.0,1.0,espn,janelle salaun,no_projection_for_player_team_date
2026-05-14,2026,Janiah Barker,LVA,CON,A,0.0,0.0,0.0,0.0,0.0,0.0,0.0,0.0,0.0,0.0,0.0,0.0,0.0,0.0,,janiah barker,0,last_good_canonical,401856905.0,4565501.0,F,0.0,0.0,espn,janiah barker,no_projection_for_player_team_date
2026-05-15,2026,Janiah Barker,LVA,CON,A,0.0,0.0,0.0,0.0,0.0,0.0,0.0,0.0,0.0,0.0,0.0,0.0,0.0,0.0,,janiah barker,0,last_good_canonical,401856910.0,4565501.0,F,0.0,0.0,espn,janiah barker,no_projection_for_player_team_date
2026-05-24,2026,Janiah Barker,LVA,LAS,A,0.0,0.0,0.0,0.0,0.0,0.0,0.0,0.0,0.0,0.0,0.0,0.0,0.0,0.0,,janiah barker,0,last_good_canonical,401856932.0,4565501.0,F,0.0,0.0,espn,janiah barker,no_projection_for_player_team_date
2026-05-29,2026,Janiah Barker,LVA,DAL,A,0.0,0.0,0.0,0.0,0.0,0.0,0.0,0.0,0.0,0.0,0.0,0.0,0.0,0.0,,janiah barker,0,last_good_canonical,401856943.0,4565501.0,F,0.0,0.0,espn,janiah barker,no_projection_for_player_team_date
2026-05-31,2026,Janiah Barker,LVA,GSV,A,0.0,0.0,0.0,0.0,0.0,0.0,0.0,0.0,0.0,0.0,0.0,0.0,0.0,0.0,,janiah barker,0,last_good_canonical,401856952.0,4565501.0,F,0.0,0.0,espn,janiah barker,no_projection_for_player_team_date
2026-06-02,2026,Janiah Barker,LVA,LAS,A,,,,,,,,,,,,,,,,janiah barker,0,last_good_canonical,,,,,,,janiah barker,no_projection_for_player_team_date
2026-06-03,2026,Janiah Barker,LVA,LAS,A,0.0,0.0,0.0,0.0,0.0,0.0,0.0,0.0,0.0,0.0,0.0,0.0,0.0,0.0,,janiah barker,0,last_good_canonical,401856958.0,4565501.0,F,0.0,0.0,espn,janiah barker,no_projection_for_player_team_date
2026-06-06,2026,Janiah Barker,LVA,GSV,H,,,,,,,,,,,,,,,,janiah barker,1,last_good_canonical,,,,,,,janiah barker,no_projection_for_player_team_date
2026-06-09,2026,Janiah Barker,LVA,SEA,A,0.0,0.0,0.0,0.0,0.0,0.0,0.0,0.0,0.0,0.0,0.0,0.0,0.0,0.0,,janiah barker,0,last_good_canonical,401856974.0,4565501.0,F,0.0,0.0,espn,janiah barker,no_projection_for_player_team_date
2026-06-12,2026,Janiah Barker,LVA,POR,A,0.0,0.0,0.0,0.0,0.0,0.0,0.0,0.0,0.0,0.0,0.0,0.0,0.0,0.0,,janiah barker,0,last_good_canonical,401856983.0,4565501.0,F,0.0,0.0,espn,janiah barker,no_projection_for_player_team_date
2026-06-14,2026,Janiah Barker,LVA,MIN,A,0.0,0.0,0.0,0.0,0.0,0.0,0.0,0.0,0.0,0.0,0.0,0.0,0.0,0.0,,janiah barker,0,last_good_canonical,401856987.0,4565501.0,F,0.0,0.0,espn,janiah barker,no_projection_for_player_team_date
2026-06-16,2026,Janiah Barker,LVA,DAL,A,0.0,0.0,0.0,0.0,0.0,0.0,0.0,0.0,0.0,0.0,0.0,0.0,0.0,0.0,,janiah barker,0,last_good_canonical,401856992.0,4565501.0,F,0.0,0.0,espn,janiah barker,no_projection_for_player_team_date
2026-06-18,2026,Janiah Barker,LVA,PHX,A,0.0,0.0,0.0,0.0,0.0,0.0,0.0,0.0,0.0,0.0,0.0,0.0,0.0,0.0,,janiah barker,0,last_good_canonical,401857000.0,4565501.0,F,0.0,0.0,espn,janiah barker,no_projection_for_player_team_date
2026-06-24,2026,Janiah Barker,LVA,NYL,A,0.0,0.0,0.0,0.0,0.0,0.0,0.0,0.0,0.0,0.0,0.0,0.0,0.0,0.0,,janiah barker,0,last_good_canonical,401857016.0,4565501.0,F,0.0,0.0,espn,janiah barker,no_projection_for_player_team_date
2026-05-09,2026,Jessica Shepard,DAL,IND,A,32.0,13.0,9.0,9.0,0.0,2.0,0.0,2.0,8.0,5.0,5.0,3.0,1.0,8.0,,jessica shepard,0,last_good_canonical,401856893.0,3906949.0,F,1.0,1.0,espn,jessica shepard,no_projection_for_player_team_date
2026-05-13,2026,Jessica Shepard,DAL,ATL,H,31.0,12.0,8.0,3.0,0.0,0.0,0.0,2.0,11.0,6.0,0.0,0.0,3.0,5.0,,jessica shepard,1,last_good_canonical,401856901.0,3906949.0,F,1.0,1.0,espn,jessica shepard,no_projection_for_player_team_date
2026-05-15,2026,Jessica Shepard,DAL,MIN,H,31.0,7.0,6.0,4.0,0.0,1.0,0.0,0.0,8.0,3.0,2.0,1.0,2.0,4.0,,jessica shepard,1,last_good_canonical,401856908.0,3906949.0,F,1.0,1.0,espn,jessica shepard,no_projection_for_player_team_date
2026-05-19,2026,Jessica Shepard,DAL,WAS,H,27.0,12.0,16.0,6.0,0.0,0.0,0.0,0.0,7.0,4.0,5.0,4.0,4.0,12.0,,jessica shepard,1,last_good_canonical,401856918.0,3906949.0,F,1.0,1.0,espn,jessica shepard,no_projection_for_player_team_date
2026-05-21,2026,Jessica Shepard,DAL,CHI,A,31.0,18.0,10.0,12.0,0.0,0.0,0.0,1.0,7.0,6.0,9.0,6.0,1.0,9.0,,jessica shepard,0,last_good_canonical,401856922.0,3906949.0,F,1.0,1.0,espn,jessica shepard,no_projection_for_player_team_date
2026-05-29,2026,Jessica Shepard,DAL,LVA,H,38.0,22.0,20.0,10.0,0.0,0.0,0.0,2.0,13.0,8.0,6.0,6.0,4.0,16.0,,jessica shepard,1,last_good_canonical,401856943.0,3906949.0,F,1.0,1.0,espn,jessica shepard,no_projection_for_player_team_date
2026-06-02,2026,Jessica Shepard,DAL,SEA,H,23.0,9.0,8.0,1.0,0.0,1.0,0.0,0.0,9.0,4.0,2.0,1.0,2.0,6.0,,jessica shepard,1,last_good_canonical,401856953.0,3906949.0,F,1.0,1.0,espn,jessica shepard,no_projection_for_player_team_date
2026-06-06,2026,Jessica Shepard,DAL,LAS,A,38.0,22.0,15.0,5.0,0.0,2.0,0.0,4.0,13.0,9.0,6.0,4.0,6.0,9.0,,jessica shepard,0,last_good_canonical,401856964.0,3906949.0,F,1.0,1.0,espn,jessica shepard,no_projection_for_player_team_date
2026-06-10,2026,Jessica Shepard,DAL,MIN,A,29.0,12.0,9.0,4.0,0.0,0.0,0.0,1.0,10.0,6.0,0.0,0.0,3.0,6.0,,jessica shepard,0,last_good_canonical,401856976.0,3906949.0,F,1.0,1.0,espn,jessica shepard,no_projection_for_player_team_date
2026-06-12,2026,Jessica Shepard,DAL,PHX,H,32.0,17.0,10.0,7.0,0.0,2.0,0.0,0.0,8.0,7.0,4.0,3.0,3.0,7.0,,jessica shepard,1,last_good_canonical,401856982.0,3906949.0,F,1.0,1.0,espn,jessica shepard,no_projection_for_player_team_date
2026-06-14,2026,Jessica Shepard,DAL,POR,A,35.0,13.0,14.0,2.0,0.0,1.0,0.0,3.0,10.0,5.0,5.0,3.0,4.0,10.0,,jessica shepard,0,last_good_canonical,401856988.0,3906949.0,F,1.0,1.0,espn,jessica shepard,no_projection_for_player_team_date
2026-06-16,2026,Jessica Shepard,DAL,LVA,H,31.0,15.0,15.0,9.0,0.0,2.0,0.0,3.0,6.0,4.0,10.0,7.0,2.0,13.0,,jessica shepard,1,last_good_canonical,401856992.0,3906949.0,F,1.0,1.0,espn,jessica shepard,no_projection_for_player_team_date
2026-06-18,2026,Jessica Shepard,DAL,GSV,A,33.0,14.0,10.0,4.0,0.0,0.0,0.0,0.0,13.0,7.0,0.0,0.0,2.0,8.0,,jessica shepard,0,last_good_canonical,401856998.0,3906949.0,F,1.0,1.0,espn,jessica shepard,no_projection_for_player_team_date
2026-06-21,2026,Jessica Shepard,DAL,CHI,H,34.0,21.0,8.0,3.0,0.0,1.0,0.0,4.0,14.0,7.0,8.0,7.0,2.0,6.0,,jessica shepard,1,last_good_canonical,401857008.0,3906949.0,F,1.0,1.0,espn,jessica shepard,no_projection_for_player_team_date
2026-06-23,2026,Jessica Shepard,DAL,SEA,A,36.0,14.0,9.0,8.0,0.0,1.0,0.0,1.0,13.0,7.0,0.0,0.0,4.0,5.0,,jessica shepard,0,last_good_canonical,401857015.0,3906949.0,F,1.0,1.0,espn,jessica shepard,no_projection_for_player_team_date
2026-06-26,2026,Jessica Shepard,DAL,LVA,A,35.0,22.0,14.0,4.0,0.0,1.0,0.0,2.0,11.0,8.0,8.0,6.0,2.0,12.0,,jessica shepard,0,last_good_canonical,401857022.0,3906949.0,F,1.0,1.0,espn,jessica shepard,no_projection_for_player_team_date
2026-05-09,2026,Jewell Loyd,LVA,PHX,A,24.0,6.0,1.0,2.0,0.0,0.0,1.0,1.0,7.0,3.0,0.0,0.0,0.0,1.0,,jewell loyd,0,last_good_canonical,401856894.0,2987869.0,G,0.0,1.0,espn,jewell loyd,no_projection_for_player_team_date
2026-05-10,2026,Jewell Loyd,LVA,LAS,A,26.0,2.0,4.0,3.0,0.0,1.0,1.0,1.0,5.0,1.0,0.0,0.0,0.0,4.0,,jewell loyd,0,last_good_canonical,401856898.0,2987869.0,G,0.0,1.0,espn,jewell loyd,no_projection_for_player_team_date
2026-05-14,2026,Jewell Loyd,LVA,CON,A,28.0,11.0,2.0,1.0,3.0,1.0,0.0,2.0,11.0,4.0,0.0,0.0,0.0,2.0,,jewell loyd,0,last_good_canonical,401856905.0,2987869.0,G,0.0,1.0,espn,jewell loyd,no_projection_for_player_team_date
2026-05-24,2026,Jewell Loyd,LVA,LAS,A,29.0,10.0,0.0,2.0,3.0,0.0,0.0,1.0,13.0,3.0,2.0,1.0,0.0,0.0,,jewell loyd,0,last_good_canonical,401856932.0,2987869.0,G,0.0,1.0,espn,jewell loyd,no_projection_for_player_team_date
2026-05-29,2026,Jewell Loyd,LVA,DAL,A,28.0,9.0,2.0,1.0,2.0,0.0,1.0,0.0,6.0,3.0,2.0,1.0,0.0,2.0,,jewell loyd,0,last_good_canonical,401856943.0,2987869.0,G,0.0,1.0,espn,jewell loyd,no_projection_for_player_team_date
2026-06-09,2026,Jewell Loyd,LVA,SEA,A,28.0,5.0,2.0,0.0,1.0,1.0,0.0,1.0,7.0,2.0,0.0,0.0,1.0,1.0,,jewell loyd,0,last_good_canonical,401856974.0,2987869.0,G,0.0,1.0,espn,jewell loyd,no_projection_for_player_team_date
2026-06-12,2026,Jewell Loyd,LVA,POR,A,25.0,2.0,2.0,2.0,0.0,3.0,0.0,1.0,4.0,1.0,0.0,0.0,1.0,1.0,,jewell loyd,0,last_good_canonical,401856983.0,2987869.0,G,0.0,1.0,espn,jewell loyd,no_projection_for_player_team_date
2026-06-14,2026,Jewell Loyd,LVA,MIN,A,26.0,9.0,2.0,3.0,2.0,2.0,0.0,0.0,6.0,2.0,3.0,3.0,1.0,1.0,,jewell loyd,0,last_good_canonical,401856987.0,2987869.0,G,0.0,1.0,espn,jewell loyd,no_projection_for_player_team_date
2026-06-16,2026,Jewell Loyd,LVA,DAL,A,31.0,21.0,2.0,0.0,5.0,1.0,0.0,2.0,14.0,8.0,0.0,0.0,0.0,2.0,,jewell loyd,0,last_good_canonical,401856992.0,2987869.0,G,0.0,1.0,espn,jewell loyd,no_projection_for_player_team_date
2026-06-18,2026,Jewell Loyd,LVA,PHX,A,24.0,0.0,3.0,1.0,0.0,2.0,0.0,0.0,7.0,0.0,0.0,0.0,2.0,1.0,,jewell loyd,0,last_good_canonical,401857000.0,2987869.0,G,0.0,1.0,espn,jewell loyd,no_projection_for_player_team_date
2026-06-24,2026,Jewell Loyd,LVA,NYL,A,30.0,6.0,1.0,0.0,2.0,1.0,0.0,1.0,7.0,2.0,0.0,0.0,0.0,1.0,,jewell loyd,0,last_good_canonical,401857016.0,2987869.0,G,0.0,1.0,espn,jewell loyd,no_projection_for_player_team_date
2026-06-26,2026,Jewell Loyd,LVA,DAL,A,26.0,8.0,2.0,2.0,2.0,1.0,0.0,1.0,6.0,2.0,2.0,2.0,0.0,2.0,,jewell loyd,0,last_good_canonical,401857022.0,2987869.0,G,0.0,1.0,espn,jewell loyd,no_projection_for_player_team_date
2026-05-10,2026,Jihyun Park,LAS,LVA,A,2.0,0.0,0.0,0.0,0.0,0.0,0.0,0.0,1.0,0.0,0.0,0.0,0.0,0.0,,jihyun park,0,last_good_canonical,401856898.0,4874375.0,F,0.0,1.0,espn,jihyun park,no_projection_for_player_team_date
2026-05-14,2026,Jihyun Park,LAS,IND,A,0.0,0.0,0.0,0.0,0.0,0.0,0.0,0.0,0.0,0.0,0.0,0.0,0.0,0.0,,jihyun park,0,last_good_canonical,401856907.0,4874375.0,F,0.0,0.0,espn,jihyun park,no_projection_for_player_team_date
2026-05-17,2026,Jihyun Park,LAS,TOR,A,8.0,2.0,1.0,2.0,0.0,0.0,0.0,0.0,3.0,1.0,0.0,0.0,1.0,0.0,,jihyun park,0,last_good_canonical,401856917.0,4874375.0,F,0.0,1.0,espn,jihyun park,no_projection_for_player_team_date
2026-05-22,2026,Jihyun Park,LAS,PHX,A,11.0,2.0,1.0,1.0,0.0,1.0,0.0,0.0,0.0,0.0,2.0,2.0,0.0,1.0,,jihyun park,0,last_good_canonical,401856926.0,4874375.0,F,0.0,1.0,espn,jihyun park,no_projection_for_player_team_date
2026-05-24,2026,Jihyun Park,LAS,LVA,A,7.0,0.0,1.0,1.0,0.0,1.0,0.0,0.0,1.0,0.0,0.0,0.0,0.0,1.0,,jihyun park,0,last_good_canonical,401856932.0,4874375.0,F,0.0,1.0,espn,jihyun park,no_projection_for_player_team_date
2026-05-29,2026,Jihyun Park,LAS,WAS,A,6.0,0.0,0.0,0.0,0.0,1.0,0.0,1.0,0.0,0.0,2.0,0.0,0.0,0.0,,jihyun park,0,last_good_canonical,401856946.0,4874375.0,F,0.0,1.0,espn,jihyun park,no_projection_for_player_team_date
2026-05-30,2026,Jihyun Park,LAS,CON,A,0.0,0.0,0.0,0.0,0.0,0.0,0.0,0.0,0.0,0.0,0.0,0.0,0.0,0.0,,jihyun park,0,last_good_canonical,401856950.0,4874375.0,F,0.0,0.0,espn,jihyun park,no_projection_for_player_team_date
2026-06-02,2026,Jihyun Park,LAS,LVA,H,4.0,0.0,0.0,0.0,0.0,0.0,0.0,0.0,0.0,0.0,0.0,0.0,0.0,0.0,-6.0,jihyun park,1,last_good_canonical,,,,,,,jihyun park,no_projection_for_player_team_date
2026-06-03,2026,Jihyun Park,LAS,LVA,A,4.0,0.0,0.0,0.0,0.0,0.0,0.0,0.0,0.0,0.0,0.0,0.0,0.0,0.0,,jihyun park,0,last_good_canonical,401856958.0,4874375.0,F,0.0,1.0,espn,jihyun park,no_projection_for_player_team_date
2026-06-06,2026,Jihyun Park,LAS,DAL,A,0.0,0.0,0.0,0.0,0.0,0.0,0.0,0.0,0.0,0.0,0.0,0.0,0.0,0.0,,jihyun park,0,last_good_canonical,401856964.0,4874375.0,F,0.0,0.0,espn,jihyun park,no_projection_for_player_team_date
2026-06-11,2026,Jihyun Park,LAS,SEA,A,2.0,0.0,0.0,0.0,0.0,0.0,0.0,0.0,1.0,0.0,0.0,0.0,0.0,0.0,,jihyun park,0,last_good_canonical,401856979.0,4874375.0,F,0.0,1.0,espn,jihyun park,no_projection_for_player_team_date
2026-06-14,2026,Jihyun Park,LAS,PHX,A,4.0,0.0,1.0,0.0,0.0,0.0,0.0,0.0,0.0,0.0,0.0,0.0,1.0,0.0,,jihyun park,0,last_good_canonical,401856989.0,4874375.0,F,0.0,1.0,espn,jihyun park,no_projection_for_player_team_date
2026-06-16,2026,Jihyun Park,LAS,GSV,A,4.0,2.0,1.0,0.0,0.0,0.0,0.0,0.0,2.0,1.0,0.0,0.0,1.0,0.0,,jihyun park,0,last_good_canonical,401856994.0,4874375.0,F,0.0,1.0,espn,jihyun park,no_projection_for_player_team_date
2026-06-18,2026,Jihyun Park,LAS,MIN,A,22.0,13.0,0.0,0.0,1.0,1.0,0.0,2.0,7.0,5.0,2.0,2.0,0.0,0.0,,jihyun park,0,last_good_canonical,401856999.0,4874375.0,F,0.0,1.0,espn,jihyun park,no_projection_for_player_team_date
2026-06-22,2026,Jihyun Park,LAS,NYL,A,3.0,0.0,1.0,0.0,0.0,0.0,0.0,0.0,0.0,0.0,0.0,0.0,1.0,0.0,,jihyun park,0,last_good_canonical,401857011.0,4874375.0,F,0.0,1.0,espn,jihyun park,no_projection_for_player_team_date
2026-06-28,2026,Jihyun Park,LAS,IND,A,24.0,8.0,4.0,1.0,1.0,1.0,1.0,0.0,6.0,3.0,1.0,1.0,0.0,4.0,,jihyun park,0,last_good_canonical,401857028.0,4874375.0,F,0.0,1.0,espn,jihyun park,no_projection_for_player_team_date
2026-05-09,2026,JJ Quinerly,DAL,IND,A,0.0,0.0,0.0,0.0,0.0,0.0,0.0,0.0,0.0,0.0,0.0,0.0,0.0,0.0,,jj quinerly,0,last_good_canonical,401856893.0,4434015.0,G,0.0,0.0,espn,jj quinerly,no_projection_for_player_team_date
2026-05-13,2026,JJ Quinerly,DAL,ATL,H,0.0,0.0,0.0,0.0,0.0,0.0,0.0,0.0,0.0,0.0,0.0,0.0,0.0,0.0,,jj quinerly,1,last_good_canonical,401856901.0,4434015.0,G,0.0,0.0,espn,jj quinerly,no_projection_for_player_team_date
2026-05-15,2026,JJ Quinerly,DAL,MIN,H,0.0,0.0,0.0,0.0,0.0,0.0,0.0,0.0,0.0,0.0,0.0,0.0,0.0,0.0,,jj quinerly,1,last_good_canonical,401856908.0,4434015.0,G,0.0,0.0,espn,jj quinerly,no_projection_for_player_team_date
2026-05-19,2026,JJ Quinerly,DAL,WAS,H,0.0,0.0,0.0,0.0,0.0,0.0,0.0,0.0,0.0,0.0,0.0,0.0,0.0,0.0,,jj quinerly,1,last_good_canonical,401856918.0,4434015.0,G,0.0,0.0,espn,jj quinerly,no_projection_for_player_team_date
2026-05-21,2026,JJ Quinerly,DAL,CHI,A,0.0,0.0,0.0,0.0,0.0,0.0,0.0,0.0,0.0,0.0,0.0,0.0,0.0,0.0,,jj quinerly,0,last_good_canonical,401856922.0,4434015.0,G,0.0,0.0,espn,jj quinerly,no_projection_for_player_team_date
2026-05-22,2026,JJ Quinerly,DAL,ATL,A,0.0,0.0,0.0,0.0,0.0,0.0,0.0,0.0,0.0,0.0,0.0,0.0,0.0,0.0,,jj quinerly,0,last_good_canonical,401856927.0,4434015.0,G,0.0,0.0,espn,jj quinerly,no_projection_for_player_team_date
2026-05-24,2026,JJ Quinerly,DAL,NYL,A,0.0,0.0,0.0,0.0,0.0,0.0,0.0,0.0,0.0,0.0,0.0,0.0,0.0,0.0,,jj quinerly,0,last_good_canonical,401856934.0,4434015.0,G,0.0,0.0,espn,jj quinerly,no_projection_for_player_team_date
2026-05-29,2026,JJ Quinerly,DAL,LVA,H,0.0,0.0,0.0,0.0,0.0,0.0,0.0,0.0,0.0,0.0,0.0,0.0,0.0,0.0,,jj quinerly,1,last_good_canonical,401856943.0,4434015.0,G,0.0,0.0,espn,jj quinerly,no_projection_for_player_team_date
2026-06-02,2026,JJ Quinerly,DAL,SEA,H,0.0,0.0,0.0,0.0,0.0,0.0,0.0,0.0,0.0,0.0,0.0,0.0,0.0,0.0,,jj quinerly,1,last_good_canonical,401856953.0,4434015.0,G,0.0,0.0,espn,jj quinerly,no_projection_for_player_team_date
2026-06-06,2026,JJ Quinerly,DAL,LAS,A,0.0,0.0,0.0,0.0,0.0,0.0,0.0,0.0,0.0,0.0,0.0,0.0,0.0,0.0,,jj quinerly,0,last_good_canonical,401856964.0,4434015.0,G,0.0,0.0,espn,jj quinerly,no_projection_for_player_team_date
2026-06-10,2026,JJ Quinerly,DAL,MIN,A,10.0,0.0,1.0,2.0,0.0,0.0,1.0,0.0,2.0,0.0,0.0,0.0,0.0,1.0,,jj quinerly,0,last_good_canonical,401856976.0,4434015.0,G,0.0,1.0,espn,jj quinerly,no_projection_for_player_team_date
2026-06-12,2026,JJ Quinerly,DAL,PHX,H,3.0,2.0,0.0,0.0,0.0,0.0,0.0,0.0,1.0,1.0,0.0,0.0,0.0,0.0,,jj quinerly,1,last_good_canonical,401856982.0,4434015.0,G,0.0,1.0,espn,jj quinerly,no_projection_for_player_team_date
2026-06-14,2026,JJ Quinerly,DAL,POR,A,0.0,0.0,0.0,0.0,0.0,0.0,0.0,0.0,0.0,0.0,0.0,0.0,0.0,0.0,,jj quinerly,0,last_good_canonical,401856988.0,4434015.0,G,0.0,0.0,espn,jj quinerly,no_projection_for_player_team_date
2026-05-13,2026,Jonquel Jones,NYL,POR,A,34.0,17.0,7.0,3.0,3.0,1.0,0.0,4.0,11.0,6.0,2.0,2.0,1.0,6.0,,jonquel jones,0,last_good_canonical,401856903.0,2999101.0,C,1.0,1.0,espn,jonquel jones,no_projection_for_player_team_date
2026-05-15,2026,Jonquel Jones,NYL,POR,A,26.0,6.0,9.0,3.0,0.0,1.0,0.0,2.0,4.0,2.0,2.0,2.0,1.0,8.0,,jonquel jones,0,last_good_canonical,401856909.0,2999101.0,C,1.0,1.0,espn,jonquel jones,no_projection_for_player_team_date
2026-05-22,2026,Jonquel Jones,NYL,GSV,A,28.0,16.0,8.0,3.0,1.0,0.0,1.0,2.0,12.0,6.0,4.0,3.0,2.0,6.0,,jonquel jones,0,last_good_canonical,401856924.0,2999101.0,C,1.0,1.0,espn,jonquel jones,no_projection_for_player_team_date
2026-06-07,2026,Jonquel Jones,NYL,IND,A,28.0,8.0,12.0,4.0,0.0,0.0,1.0,1.0,6.0,2.0,7.0,4.0,2.0,10.0,,jonquel jones,0,last_good_canonical,401856969.0,2999101.0,C,1.0,1.0,espn,jonquel jones,no_projection_for_player_team_date
2026-06-18,2026,Jonquel Jones,NYL,CHI,A,28.0,19.0,8.0,3.0,3.0,1.0,1.0,4.0,9.0,6.0,4.0,4.0,1.0,7.0,,jonquel jones,0,last_good_canonical,401856997.0,2999101.0,C,1.0,1.0,espn,jonquel jones,no_projection_for_player_team_date
2026-06-22,2026,Jonquel Jones,NYL,LAS,A,33.0,18.0,8.0,3.0,4.0,2.0,1.0,0.0,9.0,6.0,2.0,2.0,3.0,5.0,,jonquel jones,0,last_good_canonical,401857011.0,2999101.0,C,1.0,1.0,espn,jonquel jones,no_projection_for_player_team_date
2026-06-24,2026,Jonquel Jones,NYL,LVA,A,28.0,14.0,5.0,3.0,1.0,0.0,0.0,0.0,8.0,5.0,3.0,3.0,1.0,4.0,,jonquel jones,0,last_good_canonical,401857016.0,2999101.0,C,1.0,1.0,espn,jonquel jones,no_projection_for_player_team_date
2026-06-26,2026,Jonquel Jones,NYL,SEA,A,30.0,26.0,8.0,1.0,3.0,1.0,1.0,1.0,17.0,10.0,7.0,3.0,2.0,6.0,,jonquel jones,0,last_good_canonical,401857023.0,2999101.0,C,1.0,1.0,espn,jonquel jones,no_projection_for_player_team_date
2026-05-10,2026,Jordan Harrison,POR,CHI,H,11.0,4.0,0.0,4.0,0.0,0.0,0.0,2.0,6.0,2.0,0.0,0.0,0.0,0.0,,jordan harrison,1,last_good_canonical,401856895.0,5108051.0,G,0.0,1.0,espn,jordan harrison,no_projection_for_player_team_date
2026-05-09,2026,Jordan Horston,SEA,GSV,H,15.0,0.0,4.0,0.0,0.0,0.0,1.0,1.0,4.0,0.0,0.0,0.0,0.0,4.0,,jordan horston,1,last_good_canonical,401856892.0,4432830.0,F,1.0,1.0,espn,jordan horston,no_projection_for_player_team_date
2026-05-10,2026,Jordan Horston,SEA,CON,A,15.0,4.0,3.0,1.0,0.0,1.0,1.0,3.0,4.0,1.0,2.0,2.0,1.0,2.0,,jordan horston,0,last_good_canonical,401856896.0,4432830.0,F,1.0,1.0,espn,jordan horston,no_projection_for_player_team_date
2026-05-13,2026,Jordan Horston,SEA,TOR,A,18.0,1.0,2.0,1.0,0.0,0.0,0.0,1.0,0.0,0.0,2.0,1.0,0.0,2.0,,jordan horston,0,last_good_canonical,401856904.0,4432830.0,F,1.0,1.0,espn,jordan horston,no_projection_for_player_team_date
2026-05-17,2026,Jordan Horston,SEA,IND,A,15.0,2.0,2.0,3.0,0.0,1.0,0.0,1.0,5.0,1.0,0.0,0.0,0.0,2.0,,jordan horston,0,last_good_canonical,401856916.0,4432830.0,F,1.0,1.0,espn,jordan horston,no_projection_for_player_team_date
2026-05-21,2026,Jordan Horston,SEA,CON,H,17.0,0.0,3.0,0.0,0.0,2.0,0.0,1.0,2.0,0.0,0.0,0.0,1.0,2.0,,jordan horston,1,last_good_canonical,401856923.0,4432830.0,F,1.0,1.0,espn,jordan horston,no_projection_for_player_team_date
2026-05-23,2026,Jordan Horston,SEA,CON,H,22.0,8.0,4.0,0.0,0.0,3.0,0.0,1.0,9.0,4.0,0.0,0.0,0.0,4.0,,jordan horston,1,last_good_canonical,401856929.0,4432830.0,F,1.0,1.0,espn,jordan horston,no_projection_for_player_team_date
2026-05-24,2026,Jordan Horston,SEA,WAS,H,20.0,5.0,3.0,1.0,1.0,1.0,0.0,1.0,4.0,2.0,0.0,0.0,0.0,3.0,,jordan horston,1,last_good_canonical,401856935.0,4432830.0,F,1.0,1.0,espn,jordan horston,no_projection_for_player_team_date
2026-05-28,2026,Jordan Horston,SEA,WAS,H,19.0,4.0,5.0,3.0,0.0,0.0,1.0,1.0,5.0,1.0,2.0,2.0,1.0,4.0,,jordan horston,1,last_good_canonical,401856942.0,4432830.0,F,1.0,1.0,espn,jordan horston,no_projection_for_player_team_date
2026-05-30,2026,Jordan Horston,SEA,TOR,A,22.0,15.0,4.0,1.0,1.0,4.0,0.0,2.0,11.0,6.0,2.0,2.0,3.0,1.0,,jordan horston,0,last_good_canonical,401856949.0,4432830.0,F,1.0,1.0,espn,jordan horston,no_projection_for_player_team_date
2026-06-02,2026,Jordan Horston,SEA,DAL,A,27.0,2.0,6.0,1.0,0.0,0.0,4.0,2.0,7.0,1.0,0.0,0.0,1.0,5.0,,jordan horston,0,last_good_canonical,401856953.0,4432830.0,F,1.0,1.0,espn,jordan horston,no_projection_for_player_team_date
2026-06-03,2026,Jordan Horston,SEA,PHX,H,21.0,5.0,5.0,1.0,1.0,0.0,1.0,2.0,5.0,2.0,0.0,0.0,1.0,4.0,-4.0,jordan horston,1,last_good_canonical,,,,,,,jordan horston,no_projection_for_player_team_date
2026-06-04,2026,Jordan Horston,SEA,PHX,H,21.0,5.0,5.0,1.0,1.0,0.0,1.0,2.0,5.0,2.0,0.0,0.0,1.0,4.0,,jordan horston,1,last_good_canonical,401856960.0,4432830.0,F,1.0,1.0,espn,jordan horston,no_projection_for_player_team_date
2026-06-06,2026,Jordan Horston,SEA,MIN,A,18.0,7.0,3.0,2.0,1.0,0.0,0.0,3.0,3.0,2.0,2.0,2.0,1.0,2.0,-15.0,jordan horston,0,last_good_canonical,,,,,,,jordan horston,no_projection_for_player_team_date
2026-06-09,2026,Jordan Horston,SEA,LVA,A,18.0,0.0,7.0,1.0,0.0,3.0,0.0,1.0,7.0,0.0,0.0,0.0,2.0,5.0,,jordan horston,0,last_good_canonical,401856974.0,4432830.0,F,1.0,1.0,espn,jordan horston,no_projection_for_player_team_date
2026-06-11,2026,Jordan Horston,SEA,LAS,H,26.0,11.0,4.0,4.0,1.0,1.0,1.0,0.0,10.0,5.0,0.0,0.0,0.0,4.0,,jordan horston,1,last_good_canonical,401856979.0,4432830.0,F,1.0,1.0,espn,jordan horston,no_projection_for_player_team_date
2026-06-13,2026,Jordan Horston,SEA,GSV,H,26.0,5.0,5.0,5.0,0.0,2.0,2.0,1.0,7.0,2.0,2.0,1.0,1.0,4.0,,jordan horston,1,last_good_canonical,401856985.0,4432830.0,F,1.0,1.0,espn,jordan horston,no_projection_for_player_team_date
2026-06-18,2026,Jordan Horston,SEA,POR,A,0.0,0.0,0.0,0.0,0.0,0.0,0.0,0.0,0.0,0.0,0.0,0.0,0.0,0.0,,jordan horston,0,last_good_canonical,401857001.0,4432830.0,F,0.0,0.0,espn,jordan horston,no_projection_for_player_team_date
2026-06-23,2026,Jordan Horston,SEA,DAL,H,0.0,0.0,0.0,0.0,0.0,0.0,0.0,0.0,0.0,0.0,0.0,0.0,0.0,0.0,,jordan horston,1,last_good_canonical,401857015.0,4432830.0,F,0.0,0.0,espn,jordan horston,no_projection_for_player_team_date
2026-06-26,2026,Jordan Horston,SEA,NYL,H,0.0,0.0,0.0,0.0,0.0,0.0,0.0,0.0,0.0,0.0,0.0,0.0,0.0,0.0,,jordan horston,1,last_good_canonical,401857023.0,4432830.0,F,0.0,0.0,espn,jordan horston,no_projection_for_player_team_date
2026-06-28,2026,Jordan Horston,SEA,ATL,H,0.0,0.0,0.0,0.0,0.0,0.0,0.0,0.0,0.0,0.0,0.0,0.0,0.0,0.0,,jordan horston,1,last_good_canonical,401857029.0,4432830.0,F,0.0,0.0,espn,jordan horston,no_projection_for_player_team_date
2026-05-10,2026,Jordin Canada,ATL,MIN,A,27.0,12.0,2.0,6.0,1.0,0.0,0.0,4.0,7.0,4.0,4.0,3.0,1.0,1.0,,jordin canada,0,last_good_canonical,401856899.0,3142250.0,G,1.0,1.0,espn,jordin canada,no_projection_for_player_team_date
2026-05-13,2026,Jordin Canada,ATL,DAL,A,31.0,19.0,7.0,5.0,3.0,3.0,0.0,1.0,15.0,8.0,0.0,0.0,1.0,6.0,,jordin canada,0,last_good_canonical,401856901.0,3142250.0,G,1.0,1.0,espn,jordin canada,no_projection_for_player_team_date
2026-05-28,2026,Jordin Canada,ATL,MIN,A,29.0,9.0,1.0,5.0,1.0,0.0,0.0,4.0,6.0,2.0,4.0,4.0,0.0,1.0,,jordin canada,0,last_good_canonical,401856940.0,3142250.0,G,1.0,1.0,espn,jordin canada,no_projection_for_player_team_date
2026-05-30,2026,Jordin Canada,ATL,POR,A,27.0,9.0,4.0,4.0,0.0,1.0,0.0,3.0,4.0,2.0,5.0,5.0,2.0,2.0,,jordin canada,0,last_good_canonical,401856948.0,3142250.0,G,1.0,1.0,espn,jordin canada,no_projection_for_player_team_date
2026-06-25,2026,Jordin Canada,ATL,GSV,A,28.0,8.0,4.0,2.0,1.0,1.0,1.0,1.0,10.0,2.0,4.0,3.0,1.0,3.0,,jordin canada,0,last_good_canonical,401857020.0,3142250.0,G,1.0,1.0,espn,jordin canada,no_projection_for_player_team_date
2026-06-28,2026,Jordin Canada,ATL,SEA,A,36.0,8.0,4.0,10.0,0.0,1.0,0.0,3.0,5.0,3.0,2.0,2.0,1.0,3.0,,jordin canada,0,last_good_canonical,401857029.0,3142250.0,G,1.0,1.0,espn,jordin canada,no_projection_for_player_team_date
2026-05-09,2026,Jovana Nogic,PHX,LVA,A,21.0,19.0,0.0,4.0,4.0,2.0,0.0,1.0,8.0,5.0,5.0,5.0,0.0,0.0,,jovana nogic,0,last_good_canonical,401856894.0,3906769.0,G,1.0,1.0,espn,jovana nogic,no_projection_for_player_team_date
2026-05-13,2026,Jovana Nogic,PHX,MIN,H,17.0,2.0,1.0,2.0,0.0,3.0,0.0,1.0,6.0,0.0,2.0,2.0,1.0,0.0,,jovana nogic,1,last_good_canonical,401856902.0,3906769.0,G,0.0,1.0,espn,jovana nogic,no_projection_for_player_team_date
2026-05-20,2026,Jovana Nogic,PHX,TOR,H,29.0,13.0,0.0,3.0,2.0,0.0,0.0,2.0,15.0,4.0,3.0,3.0,0.0,0.0,,jovana nogic,1,last_good_canonical,401856920.0,3906769.0,G,1.0,1.0,espn,jovana nogic,no_projection_for_player_team_date
2026-05-22,2026,Jovana Nogic,PHX,LAS,H,30.0,15.0,1.0,3.0,3.0,1.0,0.0,1.0,11.0,5.0,3.0,2.0,0.0,1.0,,jovana nogic,1,last_good_canonical,401856926.0,3906769.0,G,1.0,1.0,espn,jovana nogic,no_projection_for_player_team_date
2026-05-24,2026,Jovana Nogic,PHX,ATL,A,21.0,11.0,0.0,1.0,2.0,0.0,0.0,4.0,9.0,3.0,3.0,3.0,0.0,0.0,,jovana nogic,0,last_good_canonical,401856933.0,3906769.0,G,1.0,1.0,espn,jovana nogic,no_projection_for_player_team_date
2026-05-27,2026,Jovana Nogic,PHX,NYL,A,14.0,9.0,2.0,1.0,3.0,0.0,0.0,2.0,5.0,3.0,1.0,0.0,1.0,1.0,,jovana nogic,0,last_good_canonical,401856938.0,3906769.0,G,0.0,1.0,espn,jovana nogic,no_projection_for_player_team_date
2026-05-29,2026,Jovana Nogic,PHX,NYL,A,12.0,8.0,0.0,0.0,2.0,0.0,0.0,1.0,7.0,2.0,2.0,2.0,0.0,0.0,,jovana nogic,0,last_good_canonical,401856945.0,3906769.0,G,0.0,1.0,espn,jovana nogic,no_projection_for_player_team_date
2026-06-02,2026,Jovana Nogic,PHX,MIN,H,16.0,8.0,1.0,0.0,2.0,0.0,0.0,2.0,6.0,3.0,0.0,0.0,1.0,0.0,,jovana nogic,1,last_good_canonical,401856954.0,3906769.0,G,0.0,1.0,espn,jovana nogic,no_projection_for_player_team_date
2026-06-03,2026,Jovana Nogic,PHX,SEA,A,12.0,4.0,2.0,2.0,0.0,0.0,0.0,0.0,2.0,1.0,2.0,2.0,0.0,2.0,-4.0,jovana nogic,0,last_good_canonical,,,,,,,jovana nogic,no_projection_for_player_team_date
2026-06-04,2026,Jovana Nogic,PHX,SEA,A,12.0,4.0,2.0,2.0,0.0,0.0,0.0,0.0,2.0,1.0,2.0,2.0,0.0,2.0,,jovana nogic,0,last_good_canonical,401856960.0,3906769.0,G,0.0,1.0,espn,jovana nogic,no_projection_for_player_team_date
2026-06-06,2026,Jovana Nogic,PHX,POR,A,30.0,9.0,2.0,6.0,0.0,2.0,0.0,0.0,11.0,3.0,4.0,3.0,1.0,1.0,,jovana nogic,0,last_good_canonical,401856965.0,3906769.0,G,1.0,1.0,espn,jovana nogic,no_projection_for_player_team_date
2026-06-10,2026,Jovana Nogic,PHX,GSV,A,9.0,2.0,0.0,1.0,0.0,0.0,0.0,1.0,3.0,1.0,0.0,0.0,0.0,0.0,,jovana nogic,0,last_good_canonical,401856977.0,3906769.0,G,0.0,1.0,espn,jovana nogic,no_projection_for_player_team_date
2026-06-12,2026,Jovana Nogic,PHX,DAL,A,16.0,7.0,2.0,1.0,1.0,1.0,0.0,1.0,8.0,3.0,0.0,0.0,0.0,2.0,,jovana nogic,0,last_good_canonical,401856982.0,3906769.0,G,0.0,1.0,espn,jovana nogic,no_projection_for_player_team_date
2026-06-14,2026,Jovana Nogic,PHX,LAS,H,15.0,4.0,1.0,1.0,0.0,0.0,0.0,0.0,4.0,2.0,0.0,0.0,0.0,1.0,,jovana nogic,1,last_good_canonical,401856989.0,3906769.0,G,0.0,1.0,espn,jovana nogic,no_projection_for_player_team_date
2026-06-18,2026,Jovana Nogic,PHX,LVA,H,21.0,12.0,0.0,0.0,4.0,1.0,0.0,2.0,7.0,4.0,0.0,0.0,0.0,0.0,,jovana nogic,1,last_good_canonical,401857000.0,3906769.0,G,0.0,1.0,espn,jovana nogic,no_projection_for_player_team_date
2026-05-23,2026,Joyner Holmes,SEA,CON,H,15.0,2.0,5.0,1.0,0.0,0.0,3.0,2.0,4.0,1.0,0.0,0.0,1.0,4.0,,joyner holmes,1,last_good_canonical,401856929.0,4068161.0,F,0.0,1.0,espn,joyner holmes,no_projection_for_player_team_date
2026-05-24,2026,Joyner Holmes,SEA,WAS,H,0.0,0.0,0.0,0.0,0.0,0.0,0.0,0.0,0.0,0.0,0.0,0.0,0.0,0.0,,joyner holmes,1,last_good_canonical,401856935.0,4068161.0,F,0.0,0.0,espn,joyner holmes,no_projection_for_player_team_date
2026-05-28,2026,Joyner Holmes,SEA,WAS,H,0.0,0.0,0.0,0.0,0.0,0.0,0.0,0.0,0.0,0.0,0.0,0.0,0.0,0.0,,joyner holmes,1,last_good_canonical,401856942.0,4068161.0,F,0.0,0.0,espn,joyner holmes,no_projection_for_player_team_date
2026-05-30,2026,Joyner Holmes,SEA,TOR,A,0.0,0.0,0.0,0.0,0.0,0.0,0.0,0.0,0.0,0.0,0.0,0.0,0.0,0.0,,joyner holmes,0,last_good_canonical,401856949.0,4068161.0,F,0.0,0.0,espn,joyner holmes,no_projection_for_player_team_date
2026-06-02,2026,Joyner Holmes,SEA,DAL,A,0.0,0.0,0.0,0.0,0.0,0.0,0.0,0.0,0.0,0.0,0.0,0.0,0.0,0.0,,joyner holmes,0,last_good_canonical,401856953.0,4068161.0,F,0.0,0.0,espn,joyner holmes,no_projection_for_player_team_date
2026-06-03,2026,Joyner Holmes,SEA,PHX,H,,,,,,,,,,,,,,,,joyner holmes,1,last_good_canonical,,,,,,,joyner holmes,no_projection_for_player_team_date
2026-06-04,2026,Joyner Holmes,SEA,PHX,H,0.0,0.0,0.0,0.0,0.0,0.0,0.0,0.0,0.0,0.0,0.0,0.0,0.0,0.0,,joyner holmes,1,last_good_canonical,401856960.0,4068161.0,F,0.0,0.0,espn,joyner holmes,no_projection_for_player_team_date
2026-06-06,2026,Joyner Holmes,SEA,MIN,A,,,,,,,,,,,,,,,,joyner holmes,0,last_good_canonical,,,,,,,joyner holmes,no_projection_for_player_team_date
2025-07-05,2025,Julie Allemand,LAS,IND,A,30.0,5.0,6.0,5.0,1.0,0.0,0.0,1.0,5.0,2.0,0.0,0.0,0.0,6.0,,julie allemand,0,last_good_canonical,401736225.0,4001679.0,G,1.0,1.0,espn,julie allemand,no_projection_for_player_team_date
2026-05-13,2026,Julie Allemand,TOR,SEA,H,29.0,2.0,3.0,6.0,0.0,3.0,0.0,3.0,5.0,1.0,0.0,0.0,0.0,3.0,,julie allemand,1,last_good_canonical,401856904.0,4001679.0,G,1.0,1.0,espn,julie allemand,no_projection_for_player_team_date
2026-05-20,2026,Julie Allemand,TOR,PHX,A,0.0,0.0,0.0,0.0,0.0,0.0,0.0,0.0,0.0,0.0,0.0,0.0,0.0,0.0,,julie allemand,0,last_good_canonical,401856920.0,4001679.0,G,0.0,0.0,espn,julie allemand,no_projection_for_player_team_date
2026-05-22,2026,Julie Allemand,TOR,MIN,A,0.0,0.0,0.0,0.0,0.0,0.0,0.0,0.0,0.0,0.0,0.0,0.0,0.0,0.0,,julie allemand,0,last_good_canonical,401856925.0,4001679.0,G,0.0,0.0,espn,julie allemand,no_projection_for_player_team_date
2026-05-28,2026,Julie Allemand,TOR,CHI,A,0.0,0.0,0.0,0.0,0.0,0.0,0.0,0.0,0.0,0.0,0.0,0.0,0.0,0.0,,julie allemand,0,last_good_canonical,401856939.0,4001679.0,G,0.0,0.0,espn,julie allemand,no_projection_for_player_team_date
2026-05-30,2026,Julie Allemand,TOR,SEA,H,17.0,6.0,4.0,4.0,0.0,1.0,0.0,2.0,4.0,2.0,2.0,2.0,0.0,4.0,,julie allemand,1,last_good_canonical,401856949.0,4001679.0,G,0.0,1.0,espn,julie allemand,no_projection_for_player_team_date
2026-06-03,2026,Julie Allemand,TOR,NYL,A,23.0,7.0,1.0,2.0,1.0,2.0,1.0,0.0,6.0,3.0,0.0,0.0,0.0,1.0,-12.0,julie allemand,0,last_good_canonical,,,,,,,julie allemand,no_projection_for_player_team_date
2025-07-05,2025,Julie Vanloo,LAS,IND,A,10.0,3.0,0.0,2.0,1.0,0.0,0.0,0.0,2.0,1.0,0.0,0.0,0.0,0.0,,julie vanloo,0,last_good_canonical,401736225.0,2566110.0,G,0.0,1.0,espn,julie vanloo,no_projection_for_player_team_date
2026-05-08,2026,Julie Vanloo,NYL,CON,A,22.0,12.0,7.0,11.0,2.0,1.0,0.0,3.0,4.0,3.0,4.0,4.0,1.0,6.0,,julie vanloo,0,last_good_canonical,401856890.0,2566110.0,G,0.0,1.0,espn,julie vanloo,no_projection_for_player_team_date
2026-05-10,2026,Julie Vanloo,NYL,WAS,A,13.0,3.0,1.0,2.0,1.0,0.0,0.0,2.0,3.0,1.0,0.0,0.0,0.0,1.0,,julie vanloo,0,last_good_canonical,401856897.0,2566110.0,G,0.0,1.0,espn,julie vanloo,no_projection_for_player_team_date
2026-05-13,2026,Julie Vanloo,NYL,POR,A,12.0,3.0,0.0,2.0,1.0,0.0,0.0,1.0,2.0,1.0,0.0,0.0,0.0,0.0,,julie vanloo,0,last_good_canonical,401856903.0,2566110.0,G,0.0,1.0,espn,julie vanloo,no_projection_for_player_team_date
2026-05-15,2026,Julie Vanloo,NYL,POR,A,18.0,9.0,0.0,4.0,3.0,1.0,0.0,2.0,5.0,3.0,0.0,0.0,0.0,0.0,,julie vanloo,0,last_good_canonical,401856909.0,2566110.0,G,0.0,1.0,espn,julie vanloo,no_projection_for_player_team_date
2026-05-22,2026,Julie Vanloo,NYL,GSV,A,16.0,2.0,2.0,8.0,0.0,0.0,0.0,4.0,3.0,1.0,0.0,0.0,0.0,2.0,,julie vanloo,0,last_good_canonical,401856924.0,2566110.0,G,0.0,1.0,espn,julie vanloo,no_projection_for_player_team_date
2026-05-22,2026,Juste Jocyte,GSV,IND,A,0.0,0.0,0.0,0.0,0.0,0.0,0.0,0.0,0.0,0.0,0.0,0.0,0.0,0.0,,juste jocyte,0,last_good_canonical,401856928.0,5277552.0,G,0.0,0.0,espn,juste jocyte,no_projection_for_player_team_date
2026-05-29,2026,Juste Jocyte,GSV,IND,A,16.0,3.0,0.0,2.0,1.0,0.0,1.0,2.0,4.0,1.0,0.0,0.0,0.0,0.0,,juste jocyte,0,last_good_canonical,401856944.0,5277552.0,G,0.0,1.0,espn,juste jocyte,no_projection_for_player_team_date
2026-05-31,2026,Juste Jocyte,GSV,LVA,A,5.0,5.0,1.0,1.0,1.0,0.0,0.0,0.0,2.0,1.0,2.0,2.0,0.0,1.0,,juste jocyte,0,last_good_canonical,401856952.0,5277552.0,G,0.0,1.0,espn,juste jocyte,no_projection_for_player_team_date
2026-06-02,2026,Juste Jocyte,GSV,POR,H,13.0,8.0,2.0,1.0,2.0,0.0,0.0,2.0,8.0,3.0,0.0,0.0,0.0,2.0,1.0,juste jocyte,1,last_good_canonical,,,,,,,juste jocyte,no_projection_for_player_team_date
2026-06-03,2026,Juste Jocyte,GSV,POR,A,13.0,8.0,2.0,1.0,2.0,0.0,0.0,2.0,8.0,3.0,0.0,0.0,0.0,2.0,,juste jocyte,0,last_good_canonical,401856957.0,5277552.0,G,0.0,1.0,espn,juste jocyte,no_projection_for_player_team_date
2026-06-04,2026,Juste Jocyte,GSV,MIN,A,7.0,0.0,0.0,0.0,0.0,0.0,0.0,0.0,4.0,0.0,0.0,0.0,0.0,0.0,2.0,juste jocyte,0,last_good_canonical,,,,,,,juste jocyte,no_projection_for_player_team_date
2026-06-06,2026,Juste Jocyte,GSV,LVA,A,,,,,,,,,,,,,,,,juste jocyte,0,last_good_canonical,,,,,,,juste jocyte,no_projection_for_player_team_date
2026-06-10,2026,Juste Jocyte,GSV,PHX,A,0.0,0.0,0.0,0.0,0.0,0.0,0.0,0.0,0.0,0.0,0.0,0.0,0.0,0.0,,juste jocyte,0,last_good_canonical,401856977.0,5277552.0,G,0.0,0.0,espn,juste jocyte,no_projection_for_player_team_date
2026-06-13,2026,Juste Jocyte,GSV,SEA,A,0.0,0.0,0.0,0.0,0.0,0.0,0.0,0.0,0.0,0.0,0.0,0.0,0.0,0.0,,juste jocyte,0,last_good_canonical,401856985.0,5277552.0,G,0.0,0.0,espn,juste jocyte,no_projection_for_player_team_date
2026-06-16,2026,Juste Jocyte,GSV,LAS,A,2.0,0.0,0.0,0.0,0.0,0.0,0.0,1.0,0.0,0.0,0.0,0.0,0.0,0.0,,juste jocyte,0,last_good_canonical,401856994.0,5277552.0,G,0.0,1.0,espn,juste jocyte,no_projection_for_player_team_date
2026-06-18,2026,Juste Jocyte,GSV,DAL,A,0.0,0.0,0.0,0.0,0.0,0.0,0.0,0.0,0.0,0.0,0.0,0.0,0.0,0.0,,juste jocyte,0,last_good_canonical,401856998.0,5277552.0,G,0.0,0.0,espn,juste jocyte,no_projection_for_player_team_date
2026-06-20,2026,Juste Jocyte,GSV,MIN,A,0.0,0.0,0.0,0.0,0.0,0.0,0.0,0.0,0.0,0.0,0.0,0.0,0.0,0.0,,juste jocyte,0,last_good_canonical,401857005.0,5277552.0,G,0.0,0.0,espn,juste jocyte,no_projection_for_player_team_date
2026-06-25,2026,Juste Jocyte,GSV,ATL,A,0.0,0.0,0.0,0.0,0.0,0.0,0.0,0.0,0.0,0.0,0.0,0.0,0.0,0.0,,juste jocyte,0,last_good_canonical,401857020.0,5277552.0,G,0.0,0.0,espn,juste jocyte,no_projection_for_player_team_date
2026-06-27,2026,Juste Jocyte,GSV,ATL,A,0.0,0.0,0.0,0.0,0.0,0.0,0.0,0.0,0.0,0.0,0.0,0.0,0.0,0.0,,juste jocyte,0,last_good_canonical,401857026.0,5277552.0,G,0.0,0.0,espn,juste jocyte,no_projection_for_player_team_date
2026-06-06,2026,Justine Pissott,IND,NYL,A,,,,,,,,,,,,,,,,justine pissott,0,last_good_canonical,,,,,,,justine pissott,no_projection_for_player_team_date
2026-06-07,2026,Justine Pissott,IND,NYL,A,0.0,0.0,0.0,0.0,0.0,0.0,0.0,0.0,0.0,0.0,0.0,0.0,0.0,0.0,,justine pissott,0,last_good_canonical,401856969.0,4682855.0,G,0.0,0.0,espn,justine pissott,no_projection_for_player_team_date
2026-05-13,2026,Kahleah Copper,PHX,MIN,H,35.0,30.0,1.0,2.0,2.0,2.0,0.0,3.0,21.0,9.0,13.0,10.0,1.0,0.0,,kahleah copper,1,last_good_canonical,401856902.0,2998938.0,G,1.0,1.0,espn,kahleah copper,no_projection_for_player_team_date
2026-05-20,2026,Kahleah Copper,PHX,TOR,H,35.0,18.0,3.0,4.0,0.0,0.0,0.0,4.0,18.0,7.0,6.0,4.0,0.0,3.0,,kahleah copper,1,last_good_canonical,401856920.0,2998938.0,G,1.0,1.0,espn,kahleah copper,no_projection_for_player_team_date
2026-05-22,2026,Kahleah Copper,PHX,LAS,H,36.0,22.0,5.0,2.0,1.0,0.0,0.0,4.0,20.0,7.0,10.0,7.0,0.0,5.0,,kahleah copper,1,last_good_canonical,401856926.0,2998938.0,G,1.0,1.0,espn,kahleah copper,no_projection_for_player_team_date
2026-06-02,2026,Kahleah Copper,PHX,MIN,H,27.0,18.0,2.0,1.0,3.0,1.0,0.0,2.0,13.0,5.0,8.0,5.0,0.0,2.0,,kahleah copper,1,last_good_canonical,401856954.0,2998938.0,G,1.0,1.0,espn,kahleah copper,no_projection_for_player_team_date
2026-06-04,2026,Kahleah Copper,PHX,SEA,A,35.0,16.0,6.0,1.0,2.0,1.0,0.0,1.0,14.0,4.0,6.0,6.0,1.0,5.0,,kahleah copper,0,last_good_canonical,401856960.0,2998938.0,G,1.0,1.0,espn,kahleah copper,no_projection_for_player_team_date
2026-06-06,2026,Kahleah Copper,PHX,POR,A,0.0,0.0,0.0,0.0,0.0,0.0,0.0,0.0,0.0,0.0,0.0,0.0,0.0,0.0,,kahleah copper,0,last_good_canonical,401856965.0,2998938.0,G,0.0,0.0,espn,kahleah copper,no_projection_for_player_team_date
2026-06-10,2026,Kahleah Copper,PHX,GSV,A,26.0,9.0,4.0,1.0,1.0,1.0,0.0,1.0,11.0,3.0,2.0,2.0,1.0,3.0,,kahleah copper,0,last_good_canonical,401856977.0,2998938.0,G,1.0,1.0,espn,kahleah copper,no_projection_for_player_team_date
2026-06-12,2026,Kahleah Copper,PHX,DAL,A,29.0,13.0,2.0,3.0,2.0,0.0,0.0,4.0,10.0,3.0,6.0,5.0,0.0,2.0,,kahleah copper,0,last_good_canonical,401856982.0,2998938.0,G,1.0,1.0,espn,kahleah copper,no_projection_for_player_team_date
2026-06-14,2026,Kahleah Copper,PHX,LAS,H,38.0,41.0,10.0,1.0,6.0,0.0,0.0,5.0,30.0,16.0,6.0,3.0,3.0,7.0,,kahleah copper,1,last_good_canonical,401856989.0,2998938.0,G,1.0,1.0,espn,kahleah copper,no_projection_for_player_team_date
2026-06-18,2026,Kahleah Copper,PHX,LVA,H,30.0,26.0,4.0,3.0,1.0,0.0,0.0,4.0,16.0,9.0,7.0,7.0,0.0,4.0,,kahleah copper,1,last_good_canonical,401857000.0,2998938.0,G,1.0,1.0,espn,kahleah copper,no_projection_for_player_team_date
2026-06-23,2026,Kahleah Copper,PHX,IND,A,31.0,20.0,3.0,0.0,2.0,0.0,0.0,1.0,14.0,6.0,8.0,6.0,0.0,3.0,,kahleah copper,0,last_good_canonical,401857014.0,2998938.0,G,1.0,1.0,espn,kahleah copper,no_projection_for_player_team_date
2026-05-09,2026,Kaila Charles,GSV,SEA,A,17.0,3.0,6.0,2.0,1.0,0.0,1.0,2.0,2.0,1.0,0.0,0.0,3.0,3.0,,kaila charles,0,last_good_canonical,401856892.0,4065780.0,G,0.0,1.0,espn,kaila charles,no_projection_for_player_team_date
2026-05-14,2026,Kaila Charles,GSV,CHI,A,28.0,9.0,9.0,2.0,1.0,0.0,0.0,1.0,9.0,4.0,0.0,0.0,5.0,4.0,,kaila charles,0,last_good_canonical,401856906.0,4065780.0,G,1.0,1.0,espn,kaila charles,no_projection_for_player_team_date
2026-05-22,2026,Kaila Charles,GSV,NYL,A,24.0,13.0,7.0,1.0,1.0,0.0,0.0,1.0,10.0,5.0,3.0,2.0,2.0,5.0,,kaila charles,0,last_good_canonical,401856924.0,4065780.0,G,1.0,1.0,espn,kaila charles,no_projection_for_player_team_date
2026-05-22,2026,Kaila Charles,GSV,IND,A,23.0,4.0,7.0,1.0,0.0,0.0,0.0,2.0,6.0,0.0,4.0,4.0,2.0,5.0,,kaila charles,0,last_good_canonical,401856928.0,4065780.0,G,1.0,1.0,espn,kaila charles,no_projection_for_player_team_date
2026-05-29,2026,Kaila Charles,GSV,IND,A,15.0,7.0,4.0,1.0,1.0,0.0,0.0,1.0,5.0,3.0,0.0,0.0,1.0,3.0,,kaila charles,0,last_good_canonical,401856944.0,4065780.0,G,1.0,1.0,espn,kaila charles,no_projection_for_player_team_date
2026-05-31,2026,Kaila Charles,GSV,LVA,A,11.0,0.0,0.0,1.0,0.0,0.0,0.0,2.0,4.0,0.0,0.0,0.0,0.0,0.0,,kaila charles,0,last_good_canonical,401856952.0,4065780.0,G,0.0,1.0,espn,kaila charles,no_projection_for_player_team_date
2026-06-02,2026,Kaila Charles,GSV,POR,H,13.0,7.0,3.0,1.0,1.0,0.0,0.0,1.0,6.0,3.0,0.0,0.0,1.0,2.0,-3.0,kaila charles,1,last_good_canonical,,,,,,,kaila charles,no_projection_for_player_team_date
2026-06-03,2026,Kaila Charles,GSV,POR,A,13.0,7.0,3.0,1.0,1.0,0.0,0.0,1.0,6.0,3.0,0.0,0.0,1.0,2.0,,kaila charles,0,last_good_canonical,401856957.0,4065780.0,G,0.0,1.0,espn,kaila charles,no_projection_for_player_team_date
2026-06-04,2026,Kaila Charles,GSV,MIN,A,15.0,0.0,2.0,0.0,0.0,2.0,1.0,0.0,2.0,0.0,0.0,0.0,1.0,1.0,4.0,kaila charles,0,last_good_canonical,,,,,,,kaila charles,no_projection_for_player_team_date
2026-06-06,2026,Kaila Charles,GSV,LVA,A,20.0,5.0,6.0,3.0,1.0,0.0,0.0,1.0,5.0,2.0,0.0,0.0,2.0,4.0,4.0,kaila charles,0,last_good_canonical,,,,,,,kaila charles,no_projection_for_player_team_date
2026-06-10,2026,Kaila Charles,GSV,PHX,A,20.0,4.0,6.0,0.0,0.0,2.0,1.0,0.0,6.0,2.0,0.0,0.0,2.0,4.0,,kaila charles,0,last_good_canonical,401856977.0,4065780.0,G,0.0,1.0,espn,kaila charles,no_projection_for_player_team_date
2026-06-13,2026,Kaila Charles,GSV,SEA,A,11.0,1.0,3.0,0.0,0.0,0.0,1.0,0.0,3.0,0.0,2.0,1.0,2.0,1.0,,kaila charles,0,last_good_canonical,401856985.0,4065780.0,G,0.0,1.0,espn,kaila charles,no_projection_for_player_team_date
2026-06-16,2026,Kaila Charles,GSV,LAS,A,22.0,13.0,8.0,5.0,2.0,0.0,0.0,0.0,7.0,5.0,2.0,1.0,1.0,7.0,,kaila charles,0,last_good_canonical,401856994.0,4065780.0,G,0.0,1.0,espn,kaila charles,no_projection_for_player_team_date
2026-06-18,2026,Kaila Charles,GSV,DAL,A,22.0,6.0,5.0,2.0,1.0,0.0,0.0,1.0,6.0,2.0,2.0,1.0,2.0,3.0,,kaila charles,0,last_good_canonical,401856998.0,4065780.0,G,0.0,1.0,espn,kaila charles,no_projection_for_player_team_date
2026-06-20,2026,Kaila Charles,GSV,MIN,A,21.0,2.0,1.0,2.0,0.0,2.0,1.0,3.0,5.0,1.0,0.0,0.0,0.0,1.0,,kaila charles,0,last_good_canonical,401857005.0,4065780.0,G,0.0,1.0,espn,kaila charles,no_projection_for_player_team_date
2026-06-25,2026,Kaila Charles,GSV,ATL,A,9.0,2.0,3.0,0.0,0.0,0.0,0.0,1.0,3.0,1.0,0.0,0.0,1.0,2.0,,kaila charles,0,last_good_canonical,401857020.0,4065780.0,G,0.0,1.0,espn,kaila charles,no_projection_for_player_team_date
2026-06-27,2026,Kaila Charles,GSV,ATL,A,18.0,2.0,4.0,0.0,0.0,0.0,1.0,0.0,2.0,0.0,2.0,2.0,1.0,3.0,,kaila charles,0,last_good_canonical,401857026.0,4065780.0,G,0.0,1.0,espn,kaila charles,no_projection_for_player_team_date
2026-05-09,2026,Kaitlyn Chen,GSV,SEA,A,16.0,14.0,1.0,2.0,2.0,0.0,0.0,0.0,10.0,5.0,2.0,2.0,0.0,1.0,,kaitlyn chen,0,last_good_canonical,401856892.0,4899328.0,G,0.0,1.0,espn,kaitlyn chen,no_projection_for_player_team_date
2026-05-14,2026,Kaitlyn Chen,GSV,CHI,A,18.0,4.0,6.0,0.0,0.0,0.0,0.0,2.0,8.0,2.0,0.0,0.0,2.0,4.0,,kaitlyn chen,0,last_good_canonical,401856906.0,4899328.0,G,0.0,1.0,espn,kaitlyn chen,no_projection_for_player_team_date
2026-05-22,2026,Kaitlyn Chen,GSV,NYL,A,15.0,2.0,0.0,1.0,0.0,0.0,0.0,1.0,2.0,0.0,2.0,2.0,0.0,0.0,,kaitlyn chen,0,last_good_canonical,401856924.0,4899328.0,G,0.0,1.0,espn,kaitlyn chen,no_projection_for_player_team_date
2026-05-22,2026,Kaitlyn Chen,GSV,IND,A,19.0,18.0,1.0,0.0,2.0,1.0,0.0,1.0,11.0,7.0,3.0,2.0,0.0,1.0,,kaitlyn chen,0,last_good_canonical,401856928.0,4899328.0,G,0.0,1.0,espn,kaitlyn chen,no_projection_for_player_team_date
2026-05-29,2026,Kaitlyn Chen,GSV,IND,A,11.0,2.0,1.0,3.0,0.0,0.0,0.0,0.0,1.0,1.0,0.0,0.0,0.0,1.0,,kaitlyn chen,0,last_good_canonical,401856944.0,4899328.0,G,0.0,1.0,espn,kaitlyn chen,no_projection_for_player_team_date
2026-05-31,2026,Kaitlyn Chen,GSV,LVA,A,12.0,5.0,1.0,3.0,1.0,0.0,0.0,0.0,4.0,2.0,0.0,0.0,0.0,1.0,,kaitlyn chen,0,last_good_canonical,401856952.0,4899328.0,G,0.0,1.0,espn,kaitlyn chen,no_projection_for_player_team_date
2026-06-02,2026,Kaitlyn Chen,GSV,POR,H,17.0,9.0,0.0,2.0,2.0,0.0,0.0,0.0,4.0,3.0,2.0,1.0,0.0,0.0,-4.0,kaitlyn chen,1,last_good_canonical,,,,,,,kaitlyn chen,no_projection_for_player_team_date
2026-06-03,2026,Kaitlyn Chen,GSV,POR,A,17.0,9.0,0.0,2.0,2.0,0.0,0.0,0.0,4.0,3.0,2.0,1.0,0.0,0.0,,kaitlyn chen,0,last_good_canonical,401856957.0,4899328.0,G,0.0,1.0,espn,kaitlyn chen,no_projection_for_player_team_date
2026-06-04,2026,Kaitlyn Chen,GSV,MIN,A,14.0,5.0,1.0,5.0,1.0,0.0,0.0,1.0,4.0,2.0,0.0,0.0,0.0,1.0,-1.0,kaitlyn chen,0,last_good_canonical,,,,,,,kaitlyn chen,no_projection_for_player_team_date
2026-06-06,2026,Kaitlyn Chen,GSV,LVA,A,6.0,0.0,1.0,0.0,0.0,0.0,0.0,0.0,1.0,0.0,0.0,0.0,0.0,1.0,-1.0,kaitlyn chen,0,last_good_canonical,,,,,,,kaitlyn chen,no_projection_for_player_team_date
2026-06-10,2026,Kaitlyn Chen,GSV,PHX,A,3.0,0.0,0.0,0.0,0.0,0.0,0.0,1.0,0.0,0.0,0.0,0.0,0.0,0.0,,kaitlyn chen,0,last_good_canonical,401856977.0,4899328.0,G,0.0,1.0,espn,kaitlyn chen,no_projection_for_player_team_date
2026-06-13,2026,Kaitlyn Chen,GSV,SEA,A,10.0,0.0,2.0,0.0,0.0,0.0,0.0,0.0,1.0,0.0,0.0,0.0,0.0,2.0,,kaitlyn chen,0,last_good_canonical,401856985.0,4899328.0,G,0.0,1.0,espn,kaitlyn chen,no_projection_for_player_team_date
2026-06-16,2026,Kaitlyn Chen,GSV,LAS,A,10.0,6.0,3.0,1.0,0.0,1.0,0.0,1.0,4.0,3.0,0.0,0.0,1.0,2.0,,kaitlyn chen,0,last_good_canonical,401856994.0,4899328.0,G,0.0,1.0,espn,kaitlyn chen,no_projection_for_player_team_date
2026-06-18,2026,Kaitlyn Chen,GSV,DAL,A,25.0,15.0,2.0,2.0,1.0,1.0,0.0,2.0,10.0,7.0,1.0,0.0,0.0,2.0,,kaitlyn chen,0,last_good_canonical,401856998.0,4899328.0,G,0.0,1.0,espn,kaitlyn chen,no_projection_for_player_team_date
2026-06-20,2026,Kaitlyn Chen,GSV,MIN,A,16.0,7.0,0.0,2.0,1.0,0.0,0.0,2.0,4.0,3.0,0.0,0.0,0.0,0.0,,kaitlyn chen,0,last_good_canonical,401857005.0,4899328.0,G,0.0,1.0,espn,kaitlyn chen,no_projection_for_player_team_date
2026-06-25,2026,Kaitlyn Chen,GSV,ATL,A,5.0,0.0,0.0,0.0,0.0,0.0,0.0,0.0,1.0,0.0,0.0,0.0,0.0,0.0,,kaitlyn chen,0,last_good_canonical,401857020.0,4899328.0,G,0.0,1.0,espn,kaitlyn chen,no_projection_for_player_team_date
2026-06-27,2026,Kaitlyn Chen,GSV,ATL,A,18.0,13.0,3.0,1.0,1.0,0.0,0.0,4.0,9.0,5.0,2.0,2.0,1.0,2.0,,kaitlyn chen,0,last_good_canonical,401857026.0,4899328.0,G,0.0,1.0,espn,kaitlyn chen,no_projection_for_player_team_date
2026-05-13,2026,Kamiah Smalls,POR,NYL,H,14.0,13.0,0.0,2.0,4.0,0.0,0.0,2.0,7.0,4.0,1.0,1.0,0.0,0.0,,kamiah smalls,1,last_good_canonical,401856903.0,4068346.0,F,0.0,1.0,espn,kamiah smalls,no_projection_for_player_team_date
2026-05-15,2026,Kamiah Smalls,POR,NYL,H,16.0,2.0,0.0,4.0,0.0,0.0,0.0,2.0,3.0,1.0,0.0,0.0,0.0,0.0,,kamiah smalls,1,last_good_canonical,401856909.0,4068346.0,F,1.0,1.0,espn,kamiah smalls,no_projection_for_player_team_date
2026-05-20,2026,Kamiah Smalls,POR,IND,A,0.0,0.0,0.0,0.0,0.0,0.0,0.0,0.0,0.0,0.0,0.0,0.0,0.0,0.0,,kamiah smalls,0,last_good_canonical,401856921.0,4068346.0,F,0.0,0.0,espn,kamiah smalls,no_projection_for_player_team_date
2026-05-10,2026,Kamilla Cardoso,CHI,POR,A,25.0,22.0,14.0,1.0,0.0,0.0,1.0,2.0,15.0,8.0,8.0,6.0,8.0,6.0,,kamilla cardoso,0,last_good_canonical,401856895.0,4433405.0,C,1.0,1.0,espn,kamilla cardoso,no_projection_for_player_team_date
2026-05-14,2026,Kamilla Cardoso,CHI,GSV,A,27.0,8.0,7.0,1.0,0.0,1.0,2.0,1.0,10.0,3.0,5.0,2.0,1.0,6.0,,kamilla cardoso,0,last_good_canonical,401856906.0,4433405.0,C,1.0,1.0,espn,kamilla cardoso,no_projection_for_player_team_date
2026-05-21,2026,Kamilla Cardoso,CHI,DAL,H,33.0,24.0,11.0,5.0,0.0,0.0,1.0,0.0,14.0,10.0,6.0,4.0,4.0,7.0,,kamilla cardoso,1,last_good_canonical,401856922.0,4433405.0,C,1.0,1.0,espn,kamilla cardoso,no_projection_for_player_team_date
2026-05-28,2026,Kamilla Cardoso,CHI,TOR,H,22.0,2.0,5.0,3.0,0.0,0.0,0.0,1.0,5.0,1.0,0.0,0.0,2.0,3.0,,kamilla cardoso,1,last_good_canonical,401856939.0,4433405.0,C,1.0,1.0,espn,kamilla cardoso,no_projection_for_player_team_date
2026-06-18,2026,Kamilla Cardoso,CHI,NYL,H,24.0,10.0,4.0,4.0,0.0,1.0,0.0,2.0,7.0,4.0,2.0,2.0,0.0,4.0,,kamilla cardoso,1,last_good_canonical,401856997.0,4433405.0,C,1.0,1.0,espn,kamilla cardoso,no_projection_for_player_team_date
2026-06-21,2026,Kamilla Cardoso,CHI,DAL,A,29.0,26.0,9.0,3.0,0.0,0.0,2.0,4.0,13.0,10.0,10.0,6.0,4.0,5.0,,kamilla cardoso,0,last_good_canonical,401857008.0,4433405.0,C,1.0,1.0,espn,kamilla cardoso,no_projection_for_player_team_date
2026-06-25,2026,Kamilla Cardoso,CHI,POR,H,27.0,13.0,8.0,3.0,0.0,0.0,2.0,1.0,7.0,6.0,2.0,1.0,0.0,8.0,,kamilla cardoso,1,last_good_canonical,401857019.0,4433405.0,C,1.0,1.0,espn,kamilla cardoso,no_projection_for_player_team_date
2026-05-20,2026,Karlie Samuelson,POR,IND,A,0.0,0.0,0.0,0.0,0.0,0.0,0.0,0.0,0.0,0.0,0.0,0.0,0.0,0.0,,karlie samuelson,0,last_good_canonical,401856921.0,3056730.0,G,0.0,0.0,espn,karlie samuelson,no_projection_for_player_team_date
2026-05-28,2026,Karlie Samuelson,POR,CON,H,12.0,0.0,0.0,1.0,0.0,1.0,0.0,0.0,2.0,0.0,0.0,0.0,0.0,0.0,,karlie samuelson,1,last_good_canonical,401856941.0,3056730.0,G,0.0,1.0,espn,karlie samuelson,no_projection_for_player_team_date
2026-05-30,2026,Karlie Samuelson,POR,ATL,H,19.0,0.0,3.0,1.0,0.0,1.0,0.0,1.0,2.0,0.0,0.0,0.0,1.0,2.0,,karlie samuelson,1,last_good_canonical,401856948.0,3056730.0,G,0.0,1.0,espn,karlie samuelson,no_projection_for_player_team_date
2026-05-31,2026,Karlie Samuelson,POR,IND,H,0.0,0.0,0.0,0.0,0.0,0.0,0.0,0.0,0.0,0.0,0.0,0.0,0.0,0.0,,karlie samuelson,1,last_good_canonical,401856951.0,3056730.0,G,0.0,0.0,espn,karlie samuelson,no_projection_for_player_team_date
2026-06-02,2026,Karlie Samuelson,POR,GSV,A,12.0,2.0,0.0,1.0,0.0,0.0,0.0,1.0,4.0,1.0,0.0,0.0,0.0,0.0,3.0,karlie samuelson,0,last_good_canonical,,,,,,,karlie samuelson,no_projection_for_player_team_date
2026-06-03,2026,Karlie Samuelson,POR,GSV,A,12.0,2.0,0.0,1.0,0.0,0.0,0.0,1.0,4.0,1.0,0.0,0.0,0.0,0.0,,karlie samuelson,0,last_good_canonical,401856957.0,3056730.0,G,0.0,1.0,espn,karlie samuelson,no_projection_for_player_team_date
2026-06-06,2026,Karlie Samuelson,POR,PHX,H,19.0,13.0,3.0,1.0,4.0,1.0,0.0,0.0,5.0,4.0,1.0,1.0,0.0,3.0,,karlie samuelson,1,last_good_canonical,401856965.0,3056730.0,G,0.0,1.0,espn,karlie samuelson,no_projection_for_player_team_date
2026-06-12,2026,Karlie Samuelson,POR,LVA,H,12.0,1.0,1.0,2.0,0.0,0.0,1.0,1.0,1.0,0.0,2.0,1.0,0.0,1.0,,karlie samuelson,1,last_good_canonical,401856983.0,3056730.0,G,0.0,1.0,espn,karlie samuelson,no_projection_for_player_team_date
2026-06-14,2026,Karlie Samuelson,POR,DAL,H,14.0,0.0,2.0,3.0,0.0,0.0,0.0,0.0,3.0,0.0,0.0,0.0,2.0,0.0,,karlie samuelson,1,last_good_canonical,401856988.0,3056730.0,G,0.0,1.0,espn,karlie samuelson,no_projection_for_player_team_date
2026-06-16,2026,Karlie Samuelson,POR,MIN,A,0.0,0.0,0.0,0.0,0.0,0.0,0.0,0.0,0.0,0.0,0.0,0.0,0.0,0.0,,karlie samuelson,0,last_good_canonical,401856993.0,3056730.0,G,0.0,0.0,espn,karlie samuelson,no_projection_for_player_team_date
2026-06-18,2026,Karlie Samuelson,POR,SEA,H,17.0,10.0,1.0,0.0,2.0,1.0,0.0,0.0,6.0,3.0,2.0,2.0,1.0,0.0,,karlie samuelson,1,last_good_canonical,401857001.0,3056730.0,G,0.0,1.0,espn,karlie samuelson,no_projection_for_player_team_date
2026-06-25,2026,Karlie Samuelson,POR,CHI,A,15.0,6.0,2.0,0.0,2.0,0.0,0.0,0.0,3.0,2.0,0.0,0.0,0.0,2.0,,karlie samuelson,0,last_good_canonical,401857019.0,3056730.0,G,0.0,1.0,espn,karlie samuelson,no_projection_for_player_team_date
2026-05-17,2026,Kate Martin,LAS,TOR,A,18.0,11.0,0.0,0.0,3.0,1.0,0.0,1.0,7.0,4.0,0.0,0.0,0.0,0.0,,kate martin,0,last_good_canonical,401856917.0,4398907.0,G,0.0,1.0,espn,kate martin,no_projection_for_player_team_date
2026-05-22,2026,Kate Martin,LAS,PHX,A,1.0,0.0,0.0,0.0,0.0,0.0,0.0,0.0,0.0,0.0,0.0,0.0,0.0,0.0,,kate martin,0,last_good_canonical,401856926.0,4398907.0,G,0.0,1.0,espn,kate martin,no_projection_for_player_team_date
2026-05-24,2026,Kate Martin,LAS,LVA,A,6.0,0.0,0.0,1.0,0.0,0.0,0.0,0.0,0.0,0.0,0.0,0.0,0.0,0.0,,kate martin,0,last_good_canonical,401856932.0,4398907.0,G,0.0,1.0,espn,kate martin,no_projection_for_player_team_date
2026-05-30,2026,Kate Martin,LAS,CON,A,13.0,2.0,1.0,0.0,0.0,1.0,0.0,0.0,2.0,1.0,0.0,0.0,0.0,1.0,,kate martin,0,last_good_canonical,401856950.0,4398907.0,G,0.0,1.0,espn,kate martin,no_projection_for_player_team_date
2026-06-06,2026,Kate Martin,LAS,DAL,A,3.0,5.0,0.0,0.0,1.0,0.0,0.0,1.0,2.0,2.0,1.0,0.0,0.0,0.0,,kate martin,0,last_good_canonical,401856964.0,4398907.0,G,0.0,1.0,espn,kate martin,no_projection_for_player_team_date
2026-06-14,2026,Kate Martin,LAS,PHX,A,4.0,0.0,0.0,0.0,0.0,0.0,0.0,0.0,1.0,0.0,0.0,0.0,0.0,0.0,,kate martin,0,last_good_canonical,401856989.0,4398907.0,G,0.0,1.0,espn,kate martin,no_projection_for_player_team_date
2026-06-16,2026,Kate Martin,LAS,GSV,A,11.0,3.0,3.0,2.0,1.0,0.0,0.0,0.0,1.0,1.0,0.0,0.0,1.0,2.0,,kate martin,0,last_good_canonical,401856994.0,4398907.0,G,0.0,1.0,espn,kate martin,no_projection_for_player_team_date
2026-06-18,2026,Kate Martin,LAS,MIN,A,7.0,0.0,1.0,0.0,0.0,0.0,0.0,0.0,3.0,0.0,0.0,0.0,0.0,1.0,,kate martin,0,last_good_canonical,401856999.0,4398907.0,G,0.0,1.0,espn,kate martin,no_projection_for_player_team_date
2026-05-09,2026,Katie Lou Samuelson,SEA,GSV,H,0.0,0.0,0.0,0.0,0.0,0.0,0.0,0.0,0.0,0.0,0.0,0.0,0.0,0.0,,katie lou samuelson,1,last_good_canonical,401856892.0,3917453.0,F,0.0,0.0,espn,katie lou samuelson,no_projection_for_player_team_date
2026-05-10,2026,Katie Lou Samuelson,SEA,CON,A,0.0,0.0,0.0,0.0,0.0,0.0,0.0,0.0,0.0,0.0,0.0,0.0,0.0,0.0,,katie lou samuelson,0,last_good_canonical,401856896.0,3917453.0,F,0.0,0.0,espn,katie lou samuelson,no_projection_for_player_team_date
2026-05-13,2026,Katie Lou Samuelson,SEA,TOR,A,0.0,0.0,0.0,0.0,0.0,0.0,0.0,0.0,0.0,0.0,0.0,0.0,0.0,0.0,,katie lou samuelson,0,last_good_canonical,401856904.0,3917453.0,F,0.0,0.0,espn,katie lou samuelson,no_projection_for_player_team_date
2026-05-17,2026,Katie Lou Samuelson,SEA,IND,A,0.0,0.0,0.0,0.0,0.0,0.0,0.0,0.0,0.0,0.0,0.0,0.0,0.0,0.0,,katie lou samuelson,0,last_good_canonical,401856916.0,3917453.0,F,0.0,0.0,espn,katie lou samuelson,no_projection_for_player_team_date
2026-05-21,2026,Katie Lou Samuelson,SEA,CON,H,0.0,0.0,0.0,0.0,0.0,0.0,0.0,0.0,0.0,0.0,0.0,0.0,0.0,0.0,,katie lou samuelson,1,last_good_canonical,401856923.0,3917453.0,F,0.0,0.0,espn,katie lou samuelson,no_projection_for_player_team_date
2026-05-23,2026,Katie Lou Samuelson,SEA,CON,H,0.0,0.0,0.0,0.0,0.0,0.0,0.0,0.0,0.0,0.0,0.0,0.0,0.0,0.0,,katie lou samuelson,1,last_good_canonical,401856929.0,3917453.0,F,0.0,0.0,espn,katie lou samuelson,no_projection_for_player_team_date
2026-05-24,2026,Katie Lou Samuelson,SEA,WAS,H,18.0,3.0,2.0,2.0,1.0,0.0,0.0,1.0,2.0,1.0,0.0,0.0,0.0,2.0,,katie lou samuelson,1,last_good_canonical,401856935.0,3917453.0,F,0.0,1.0,espn,katie lou samuelson,no_projection_for_player_team_date
2026-05-28,2026,Katie Lou Samuelson,SEA,WAS,H,15.0,8.0,1.0,0.0,1.0,2.0,0.0,0.0,3.0,2.0,4.0,3.0,0.0,1.0,,katie lou samuelson,1,last_good_canonical,401856942.0,3917453.0,F,0.0,1.0,espn,katie lou samuelson,no_projection_for_player_team_date
2026-05-30,2026,Katie Lou Samuelson,SEA,TOR,A,17.0,2.0,4.0,2.0,0.0,1.0,0.0,2.0,5.0,1.0,1.0,0.0,0.0,4.0,,katie lou samuelson,0,last_good_canonical,401856949.0,3917453.0,F,0.0,1.0,espn,katie lou samuelson,no_projection_for_player_team_date
2026-06-02,2026,Katie Lou Samuelson,SEA,DAL,A,12.0,6.0,2.0,2.0,2.0,0.0,0.0,0.0,2.0,2.0,2.0,0.0,0.0,2.0,,katie lou samuelson,0,last_good_canonical,401856953.0,3917453.0,F,0.0,1.0,espn,katie lou samuelson,no_projection_for_player_team_date
2026-06-03,2026,Katie Lou Samuelson,SEA,PHX,H,17.0,3.0,2.0,1.0,1.0,1.0,0.0,1.0,7.0,1.0,0.0,0.0,0.0,2.0,-2.0,katie lou samuelson,1,last_good_canonical,,,,,,,katie lou samuelson,no_projection_for_player_team_date
2026-06-04,2026,Katie Lou Samuelson,SEA,PHX,H,17.0,3.0,2.0,1.0,1.0,1.0,0.0,1.0,7.0,1.0,0.0,0.0,0.0,2.0,,katie lou samuelson,1,last_good_canonical,401856960.0,3917453.0,F,0.0,1.0,espn,katie lou samuelson,no_projection_for_player_team_date
2026-06-06,2026,Katie Lou Samuelson,SEA,MIN,A,18.0,0.0,2.0,0.0,0.0,1.0,0.0,0.0,4.0,0.0,0.0,0.0,0.0,2.0,-5.0,katie lou samuelson,0,last_good_canonical,,,,,,,katie lou samuelson,no_projection_for_player_team_date
2026-06-09,2026,Katie Lou Samuelson,SEA,LVA,A,20.0,7.0,3.0,0.0,1.0,2.0,0.0,0.0,6.0,3.0,0.0,0.0,0.0,3.0,,katie lou samuelson,0,last_good_canonical,401856974.0,3917453.0,F,0.0,1.0,espn,katie lou samuelson,no_projection_for_player_team_date
2026-06-11,2026,Katie Lou Samuelson,SEA,LAS,H,9.0,3.0,0.0,0.0,1.0,1.0,0.0,2.0,3.0,1.0,0.0,0.0,0.0,0.0,,katie lou samuelson,1,last_good_canonical,401856979.0,3917453.0,F,0.0,1.0,espn,katie lou samuelson,no_projection_for_player_team_date
2026-06-13,2026,Katie Lou Samuelson,SEA,GSV,H,12.0,8.0,1.0,0.0,2.0,0.0,0.0,0.0,2.0,2.0,2.0,2.0,0.0,1.0,,katie lou samuelson,1,last_good_canonical,401856985.0,3917453.0,F,0.0,1.0,espn,katie lou samuelson,no_projection_for_player_team_date
2026-06-18,2026,Katie Lou Samuelson,SEA,POR,A,11.0,0.0,1.0,1.0,0.0,1.0,0.0,0.0,2.0,0.0,0.0,0.0,0.0,1.0,,katie lou samuelson,0,last_good_canonical,401857001.0,3917453.0,F,0.0,1.0,espn,katie lou samuelson,no_projection_for_player_team_date
2026-06-23,2026,Katie Lou Samuelson,SEA,DAL,H,21.0,3.0,2.0,1.0,1.0,2.0,0.0,0.0,2.0,1.0,0.0,0.0,0.0,2.0,,katie lou samuelson,1,last_good_canonical,401857015.0,3917453.0,F,1.0,1.0,espn,katie lou samuelson,no_projection_for_player_team_date
2026-06-26,2026,Katie Lou Samuelson,SEA,NYL,H,13.0,2.0,5.0,2.0,0.0,0.0,0.0,1.0,1.0,1.0,0.0,0.0,2.0,3.0,,katie lou samuelson,1,last_good_canonical,401857023.0,3917453.0,F,0.0,1.0,espn,katie lou samuelson,no_projection_for_player_team_date
2026-06-28,2026,Katie Lou Samuelson,SEA,ATL,H,17.0,2.0,2.0,3.0,0.0,0.0,0.0,0.0,4.0,0.0,2.0,2.0,1.0,1.0,,katie lou samuelson,1,last_good_canonical,401857029.0,3917453.0,F,0.0,1.0,espn,katie lou samuelson,no_projection_for_player_team_date
2026-05-10,2026,Kayla McBride,MIN,ATL,H,33.0,20.0,2.0,2.0,2.0,1.0,0.0,1.0,13.0,7.0,5.0,4.0,0.0,2.0,,kayla mcbride,1,last_good_canonical,401856899.0,2529205.0,G,1.0,1.0,espn,kayla mcbride,no_projection_for_player_team_date
2026-05-13,2026,Kayla McBride,MIN,PHX,A,33.0,14.0,2.0,3.0,2.0,1.0,0.0,3.0,10.0,4.0,4.0,4.0,0.0,2.0,,kayla mcbride,0,last_good_canonical,401856902.0,2529205.0,G,1.0,1.0,espn,kayla mcbride,no_projection_for_player_team_date
2026-05-15,2026,Kayla McBride,MIN,DAL,A,34.0,11.0,8.0,1.0,0.0,1.0,1.0,2.0,7.0,1.0,11.0,9.0,1.0,7.0,,kayla mcbride,0,last_good_canonical,401856908.0,2529205.0,G,1.0,1.0,espn,kayla mcbride,no_projection_for_player_team_date
2026-05-22,2026,Kayla McBride,MIN,TOR,H,23.0,13.0,4.0,2.0,1.0,1.0,0.0,1.0,8.0,5.0,3.0,2.0,1.0,3.0,,kayla mcbride,1,last_good_canonical,401856925.0,2529205.0,G,1.0,1.0,espn,kayla mcbride,no_projection_for_player_team_date
2026-05-28,2026,Kayla McBride,MIN,ATL,H,34.0,12.0,2.0,1.0,1.0,3.0,0.0,2.0,10.0,4.0,3.0,3.0,0.0,2.0,,kayla mcbride,1,last_good_canonical,401856940.0,2529205.0,G,1.0,1.0,espn,kayla mcbride,no_projection_for_player_team_date
2026-06-02,2026,Kayla McBride,MIN,PHX,A,22.0,7.0,0.0,5.0,1.0,1.0,0.0,0.0,7.0,3.0,0.0,0.0,0.0,0.0,,kayla mcbride,0,last_good_canonical,401856954.0,2529205.0,G,1.0,1.0,espn,kayla mcbride,no_projection_for_player_team_date
2026-06-10,2026,Kayla McBride,MIN,DAL,H,30.0,22.0,5.0,4.0,4.0,0.0,0.0,0.0,10.0,7.0,4.0,4.0,1.0,4.0,,kayla mcbride,1,last_good_canonical,401856976.0,2529205.0,G,1.0,1.0,espn,kayla mcbride,no_projection_for_player_team_date
2026-06-14,2026,Kayla McBride,MIN,LVA,A,34.0,19.0,2.0,5.0,3.0,2.0,0.0,0.0,14.0,6.0,4.0,4.0,0.0,2.0,,kayla mcbride,0,last_good_canonical,401856987.0,2529205.0,G,1.0,1.0,espn,kayla mcbride,no_projection_for_player_team_date
2026-06-16,2026,Kayla McBride,MIN,POR,H,25.0,14.0,6.0,4.0,1.0,2.0,0.0,4.0,14.0,5.0,3.0,3.0,3.0,3.0,,kayla mcbride,1,last_good_canonical,401856993.0,2529205.0,G,1.0,1.0,espn,kayla mcbride,no_projection_for_player_team_date
2026-06-18,2026,Kayla McBride,MIN,LAS,A,25.0,14.0,4.0,0.0,2.0,3.0,0.0,1.0,12.0,6.0,0.0,0.0,1.0,3.0,,kayla mcbride,0,last_good_canonical,401856999.0,2529205.0,G,1.0,1.0,espn,kayla mcbride,no_projection_for_player_team_date
2026-06-20,2026,Kayla McBride,MIN,GSV,A,34.0,17.0,3.0,2.0,1.0,1.0,0.0,0.0,12.0,7.0,3.0,2.0,0.0,3.0,,kayla mcbride,0,last_good_canonical,401857005.0,2529205.0,G,1.0,1.0,espn,kayla mcbride,no_projection_for_player_team_date
2026-05-09,2026,Kayla Thornton,GSV,SEA,A,30.0,13.0,8.0,1.0,3.0,0.0,0.0,2.0,9.0,4.0,2.0,2.0,3.0,5.0,,kayla thornton,0,last_good_canonical,401856892.0,2529622.0,F,1.0,1.0,espn,kayla thornton,no_projection_for_player_team_date
2026-05-14,2026,Kayla Thornton,GSV,CHI,A,30.0,0.0,6.0,0.0,0.0,0.0,1.0,0.0,11.0,0.0,0.0,0.0,3.0,3.0,,kayla thornton,0,last_good_canonical,401856906.0,2529622.0,F,1.0,1.0,espn,kayla thornton,no_projection_for_player_team_date
2026-05-29,2026,Kayla Thornton,GSV,IND,A,18.0,0.0,3.0,0.0,0.0,0.0,0.0,1.0,2.0,0.0,0.0,0.0,0.0,3.0,,kayla thornton,0,last_good_canonical,401856944.0,2529622.0,F,1.0,1.0,espn,kayla thornton,no_projection_for_player_team_date
2026-06-03,2026,Kayla Thornton,GSV,POR,A,26.0,19.0,8.0,0.0,5.0,1.0,1.0,1.0,13.0,6.0,2.0,2.0,4.0,4.0,,kayla thornton,0,last_good_canonical,401856957.0,2529622.0,F,1.0,1.0,espn,kayla thornton,no_projection_for_player_team_date
2026-06-10,2026,Kayla Thornton,GSV,PHX,A,35.0,12.0,4.0,2.0,2.0,1.0,0.0,0.0,7.0,3.0,5.0,4.0,1.0,3.0,,kayla thornton,0,last_good_canonical,401856977.0,2529622.0,F,1.0,1.0,espn,kayla thornton,no_projection_for_player_team_date
2026-06-13,2026,Kayla Thornton,GSV,SEA,A,24.0,2.0,4.0,1.0,0.0,1.0,2.0,1.0,7.0,1.0,0.0,0.0,2.0,2.0,,kayla thornton,0,last_good_canonical,401856985.0,2529622.0,F,1.0,1.0,espn,kayla thornton,no_projection_for_player_team_date
2026-06-16,2026,Kayla Thornton,GSV,LAS,A,23.0,6.0,2.0,1.0,0.0,4.0,0.0,0.0,6.0,2.0,2.0,2.0,1.0,1.0,,kayla thornton,0,last_good_canonical,401856994.0,2529622.0,F,1.0,1.0,espn,kayla thornton,no_projection_for_player_team_date
2026-06-18,2026,Kayla Thornton,GSV,DAL,A,29.0,8.0,11.0,2.0,2.0,0.0,1.0,0.0,7.0,2.0,2.0,2.0,3.0,8.0,,kayla thornton,0,last_good_canonical,401856998.0,2529622.0,F,1.0,1.0,espn,kayla thornton,no_projection_for_player_team_date
2026-06-20,2026,Kayla Thornton,GSV,MIN,A,23.0,3.0,6.0,2.0,1.0,1.0,0.0,0.0,5.0,1.0,0.0,0.0,2.0,4.0,,kayla thornton,0,last_good_canonical,401857005.0,2529622.0,F,1.0,1.0,espn,kayla thornton,no_projection_for_player_team_date
2026-06-25,2026,Kayla Thornton,GSV,ATL,A,32.0,17.0,5.0,1.0,5.0,0.0,0.0,1.0,12.0,6.0,2.0,0.0,0.0,5.0,,kayla thornton,0,last_good_canonical,401857020.0,2529622.0,F,1.0,1.0,espn,kayla thornton,no_projection_for_player_team_date
2026-06-27,2026,Kayla Thornton,GSV,ATL,A,19.0,0.0,2.0,0.0,0.0,0.0,0.0,0.0,5.0,0.0,0.0,0.0,0.0,2.0,,kayla thornton,0,last_good_canonical,401857026.0,2529622.0,F,1.0,1.0,espn,kayla thornton,no_projection_for_player_team_date
2026-05-14,2026,Kelsey Mitchell,IND,LAS,A,27.0,23.0,0.0,0.0,3.0,1.0,0.0,2.0,17.0,9.0,2.0,2.0,0.0,0.0,,kelsey mitchell,0,last_good_canonical,401856907.0,3142191.0,G,1.0,1.0,espn,kelsey mitchell,no_projection_for_player_team_date
2026-05-29,2026,Kelsey Mitchell,IND,GSV,A,30.0,14.0,1.0,3.0,2.0,0.0,0.0,1.0,13.0,5.0,3.0,2.0,0.0,1.0,,kelsey mitchell,0,last_good_canonical,401856944.0,3142191.0,G,1.0,1.0,espn,kelsey mitchell,no_projection_for_player_team_date
2026-05-31,2026,Kelsey Mitchell,IND,POR,A,33.0,17.0,1.0,4.0,1.0,2.0,0.0,2.0,9.0,4.0,9.0,8.0,1.0,0.0,,kelsey mitchell,0,last_good_canonical,401856951.0,3142191.0,G,1.0,1.0,espn,kelsey mitchell,no_projection_for_player_team_date
2026-06-07,2026,Kelsey Mitchell,IND,NYL,A,32.0,21.0,7.0,2.0,2.0,0.0,0.0,4.0,21.0,7.0,7.0,5.0,2.0,5.0,,kelsey mitchell,0,last_good_canonical,401856969.0,3142191.0,G,1.0,1.0,espn,kelsey mitchell,no_projection_for_player_team_date
2026-06-23,2026,Kelsey Mitchell,IND,PHX,H,32.0,22.0,1.0,1.0,3.0,1.0,0.0,1.0,20.0,8.0,4.0,3.0,0.0,1.0,,kelsey mitchell,1,last_good_canonical,401857014.0,3142191.0,G,1.0,1.0,espn,kelsey mitchell,no_projection_for_player_team_date
2026-06-28,2026,Kelsey Mitchell,IND,LAS,H,26.0,26.0,3.0,2.0,4.0,0.0,0.0,2.0,13.0,9.0,4.0,4.0,0.0,3.0,,kelsey mitchell,1,last_good_canonical,401857028.0,3142191.0,G,1.0,1.0,espn,kelsey mitchell,no_projection_for_player_team_date
2025-07-05,2025,Kelsey Plum,LAS,IND,A,37.0,20.0,3.0,3.0,4.0,0.0,0.0,1.0,13.0,6.0,4.0,4.0,0.0,3.0,,kelsey plum,0,last_good_canonical,401736225.0,3065570.0,G,1.0,1.0,espn,kelsey plum,no_projection_for_player_team_date
2026-05-14,2026,Kelsey Plum,LAS,IND,A,37.0,25.0,1.0,4.0,1.0,1.0,0.0,5.0,16.0,9.0,8.0,6.0,0.0,1.0,,kelsey plum,0,last_good_canonical,401856907.0,3065570.0,G,1.0,1.0,espn,kelsey plum,no_projection_for_player_team_date
2026-05-22,2026,Kelsey Plum,LAS,PHX,A,34.0,16.0,1.0,7.0,4.0,1.0,0.0,4.0,14.0,6.0,0.0,0.0,0.0,1.0,,kelsey plum,0,last_good_canonical,401856926.0,3065570.0,G,1.0,1.0,espn,kelsey plum,no_projection_for_player_team_date
2026-05-24,2026,Kelsey Plum,LAS,LVA,A,37.0,38.0,4.0,9.0,6.0,1.0,0.0,3.0,17.0,12.0,8.0,8.0,0.0,4.0,,kelsey plum,0,last_good_canonical,401856932.0,3065570.0,G,1.0,1.0,espn,kelsey plum,no_projection_for_player_team_date
2026-05-30,2026,Kelsey Plum,LAS,CON,A,0.0,0.0,0.0,0.0,0.0,0.0,0.0,0.0,0.0,0.0,0.0,0.0,0.0,0.0,,kelsey plum,0,last_good_canonical,401856950.0,3065570.0,G,0.0,0.0,espn,kelsey plum,no_projection_for_player_team_date
2026-06-06,2026,Kelsey Plum,LAS,DAL,A,33.0,27.0,2.0,6.0,1.0,0.0,0.0,5.0,16.0,10.0,8.0,6.0,0.0,2.0,,kelsey plum,0,last_good_canonical,401856964.0,3065570.0,G,1.0,1.0,espn,kelsey plum,no_projection_for_player_team_date
2026-06-11,2026,Kelsey Plum,LAS,SEA,A,33.0,19.0,1.0,11.0,2.0,4.0,0.0,3.0,17.0,6.0,8.0,5.0,0.0,1.0,,kelsey plum,0,last_good_canonical,401856979.0,3065570.0,G,1.0,1.0,espn,kelsey plum,no_projection_for_player_team_date
2026-06-14,2026,Kelsey Plum,LAS,PHX,A,37.0,43.0,2.0,7.0,5.0,0.0,0.0,5.0,26.0,14.0,12.0,10.0,0.0,2.0,,kelsey plum,0,last_good_canonical,401856989.0,3065570.0,G,1.0,1.0,espn,kelsey plum,no_projection_for_player_team_date
2026-06-16,2026,Kelsey Plum,LAS,GSV,A,29.0,9.0,1.0,1.0,1.0,0.0,0.0,2.0,10.0,3.0,3.0,2.0,1.0,0.0,,kelsey plum,0,last_good_canonical,401856994.0,3065570.0,G,1.0,1.0,espn,kelsey plum,no_projection_for_player_team_date
2026-06-22,2026,Kelsey Plum,LAS,NYL,A,36.0,12.0,3.0,7.0,1.0,0.0,0.0,1.0,14.0,5.0,1.0,1.0,0.0,3.0,,kelsey plum,0,last_good_canonical,401857011.0,3065570.0,G,1.0,1.0,espn,kelsey plum,no_projection_for_player_team_date
2026-06-28,2026,Kelsey Plum,LAS,IND,A,0.0,0.0,0.0,0.0,0.0,0.0,0.0,0.0,0.0,0.0,0.0,0.0,0.0,0.0,,kelsey plum,0,last_good_canonical,401857028.0,3065570.0,G,0.0,0.0,espn,kelsey plum,no_projection_for_player_team_date
2026-05-14,2026,Kennedy Burke,CON,LVA,H,31.0,4.0,1.0,5.0,0.0,0.0,1.0,4.0,8.0,2.0,0.0,0.0,0.0,1.0,,kennedy burke,1,last_good_canonical,401856905.0,3922628.0,G,1.0,1.0,espn,kennedy burke,no_projection_for_player_team_date
2026-05-15,2026,Kennedy Burke,CON,LVA,H,24.0,11.0,3.0,3.0,1.0,4.0,1.0,3.0,12.0,5.0,0.0,0.0,1.0,2.0,,kennedy burke,1,last_good_canonical,401856910.0,3922628.0,G,1.0,1.0,espn,kennedy burke,no_projection_for_player_team_date
2026-05-19,2026,Kennedy Burke,CON,POR,A,21.0,0.0,6.0,3.0,0.0,2.0,1.0,1.0,5.0,0.0,0.0,0.0,0.0,6.0,,kennedy burke,0,last_good_canonical,401856919.0,3922628.0,G,1.0,1.0,espn,kennedy burke,no_projection_for_player_team_date
2026-05-21,2026,Kennedy Burke,CON,SEA,A,23.0,15.0,6.0,1.0,3.0,0.0,1.0,0.0,8.0,5.0,3.0,2.0,1.0,5.0,,kennedy burke,0,last_good_canonical,401856923.0,3922628.0,G,0.0,1.0,espn,kennedy burke,no_projection_for_player_team_date
2026-05-23,2026,Kennedy Burke,CON,SEA,A,25.0,7.0,3.0,1.0,1.0,1.0,1.0,2.0,9.0,3.0,1.0,0.0,2.0,1.0,,kennedy burke,0,last_good_canonical,401856929.0,3922628.0,G,1.0,1.0,espn,kennedy burke,no_projection_for_player_team_date
2026-05-28,2026,Kennedy Burke,CON,POR,A,18.0,6.0,2.0,1.0,0.0,1.0,0.0,4.0,5.0,2.0,2.0,2.0,0.0,2.0,,kennedy burke,0,last_good_canonical,401856941.0,3922628.0,G,0.0,1.0,espn,kennedy burke,no_projection_for_player_team_date
2026-05-30,2026,Kennedy Burke,CON,LAS,H,24.0,14.0,6.0,0.0,2.0,2.0,3.0,0.0,8.0,4.0,8.0,4.0,2.0,4.0,,kennedy burke,1,last_good_canonical,401856950.0,3922628.0,G,0.0,1.0,espn,kennedy burke,no_projection_for_player_team_date
2026-06-02,2026,Kennedy Burke,CON,ATL,A,18.0,2.0,3.0,0.0,0.0,1.0,0.0,4.0,3.0,1.0,0.0,0.0,1.0,2.0,-7.0,kennedy burke,0,last_good_canonical,,,,,,,kennedy burke,no_projection_for_player_team_date
2026-05-13,2026,Kia Nurse,TOR,SEA,H,7.0,0.0,0.0,1.0,0.0,0.0,0.0,0.0,1.0,0.0,0.0,0.0,0.0,0.0,,kia nurse,1,last_good_canonical,401856904.0,3142327.0,G,0.0,1.0,espn,kia nurse,no_projection_for_player_team_date
2026-05-17,2026,Kia Nurse,TOR,LAS,A,12.0,10.0,0.0,0.0,2.0,0.0,0.0,1.0,4.0,2.0,4.0,4.0,0.0,0.0,,kia nurse,0,last_good_canonical,401856917.0,3142327.0,G,0.0,1.0,espn,kia nurse,no_projection_for_player_team_date
2026-05-20,2026,Kia Nurse,TOR,PHX,A,13.0,0.0,2.0,0.0,0.0,0.0,0.0,0.0,2.0,0.0,0.0,0.0,1.0,1.0,,kia nurse,0,last_good_canonical,401856920.0,3142327.0,G,0.0,1.0,espn,kia nurse,no_projection_for_player_team_date
2026-05-22,2026,Kia Nurse,TOR,MIN,A,27.0,23.0,4.0,2.0,6.0,1.0,0.0,1.0,13.0,6.0,6.0,5.0,1.0,3.0,,kia nurse,0,last_good_canonical,401856925.0,3142327.0,G,0.0,1.0,espn,kia nurse,no_projection_for_player_team_date
2026-05-28,2026,Kia Nurse,TOR,CHI,A,8.0,0.0,1.0,0.0,0.0,0.0,0.0,0.0,1.0,0.0,0.0,0.0,0.0,1.0,,kia nurse,0,last_good_canonical,401856939.0,3142327.0,G,0.0,1.0,espn,kia nurse,no_projection_for_player_team_date
2026-05-30,2026,Kia Nurse,TOR,SEA,H,10.0,0.0,2.0,0.0,0.0,1.0,0.0,0.0,2.0,0.0,0.0,0.0,0.0,2.0,,kia nurse,1,last_good_canonical,401856949.0,3142327.0,G,0.0,1.0,espn,kia nurse,no_projection_for_player_team_date
2026-06-03,2026,Kia Nurse,TOR,NYL,A,4.0,0.0,0.0,0.0,0.0,0.0,0.0,0.0,0.0,0.0,0.0,0.0,0.0,0.0,1.0,kia nurse,0,last_good_canonical,,,,,,,kia nurse,no_projection_for_player_team_date
2026-05-09,2026,Kiah Stokes,GSV,SEA,A,24.0,6.0,4.0,3.0,0.0,1.0,3.0,0.0,5.0,3.0,0.0,0.0,0.0,4.0,,kiah stokes,0,last_good_canonical,401856892.0,2590093.0,C,1.0,1.0,espn,kiah stokes,no_projection_for_player_team_date
2026-05-14,2026,Kiah Stokes,GSV,CHI,A,29.0,7.0,11.0,2.0,0.0,0.0,5.0,0.0,8.0,3.0,2.0,1.0,3.0,8.0,,kiah stokes,0,last_good_canonical,401856906.0,2590093.0,C,1.0,1.0,espn,kiah stokes,no_projection_for_player_team_date
2026-05-22,2026,Kiah Stokes,GSV,NYL,A,26.0,6.0,3.0,3.0,2.0,1.0,1.0,0.0,3.0,2.0,0.0,0.0,0.0,3.0,,kiah stokes,0,last_good_canonical,401856924.0,2590093.0,C,1.0,1.0,espn,kiah stokes,no_projection_for_player_team_date
2026-05-22,2026,Kiah Stokes,GSV,IND,A,23.0,2.0,7.0,1.0,0.0,1.0,1.0,1.0,4.0,1.0,0.0,0.0,3.0,4.0,,kiah stokes,0,last_good_canonical,401856928.0,2590093.0,C,1.0,1.0,espn,kiah stokes,no_projection_for_player_team_date
2026-05-29,2026,Kiah Stokes,GSV,IND,A,26.0,4.0,4.0,2.0,0.0,0.0,4.0,2.0,4.0,2.0,0.0,0.0,1.0,3.0,,kiah stokes,0,last_good_canonical,401856944.0,2590093.0,C,1.0,1.0,espn,kiah stokes,no_projection_for_player_team_date
2026-06-02,2026,Kiah Stokes,GSV,POR,H,20.0,6.0,5.0,1.0,2.0,2.0,3.0,0.0,3.0,2.0,0.0,0.0,2.0,3.0,8.0,kiah stokes,1,last_good_canonical,,,,,,,kiah stokes,no_projection_for_player_team_date
2026-06-03,2026,Kiah Stokes,GSV,POR,A,20.0,6.0,5.0,1.0,2.0,2.0,3.0,0.0,3.0,2.0,0.0,0.0,2.0,3.0,,kiah stokes,0,last_good_canonical,401856957.0,2590093.0,C,1.0,1.0,espn,kiah stokes,no_projection_for_player_team_date
2026-06-04,2026,Kiah Stokes,GSV,MIN,A,21.0,7.0,3.0,1.0,1.0,0.0,3.0,0.0,5.0,3.0,0.0,0.0,0.0,3.0,-14.0,kiah stokes,0,last_good_canonical,,,,,,,kiah stokes,no_projection_for_player_team_date
2026-06-10,2026,Kiah Stokes,GSV,PHX,A,20.0,3.0,4.0,3.0,1.0,0.0,1.0,1.0,2.0,1.0,0.0,0.0,1.0,3.0,,kiah stokes,0,last_good_canonical,401856977.0,2590093.0,C,1.0,1.0,espn,kiah stokes,no_projection_for_player_team_date
2026-06-13,2026,Kiah Stokes,GSV,SEA,A,23.0,2.0,5.0,1.0,0.0,1.0,1.0,0.0,1.0,1.0,0.0,0.0,0.0,5.0,,kiah stokes,0,last_good_canonical,401856985.0,2590093.0,C,1.0,1.0,espn,kiah stokes,no_projection_for_player_team_date
2026-06-16,2026,Kiah Stokes,GSV,LAS,A,30.0,4.0,7.0,1.0,1.0,2.0,2.0,1.0,1.0,1.0,2.0,1.0,1.0,6.0,,kiah stokes,0,last_good_canonical,401856994.0,2590093.0,C,1.0,1.0,espn,kiah stokes,no_projection_for_player_team_date
2026-06-18,2026,Kiah Stokes,GSV,DAL,A,21.0,2.0,7.0,0.0,0.0,0.0,1.0,1.0,2.0,1.0,0.0,0.0,0.0,7.0,,kiah stokes,0,last_good_canonical,401856998.0,2590093.0,C,1.0,1.0,espn,kiah stokes,no_projection_for_player_team_date
2026-06-20,2026,Kiah Stokes,GSV,MIN,A,19.0,2.0,6.0,0.0,0.0,0.0,0.0,0.0,2.0,1.0,0.0,0.0,0.0,6.0,,kiah stokes,0,last_good_canonical,401857005.0,2590093.0,C,1.0,1.0,espn,kiah stokes,no_projection_for_player_team_date
2026-06-25,2026,Kiah Stokes,GSV,ATL,A,24.0,1.0,5.0,2.0,0.0,1.0,3.0,1.0,1.0,0.0,2.0,1.0,1.0,4.0,,kiah stokes,0,last_good_canonical,401857020.0,2590093.0,C,1.0,1.0,espn,kiah stokes,no_projection_for_player_team_date
2026-06-27,2026,Kiah Stokes,GSV,ATL,A,30.0,13.0,4.0,0.0,2.0,0.0,7.0,2.0,7.0,5.0,2.0,1.0,0.0,4.0,,kiah stokes,0,last_good_canonical,401857026.0,2590093.0,C,1.0,1.0,espn,kiah stokes,no_projection_for_player_team_date
2026-05-09,2026,Kiana Williams,PHX,LVA,A,21.0,11.0,1.0,1.0,3.0,2.0,0.0,1.0,9.0,4.0,0.0,0.0,0.0,1.0,,kiana williams,0,last_good_canonical,401856894.0,4282168.0,G,0.0,1.0,espn,kiana williams,no_projection_for_player_team_date
2026-05-13,2026,Kiana Williams,PHX,MIN,H,14.0,3.0,0.0,1.0,1.0,1.0,0.0,0.0,6.0,1.0,0.0,0.0,0.0,0.0,,kiana williams,1,last_good_canonical,401856902.0,4282168.0,G,0.0,1.0,espn,kiana williams,no_projection_for_player_team_date
2026-05-20,2026,Kiana Williams,PHX,TOR,H,12.0,7.0,0.0,0.0,1.0,0.0,0.0,0.0,6.0,3.0,0.0,0.0,0.0,0.0,,kiana williams,1,last_good_canonical,401856920.0,4282168.0,G,0.0,1.0,espn,kiana williams,no_projection_for_player_team_date
2026-05-22,2026,Kiana Williams,PHX,LAS,H,11.0,3.0,0.0,1.0,1.0,0.0,0.0,1.0,2.0,1.0,0.0,0.0,0.0,0.0,,kiana williams,1,last_good_canonical,401856926.0,4282168.0,G,0.0,1.0,espn,kiana williams,no_projection_for_player_team_date
2026-05-24,2026,Kiana Williams,PHX,ATL,A,20.0,3.0,1.0,1.0,0.0,1.0,1.0,1.0,5.0,0.0,3.0,3.0,0.0,1.0,,kiana williams,0,last_good_canonical,401856933.0,4282168.0,G,0.0,1.0,espn,kiana williams,no_projection_for_player_team_date
2026-05-27,2026,Kiana Williams,PHX,NYL,A,7.0,3.0,0.0,0.0,1.0,0.0,0.0,0.0,2.0,1.0,0.0,0.0,0.0,0.0,,kiana williams,0,last_good_canonical,401856938.0,4282168.0,G,0.0,1.0,espn,kiana williams,no_projection_for_player_team_date
2026-05-29,2026,Kiana Williams,PHX,NYL,A,0.0,0.0,0.0,0.0,0.0,0.0,0.0,0.0,0.0,0.0,0.0,0.0,0.0,0.0,,kiana williams,0,last_good_canonical,401856945.0,4282168.0,G,0.0,0.0,espn,kiana williams,no_projection_for_player_team_date
2026-06-22,2026,Kiana Williams,LAS,NYL,A,7.0,2.0,0.0,1.0,0.0,0.0,0.0,0.0,2.0,1.0,0.0,0.0,0.0,0.0,,kiana williams,0,last_good_canonical,401857011.0,4282168.0,G,0.0,1.0,espn,kiana williams,no_projection_for_player_team_date
2026-06-28,2026,Kiana Williams,LAS,IND,A,19.0,4.0,1.0,0.0,0.0,0.0,0.0,0.0,7.0,2.0,0.0,0.0,0.0,1.0,,kiana williams,0,last_good_canonical,401857028.0,4282168.0,G,0.0,1.0,espn,kiana williams,no_projection_for_player_team_date
2026-05-09,2026,Kierstan Bell,LVA,PHX,A,19.0,0.0,6.0,1.0,0.0,1.0,0.0,2.0,4.0,0.0,0.0,0.0,0.0,6.0,,kierstan bell,0,last_good_canonical,401856894.0,4433633.0,F,0.0,1.0,espn,kierstan bell,no_projection_for_player_team_date
2026-05-10,2026,Kierstan Bell,LVA,LAS,A,8.0,0.0,0.0,1.0,0.0,0.0,1.0,0.0,1.0,0.0,0.0,0.0,0.0,0.0,,kierstan bell,0,last_good_canonical,401856898.0,4433633.0,F,0.0,1.0,espn,kierstan bell,no_projection_for_player_team_date
2026-05-14,2026,Kierstan Bell,LVA,CON,A,9.0,0.0,1.0,0.0,0.0,0.0,0.0,0.0,2.0,0.0,0.0,0.0,0.0,1.0,,kierstan bell,0,last_good_canonical,401856905.0,4433633.0,F,0.0,1.0,espn,kierstan bell,no_projection_for_player_team_date
2026-05-15,2026,Kierstan Bell,LVA,CON,A,0.0,0.0,0.0,0.0,0.0,0.0,0.0,0.0,0.0,0.0,0.0,0.0,0.0,0.0,,kierstan bell,0,last_good_canonical,401856910.0,4433633.0,F,0.0,0.0,espn,kierstan bell,no_projection_for_player_team_date
2026-05-17,2026,Kierstan Bell,LVA,ATL,A,0.0,0.0,0.0,0.0,0.0,0.0,0.0,0.0,0.0,0.0,0.0,0.0,0.0,0.0,,kierstan bell,0,last_good_canonical,401856915.0,4433633.0,F,0.0,0.0,espn,kierstan bell,no_projection_for_player_team_date
2026-05-24,2026,Kierstan Bell,LVA,LAS,A,0.0,0.0,0.0,0.0,0.0,0.0,0.0,0.0,0.0,0.0,0.0,0.0,0.0,0.0,,kierstan bell,0,last_good_canonical,401856932.0,4433633.0,F,0.0,0.0,espn,kierstan bell,no_projection_for_player_team_date
2026-05-29,2026,Kierstan Bell,LVA,DAL,A,9.0,0.0,0.0,1.0,0.0,1.0,0.0,0.0,0.0,0.0,0.0,0.0,0.0,0.0,,kierstan bell,0,last_good_canonical,401856943.0,4433633.0,F,0.0,1.0,espn,kierstan bell,no_projection_for_player_team_date
2026-05-31,2026,Kierstan Bell,LVA,GSV,A,14.0,0.0,1.0,2.0,0.0,0.0,2.0,0.0,2.0,0.0,0.0,0.0,1.0,0.0,,kierstan bell,0,last_good_canonical,401856952.0,4433633.0,F,0.0,1.0,espn,kierstan bell,no_projection_for_player_team_date
2026-06-02,2026,Kierstan Bell,LVA,LAS,A,22.0,6.0,3.0,0.0,2.0,1.0,0.0,0.0,6.0,2.0,0.0,0.0,0.0,3.0,0.0,kierstan bell,0,last_good_canonical,,,,,,,kierstan bell,no_projection_for_player_team_date
2026-06-03,2026,Kierstan Bell,LVA,LAS,A,22.0,6.0,3.0,0.0,2.0,1.0,0.0,0.0,6.0,2.0,0.0,0.0,0.0,3.0,,kierstan bell,0,last_good_canonical,401856958.0,4433633.0,F,0.0,1.0,espn,kierstan bell,no_projection_for_player_team_date
2026-06-06,2026,Kierstan Bell,LVA,GSV,H,7.0,0.0,0.0,0.0,0.0,0.0,0.0,0.0,3.0,0.0,0.0,0.0,0.0,0.0,-6.0,kierstan bell,1,last_good_canonical,,,,,,,kierstan bell,no_projection_for_player_team_date
2026-06-09,2026,Kierstan Bell,LVA,SEA,A,8.0,2.0,4.0,0.0,0.0,0.0,0.0,1.0,2.0,1.0,0.0,0.0,2.0,2.0,,kierstan bell,0,last_good_canonical,401856974.0,4433633.0,F,0.0,1.0,espn,kierstan bell,no_projection_for_player_team_date
2026-06-12,2026,Kierstan Bell,LVA,POR,A,0.0,0.0,0.0,0.0,0.0,0.0,0.0,0.0,0.0,0.0,0.0,0.0,0.0,0.0,,kierstan bell,0,last_good_canonical,401856983.0,4433633.0,F,0.0,0.0,espn,kierstan bell,no_projection_for_player_team_date
2026-06-14,2026,Kierstan Bell,LVA,MIN,A,2.0,0.0,0.0,0.0,0.0,0.0,0.0,1.0,0.0,0.0,0.0,0.0,0.0,0.0,,kierstan bell,0,last_good_canonical,401856987.0,4433633.0,F,0.0,1.0,espn,kierstan bell,no_projection_for_player_team_date
2026-06-16,2026,Kierstan Bell,LVA,DAL,A,18.0,2.0,1.0,2.0,0.0,0.0,2.0,1.0,6.0,1.0,0.0,0.0,0.0,1.0,,kierstan bell,0,last_good_canonical,401856992.0,4433633.0,F,0.0,1.0,espn,kierstan bell,no_projection_for_player_team_date
2026-06-18,2026,Kierstan Bell,LVA,PHX,A,5.0,0.0,0.0,0.0,0.0,1.0,1.0,1.0,1.0,0.0,0.0,0.0,0.0,0.0,,kierstan bell,0,last_good_canonical,401857000.0,4433633.0,F,0.0,1.0,espn,kierstan bell,no_projection_for_player_team_date
2026-06-24,2026,Kierstan Bell,LVA,NYL,A,9.0,0.0,3.0,3.0,0.0,0.0,0.0,0.0,2.0,0.0,0.0,0.0,1.0,2.0,,kierstan bell,0,last_good_canonical,401857016.0,4433633.0,F,0.0,1.0,espn,kierstan bell,no_projection_for_player_team_date
2026-06-26,2026,Kierstan Bell,LVA,DAL,A,13.0,10.0,1.0,0.0,2.0,0.0,0.0,0.0,4.0,4.0,0.0,0.0,0.0,1.0,,kierstan bell,0,last_good_canonical,401857022.0,4433633.0,F,0.0,1.0,espn,kierstan bell,no_projection_for_player_team_date
2026-05-19,2026,Kiki Iriafen,WAS,DAL,A,26.0,9.0,10.0,2.0,1.0,1.0,0.0,2.0,6.0,2.0,6.0,4.0,2.0,8.0,,kiki iriafen,0,last_good_canonical,401856918.0,4898384.0,F,1.0,1.0,espn,kiki iriafen,no_projection_for_player_team_date
2026-05-28,2026,Kiki Iriafen,WAS,SEA,A,24.0,13.0,9.0,0.0,0.0,0.0,0.0,1.0,7.0,5.0,3.0,3.0,2.0,7.0,,kiki iriafen,0,last_good_canonical,401856942.0,4898384.0,F,1.0,1.0,espn,kiki iriafen,no_projection_for_player_team_date
2026-05-08,2026,Kiki Rice,TOR,WAS,H,18.0,0.0,3.0,1.0,0.0,0.0,0.0,0.0,3.0,0.0,0.0,0.0,2.0,1.0,,kiki rice,1,last_good_canonical,401856891.0,4565505.0,G,0.0,1.0,espn,kiki rice,no_projection_for_player_team_date
2026-05-13,2026,Kiki Rice,TOR,SEA,H,21.0,12.0,2.0,1.0,1.0,0.0,0.0,0.0,9.0,5.0,1.0,1.0,0.0,2.0,,kiki rice,1,last_good_canonical,401856904.0,4565505.0,G,0.0,1.0,espn,kiki rice,no_projection_for_player_team_date
2026-05-17,2026,Kiki Rice,TOR,LAS,A,35.0,19.0,5.0,2.0,1.0,0.0,0.0,0.0,8.0,5.0,10.0,8.0,1.0,4.0,,kiki rice,0,last_good_canonical,401856917.0,4565505.0,G,1.0,1.0,espn,kiki rice,no_projection_for_player_team_date
2026-05-20,2026,Kiki Rice,TOR,PHX,A,34.0,15.0,7.0,3.0,2.0,2.0,0.0,2.0,7.0,5.0,5.0,3.0,2.0,5.0,,kiki rice,0,last_good_canonical,401856920.0,4565505.0,G,1.0,1.0,espn,kiki rice,no_projection_for_player_team_date
2026-05-22,2026,Kiki Rice,TOR,MIN,A,23.0,11.0,6.0,4.0,2.0,0.0,0.0,0.0,7.0,3.0,4.0,3.0,1.0,5.0,,kiki rice,0,last_good_canonical,401856925.0,4565505.0,G,1.0,1.0,espn,kiki rice,no_projection_for_player_team_date
2026-05-28,2026,Kiki Rice,TOR,CHI,A,34.0,14.0,8.0,7.0,0.0,2.0,0.0,3.0,7.0,3.0,9.0,8.0,1.0,7.0,,kiki rice,0,last_good_canonical,401856939.0,4565505.0,G,1.0,1.0,espn,kiki rice,no_projection_for_player_team_date
2026-05-09,2026,Kyara Linskens,PHX,LVA,A,14.0,2.0,2.0,1.0,0.0,2.0,0.0,0.0,4.0,1.0,0.0,0.0,1.0,1.0,,kyara linskens,0,last_good_canonical,401856894.0,4873359.0,C,0.0,1.0,espn,kyara linskens,no_projection_for_player_team_date
2026-05-13,2026,Kyara Linskens,PHX,MIN,H,12.0,8.0,4.0,1.0,2.0,0.0,0.0,0.0,3.0,2.0,2.0,2.0,2.0,2.0,,kyara linskens,1,last_good_canonical,401856902.0,4873359.0,C,0.0,1.0,espn,kyara linskens,no_projection_for_player_team_date
2026-05-20,2026,Kyara Linskens,PHX,TOR,H,3.0,2.0,2.0,0.0,0.0,0.0,0.0,0.0,1.0,0.0,2.0,2.0,2.0,0.0,,kyara linskens,1,last_good_canonical,401856920.0,4873359.0,C,0.0,1.0,espn,kyara linskens,no_projection_for_player_team_date
2026-05-22,2026,Kyara Linskens,PHX,LAS,H,0.0,0.0,0.0,0.0,0.0,0.0,0.0,0.0,0.0,0.0,0.0,0.0,0.0,0.0,,kyara linskens,1,last_good_canonical,401856926.0,4873359.0,C,0.0,0.0,espn,kyara linskens,no_projection_for_player_team_date
2026-05-24,2026,Kyara Linskens,PHX,ATL,A,12.0,10.0,2.0,0.0,1.0,1.0,2.0,1.0,4.0,3.0,3.0,3.0,0.0,2.0,,kyara linskens,0,last_good_canonical,401856933.0,4873359.0,C,0.0,1.0,espn,kyara linskens,no_projection_for_player_team_date
2026-05-27,2026,Kyara Linskens,PHX,NYL,A,12.0,3.0,6.0,1.0,1.0,0.0,2.0,2.0,3.0,1.0,2.0,0.0,1.0,5.0,,kyara linskens,0,last_good_canonical,401856938.0,4873359.0,C,0.0,1.0,espn,kyara linskens,no_projection_for_player_team_date
2026-05-29,2026,Kyara Linskens,PHX,NYL,A,12.0,4.0,0.0,1.0,0.0,1.0,0.0,0.0,4.0,2.0,0.0,0.0,0.0,0.0,,kyara linskens,0,last_good_canonical,401856945.0,4873359.0,C,0.0,1.0,espn,kyara linskens,no_projection_for_player_team_date
2026-06-02,2026,Kyara Linskens,PHX,MIN,H,20.0,7.0,3.0,0.0,1.0,2.0,0.0,0.0,7.0,3.0,0.0,0.0,1.0,2.0,,kyara linskens,1,last_good_canonical,401856954.0,4873359.0,C,0.0,1.0,espn,kyara linskens,no_projection_for_player_team_date
2026-06-03,2026,Kyara Linskens,PHX,SEA,A,,,,,,,,,,,,,,,,kyara linskens,0,last_good_canonical,,,,,,,kyara linskens,no_projection_for_player_team_date
2026-06-04,2026,Kyara Linskens,PHX,SEA,A,0.0,0.0,0.0,0.0,0.0,0.0,0.0,0.0,0.0,0.0,0.0,0.0,0.0,0.0,,kyara linskens,0,last_good_canonical,401856960.0,4873359.0,C,0.0,0.0,espn,kyara linskens,no_projection_for_player_team_date
2026-06-06,2026,Kyara Linskens,PHX,POR,A,6.0,0.0,1.0,0.0,0.0,0.0,0.0,0.0,3.0,0.0,0.0,0.0,0.0,1.0,,kyara linskens,0,last_good_canonical,401856965.0,4873359.0,C,0.0,1.0,espn,kyara linskens,no_projection_for_player_team_date
2026-06-10,2026,Kyara Linskens,PHX,GSV,A,0.0,0.0,0.0,0.0,0.0,0.0,0.0,0.0,0.0,0.0,0.0,0.0,0.0,0.0,,kyara linskens,0,last_good_canonical,401856977.0,4873359.0,C,0.0,0.0,espn,kyara linskens,no_projection_for_player_team_date
2026-06-12,2026,Kyara Linskens,PHX,DAL,A,0.0,0.0,0.0,0.0,0.0,0.0,0.0,0.0,0.0,0.0,0.0,0.0,0.0,0.0,,kyara linskens,0,last_good_canonical,401856982.0,4873359.0,C,0.0,0.0,espn,kyara linskens,no_projection_for_player_team_date
2026-06-14,2026,Kyara Linskens,PHX,LAS,H,0.0,0.0,0.0,0.0,0.0,0.0,0.0,0.0,0.0,0.0,0.0,0.0,0.0,0.0,,kyara linskens,1,last_good_canonical,401856989.0,4873359.0,C,0.0,0.0,espn,kyara linskens,no_projection_for_player_team_date
2026-06-18,2026,Kyara Linskens,PHX,LVA,H,5.0,3.0,2.0,0.0,1.0,0.0,0.0,1.0,2.0,1.0,0.0,0.0,1.0,1.0,,kyara linskens,1,last_good_canonical,401857000.0,4873359.0,C,0.0,1.0,espn,kyara linskens,no_projection_for_player_team_date
2026-06-23,2026,Kyara Linskens,PHX,IND,A,14.0,4.0,4.0,0.0,0.0,0.0,0.0,2.0,5.0,2.0,0.0,0.0,1.0,3.0,,kyara linskens,0,last_good_canonical,401857014.0,4873359.0,C,0.0,1.0,espn,kyara linskens,no_projection_for_player_team_date
2026-05-09,2026,Laeticia Amihere,GSV,SEA,A,16.0,3.0,4.0,1.0,0.0,0.0,0.0,1.0,3.0,1.0,3.0,1.0,3.0,1.0,,laeticia amihere,0,last_good_canonical,401856892.0,4432834.0,F,0.0,1.0,espn,laeticia amihere,no_projection_for_player_team_date
2026-05-14,2026,Laeticia Amihere,GSV,CHI,A,11.0,3.0,1.0,1.0,0.0,1.0,2.0,1.0,2.0,1.0,2.0,1.0,0.0,1.0,,laeticia amihere,0,last_good_canonical,401856906.0,4432834.0,F,0.0,1.0,espn,laeticia amihere,no_projection_for_player_team_date
2026-05-22,2026,Laeticia Amihere,GSV,NYL,A,13.0,5.0,8.0,0.0,0.0,1.0,0.0,1.0,3.0,2.0,2.0,1.0,1.0,7.0,,laeticia amihere,0,last_good_canonical,401856924.0,4432834.0,F,0.0,1.0,espn,laeticia amihere,no_projection_for_player_team_date
2026-05-22,2026,Laeticia Amihere,GSV,IND,A,11.0,2.0,4.0,1.0,0.0,0.0,0.0,1.0,3.0,1.0,2.0,0.0,4.0,0.0,,laeticia amihere,0,last_good_canonical,401856928.0,4432834.0,F,0.0,1.0,espn,laeticia amihere,no_projection_for_player_team_date
2026-05-29,2026,Laeticia Amihere,GSV,IND,A,14.0,3.0,5.0,1.0,0.0,0.0,1.0,1.0,5.0,1.0,2.0,1.0,2.0,3.0,,laeticia amihere,0,last_good_canonical,401856944.0,4432834.0,F,0.0,1.0,espn,laeticia amihere,no_projection_for_player_team_date
2026-05-31,2026,Laeticia Amihere,GSV,LVA,A,7.0,2.0,4.0,2.0,0.0,0.0,0.0,0.0,5.0,0.0,2.0,2.0,4.0,0.0,,laeticia amihere,0,last_good_canonical,401856952.0,4432834.0,F,0.0,1.0,espn,laeticia amihere,no_projection_for_player_team_date
2026-06-02,2026,Laeticia Amihere,GSV,POR,H,1.0,0.0,0.0,0.0,0.0,0.0,0.0,0.0,0.0,0.0,0.0,0.0,0.0,0.0,1.0,laeticia amihere,1,last_good_canonical,,,,,,,laeticia amihere,no_projection_for_player_team_date
2026-06-03,2026,Laeticia Amihere,GSV,POR,A,1.0,0.0,0.0,0.0,0.0,0.0,0.0,0.0,0.0,0.0,0.0,0.0,0.0,0.0,,laeticia amihere,0,last_good_canonical,401856957.0,4432834.0,F,0.0,1.0,espn,laeticia amihere,no_projection_for_player_team_date
2026-06-04,2026,Laeticia Amihere,GSV,MIN,A,,,,,,,,,,,,,,,,laeticia amihere,0,last_good_canonical,,,,,,,laeticia amihere,no_projection_for_player_team_date
2026-06-06,2026,Laeticia Amihere,GSV,LVA,A,,,,,,,,,,,,,,,,laeticia amihere,0,last_good_canonical,,,,,,,laeticia amihere,no_projection_for_player_team_date
2026-06-10,2026,Laeticia Amihere,GSV,PHX,A,0.0,0.0,0.0,0.0,0.0,0.0,0.0,0.0,0.0,0.0,0.0,0.0,0.0,0.0,,laeticia amihere,0,last_good_canonical,401856977.0,4432834.0,F,0.0,0.0,espn,laeticia amihere,no_projection_for_player_team_date
2026-06-13,2026,Laeticia Amihere,GSV,SEA,A,0.0,0.0,0.0,0.0,0.0,0.0,0.0,0.0,0.0,0.0,0.0,0.0,0.0,0.0,,laeticia amihere,0,last_good_canonical,401856985.0,4432834.0,F,0.0,0.0,espn,laeticia amihere,no_projection_for_player_team_date
2026-06-16,2026,Laeticia Amihere,GSV,LAS,A,2.0,0.0,0.0,0.0,0.0,0.0,0.0,0.0,0.0,0.0,0.0,0.0,0.0,0.0,,laeticia amihere,0,last_good_canonical,401856994.0,4432834.0,F,0.0,1.0,espn,laeticia amihere,no_projection_for_player_team_date
2026-06-18,2026,Laeticia Amihere,GSV,DAL,A,3.0,0.0,0.0,1.0,0.0,0.0,0.0,0.0,0.0,0.0,0.0,0.0,0.0,0.0,,laeticia amihere,0,last_good_canonical,401856998.0,4432834.0,F,0.0,1.0,espn,laeticia amihere,no_projection_for_player_team_date
2026-06-20,2026,Laeticia Amihere,GSV,MIN,A,10.0,1.0,4.0,0.0,0.0,1.0,2.0,0.0,1.0,0.0,4.0,1.0,2.0,2.0,,laeticia amihere,0,last_good_canonical,401857005.0,4432834.0,F,0.0,1.0,espn,laeticia amihere,no_projection_for_player_team_date
2026-06-25,2026,Laeticia Amihere,GSV,ATL,A,13.0,6.0,5.0,1.0,1.0,1.0,2.0,3.0,5.0,2.0,2.0,1.0,1.0,4.0,,laeticia amihere,0,last_good_canonical,401857020.0,4432834.0,F,0.0,1.0,espn,laeticia amihere,no_projection_for_player_team_date
2026-06-27,2026,Laeticia Amihere,GSV,ATL,A,10.0,0.0,3.0,1.0,0.0,0.0,0.0,1.0,1.0,0.0,0.0,0.0,2.0,1.0,,laeticia amihere,0,last_good_canonical,401857026.0,4432834.0,F,0.0,1.0,espn,laeticia amihere,no_projection_for_player_team_date
2026-05-08,2026,Laura Juskaite,TOR,WAS,H,15.0,7.0,6.0,0.0,1.0,1.0,0.0,2.0,6.0,2.0,2.0,2.0,1.0,5.0,,laura juskaite,1,last_good_canonical,401856891.0,5345444.0,F,0.0,1.0,espn,laura juskaite,no_projection_for_player_team_date
2026-05-13,2026,Laura Juskaite,TOR,SEA,H,7.0,0.0,1.0,0.0,0.0,0.0,0.0,0.0,1.0,0.0,0.0,0.0,0.0,1.0,,laura juskaite,1,last_good_canonical,401856904.0,5345444.0,F,0.0,1.0,espn,laura juskaite,no_projection_for_player_team_date
2026-05-17,2026,Laura Juskaite,TOR,LAS,A,21.0,7.0,5.0,1.0,0.0,2.0,0.0,2.0,5.0,3.0,2.0,1.0,2.0,3.0,,laura juskaite,0,last_good_canonical,401856917.0,5345444.0,F,1.0,1.0,espn,laura juskaite,no_projection_for_player_team_date
2026-05-20,2026,Laura Juskaite,TOR,PHX,A,23.0,10.0,5.0,0.0,2.0,0.0,0.0,2.0,5.0,3.0,2.0,2.0,1.0,4.0,,laura juskaite,0,last_good_canonical,401856920.0,5345444.0,F,1.0,1.0,espn,laura juskaite,no_projection_for_player_team_date
2026-05-22,2026,Laura Juskaite,TOR,MIN,A,26.0,7.0,3.0,2.0,1.0,0.0,0.0,3.0,7.0,2.0,2.0,2.0,2.0,1.0,,laura juskaite,0,last_good_canonical,401856925.0,5345444.0,F,1.0,1.0,espn,laura juskaite,no_projection_for_player_team_date
2026-05-23,2026,Laura Juskaite,TOR,POR,H,20.0,3.0,2.0,1.0,0.0,0.0,0.0,1.0,3.0,1.0,1.0,1.0,0.0,2.0,,laura juskaite,1,last_good_canonical,401856931.0,5345444.0,F,1.0,1.0,espn,laura juskaite,no_projection_for_player_team_date
2026-05-28,2026,Laura Juskaite,TOR,CHI,A,22.0,7.0,2.0,2.0,1.0,0.0,1.0,1.0,4.0,3.0,0.0,0.0,0.0,2.0,,laura juskaite,0,last_good_canonical,401856939.0,5345444.0,F,1.0,1.0,espn,laura juskaite,no_projection_for_player_team_date
2026-05-30,2026,Laura Juskaite,TOR,SEA,H,25.0,14.0,5.0,1.0,4.0,2.0,0.0,1.0,8.0,5.0,0.0,0.0,0.0,5.0,,laura juskaite,1,last_good_canonical,401856949.0,5345444.0,F,1.0,1.0,espn,laura juskaite,no_projection_for_player_team_date
2026-06-03,2026,Laura Juskaite,TOR,NYL,A,20.0,8.0,5.0,2.0,1.0,2.0,0.0,0.0,9.0,3.0,2.0,1.0,2.0,3.0,-21.0,laura juskaite,0,last_good_canonical,,,,,,,laura juskaite,no_projection_for_player_team_date
2026-06-07,2026,Laura Ziegler,LAS,POR,H,,,,,,,,,,,,,,,,laura ziegler,1,last_good_canonical,,,,,,,laura ziegler,no_projection_for_player_team_date
2026-06-18,2026,Laura Ziegler,LAS,MIN,A,0.0,0.0,0.0,0.0,0.0,0.0,0.0,0.0,0.0,0.0,0.0,0.0,0.0,0.0,,laura ziegler,0,last_good_canonical,401856999.0,5107515.0,F,0.0,0.0,espn,laura ziegler,no_projection_for_player_team_date
2026-06-22,2026,Laura Ziegler,LAS,NYL,A,10.0,4.0,1.0,1.0,0.0,0.0,0.0,0.0,2.0,2.0,1.0,0.0,0.0,1.0,,laura ziegler,0,last_good_canonical,401857011.0,5107515.0,F,0.0,1.0,espn,laura ziegler,no_projection_for_player_team_date
2026-06-28,2026,Laura Ziegler,LAS,IND,A,8.0,4.0,1.0,0.0,0.0,1.0,0.0,0.0,2.0,1.0,2.0,2.0,0.0,1.0,,laura ziegler,0,last_good_canonical,401857028.0,5107515.0,F,0.0,1.0,espn,laura ziegler,no_projection_for_player_team_date
2026-05-10,2026,Lauren Betts,WAS,NYL,A,18.0,7.0,2.0,1.0,0.0,0.0,1.0,0.0,7.0,3.0,2.0,1.0,1.0,1.0,,lauren betts,0,last_good_canonical,401856897.0,5105737.0,C,0.0,1.0,espn,lauren betts,no_projection_for_player_team_date
2026-05-15,2026,Lauren Betts,WAS,IND,A,14.0,4.0,2.0,0.0,0.0,0.0,0.0,1.0,2.0,1.0,2.0,2.0,2.0,0.0,,lauren betts,0,last_good_canonical,401856911.0,5105737.0,C,0.0,1.0,espn,lauren betts,no_projection_for_player_team_date
2026-05-19,2026,Lauren Betts,WAS,DAL,A,15.0,11.0,3.0,0.0,0.0,0.0,0.0,0.0,7.0,5.0,1.0,1.0,0.0,3.0,,lauren betts,0,last_good_canonical,401856918.0,5105737.0,C,0.0,1.0,espn,lauren betts,no_projection_for_player_team_date
2026-05-28,2026,Lauren Betts,WAS,SEA,A,11.0,6.0,3.0,0.0,0.0,0.0,0.0,0.0,2.0,1.0,4.0,4.0,0.0,3.0,,lauren betts,0,last_good_canonical,401856942.0,5105737.0,C,0.0,1.0,espn,lauren betts,no_projection_for_player_team_date
2026-05-29,2026,Lauren Betts,WAS,LAS,A,10.0,2.0,1.0,0.0,0.0,0.0,2.0,0.0,3.0,1.0,0.0,0.0,0.0,1.0,,lauren betts,0,last_good_canonical,401856946.0,5105737.0,C,0.0,1.0,espn,lauren betts,no_projection_for_player_team_date
2026-06-02,2026,Lauren Betts,WAS,CHI,H,15.0,8.0,4.0,0.0,0.0,1.0,0.0,0.0,8.0,4.0,0.0,0.0,1.0,3.0,4.0,lauren betts,1,last_good_canonical,,,,,,,lauren betts,no_projection_for_player_team_date
2026-05-30,2026,Leila Lacan,CON,LAS,H,21.0,12.0,2.0,3.0,1.0,1.0,0.0,1.0,14.0,5.0,4.0,1.0,1.0,1.0,,leila lacan,1,last_good_canonical,401856950.0,5208981.0,G,1.0,1.0,espn,leila lacan,no_projection_for_player_team_date
2026-05-27,2026,Leonie Fiebich,NYL,PHX,A,33.0,9.0,0.0,1.0,2.0,2.0,0.0,3.0,4.0,3.0,1.0,1.0,0.0,0.0,,leonie fiebich,0,last_good_canonical,401856938.0,4683006.0,F,1.0,1.0,espn,leonie fiebich,no_projection_for_player_team_date
2026-05-29,2026,Leonie Fiebich,NYL,PHX,A,30.0,3.0,2.0,1.0,0.0,1.0,0.0,4.0,6.0,1.0,1.0,1.0,1.0,1.0,,leonie fiebich,0,last_good_canonical,401856945.0,4683006.0,F,1.0,1.0,espn,leonie fiebich,no_projection_for_player_team_date
2026-06-07,2026,Leonie Fiebich,NYL,IND,A,30.0,4.0,4.0,2.0,0.0,3.0,1.0,1.0,7.0,1.0,2.0,2.0,2.0,2.0,,leonie fiebich,0,last_good_canonical,401856969.0,4683006.0,F,1.0,1.0,espn,leonie fiebich,no_projection_for_player_team_date
2026-06-18,2026,Leonie Fiebich,NYL,CHI,A,24.0,9.0,6.0,3.0,1.0,0.0,0.0,3.0,9.0,2.0,5.0,4.0,3.0,3.0,,leonie fiebich,0,last_good_canonical,401856997.0,4683006.0,F,1.0,1.0,espn,leonie fiebich,no_projection_for_player_team_date
2026-06-22,2026,Leonie Fiebich,NYL,LAS,A,26.0,13.0,2.0,1.0,3.0,1.0,0.0,4.0,8.0,4.0,2.0,2.0,0.0,2.0,,leonie fiebich,0,last_good_canonical,401857011.0,4683006.0,F,1.0,1.0,espn,leonie fiebich,no_projection_for_player_team_date
2026-06-24,2026,Leonie Fiebich,NYL,LVA,A,30.0,12.0,1.0,1.0,4.0,2.0,0.0,1.0,7.0,4.0,0.0,0.0,0.0,1.0,,leonie fiebich,0,last_good_canonical,401857016.0,4683006.0,F,1.0,1.0,espn,leonie fiebich,no_projection_for_player_team_date
2026-06-26,2026,Leonie Fiebich,NYL,SEA,A,31.0,19.0,2.0,2.0,3.0,2.0,0.0,1.0,12.0,6.0,5.0,4.0,1.0,1.0,,leonie fiebich,0,last_good_canonical,401857023.0,4683006.0,F,1.0,1.0,espn,leonie fiebich,no_projection_for_player_team_date
2026-05-08,2026,Lexi Held,TOR,WAS,H,2.0,0.0,0.0,0.0,0.0,0.0,0.0,0.0,0.0,0.0,0.0,0.0,0.0,0.0,,lexi held,1,last_good_canonical,401856891.0,4399342.0,G,0.0,1.0,espn,lexi held,no_projection_for_player_team_date
2026-05-13,2026,Lexi Held,TOR,SEA,H,2.0,0.0,0.0,0.0,0.0,0.0,0.0,0.0,0.0,0.0,0.0,0.0,0.0,0.0,,lexi held,1,last_good_canonical,401856904.0,4399342.0,G,0.0,1.0,espn,lexi held,no_projection_for_player_team_date
2026-05-17,2026,Lexi Held,TOR,LAS,A,5.0,0.0,0.0,0.0,0.0,0.0,0.0,0.0,0.0,0.0,0.0,0.0,0.0,0.0,,lexi held,0,last_good_canonical,401856917.0,4399342.0,G,0.0,1.0,espn,lexi held,no_projection_for_player_team_date
2026-05-20,2026,Lexi Held,TOR,PHX,A,9.0,3.0,1.0,1.0,0.0,0.0,0.0,1.0,2.0,1.0,1.0,1.0,0.0,1.0,,lexi held,0,last_good_canonical,401856920.0,4399342.0,G,0.0,1.0,espn,lexi held,no_projection_for_player_team_date
2026-05-22,2026,Lexi Held,TOR,MIN,A,23.0,3.0,1.0,3.0,1.0,0.0,0.0,1.0,6.0,1.0,0.0,0.0,0.0,1.0,,lexi held,0,last_good_canonical,401856925.0,4399342.0,G,0.0,1.0,espn,lexi held,no_projection_for_player_team_date
2026-05-23,2026,Lexi Held,TOR,POR,H,8.0,3.0,2.0,1.0,1.0,0.0,0.0,0.0,2.0,1.0,0.0,0.0,1.0,1.0,,lexi held,1,last_good_canonical,401856931.0,4399342.0,G,0.0,1.0,espn,lexi held,no_projection_for_player_team_date
2026-05-28,2026,Lexi Held,TOR,CHI,A,6.0,0.0,2.0,2.0,0.0,1.0,0.0,2.0,0.0,0.0,0.0,0.0,2.0,0.0,,lexi held,0,last_good_canonical,401856939.0,4399342.0,G,0.0,1.0,espn,lexi held,no_projection_for_player_team_date
2026-06-02,2026,Lexi Held,PHX,MIN,H,15.0,5.0,0.0,0.0,1.0,0.0,0.0,0.0,3.0,1.0,2.0,2.0,0.0,0.0,,lexi held,1,last_good_canonical,401856954.0,4399342.0,G,0.0,1.0,espn,lexi held,no_projection_for_player_team_date
2026-06-03,2026,Lexi Held,PHX,SEA,A,13.0,0.0,2.0,2.0,0.0,2.0,1.0,1.0,3.0,0.0,0.0,0.0,0.0,2.0,7.0,lexi held,0,last_good_canonical,,,,,,,lexi held,no_projection_for_player_team_date
2026-06-04,2026,Lexi Held,PHX,SEA,A,13.0,0.0,2.0,2.0,0.0,2.0,1.0,1.0,3.0,0.0,0.0,0.0,0.0,2.0,,lexi held,0,last_good_canonical,401856960.0,4399342.0,G,0.0,1.0,espn,lexi held,no_projection_for_player_team_date
2026-06-06,2026,Lexi Held,PHX,POR,A,20.0,8.0,1.0,3.0,1.0,0.0,0.0,1.0,5.0,1.0,5.0,5.0,0.0,1.0,,lexi held,0,last_good_canonical,401856965.0,4399342.0,G,0.0,1.0,espn,lexi held,no_projection_for_player_team_date
2026-06-10,2026,Lexi Held,PHX,GSV,A,15.0,5.0,2.0,2.0,1.0,1.0,0.0,2.0,7.0,2.0,0.0,0.0,1.0,1.0,,lexi held,0,last_good_canonical,401856977.0,4399342.0,G,0.0,1.0,espn,lexi held,no_projection_for_player_team_date
2026-06-12,2026,Lexi Held,PHX,DAL,A,23.0,17.0,4.0,1.0,3.0,1.0,0.0,1.0,10.0,6.0,2.0,2.0,0.0,4.0,,lexi held,0,last_good_canonical,401856982.0,4399342.0,G,0.0,1.0,espn,lexi held,no_projection_for_player_team_date
2026-06-14,2026,Lexi Held,PHX,LAS,H,29.0,9.0,2.0,2.0,1.0,1.0,0.0,3.0,10.0,4.0,0.0,0.0,1.0,1.0,,lexi held,1,last_good_canonical,401856989.0,4399342.0,G,0.0,1.0,espn,lexi held,no_projection_for_player_team_date
2026-06-18,2026,Lexi Held,PHX,LVA,H,15.0,7.0,1.0,0.0,1.0,0.0,0.0,1.0,5.0,3.0,0.0,0.0,0.0,1.0,,lexi held,1,last_good_canonical,401857000.0,4399342.0,G,0.0,1.0,espn,lexi held,no_projection_for_player_team_date
2026-06-23,2026,Lexi Held,PHX,IND,A,22.0,4.0,2.0,3.0,0.0,1.0,0.0,1.0,7.0,2.0,0.0,0.0,1.0,1.0,,lexi held,0,last_good_canonical,401857014.0,4399342.0,G,1.0,1.0,espn,lexi held,no_projection_for_player_team_date
2026-05-09,2026,Lexie Brown,SEA,GSV,H,22.0,0.0,2.0,3.0,0.0,0.0,0.0,4.0,2.0,0.0,0.0,0.0,1.0,1.0,,lexie brown,1,last_good_canonical,401856892.0,3058892.0,G,0.0,1.0,espn,lexie brown,no_projection_for_player_team_date
2026-05-10,2026,Lexie Brown,SEA,CON,A,21.0,17.0,0.0,1.0,5.0,0.0,1.0,0.0,7.0,6.0,0.0,0.0,0.0,0.0,,lexie brown,0,last_good_canonical,401856896.0,3058892.0,G,0.0,1.0,espn,lexie brown,no_projection_for_player_team_date
2026-05-13,2026,Lexie Brown,SEA,TOR,A,16.0,0.0,3.0,1.0,0.0,0.0,0.0,3.0,1.0,0.0,0.0,0.0,0.0,3.0,,lexie brown,0,last_good_canonical,401856904.0,3058892.0,G,0.0,1.0,espn,lexie brown,no_projection_for_player_team_date
2026-05-17,2026,Lexie Brown,SEA,IND,A,17.0,3.0,4.0,0.0,1.0,0.0,0.0,1.0,3.0,1.0,0.0,0.0,0.0,4.0,,lexie brown,0,last_good_canonical,401856916.0,3058892.0,G,0.0,1.0,espn,lexie brown,no_projection_for_player_team_date
2026-05-21,2026,Lexie Brown,SEA,CON,H,22.0,5.0,2.0,2.0,0.0,2.0,0.0,0.0,6.0,2.0,1.0,1.0,0.0,2.0,,lexie brown,1,last_good_canonical,401856923.0,3058892.0,G,0.0,1.0,espn,lexie brown,no_projection_for_player_team_date
2026-05-23,2026,Lexie Brown,SEA,CON,H,13.0,3.0,1.0,0.0,1.0,0.0,0.0,1.0,1.0,1.0,0.0,0.0,0.0,1.0,,lexie brown,1,last_good_canonical,401856929.0,3058892.0,G,0.0,1.0,espn,lexie brown,no_projection_for_player_team_date
2026-05-24,2026,Lexie Brown,SEA,WAS,H,8.0,7.0,0.0,1.0,1.0,2.0,0.0,0.0,1.0,1.0,5.0,4.0,0.0,0.0,,lexie brown,1,last_good_canonical,401856935.0,3058892.0,G,0.0,1.0,espn,lexie brown,no_projection_for_player_team_date
2026-05-28,2026,Lexie Brown,SEA,WAS,H,11.0,3.0,0.0,1.0,1.0,0.0,0.0,0.0,3.0,1.0,0.0,0.0,0.0,0.0,,lexie brown,1,last_good_canonical,401856942.0,3058892.0,G,0.0,1.0,espn,lexie brown,no_projection_for_player_team_date
2026-05-30,2026,Lexie Brown,SEA,TOR,A,14.0,0.0,0.0,1.0,0.0,0.0,0.0,1.0,2.0,0.0,0.0,0.0,0.0,0.0,,lexie brown,0,last_good_canonical,401856949.0,3058892.0,G,0.0,1.0,espn,lexie brown,no_projection_for_player_team_date
2026-06-02,2026,Lexie Brown,SEA,DAL,A,5.0,0.0,1.0,1.0,0.0,1.0,0.0,0.0,0.0,0.0,0.0,0.0,0.0,1.0,,lexie brown,0,last_good_canonical,401856953.0,3058892.0,G,0.0,1.0,espn,lexie brown,no_projection_for_player_team_date
2026-06-03,2026,Lexie Brown,SEA,PHX,H,,,,,,,,,,,,,,,,lexie brown,1,last_good_canonical,,,,,,,lexie brown,no_projection_for_player_team_date
2026-06-04,2026,Lexie Brown,SEA,PHX,H,0.0,0.0,0.0,0.0,0.0,0.0,0.0,0.0,0.0,0.0,0.0,0.0,0.0,0.0,,lexie brown,1,last_good_canonical,401856960.0,3058892.0,G,0.0,0.0,espn,lexie brown,no_projection_for_player_team_date
2026-06-06,2026,Lexie Brown,SEA,MIN,A,,,,,,,,,,,,,,,,lexie brown,0,last_good_canonical,,,,,,,lexie brown,no_projection_for_player_team_date
2025-07-05,2025,Lexie Hull,IND,LAS,H,22.0,5.0,2.0,1.0,1.0,0.0,0.0,1.0,4.0,2.0,0.0,0.0,1.0,1.0,,lexie hull,1,last_good_canonical,401736225.0,4398829.0,G,1.0,1.0,espn,lexie hull,no_projection_for_player_team_date
2026-05-09,2026,Lexie Hull,IND,DAL,H,15.0,0.0,1.0,0.0,0.0,0.0,0.0,1.0,2.0,0.0,0.0,0.0,0.0,1.0,,lexie hull,1,last_good_canonical,401856893.0,4398829.0,G,0.0,1.0,espn,lexie hull,no_projection_for_player_team_date
2026-05-14,2026,Lexie Hull,IND,LAS,A,13.0,1.0,1.0,0.0,0.0,1.0,0.0,1.0,1.0,0.0,2.0,1.0,0.0,1.0,,lexie hull,0,last_good_canonical,401856907.0,4398829.0,G,0.0,1.0,espn,lexie hull,no_projection_for_player_team_date
2026-05-15,2026,Lexie Hull,IND,WAS,H,26.0,9.0,4.0,1.0,2.0,3.0,0.0,1.0,6.0,3.0,2.0,1.0,1.0,3.0,,lexie hull,1,last_good_canonical,401856911.0,4398829.0,G,0.0,1.0,espn,lexie hull,no_projection_for_player_team_date
2026-05-17,2026,Lexie Hull,IND,SEA,H,19.0,9.0,4.0,2.0,0.0,0.0,0.0,1.0,8.0,3.0,3.0,3.0,0.0,4.0,,lexie hull,1,last_good_canonical,401856916.0,4398829.0,G,1.0,1.0,espn,lexie hull,no_projection_for_player_team_date
2026-05-20,2026,Lexie Hull,IND,POR,H,22.0,16.0,8.0,1.0,4.0,0.0,1.0,1.0,4.0,4.0,4.0,4.0,0.0,8.0,,lexie hull,1,last_good_canonical,401856921.0,4398829.0,G,1.0,1.0,espn,lexie hull,no_projection_for_player_team_date
2026-05-29,2026,Lexie Hull,IND,GSV,A,23.0,5.0,6.0,0.0,1.0,1.0,0.0,1.0,7.0,2.0,0.0,0.0,1.0,5.0,,lexie hull,0,last_good_canonical,401856944.0,4398829.0,G,1.0,1.0,espn,lexie hull,no_projection_for_player_team_date
2026-05-31,2026,Lexie Hull,IND,POR,A,16.0,0.0,1.0,1.0,0.0,0.0,0.0,0.0,4.0,0.0,0.0,0.0,0.0,1.0,,lexie hull,0,last_good_canonical,401856951.0,4398829.0,G,1.0,1.0,espn,lexie hull,no_projection_for_player_team_date
2026-06-04,2026,Lexie Hull,IND,ATL,H,20.0,4.0,2.0,0.0,0.0,0.0,1.0,1.0,2.0,1.0,2.0,2.0,0.0,2.0,-7.0,lexie hull,1,last_good_canonical,,,,,,,lexie hull,no_projection_for_player_team_date
2026-06-07,2026,Lexie Hull,IND,NYL,A,19.0,5.0,6.0,1.0,1.0,1.0,0.0,0.0,2.0,2.0,0.0,0.0,1.0,5.0,,lexie hull,0,last_good_canonical,401856969.0,4398829.0,G,1.0,1.0,espn,lexie hull,no_projection_for_player_team_date
2026-06-23,2026,Lexie Hull,IND,PHX,H,17.0,8.0,2.0,0.0,2.0,0.0,0.0,1.0,2.0,2.0,2.0,2.0,1.0,1.0,,lexie hull,1,last_good_canonical,401857014.0,4398829.0,G,1.0,1.0,espn,lexie hull,no_projection_for_player_team_date
2026-06-28,2026,Lexie Hull,IND,LAS,H,22.0,5.0,7.0,3.0,1.0,1.0,1.0,0.0,7.0,2.0,0.0,0.0,1.0,6.0,,lexie hull,1,last_good_canonical,401857028.0,4398829.0,G,1.0,1.0,espn,lexie hull,no_projection_for_player_team_date
2026-05-09,2026,Li Yueru,DAL,IND,A,4.0,3.0,1.0,0.0,0.0,0.0,0.0,0.0,1.0,0.0,4.0,3.0,0.0,1.0,,li yueru,0,last_good_canonical,401856893.0,4336633.0,C,0.0,1.0,espn,li yueru,no_projection_for_player_team_date
2026-05-13,2026,Li Yueru,DAL,ATL,H,0.0,0.0,0.0,0.0,0.0,0.0,0.0,0.0,0.0,0.0,0.0,0.0,0.0,0.0,,li yueru,1,last_good_canonical,401856901.0,4336633.0,C,0.0,0.0,espn,li yueru,no_projection_for_player_team_date
2026-05-15,2026,Li Yueru,DAL,MIN,H,0.0,0.0,0.0,0.0,0.0,0.0,0.0,0.0,0.0,0.0,0.0,0.0,0.0,0.0,,li yueru,1,last_good_canonical,401856908.0,4336633.0,C,0.0,0.0,espn,li yueru,no_projection_for_player_team_date
2026-05-19,2026,Li Yueru,DAL,WAS,H,5.0,1.0,3.0,0.0,0.0,0.0,0.0,0.0,3.0,0.0,2.0,1.0,3.0,0.0,,li yueru,1,last_good_canonical,401856918.0,4336633.0,C,0.0,1.0,espn,li yueru,no_projection_for_player_team_date
2026-05-21,2026,Li Yueru,DAL,CHI,A,20.0,7.0,9.0,3.0,1.0,1.0,0.0,1.0,4.0,1.0,6.0,4.0,4.0,5.0,,li yueru,0,last_good_canonical,401856922.0,4336633.0,C,0.0,1.0,espn,li yueru,no_projection_for_player_team_date
2026-05-22,2026,Li Yueru,DAL,ATL,A,5.0,0.0,0.0,0.0,0.0,0.0,0.0,0.0,0.0,0.0,0.0,0.0,0.0,0.0,,li yueru,0,last_good_canonical,401856927.0,4336633.0,C,0.0,1.0,espn,li yueru,no_projection_for_player_team_date
2026-05-24,2026,Li Yueru,DAL,NYL,A,3.0,0.0,1.0,0.0,0.0,0.0,0.0,0.0,1.0,0.0,0.0,0.0,0.0,1.0,,li yueru,0,last_good_canonical,401856934.0,4336633.0,C,0.0,1.0,espn,li yueru,no_projection_for_player_team_date
2026-05-29,2026,Li Yueru,DAL,LVA,H,0.0,0.0,0.0,0.0,0.0,0.0,0.0,0.0,0.0,0.0,0.0,0.0,0.0,0.0,,li yueru,1,last_good_canonical,401856943.0,4336633.0,C,0.0,0.0,espn,li yueru,no_projection_for_player_team_date
2026-06-02,2026,Li Yueru,DAL,SEA,H,9.0,2.0,2.0,0.0,0.0,0.0,0.0,0.0,2.0,1.0,0.0,0.0,1.0,1.0,,li yueru,1,last_good_canonical,401856953.0,4336633.0,C,0.0,1.0,espn,li yueru,no_projection_for_player_team_date
2026-06-10,2026,Li Yueru,DAL,MIN,A,6.0,2.0,2.0,0.0,0.0,0.0,0.0,1.0,1.0,0.0,2.0,2.0,0.0,2.0,,li yueru,0,last_good_canonical,401856976.0,4336633.0,C,0.0,1.0,espn,li yueru,no_projection_for_player_team_date
2026-06-12,2026,Li Yueru,DAL,PHX,H,2.0,3.0,1.0,0.0,0.0,0.0,0.0,1.0,2.0,1.0,1.0,1.0,0.0,1.0,,li yueru,1,last_good_canonical,401856982.0,4336633.0,C,0.0,1.0,espn,li yueru,no_projection_for_player_team_date
2026-06-14,2026,Li Yueru,DAL,POR,A,0.0,0.0,0.0,0.0,0.0,0.0,0.0,0.0,0.0,0.0,0.0,0.0,0.0,0.0,,li yueru,0,last_good_canonical,401856988.0,4336633.0,C,0.0,0.0,espn,li yueru,no_projection_for_player_team_date
2026-06-16,2026,Li Yueru,DAL,LVA,H,4.0,0.0,4.0,1.0,0.0,0.0,0.0,0.0,3.0,0.0,0.0,0.0,1.0,3.0,,li yueru,1,last_good_canonical,401856992.0,4336633.0,C,0.0,1.0,espn,li yueru,no_projection_for_player_team_date
2026-06-18,2026,Li Yueru,DAL,GSV,A,0.0,0.0,0.0,0.0,0.0,0.0,0.0,0.0,0.0,0.0,0.0,0.0,0.0,0.0,,li yueru,0,last_good_canonical,401856998.0,4336633.0,C,0.0,0.0,espn,li yueru,no_projection_for_player_team_date
2026-06-21,2026,Li Yueru,DAL,CHI,H,15.0,5.0,6.0,1.0,0.0,0.0,0.0,1.0,2.0,1.0,4.0,3.0,2.0,4.0,,li yueru,1,last_good_canonical,401857008.0,4336633.0,C,0.0,1.0,espn,li yueru,no_projection_for_player_team_date
2026-06-23,2026,Li Yueru,DAL,SEA,A,18.0,10.0,3.0,2.0,2.0,0.0,0.0,0.0,6.0,4.0,0.0,0.0,3.0,0.0,,li yueru,0,last_good_canonical,401857015.0,4336633.0,C,0.0,1.0,espn,li yueru,no_projection_for_player_team_date
2026-06-26,2026,Li Yueru,DAL,LVA,A,7.0,5.0,1.0,1.0,0.0,0.0,0.0,0.0,4.0,2.0,1.0,1.0,0.0,1.0,,li yueru,0,last_good_canonical,401857022.0,4336633.0,C,0.0,1.0,espn,li yueru,no_projection_for_player_team_date
2026-05-15,2026,Liatu King,MIN,DAL,A,0.0,0.0,0.0,0.0,0.0,0.0,0.0,0.0,0.0,0.0,0.0,0.0,0.0,0.0,,liatu king,0,last_good_canonical,401856908.0,4596309.0,F,0.0,0.0,espn,liatu king,no_projection_for_player_team_date
2026-05-22,2026,Liatu King,MIN,TOR,H,19.0,9.0,7.0,0.0,1.0,1.0,0.0,1.0,5.0,3.0,4.0,2.0,2.0,5.0,,liatu king,1,last_good_canonical,401856925.0,4596309.0,F,0.0,1.0,espn,liatu king,no_projection_for_player_team_date
2026-05-23,2026,Liatu King,MIN,CHI,A,10.0,0.0,4.0,0.0,0.0,1.0,3.0,2.0,1.0,0.0,2.0,0.0,1.0,3.0,,liatu king,0,last_good_canonical,401856930.0,4596309.0,F,0.0,1.0,espn,liatu king,no_projection_for_player_team_date
2026-05-28,2026,Liatu King,MIN,ATL,H,9.0,3.0,1.0,0.0,1.0,0.0,0.0,0.0,1.0,1.0,0.0,0.0,0.0,1.0,,liatu king,1,last_good_canonical,401856940.0,4596309.0,F,0.0,1.0,espn,liatu king,no_projection_for_player_team_date
2026-05-29,2026,Liatu King,MIN,CHI,A,10.0,2.0,3.0,0.0,0.0,0.0,1.0,1.0,4.0,1.0,0.0,0.0,1.0,2.0,,liatu king,0,last_good_canonical,401856947.0,4596309.0,F,0.0,1.0,espn,liatu king,no_projection_for_player_team_date
2026-06-14,2026,Liatu King,MIN,LVA,A,9.0,4.0,4.0,0.0,0.0,0.0,0.0,0.0,2.0,1.0,4.0,2.0,2.0,2.0,,liatu king,0,last_good_canonical,401856987.0,4596309.0,F,0.0,1.0,espn,liatu king,no_projection_for_player_team_date
2026-06-18,2026,Liatu King,MIN,LAS,A,0.0,0.0,0.0,0.0,0.0,0.0,0.0,0.0,0.0,0.0,0.0,0.0,0.0,0.0,,liatu king,0,last_good_canonical,401856999.0,4596309.0,F,0.0,0.0,espn,liatu king,no_projection_for_player_team_date
2026-06-20,2026,Liatu King,MIN,GSV,A,0.0,0.0,0.0,0.0,0.0,0.0,0.0,0.0,0.0,0.0,0.0,0.0,0.0,0.0,,liatu king,0,last_good_canonical,401857005.0,4596309.0,F,0.0,0.0,espn,liatu king,no_projection_for_player_team_date
2026-05-08,2026,Lucy Olsen,WAS,TOR,A,10.0,0.0,0.0,1.0,0.0,0.0,0.0,2.0,3.0,0.0,0.0,0.0,0.0,0.0,,lucy olsen,0,last_good_canonical,401856891.0,4433815.0,G,0.0,1.0,espn,lucy olsen,no_projection_for_player_team_date
2026-05-10,2026,Lucy Olsen,WAS,NYL,A,5.0,5.0,0.0,1.0,1.0,0.0,0.0,0.0,2.0,2.0,0.0,0.0,0.0,0.0,,lucy olsen,0,last_good_canonical,401856897.0,4433815.0,G,0.0,1.0,espn,lucy olsen,no_projection_for_player_team_date
2026-05-15,2026,Lucy Olsen,WAS,IND,A,0.0,0.0,0.0,0.0,0.0,0.0,0.0,0.0,0.0,0.0,0.0,0.0,0.0,0.0,,lucy olsen,0,last_good_canonical,401856911.0,4433815.0,G,0.0,0.0,espn,lucy olsen,no_projection_for_player_team_date
2026-05-19,2026,Lucy Olsen,WAS,DAL,A,10.0,8.0,0.0,2.0,0.0,0.0,0.0,0.0,3.0,3.0,2.0,2.0,0.0,0.0,,lucy olsen,0,last_good_canonical,401856918.0,4433815.0,G,0.0,1.0,espn,lucy olsen,no_projection_for_player_team_date
2026-05-24,2026,Lucy Olsen,WAS,SEA,A,4.0,0.0,2.0,2.0,0.0,0.0,0.0,0.0,1.0,0.0,0.0,0.0,0.0,2.0,,lucy olsen,0,last_good_canonical,401856935.0,4433815.0,G,0.0,1.0,espn,lucy olsen,no_projection_for_player_team_date
2026-05-28,2026,Lucy Olsen,WAS,SEA,A,0.0,0.0,0.0,0.0,0.0,0.0,0.0,0.0,0.0,0.0,0.0,0.0,0.0,0.0,,lucy olsen,0,last_good_canonical,401856942.0,4433815.0,G,0.0,0.0,espn,lucy olsen,no_projection_for_player_team_date
2026-05-29,2026,Lucy Olsen,WAS,LAS,A,0.0,0.0,0.0,0.0,0.0,0.0,0.0,0.0,0.0,0.0,0.0,0.0,0.0,0.0,,lucy olsen,0,last_good_canonical,401856946.0,4433815.0,G,0.0,0.0,espn,lucy olsen,no_projection_for_player_team_date
2026-06-02,2026,Lucy Olsen,WAS,CHI,H,11.0,3.0,1.0,2.0,1.0,0.0,0.0,0.0,3.0,1.0,0.0,0.0,1.0,0.0,5.0,lucy olsen,1,last_good_canonical,,,,,,,lucy olsen,no_projection_for_player_team_date
2026-06-06,2026,Lucy Olsen,WAS,ATL,A,,,,,,,,,,,,,,,,lucy olsen,0,last_good_canonical,,,,,,,lucy olsen,no_projection_for_player_team_date
2026-05-10,2026,Luisa Geiselsoder,POR,CHI,H,25.0,8.0,7.0,3.0,1.0,0.0,2.0,0.0,10.0,2.0,3.0,3.0,1.0,6.0,,luisa geiselsoder,1,last_good_canonical,401856895.0,4682797.0,C,1.0,1.0,espn,luisa geiselsoder,no_projection_for_player_team_date
2026-05-13,2026,Luisa Geiselsoder,POR,NYL,H,25.0,13.0,5.0,2.0,3.0,1.0,1.0,1.0,10.0,4.0,2.0,2.0,1.0,4.0,,luisa geiselsoder,1,last_good_canonical,401856903.0,4682797.0,C,1.0,1.0,espn,luisa geiselsoder,no_projection_for_player_team_date
2026-05-15,2026,Luisa Geiselsoder,POR,NYL,H,22.0,6.0,5.0,1.0,0.0,1.0,0.0,1.0,6.0,3.0,0.0,0.0,0.0,5.0,,luisa geiselsoder,1,last_good_canonical,401856909.0,4682797.0,C,1.0,1.0,espn,luisa geiselsoder,no_projection_for_player_team_date
2026-05-19,2026,Luisa Geiselsoder,POR,CON,H,25.0,2.0,2.0,4.0,0.0,0.0,0.0,2.0,5.0,1.0,0.0,0.0,0.0,2.0,,luisa geiselsoder,1,last_good_canonical,401856919.0,4682797.0,C,1.0,1.0,espn,luisa geiselsoder,no_projection_for_player_team_date
2026-05-20,2026,Luisa Geiselsoder,POR,IND,A,22.0,4.0,1.0,1.0,0.0,0.0,0.0,2.0,3.0,1.0,2.0,2.0,0.0,1.0,,luisa geiselsoder,0,last_good_canonical,401856921.0,4682797.0,C,1.0,1.0,espn,luisa geiselsoder,no_projection_for_player_team_date
2026-05-23,2026,Luisa Geiselsoder,POR,TOR,A,20.0,6.0,5.0,0.0,0.0,0.0,1.0,1.0,7.0,3.0,0.0,0.0,1.0,4.0,,luisa geiselsoder,0,last_good_canonical,401856931.0,4682797.0,C,1.0,1.0,espn,luisa geiselsoder,no_projection_for_player_team_date
2026-05-28,2026,Luisa Geiselsoder,POR,CON,H,19.0,3.0,1.0,2.0,1.0,2.0,0.0,1.0,4.0,1.0,0.0,0.0,1.0,0.0,,luisa geiselsoder,1,last_good_canonical,401856941.0,4682797.0,C,1.0,1.0,espn,luisa geiselsoder,no_projection_for_player_team_date
2026-05-30,2026,Luisa Geiselsoder,POR,ATL,H,22.0,6.0,0.0,2.0,1.0,0.0,0.0,2.0,7.0,2.0,2.0,1.0,0.0,0.0,,luisa geiselsoder,1,last_good_canonical,401856948.0,4682797.0,C,1.0,1.0,espn,luisa geiselsoder,no_projection_for_player_team_date
2026-05-31,2026,Luisa Geiselsoder,POR,IND,H,12.0,0.0,1.0,1.0,0.0,0.0,0.0,1.0,1.0,0.0,0.0,0.0,1.0,0.0,,luisa geiselsoder,1,last_good_canonical,401856951.0,4682797.0,C,0.0,1.0,espn,luisa geiselsoder,no_projection_for_player_team_date
2026-06-02,2026,Luisa Geiselsoder,POR,GSV,A,11.0,3.0,0.0,0.0,1.0,0.0,0.0,1.0,4.0,1.0,0.0,0.0,0.0,0.0,-14.0,luisa geiselsoder,0,last_good_canonical,,,,,,,luisa geiselsoder,no_projection_for_player_team_date
2026-06-03,2026,Luisa Geiselsoder,POR,GSV,A,11.0,3.0,0.0,0.0,1.0,0.0,0.0,1.0,4.0,1.0,0.0,0.0,0.0,0.0,,luisa geiselsoder,0,last_good_canonical,401856957.0,4682797.0,C,0.0,1.0,espn,luisa geiselsoder,no_projection_for_player_team_date
2026-06-06,2026,Luisa Geiselsoder,POR,PHX,H,18.0,5.0,3.0,3.0,1.0,0.0,0.0,3.0,4.0,1.0,2.0,2.0,0.0,3.0,,luisa geiselsoder,1,last_good_canonical,401856965.0,4682797.0,C,0.0,1.0,espn,luisa geiselsoder,no_projection_for_player_team_date
2026-06-12,2026,Luisa Geiselsoder,POR,LVA,H,12.0,6.0,1.0,0.0,0.0,0.0,0.0,0.0,4.0,3.0,0.0,0.0,0.0,1.0,,luisa geiselsoder,1,last_good_canonical,401856983.0,4682797.0,C,0.0,1.0,espn,luisa geiselsoder,no_projection_for_player_team_date
2026-06-14,2026,Luisa Geiselsoder,POR,DAL,H,14.0,7.0,2.0,3.0,2.0,0.0,1.0,1.0,5.0,2.0,2.0,1.0,1.0,1.0,,luisa geiselsoder,1,last_good_canonical,401856988.0,4682797.0,C,0.0,1.0,espn,luisa geiselsoder,no_projection_for_player_team_date
2026-06-16,2026,Luisa Geiselsoder,POR,MIN,A,15.0,9.0,4.0,0.0,3.0,1.0,0.0,0.0,5.0,3.0,0.0,0.0,1.0,3.0,,luisa geiselsoder,0,last_good_canonical,401856993.0,4682797.0,C,0.0,1.0,espn,luisa geiselsoder,no_projection_for_player_team_date
2026-06-18,2026,Luisa Geiselsoder,POR,SEA,H,0.0,0.0,0.0,0.0,0.0,0.0,0.0,0.0,0.0,0.0,0.0,0.0,0.0,0.0,,luisa geiselsoder,1,last_good_canonical,401857001.0,4682797.0,C,0.0,0.0,espn,luisa geiselsoder,no_projection_for_player_team_date
2026-06-25,2026,Luisa Geiselsoder,POR,CHI,A,14.0,2.0,3.0,2.0,0.0,0.0,2.0,0.0,4.0,1.0,0.0,0.0,2.0,1.0,,luisa geiselsoder,0,last_good_canonical,401857019.0,4682797.0,C,0.0,1.0,espn,luisa geiselsoder,no_projection_for_player_team_date
2026-05-09,2026,Mackenzie Holmes,SEA,GSV,H,11.0,2.0,6.0,0.0,0.0,0.0,0.0,0.0,1.0,1.0,0.0,0.0,3.0,3.0,,mackenzie holmes,1,last_good_canonical,401856892.0,4433643.0,F,0.0,1.0,espn,mackenzie holmes,no_projection_for_player_team_date
2026-05-10,2026,Mackenzie Holmes,SEA,CON,A,23.0,5.0,6.0,2.0,1.0,0.0,1.0,1.0,6.0,2.0,0.0,0.0,2.0,4.0,,mackenzie holmes,0,last_good_canonical,401856896.0,4433643.0,F,0.0,1.0,espn,mackenzie holmes,no_projection_for_player_team_date
2026-05-13,2026,Mackenzie Holmes,SEA,TOR,A,5.0,0.0,1.0,0.0,0.0,0.0,0.0,0.0,0.0,0.0,0.0,0.0,0.0,1.0,,mackenzie holmes,0,last_good_canonical,401856904.0,4433643.0,F,0.0,1.0,espn,mackenzie holmes,no_projection_for_player_team_date
2026-05-17,2026,Mackenzie Holmes,SEA,IND,A,10.0,4.0,1.0,0.0,0.0,2.0,0.0,1.0,3.0,2.0,0.0,0.0,0.0,1.0,,mackenzie holmes,0,last_good_canonical,401856916.0,4433643.0,F,0.0,1.0,espn,mackenzie holmes,no_projection_for_player_team_date
2026-05-21,2026,Mackenzie Holmes,SEA,CON,H,26.0,18.0,6.0,1.0,1.0,1.0,2.0,0.0,8.0,6.0,5.0,5.0,1.0,5.0,,mackenzie holmes,1,last_good_canonical,401856923.0,4433643.0,F,0.0,1.0,espn,mackenzie holmes,no_projection_for_player_team_date
2026-05-23,2026,Mackenzie Holmes,SEA,CON,H,18.0,2.0,6.0,1.0,0.0,0.0,1.0,1.0,2.0,0.0,4.0,2.0,2.0,4.0,,mackenzie holmes,1,last_good_canonical,401856929.0,4433643.0,F,0.0,1.0,espn,mackenzie holmes,no_projection_for_player_team_date
2026-05-24,2026,Mackenzie Holmes,SEA,WAS,H,14.0,2.0,4.0,0.0,0.0,3.0,0.0,0.0,2.0,1.0,0.0,0.0,1.0,3.0,,mackenzie holmes,1,last_good_canonical,401856935.0,4433643.0,F,0.0,1.0,espn,mackenzie holmes,no_projection_for_player_team_date
2026-05-28,2026,Mackenzie Holmes,SEA,WAS,H,20.0,8.0,10.0,1.0,2.0,2.0,0.0,4.0,4.0,3.0,0.0,0.0,4.0,6.0,,mackenzie holmes,1,last_good_canonical,401856942.0,4433643.0,F,0.0,1.0,espn,mackenzie holmes,no_projection_for_player_team_date
2026-05-30,2026,Mackenzie Holmes,SEA,TOR,A,15.0,6.0,7.0,1.0,0.0,1.0,0.0,1.0,3.0,2.0,2.0,2.0,2.0,5.0,,mackenzie holmes,0,last_good_canonical,401856949.0,4433643.0,F,0.0,1.0,espn,mackenzie holmes,no_projection_for_player_team_date
2026-06-02,2026,Mackenzie Holmes,SEA,DAL,A,14.0,2.0,1.0,2.0,0.0,0.0,0.0,1.0,2.0,1.0,0.0,0.0,0.0,1.0,,mackenzie holmes,0,last_good_canonical,401856953.0,4433643.0,F,0.0,1.0,espn,mackenzie holmes,no_projection_for_player_team_date
2026-06-03,2026,Mackenzie Holmes,SEA,PHX,H,19.0,4.0,6.0,1.0,0.0,1.0,1.0,0.0,5.0,2.0,0.0,0.0,1.0,5.0,-8.0,mackenzie holmes,1,last_good_canonical,,,,,,,mackenzie holmes,no_projection_for_player_team_date
2026-06-04,2026,Mackenzie Holmes,SEA,PHX,H,19.0,4.0,6.0,1.0,0.0,1.0,1.0,0.0,5.0,2.0,0.0,0.0,1.0,5.0,,mackenzie holmes,1,last_good_canonical,401856960.0,4433643.0,F,0.0,1.0,espn,mackenzie holmes,no_projection_for_player_team_date
2026-06-06,2026,Mackenzie Holmes,SEA,MIN,A,14.0,1.0,4.0,2.0,0.0,0.0,0.0,1.0,1.0,0.0,2.0,1.0,1.0,3.0,-6.0,mackenzie holmes,0,last_good_canonical,,,,,,,mackenzie holmes,no_projection_for_player_team_date
2026-06-09,2026,Mackenzie Holmes,SEA,LVA,A,12.0,3.0,2.0,0.0,1.0,0.0,0.0,0.0,1.0,1.0,0.0,0.0,0.0,2.0,,mackenzie holmes,0,last_good_canonical,401856974.0,4433643.0,F,0.0,1.0,espn,mackenzie holmes,no_projection_for_player_team_date
2026-06-11,2026,Mackenzie Holmes,SEA,LAS,H,7.0,0.0,1.0,0.0,0.0,0.0,1.0,0.0,0.0,0.0,0.0,0.0,1.0,0.0,,mackenzie holmes,1,last_good_canonical,401856979.0,4433643.0,F,0.0,1.0,espn,mackenzie holmes,no_projection_for_player_team_date
2026-06-13,2026,Mackenzie Holmes,SEA,GSV,H,4.0,0.0,0.0,1.0,0.0,0.0,0.0,0.0,0.0,0.0,0.0,0.0,0.0,0.0,,mackenzie holmes,1,last_good_canonical,401856985.0,4433643.0,F,0.0,1.0,espn,mackenzie holmes,no_projection_for_player_team_date
2026-06-18,2026,Mackenzie Holmes,SEA,POR,A,4.0,3.0,0.0,0.0,1.0,0.0,0.0,0.0,1.0,1.0,0.0,0.0,0.0,0.0,,mackenzie holmes,0,last_good_canonical,401857001.0,4433643.0,F,0.0,1.0,espn,mackenzie holmes,no_projection_for_player_team_date
2026-06-23,2026,Mackenzie Holmes,SEA,DAL,H,0.0,0.0,0.0,0.0,0.0,0.0,0.0,0.0,0.0,0.0,0.0,0.0,0.0,0.0,,mackenzie holmes,1,last_good_canonical,401857015.0,4433643.0,F,0.0,0.0,espn,mackenzie holmes,no_projection_for_player_team_date
2026-06-26,2026,Mackenzie Holmes,SEA,NYL,H,0.0,0.0,0.0,0.0,0.0,0.0,0.0,0.0,0.0,0.0,0.0,0.0,0.0,0.0,,mackenzie holmes,1,last_good_canonical,401857023.0,4433643.0,F,0.0,0.0,espn,mackenzie holmes,no_projection_for_player_team_date
2026-06-28,2026,Mackenzie Holmes,SEA,ATL,H,1.0,1.0,0.0,0.0,0.0,0.0,0.0,0.0,0.0,0.0,2.0,1.0,0.0,0.0,,mackenzie holmes,1,last_good_canonical,401857029.0,4433643.0,F,0.0,1.0,espn,mackenzie holmes,no_projection_for_player_team_date
2026-05-13,2026,Maddy Siegrist,DAL,ATL,H,8.0,2.0,3.0,0.0,0.0,0.0,0.0,0.0,3.0,1.0,0.0,0.0,0.0,3.0,,maddy siegrist,1,last_good_canonical,401856901.0,4399415.0,F,0.0,1.0,espn,maddy siegrist,no_projection_for_player_team_date
2026-05-15,2026,Maddy Siegrist,DAL,MIN,H,16.0,17.0,4.0,1.0,0.0,0.0,1.0,0.0,11.0,7.0,3.0,3.0,0.0,4.0,,maddy siegrist,1,last_good_canonical,401856908.0,4399415.0,F,0.0,1.0,espn,maddy siegrist,no_projection_for_player_team_date
2026-05-19,2026,Maddy Siegrist,DAL,WAS,H,20.0,10.0,0.0,2.0,2.0,0.0,0.0,0.0,9.0,4.0,0.0,0.0,0.0,0.0,,maddy siegrist,1,last_good_canonical,401856918.0,4399415.0,F,0.0,1.0,espn,maddy siegrist,no_projection_for_player_team_date
2026-05-21,2026,Maddy Siegrist,DAL,CHI,A,7.0,0.0,1.0,0.0,0.0,1.0,0.0,0.0,1.0,0.0,0.0,0.0,0.0,1.0,,maddy siegrist,0,last_good_canonical,401856922.0,4399415.0,F,0.0,1.0,espn,maddy siegrist,no_projection_for_player_team_date
2026-05-22,2026,Maddy Siegrist,DAL,ATL,A,17.0,5.0,2.0,1.0,1.0,0.0,1.0,0.0,8.0,2.0,0.0,0.0,2.0,0.0,,maddy siegrist,0,last_good_canonical,401856927.0,4399415.0,F,0.0,1.0,espn,maddy siegrist,no_projection_for_player_team_date
2026-05-29,2026,Maddy Siegrist,DAL,LVA,H,17.0,8.0,7.0,1.0,2.0,0.0,0.0,0.0,7.0,3.0,0.0,0.0,2.0,5.0,,maddy siegrist,1,last_good_canonical,401856943.0,4399415.0,F,1.0,1.0,espn,maddy siegrist,no_projection_for_player_team_date
2026-06-02,2026,Maddy Siegrist,DAL,SEA,H,22.0,9.0,9.0,2.0,1.0,1.0,0.0,0.0,10.0,3.0,2.0,2.0,6.0,3.0,,maddy siegrist,1,last_good_canonical,401856953.0,4399415.0,F,1.0,1.0,espn,maddy siegrist,no_projection_for_player_team_date
2026-06-06,2026,Maddy Siegrist,DAL,LAS,A,24.0,16.0,4.0,0.0,2.0,4.0,1.0,1.0,10.0,7.0,0.0,0.0,2.0,2.0,,maddy siegrist,0,last_good_canonical,401856964.0,4399415.0,F,1.0,1.0,espn,maddy siegrist,no_projection_for_player_team_date
2026-06-10,2026,Maddy Siegrist,DAL,MIN,A,22.0,4.0,7.0,2.0,0.0,1.0,1.0,1.0,6.0,2.0,0.0,0.0,2.0,5.0,,maddy siegrist,0,last_good_canonical,401856976.0,4399415.0,F,1.0,1.0,espn,maddy siegrist,no_projection_for_player_team_date
2026-06-12,2026,Maddy Siegrist,DAL,PHX,H,14.0,0.0,2.0,0.0,0.0,0.0,0.0,2.0,3.0,0.0,0.0,0.0,0.0,2.0,,maddy siegrist,1,last_good_canonical,401856982.0,4399415.0,F,1.0,1.0,espn,maddy siegrist,no_projection_for_player_team_date
2026-06-14,2026,Maddy Siegrist,DAL,POR,A,14.0,5.0,2.0,2.0,1.0,0.0,0.0,0.0,4.0,2.0,0.0,0.0,1.0,1.0,,maddy siegrist,0,last_good_canonical,401856988.0,4399415.0,F,1.0,1.0,espn,maddy siegrist,no_projection_for_player_team_date
2026-06-16,2026,Maddy Siegrist,DAL,LVA,H,9.0,5.0,1.0,0.0,1.0,0.0,0.0,0.0,2.0,2.0,0.0,0.0,0.0,1.0,,maddy siegrist,1,last_good_canonical,401856992.0,4399415.0,F,0.0,1.0,espn,maddy siegrist,no_projection_for_player_team_date
2026-06-18,2026,Maddy Siegrist,DAL,GSV,A,7.0,1.0,2.0,0.0,0.0,0.0,0.0,0.0,0.0,0.0,2.0,1.0,0.0,2.0,,maddy siegrist,0,last_good_canonical,401856998.0,4399415.0,F,0.0,1.0,espn,maddy siegrist,no_projection_for_player_team_date
2026-06-21,2026,Maddy Siegrist,DAL,CHI,H,12.0,9.0,3.0,0.0,2.0,0.0,0.0,0.0,6.0,3.0,2.0,1.0,1.0,2.0,,maddy siegrist,1,last_good_canonical,401857008.0,4399415.0,F,0.0,1.0,espn,maddy siegrist,no_projection_for_player_team_date
2026-06-23,2026,Maddy Siegrist,DAL,SEA,A,13.0,7.0,0.0,1.0,1.0,0.0,0.0,0.0,5.0,3.0,0.0,0.0,0.0,0.0,,maddy siegrist,0,last_good_canonical,401857015.0,4399415.0,F,0.0,1.0,espn,maddy siegrist,no_projection_for_player_team_date
2026-06-26,2026,Maddy Siegrist,DAL,LVA,A,12.0,2.0,1.0,0.0,0.0,0.0,1.0,0.0,3.0,1.0,0.0,0.0,0.0,1.0,,maddy siegrist,0,last_good_canonical,401857022.0,4399415.0,F,0.0,1.0,espn,maddy siegrist,no_projection_for_player_team_date
2026-06-21,2026,Maddy Westbeld,CHI,DAL,A,10.0,0.0,1.0,1.0,0.0,0.0,0.0,1.0,1.0,0.0,0.0,0.0,1.0,0.0,,maddy westbeld,0,last_good_canonical,401857008.0,4433424.0,F,0.0,1.0,espn,maddy westbeld,no_projection_for_player_team_date
2026-05-10,2026,Madina Okot,ATL,MIN,A,10.0,8.0,4.0,0.0,0.0,1.0,0.0,1.0,6.0,3.0,2.0,2.0,2.0,2.0,,madina okot,0,last_good_canonical,401856899.0,5108587.0,C,0.0,1.0,espn,madina okot,no_projection_for_player_team_date
2026-05-13,2026,Madina Okot,ATL,DAL,A,9.0,0.0,5.0,0.0,0.0,0.0,0.0,1.0,1.0,0.0,0.0,0.0,0.0,5.0,,madina okot,0,last_good_canonical,401856901.0,5108587.0,C,0.0,1.0,espn,madina okot,no_projection_for_player_team_date
2026-05-17,2026,Madina Okot,ATL,LVA,H,16.0,14.0,11.0,1.0,0.0,0.0,1.0,1.0,12.0,7.0,1.0,0.0,2.0,9.0,,madina okot,1,last_good_canonical,401856915.0,5108587.0,C,0.0,1.0,espn,madina okot,no_projection_for_player_team_date
2026-05-22,2026,Madina Okot,ATL,DAL,H,8.0,0.0,5.0,0.0,0.0,0.0,1.0,2.0,0.0,0.0,0.0,0.0,0.0,5.0,,madina okot,1,last_good_canonical,401856927.0,5108587.0,C,0.0,1.0,espn,madina okot,no_projection_for_player_team_date
2026-05-24,2026,Madina Okot,ATL,PHX,H,7.0,0.0,2.0,0.0,0.0,0.0,0.0,4.0,2.0,0.0,0.0,0.0,1.0,1.0,,madina okot,1,last_good_canonical,401856933.0,5108587.0,C,0.0,1.0,espn,madina okot,no_projection_for_player_team_date
2026-05-28,2026,Madina Okot,ATL,MIN,A,5.0,4.0,1.0,0.0,0.0,0.0,0.0,1.0,1.0,1.0,4.0,2.0,1.0,0.0,,madina okot,0,last_good_canonical,401856940.0,5108587.0,C,0.0,1.0,espn,madina okot,no_projection_for_player_team_date
2026-05-30,2026,Madina Okot,ATL,POR,A,7.0,7.0,0.0,1.0,0.0,0.0,0.0,2.0,3.0,3.0,1.0,1.0,0.0,0.0,,madina okot,0,last_good_canonical,401856948.0,5108587.0,C,0.0,1.0,espn,madina okot,no_projection_for_player_team_date
2026-06-02,2026,Madina Okot,ATL,CON,H,9.0,0.0,2.0,0.0,0.0,1.0,0.0,1.0,0.0,0.0,0.0,0.0,0.0,2.0,-6.0,madina okot,1,last_good_canonical,,,,,,,madina okot,no_projection_for_player_team_date
2026-06-04,2026,Madina Okot,ATL,IND,A,9.0,7.0,3.0,0.0,0.0,0.0,1.0,0.0,5.0,3.0,2.0,1.0,2.0,1.0,3.0,madina okot,0,last_good_canonical,,,,,,,madina okot,no_projection_for_player_team_date
2026-06-06,2026,Madina Okot,ATL,WAS,H,18.0,11.0,5.0,0.0,0.0,1.0,0.0,3.0,9.0,5.0,2.0,1.0,1.0,4.0,9.0,madina okot,1,last_good_canonical,,,,,,,madina okot,no_projection_for_player_team_date
2026-06-25,2026,Madina Okot,ATL,GSV,A,19.0,16.0,5.0,1.0,1.0,1.0,1.0,2.0,9.0,7.0,1.0,1.0,1.0,4.0,,madina okot,0,last_good_canonical,401857020.0,5108587.0,C,0.0,1.0,espn,madina okot,no_projection_for_player_team_date
2026-06-28,2026,Madina Okot,ATL,SEA,A,11.0,6.0,5.0,0.0,0.0,0.0,0.0,2.0,4.0,2.0,2.0,2.0,3.0,2.0,,madina okot,0,last_good_canonical,401857029.0,5108587.0,C,1.0,1.0,espn,madina okot,no_projection_for_player_team_date
2025-07-05,2025,Makayla Timpson,IND,LAS,H,12.0,5.0,6.0,0.0,0.0,0.0,1.0,2.0,4.0,2.0,2.0,1.0,1.0,5.0,,makayla timpson,1,last_good_canonical,401736225.0,4433546.0,F,0.0,1.0,espn,makayla timpson,no_projection_for_player_team_date
2026-05-09,2026,Makayla Timpson,IND,DAL,H,19.0,11.0,2.0,1.0,0.0,0.0,0.0,0.0,6.0,5.0,2.0,1.0,0.0,2.0,,makayla timpson,1,last_good_canonical,401856893.0,4433546.0,F,0.0,1.0,espn,makayla timpson,no_projection_for_player_team_date
2026-05-14,2026,Makayla Timpson,IND,LAS,A,9.0,2.0,1.0,1.0,0.0,0.0,0.0,0.0,2.0,1.0,0.0,0.0,0.0,1.0,,makayla timpson,0,last_good_canonical,401856907.0,4433546.0,F,0.0,1.0,espn,makayla timpson,no_projection_for_player_team_date
2026-05-15,2026,Makayla Timpson,IND,WAS,H,4.0,0.0,1.0,0.0,0.0,0.0,0.0,0.0,1.0,0.0,0.0,0.0,1.0,0.0,,makayla timpson,1,last_good_canonical,401856911.0,4433546.0,F,0.0,1.0,espn,makayla timpson,no_projection_for_player_team_date
2026-05-17,2026,Makayla Timpson,IND,SEA,H,18.0,6.0,6.0,1.0,0.0,1.0,0.0,1.0,7.0,3.0,0.0,0.0,3.0,3.0,,makayla timpson,1,last_good_canonical,401856916.0,4433546.0,F,0.0,1.0,espn,makayla timpson,no_projection_for_player_team_date
2026-05-20,2026,Makayla Timpson,IND,POR,H,20.0,2.0,5.0,0.0,0.0,0.0,0.0,0.0,1.0,1.0,2.0,0.0,2.0,3.0,,makayla timpson,1,last_good_canonical,401856921.0,4433546.0,F,0.0,1.0,espn,makayla timpson,no_projection_for_player_team_date
2026-05-22,2026,Makayla Timpson,IND,GSV,H,12.0,0.0,5.0,0.0,0.0,1.0,0.0,0.0,1.0,0.0,0.0,0.0,2.0,3.0,,makayla timpson,1,last_good_canonical,401856928.0,4433546.0,F,0.0,1.0,espn,makayla timpson,no_projection_for_player_team_date
2026-05-29,2026,Makayla Timpson,IND,GSV,A,15.0,7.0,5.0,2.0,0.0,1.0,1.0,0.0,3.0,3.0,2.0,1.0,2.0,3.0,,makayla timpson,0,last_good_canonical,401856944.0,4433546.0,F,0.0,1.0,espn,makayla timpson,no_projection_for_player_team_date
2026-05-31,2026,Makayla Timpson,IND,POR,A,25.0,11.0,6.0,1.0,0.0,1.0,2.0,1.0,5.0,3.0,5.0,5.0,3.0,3.0,,makayla timpson,0,last_good_canonical,401856951.0,4433546.0,F,0.0,1.0,espn,makayla timpson,no_projection_for_player_team_date
2026-06-04,2026,Makayla Timpson,IND,ATL,H,14.0,0.0,3.0,0.0,0.0,0.0,0.0,1.0,0.0,0.0,0.0,0.0,1.0,2.0,12.0,makayla timpson,1,last_good_canonical,,,,,,,makayla timpson,no_projection_for_player_team_date
2026-06-06,2026,Makayla Timpson,IND,NYL,A,3.0,0.0,0.0,0.0,0.0,0.0,0.0,0.0,0.0,0.0,0.0,0.0,0.0,0.0,-1.0,makayla timpson,0,last_good_canonical,,,,,,,makayla timpson,no_projection_for_player_team_date
2026-06-07,2026,Makayla Timpson,IND,NYL,A,3.0,0.0,0.0,0.0,0.0,0.0,0.0,0.0,0.0,0.0,0.0,0.0,0.0,0.0,,makayla timpson,0,last_good_canonical,401856969.0,4433546.0,F,0.0,1.0,espn,makayla timpson,no_projection_for_player_team_date
2026-06-23,2026,Makayla Timpson,IND,PHX,H,5.0,1.0,2.0,0.0,0.0,1.0,0.0,1.0,0.0,0.0,2.0,1.0,1.0,1.0,,makayla timpson,1,last_good_canonical,401857014.0,4433546.0,F,0.0,1.0,espn,makayla timpson,no_projection_for_player_team_date
2026-06-28,2026,Makayla Timpson,IND,LAS,H,10.0,5.0,2.0,0.0,0.0,1.0,0.0,0.0,0.0,0.0,6.0,5.0,1.0,1.0,,makayla timpson,1,last_good_canonical,401857028.0,4433546.0,F,0.0,1.0,espn,makayla timpson,no_projection_for_player_team_date
2026-05-08,2026,Maria Conde,TOR,WAS,H,15.0,2.0,3.0,0.0,0.0,0.0,0.0,1.0,4.0,0.0,2.0,2.0,2.0,1.0,,maria conde,1,last_good_canonical,401856891.0,3910470.0,F,0.0,1.0,espn,maria conde,no_projection_for_player_team_date
2026-05-13,2026,Maria Conde,TOR,SEA,H,29.0,16.0,8.0,0.0,4.0,1.0,0.0,1.0,13.0,6.0,0.0,0.0,2.0,6.0,,maria conde,1,last_good_canonical,401856904.0,3910470.0,F,0.0,1.0,espn,maria conde,no_projection_for_player_team_date
2026-05-17,2026,Maria Conde,TOR,LAS,A,23.0,5.0,0.0,3.0,1.0,0.0,0.0,1.0,6.0,2.0,0.0,0.0,0.0,0.0,,maria conde,0,last_good_canonical,401856917.0,3910470.0,F,0.0,1.0,espn,maria conde,no_projection_for_player_team_date
2026-05-20,2026,Maria Conde,TOR,PHX,A,33.0,2.0,4.0,2.0,0.0,0.0,1.0,1.0,9.0,1.0,0.0,0.0,1.0,3.0,,maria conde,0,last_good_canonical,401856920.0,3910470.0,F,1.0,1.0,espn,maria conde,no_projection_for_player_team_date
2026-05-22,2026,Maria Conde,TOR,MIN,A,20.0,3.0,1.0,1.0,1.0,0.0,0.0,1.0,6.0,1.0,0.0,0.0,0.0,1.0,,maria conde,0,last_good_canonical,401856925.0,3910470.0,F,1.0,1.0,espn,maria conde,no_projection_for_player_team_date
2026-05-23,2026,Maria Conde,TOR,POR,H,23.0,8.0,5.0,1.0,1.0,0.0,0.0,1.0,9.0,3.0,2.0,1.0,2.0,3.0,,maria conde,1,last_good_canonical,401856931.0,3910470.0,F,0.0,1.0,espn,maria conde,no_projection_for_player_team_date
2026-05-28,2026,Maria Conde,TOR,CHI,A,21.0,12.0,4.0,0.0,3.0,0.0,0.0,1.0,9.0,4.0,1.0,1.0,1.0,3.0,,maria conde,0,last_good_canonical,401856939.0,3910470.0,F,0.0,1.0,espn,maria conde,no_projection_for_player_team_date
2026-05-30,2026,Maria Conde,TOR,SEA,H,23.0,13.0,6.0,2.0,3.0,0.0,0.0,1.0,6.0,3.0,4.0,4.0,0.0,6.0,,maria conde,1,last_good_canonical,401856949.0,3910470.0,F,0.0,1.0,espn,maria conde,no_projection_for_player_team_date
2026-06-03,2026,Maria Conde,TOR,NYL,A,21.0,7.0,6.0,1.0,1.0,0.0,0.0,0.0,5.0,2.0,2.0,2.0,1.0,5.0,-1.0,maria conde,0,last_good_canonical,,,,,,,maria conde,no_projection_for_player_team_date
2026-05-08,2026,Mariella Fasoula,TOR,WAS,H,1.0,0.0,1.0,0.0,0.0,0.0,0.0,0.0,0.0,0.0,0.0,0.0,0.0,1.0,,mariella fasoula,1,last_good_canonical,401856891.0,3904479.0,C,0.0,1.0,espn,mariella fasoula,no_projection_for_player_team_date
2026-05-13,2026,Mariella Fasoula,TOR,SEA,H,0.0,0.0,0.0,0.0,0.0,0.0,0.0,0.0,0.0,0.0,0.0,0.0,0.0,0.0,,mariella fasoula,1,last_good_canonical,401856904.0,3904479.0,C,0.0,0.0,espn,mariella fasoula,no_projection_for_player_team_date
2026-05-17,2026,Mariella Fasoula,TOR,LAS,A,0.0,0.0,0.0,0.0,0.0,0.0,0.0,0.0,0.0,0.0,0.0,0.0,0.0,0.0,,mariella fasoula,0,last_good_canonical,401856917.0,3904479.0,C,0.0,0.0,espn,mariella fasoula,no_projection_for_player_team_date
2026-05-20,2026,Mariella Fasoula,TOR,PHX,A,0.0,0.0,0.0,0.0,0.0,0.0,0.0,0.0,0.0,0.0,0.0,0.0,0.0,0.0,,mariella fasoula,0,last_good_canonical,401856920.0,3904479.0,C,0.0,0.0,espn,mariella fasoula,no_projection_for_player_team_date
2026-05-22,2026,Mariella Fasoula,TOR,MIN,A,11.0,4.0,1.0,1.0,0.0,1.0,2.0,1.0,5.0,2.0,0.0,0.0,1.0,0.0,,mariella fasoula,0,last_good_canonical,401856925.0,3904479.0,C,0.0,1.0,espn,mariella fasoula,no_projection_for_player_team_date
2026-05-23,2026,Mariella Fasoula,TOR,POR,H,3.0,0.0,1.0,0.0,0.0,0.0,0.0,1.0,0.0,0.0,0.0,0.0,0.0,1.0,,mariella fasoula,1,last_good_canonical,401856931.0,3904479.0,C,0.0,1.0,espn,mariella fasoula,no_projection_for_player_team_date
2026-05-20,2026,Marina Mabrey,TOR,PHX,A,32.0,30.0,5.0,3.0,6.0,1.0,1.0,2.0,23.0,11.0,2.0,2.0,0.0,5.0,,marina mabrey,0,last_good_canonical,401856920.0,3904576.0,G,1.0,1.0,espn,marina mabrey,no_projection_for_player_team_date
2026-05-22,2026,Marina Mabrey,TOR,MIN,A,19.0,3.0,2.0,1.0,0.0,2.0,0.0,4.0,9.0,1.0,1.0,1.0,1.0,1.0,,marina mabrey,0,last_good_canonical,401856925.0,3904576.0,G,1.0,1.0,espn,marina mabrey,no_projection_for_player_team_date
2026-05-28,2026,Marina Mabrey,TOR,CHI,A,28.0,24.0,4.0,7.0,3.0,1.0,0.0,2.0,13.0,9.0,4.0,3.0,2.0,2.0,,marina mabrey,0,last_good_canonical,401856939.0,3904576.0,G,1.0,1.0,espn,marina mabrey,no_projection_for_player_team_date
2026-05-10,2026,Marine Fauthoux,NYL,WAS,A,0.0,0.0,0.0,0.0,0.0,0.0,0.0,0.0,0.0,0.0,0.0,0.0,0.0,0.0,,marine fauthoux,0,last_good_canonical,401856897.0,4790260.0,G,0.0,0.0,espn,marine fauthoux,no_projection_for_player_team_date
2026-06-06,2026,Marine Fauthoux,NYL,IND,H,5.0,0.0,2.0,0.0,0.0,0.0,0.0,0.0,2.0,0.0,0.0,0.0,0.0,2.0,-5.0,marine fauthoux,1,last_good_canonical,,,,,,,marine fauthoux,no_projection_for_player_team_date
2026-06-07,2026,Marine Fauthoux,NYL,IND,A,5.0,0.0,2.0,0.0,0.0,0.0,0.0,0.0,2.0,0.0,0.0,0.0,0.0,2.0,,marine fauthoux,0,last_good_canonical,401856969.0,4790260.0,G,0.0,1.0,espn,marine fauthoux,no_projection_for_player_team_date
2026-05-13,2026,Marine Johannes,NYL,POR,A,33.0,18.0,4.0,4.0,3.0,2.0,0.0,2.0,11.0,6.0,3.0,3.0,2.0,2.0,,marine johannes,0,last_good_canonical,401856903.0,4038379.0,G,1.0,1.0,espn,marine johannes,no_projection_for_player_team_date
2026-05-15,2026,Marine Johannes,NYL,POR,A,28.0,3.0,3.0,11.0,1.0,2.0,0.0,1.0,7.0,1.0,0.0,0.0,0.0,3.0,,marine johannes,0,last_good_canonical,401856909.0,4038379.0,G,1.0,1.0,espn,marine johannes,no_projection_for_player_team_date
2026-05-22,2026,Marine Johannes,NYL,GSV,A,26.0,0.0,3.0,1.0,0.0,1.0,0.0,2.0,5.0,0.0,0.0,0.0,1.0,2.0,,marine johannes,0,last_good_canonical,401856924.0,4038379.0,G,1.0,1.0,espn,marine johannes,no_projection_for_player_team_date
2026-06-07,2026,Marine Johannes,NYL,IND,A,25.0,8.0,4.0,0.0,2.0,0.0,0.0,2.0,7.0,3.0,0.0,0.0,0.0,4.0,,marine johannes,0,last_good_canonical,401856969.0,4038379.0,G,1.0,1.0,espn,marine johannes,no_projection_for_player_team_date
2026-06-18,2026,Marine Johannes,NYL,CHI,A,17.0,3.0,1.0,1.0,1.0,2.0,0.0,1.0,5.0,1.0,0.0,0.0,0.0,1.0,,marine johannes,0,last_good_canonical,401856997.0,4038379.0,G,1.0,1.0,espn,marine johannes,no_projection_for_player_team_date
2026-06-22,2026,Marine Johannes,NYL,LAS,A,17.0,10.0,2.0,1.0,2.0,0.0,0.0,1.0,10.0,4.0,0.0,0.0,1.0,1.0,,marine johannes,0,last_good_canonical,401857011.0,4038379.0,G,0.0,1.0,espn,marine johannes,no_projection_for_player_team_date
2026-06-24,2026,Marine Johannes,NYL,LVA,A,18.0,6.0,2.0,3.0,2.0,0.0,0.0,1.0,6.0,2.0,0.0,0.0,0.0,2.0,,marine johannes,0,last_good_canonical,401857016.0,4038379.0,G,0.0,1.0,espn,marine johannes,no_projection_for_player_team_date
2026-06-26,2026,Marine Johannes,NYL,SEA,A,19.0,6.0,1.0,2.0,2.0,0.0,0.0,3.0,7.0,2.0,0.0,0.0,0.0,1.0,,marine johannes,0,last_good_canonical,401857023.0,4038379.0,G,0.0,1.0,espn,marine johannes,no_projection_for_player_team_date
2026-05-22,2026,Marta Suarez,PHX,LAS,H,9.0,6.0,1.0,0.0,2.0,1.0,0.0,0.0,4.0,2.0,0.0,0.0,0.0,1.0,,marta suarez,1,last_good_canonical,401856926.0,4704594.0,F,0.0,1.0,espn,marta suarez,no_projection_for_player_team_date
2026-05-24,2026,Marta Suarez,PHX,ATL,A,10.0,0.0,3.0,0.0,0.0,0.0,0.0,0.0,0.0,0.0,0.0,0.0,0.0,3.0,,marta suarez,0,last_good_canonical,401856933.0,4704594.0,F,0.0,1.0,espn,marta suarez,no_projection_for_player_team_date
2026-05-27,2026,Marta Suarez,PHX,NYL,A,0.0,0.0,0.0,0.0,0.0,0.0,0.0,0.0,0.0,0.0,0.0,0.0,0.0,0.0,,marta suarez,0,last_good_canonical,401856938.0,4704594.0,F,0.0,0.0,espn,marta suarez,no_projection_for_player_team_date
2026-06-06,2026,Marta Suarez,PHX,POR,A,11.0,0.0,0.0,1.0,0.0,0.0,0.0,2.0,1.0,0.0,0.0,0.0,0.0,0.0,,marta suarez,0,last_good_canonical,401856965.0,4704594.0,F,0.0,1.0,espn,marta suarez,no_projection_for_player_team_date
2026-06-14,2026,Marta Suarez,PHX,LAS,H,0.0,0.0,0.0,0.0,0.0,0.0,0.0,0.0,0.0,0.0,0.0,0.0,0.0,0.0,,marta suarez,1,last_good_canonical,401856989.0,4704594.0,F,0.0,0.0,espn,marta suarez,no_projection_for_player_team_date
2026-05-10,2026,Maya Caldwell,MIN,ATL,H,8.0,6.0,2.0,0.0,1.0,0.0,0.0,1.0,2.0,2.0,1.0,1.0,1.0,1.0,,maya caldwell,1,last_good_canonical,401856899.0,4280850.0,G,0.0,1.0,espn,maya caldwell,no_projection_for_player_team_date
2026-05-13,2026,Maya Caldwell,MIN,PHX,A,8.0,0.0,2.0,0.0,0.0,0.0,0.0,0.0,0.0,0.0,0.0,0.0,0.0,2.0,,maya caldwell,0,last_good_canonical,401856902.0,4280850.0,G,0.0,1.0,espn,maya caldwell,no_projection_for_player_team_date
2026-05-15,2026,Maya Caldwell,MIN,DAL,A,11.0,0.0,0.0,3.0,0.0,2.0,0.0,1.0,4.0,0.0,0.0,0.0,0.0,0.0,,maya caldwell,0,last_good_canonical,401856908.0,4280850.0,G,0.0,1.0,espn,maya caldwell,no_projection_for_player_team_date
2026-05-17,2026,Maya Caldwell,MIN,CHI,H,16.0,5.0,2.0,2.0,1.0,0.0,1.0,0.0,4.0,2.0,0.0,0.0,0.0,2.0,,maya caldwell,1,last_good_canonical,401856914.0,4280850.0,G,0.0,1.0,espn,maya caldwell,no_projection_for_player_team_date
2026-05-22,2026,Maya Caldwell,MIN,TOR,H,22.0,16.0,3.0,3.0,4.0,1.0,1.0,0.0,12.0,6.0,0.0,0.0,2.0,1.0,,maya caldwell,1,last_good_canonical,401856925.0,4280850.0,G,0.0,1.0,espn,maya caldwell,no_projection_for_player_team_date
2026-05-23,2026,Maya Caldwell,MIN,CHI,A,13.0,2.0,3.0,2.0,0.0,0.0,0.0,1.0,2.0,0.0,2.0,2.0,1.0,2.0,,maya caldwell,0,last_good_canonical,401856930.0,4280850.0,G,0.0,1.0,espn,maya caldwell,no_projection_for_player_team_date
2026-05-28,2026,Maya Caldwell,MIN,ATL,H,14.0,2.0,0.0,1.0,0.0,1.0,0.0,1.0,3.0,1.0,0.0,0.0,0.0,0.0,,maya caldwell,1,last_good_canonical,401856940.0,4280850.0,G,0.0,1.0,espn,maya caldwell,no_projection_for_player_team_date
2026-05-29,2026,Maya Caldwell,MIN,CHI,A,17.0,5.0,4.0,0.0,1.0,1.0,1.0,0.0,6.0,1.0,2.0,2.0,0.0,4.0,,maya caldwell,0,last_good_canonical,401856947.0,4280850.0,G,0.0,1.0,espn,maya caldwell,no_projection_for_player_team_date
2026-06-02,2026,Maya Caldwell,MIN,PHX,A,18.0,5.0,2.0,0.0,1.0,0.0,1.0,1.0,5.0,2.0,0.0,0.0,0.0,2.0,,maya caldwell,0,last_good_canonical,401856954.0,4280850.0,G,0.0,1.0,espn,maya caldwell,no_projection_for_player_team_date
2026-06-04,2026,Maya Caldwell,MIN,GSV,H,12.0,5.0,2.0,1.0,1.0,1.0,1.0,1.0,2.0,1.0,2.0,2.0,1.0,1.0,3.0,maya caldwell,1,last_good_canonical,,,,,,,maya caldwell,no_projection_for_player_team_date
2026-06-06,2026,Maya Caldwell,MIN,SEA,H,22.0,6.0,3.0,1.0,2.0,0.0,0.0,3.0,8.0,2.0,0.0,0.0,2.0,1.0,8.0,maya caldwell,1,last_good_canonical,,,,,,,maya caldwell,no_projection_for_player_team_date
2026-06-10,2026,Maya Caldwell,MIN,DAL,H,15.0,3.0,2.0,0.0,0.0,0.0,0.0,0.0,5.0,1.0,2.0,1.0,0.0,2.0,,maya caldwell,1,last_good_canonical,401856976.0,4280850.0,G,0.0,1.0,espn,maya caldwell,no_projection_for_player_team_date
2026-06-14,2026,Maya Caldwell,MIN,LVA,A,6.0,0.0,0.0,0.0,0.0,0.0,0.0,0.0,2.0,0.0,0.0,0.0,0.0,0.0,,maya caldwell,0,last_good_canonical,401856987.0,4280850.0,G,0.0,1.0,espn,maya caldwell,no_projection_for_player_team_date
2026-06-16,2026,Maya Caldwell,MIN,POR,H,15.0,11.0,4.0,1.0,1.0,1.0,0.0,0.0,6.0,4.0,2.0,2.0,3.0,1.0,,maya caldwell,1,last_good_canonical,401856993.0,4280850.0,G,0.0,1.0,espn,maya caldwell,no_projection_for_player_team_date
2026-06-18,2026,Maya Caldwell,MIN,LAS,A,25.0,7.0,7.0,3.0,1.0,2.0,1.0,3.0,7.0,2.0,2.0,2.0,2.0,5.0,,maya caldwell,0,last_good_canonical,401856999.0,4280850.0,G,0.0,1.0,espn,maya caldwell,no_projection_for_player_team_date
2026-06-20,2026,Maya Caldwell,MIN,GSV,A,11.0,0.0,2.0,0.0,0.0,0.0,0.0,1.0,4.0,0.0,0.0,0.0,0.0,2.0,,maya caldwell,0,last_good_canonical,401857005.0,4280850.0,G,0.0,1.0,espn,maya caldwell,no_projection_for_player_team_date
2026-05-10,2026,Megan Gustafson,POR,CHI,H,14.0,10.0,1.0,1.0,2.0,0.0,0.0,1.0,6.0,4.0,2.0,0.0,0.0,1.0,,megan gustafson,1,last_good_canonical,401856895.0,3934218.0,C,0.0,1.0,espn,megan gustafson,no_projection_for_player_team_date
2026-05-13,2026,Megan Gustafson,POR,NYL,H,15.0,6.0,1.0,0.0,0.0,0.0,0.0,1.0,4.0,2.0,2.0,2.0,1.0,0.0,,megan gustafson,1,last_good_canonical,401856903.0,3934218.0,C,0.0,1.0,espn,megan gustafson,no_projection_for_player_team_date
2026-05-15,2026,Megan Gustafson,POR,NYL,H,14.0,14.0,3.0,0.0,0.0,0.0,0.0,1.0,6.0,5.0,4.0,4.0,1.0,2.0,,megan gustafson,1,last_good_canonical,401856909.0,3934218.0,C,0.0,1.0,espn,megan gustafson,no_projection_for_player_team_date
2026-05-19,2026,Megan Gustafson,POR,CON,H,8.0,3.0,2.0,1.0,0.0,0.0,0.0,0.0,2.0,1.0,1.0,1.0,0.0,2.0,,megan gustafson,1,last_good_canonical,401856919.0,3934218.0,C,0.0,1.0,espn,megan gustafson,no_projection_for_player_team_date
2026-05-20,2026,Megan Gustafson,POR,IND,A,18.0,4.0,6.0,0.0,0.0,1.0,2.0,0.0,5.0,2.0,0.0,0.0,1.0,5.0,,megan gustafson,0,last_good_canonical,401856921.0,3934218.0,C,0.0,1.0,espn,megan gustafson,no_projection_for_player_team_date
2026-05-28,2026,Megan Gustafson,POR,CON,H,18.0,10.0,4.0,2.0,1.0,0.0,0.0,0.0,6.0,3.0,4.0,3.0,1.0,3.0,,megan gustafson,1,last_good_canonical,401856941.0,3934218.0,C,0.0,1.0,espn,megan gustafson,no_projection_for_player_team_date
2026-05-30,2026,Megan Gustafson,POR,ATL,H,18.0,10.0,5.0,1.0,2.0,0.0,1.0,1.0,9.0,4.0,0.0,0.0,1.0,4.0,,megan gustafson,1,last_good_canonical,401856948.0,3934218.0,C,0.0,1.0,espn,megan gustafson,no_projection_for_player_team_date
2026-05-31,2026,Megan Gustafson,POR,IND,H,28.0,22.0,1.0,0.0,1.0,0.0,1.0,0.0,8.0,8.0,6.0,5.0,0.0,1.0,,megan gustafson,1,last_good_canonical,401856951.0,3934218.0,C,1.0,1.0,espn,megan gustafson,no_projection_for_player_team_date
2026-06-03,2026,Megan Gustafson,POR,GSV,A,24.0,13.0,8.0,2.0,0.0,0.0,0.0,2.0,12.0,6.0,1.0,1.0,1.0,7.0,,megan gustafson,0,last_good_canonical,401856957.0,3934218.0,C,1.0,1.0,espn,megan gustafson,no_projection_for_player_team_date
2026-06-06,2026,Megan Gustafson,POR,PHX,H,22.0,7.0,2.0,0.0,1.0,0.0,0.0,1.0,5.0,3.0,0.0,0.0,0.0,2.0,,megan gustafson,1,last_good_canonical,401856965.0,3934218.0,C,1.0,1.0,espn,megan gustafson,no_projection_for_player_team_date
2026-06-12,2026,Megan Gustafson,POR,LVA,H,28.0,17.0,2.0,0.0,2.0,0.0,0.0,0.0,13.0,7.0,1.0,1.0,0.0,2.0,,megan gustafson,1,last_good_canonical,401856983.0,3934218.0,C,1.0,1.0,espn,megan gustafson,no_projection_for_player_team_date
2026-06-14,2026,Megan Gustafson,POR,DAL,H,26.0,16.0,6.0,4.0,0.0,0.0,2.0,0.0,11.0,7.0,2.0,2.0,0.0,6.0,,megan gustafson,1,last_good_canonical,401856988.0,3934218.0,C,1.0,1.0,espn,megan gustafson,no_projection_for_player_team_date
2026-06-16,2026,Megan Gustafson,POR,MIN,A,17.0,9.0,3.0,0.0,1.0,1.0,0.0,0.0,10.0,4.0,0.0,0.0,1.0,2.0,,megan gustafson,0,last_good_canonical,401856993.0,3934218.0,C,1.0,1.0,espn,megan gustafson,no_projection_for_player_team_date
2026-06-18,2026,Megan Gustafson,POR,SEA,H,28.0,8.0,4.0,0.0,2.0,0.0,2.0,2.0,10.0,3.0,0.0,0.0,3.0,1.0,,megan gustafson,1,last_good_canonical,401857001.0,3934218.0,C,1.0,1.0,espn,megan gustafson,no_projection_for_player_team_date
2026-06-25,2026,Megan Gustafson,POR,CHI,A,23.0,17.0,2.0,1.0,2.0,2.0,0.0,0.0,12.0,6.0,3.0,3.0,1.0,1.0,,megan gustafson,0,last_good_canonical,401857019.0,3934218.0,C,1.0,1.0,espn,megan gustafson,no_projection_for_player_team_date
2025-07-05,2025,Mercedes Russell,LAS,IND,A,8.0,5.0,1.0,1.0,0.0,0.0,0.0,0.0,2.0,2.0,4.0,1.0,1.0,0.0,,mercedes russell,0,last_good_canonical,401736225.0,3056672.0,C,0.0,1.0,espn,mercedes russell,no_projection_for_player_team_date
2026-05-10,2026,Michaela Onyenwere,WAS,NYL,A,0.0,0.0,0.0,0.0,0.0,0.0,0.0,0.0,0.0,0.0,0.0,0.0,0.0,0.0,,michaela onyenwere,0,last_good_canonical,401856897.0,4282173.0,F,0.0,0.0,espn,michaela onyenwere,no_projection_for_player_team_date
2026-05-15,2026,Michaela Onyenwere,WAS,IND,A,0.0,0.0,0.0,0.0,0.0,0.0,0.0,0.0,0.0,0.0,0.0,0.0,0.0,0.0,,michaela onyenwere,0,last_good_canonical,401856911.0,4282173.0,F,0.0,0.0,espn,michaela onyenwere,no_projection_for_player_team_date
2026-05-24,2026,Michaela Onyenwere,WAS,SEA,A,17.0,6.0,0.0,0.0,0.0,1.0,0.0,2.0,3.0,1.0,4.0,4.0,0.0,0.0,,michaela onyenwere,0,last_good_canonical,401856935.0,4282173.0,F,1.0,1.0,espn,michaela onyenwere,no_projection_for_player_team_date
2026-05-28,2026,Michaela Onyenwere,WAS,SEA,A,22.0,14.0,2.0,2.0,3.0,0.0,0.0,2.0,10.0,5.0,2.0,1.0,2.0,0.0,,michaela onyenwere,0,last_good_canonical,401856942.0,4282173.0,F,1.0,1.0,espn,michaela onyenwere,no_projection_for_player_team_date
2026-05-29,2026,Michaela Onyenwere,WAS,LAS,A,24.0,4.0,3.0,3.0,1.0,0.0,0.0,2.0,5.0,1.0,4.0,1.0,3.0,0.0,,michaela onyenwere,0,last_good_canonical,401856946.0,4282173.0,F,1.0,1.0,espn,michaela onyenwere,no_projection_for_player_team_date
2026-05-09,2026,Miela Sowah,GSV,SEA,A,3.0,0.0,0.0,0.0,0.0,0.0,0.0,0.0,1.0,0.0,0.0,0.0,0.0,0.0,,miela sowah,0,last_good_canonical,401856892.0,4398577.0,G,0.0,1.0,espn,miela sowah,no_projection_for_player_team_date
2026-05-14,2026,Miela Sowah,GSV,CHI,A,0.0,0.0,0.0,0.0,0.0,0.0,0.0,0.0,0.0,0.0,0.0,0.0,0.0,0.0,,miela sowah,0,last_good_canonical,401856906.0,4398577.0,G,0.0,0.0,espn,miela sowah,no_projection_for_player_team_date
2026-05-22,2026,Miela Sowah,GSV,NYL,A,3.0,0.0,0.0,0.0,0.0,0.0,0.0,0.0,1.0,0.0,0.0,0.0,0.0,0.0,,miela sowah,0,last_good_canonical,401856924.0,4398577.0,G,0.0,1.0,espn,miela sowah,no_projection_for_player_team_date
2026-05-24,2026,Monique Akoa Makani,PHX,ATL,A,0.0,0.0,0.0,0.0,0.0,0.0,0.0,0.0,0.0,0.0,0.0,0.0,0.0,0.0,,monique akoa makani,0,last_good_canonical,401856933.0,5274110.0,G,0.0,0.0,espn,monique akoa makani,no_projection_for_player_team_date
2026-05-27,2026,Monique Akoa Makani,PHX,NYL,A,19.0,9.0,2.0,4.0,2.0,2.0,0.0,3.0,5.0,2.0,4.0,3.0,0.0,2.0,,monique akoa makani,0,last_good_canonical,401856938.0,5274110.0,G,1.0,1.0,espn,monique akoa makani,no_projection_for_player_team_date
2026-05-29,2026,Monique Akoa Makani,PHX,NYL,A,29.0,13.0,3.0,3.0,3.0,1.0,0.0,0.0,8.0,5.0,0.0,0.0,0.0,3.0,,monique akoa makani,0,last_good_canonical,401856945.0,5274110.0,G,1.0,1.0,espn,monique akoa makani,no_projection_for_player_team_date
2026-06-02,2026,Monique Akoa Makani,PHX,MIN,H,24.0,10.0,0.0,5.0,0.0,2.0,0.0,3.0,6.0,1.0,8.0,8.0,0.0,0.0,,monique akoa makani,1,last_good_canonical,401856954.0,5274110.0,G,1.0,1.0,espn,monique akoa makani,no_projection_for_player_team_date
2026-06-04,2026,Monique Akoa Makani,PHX,SEA,A,28.0,12.0,6.0,2.0,1.0,2.0,0.0,3.0,8.0,3.0,7.0,5.0,1.0,5.0,,monique akoa makani,0,last_good_canonical,401856960.0,5274110.0,G,1.0,1.0,espn,monique akoa makani,no_projection_for_player_team_date
2026-06-06,2026,Monique Akoa Makani,PHX,POR,A,31.0,11.0,4.0,2.0,1.0,3.0,1.0,2.0,8.0,4.0,2.0,2.0,0.0,4.0,,monique akoa makani,0,last_good_canonical,401856965.0,5274110.0,G,1.0,1.0,espn,monique akoa makani,no_projection_for_player_team_date
2026-06-10,2026,Monique Akoa Makani,PHX,GSV,A,32.0,19.0,3.0,3.0,3.0,1.0,0.0,0.0,11.0,7.0,2.0,2.0,0.0,3.0,,monique akoa makani,0,last_good_canonical,401856977.0,5274110.0,G,1.0,1.0,espn,monique akoa makani,no_projection_for_player_team_date
2026-06-12,2026,Monique Akoa Makani,PHX,DAL,A,24.0,6.0,0.0,1.0,0.0,1.0,1.0,2.0,5.0,1.0,4.0,4.0,0.0,0.0,,monique akoa makani,0,last_good_canonical,401856982.0,5274110.0,G,1.0,1.0,espn,monique akoa makani,no_projection_for_player_team_date
2026-06-14,2026,Monique Akoa Makani,PHX,LAS,H,24.0,9.0,2.0,5.0,1.0,1.0,0.0,1.0,5.0,3.0,4.0,2.0,0.0,2.0,,monique akoa makani,1,last_good_canonical,401856989.0,5274110.0,G,1.0,1.0,espn,monique akoa makani,no_projection_for_player_team_date
2026-06-18,2026,Monique Akoa Makani,PHX,LVA,H,20.0,4.0,3.0,1.0,0.0,1.0,0.0,3.0,3.0,1.0,2.0,2.0,0.0,3.0,,monique akoa makani,1,last_good_canonical,401857000.0,5274110.0,G,1.0,1.0,espn,monique akoa makani,no_projection_for_player_team_date
2026-06-23,2026,Monique Akoa Makani,PHX,IND,A,0.0,0.0,0.0,0.0,0.0,0.0,0.0,0.0,0.0,0.0,0.0,0.0,0.0,0.0,,monique akoa makani,0,last_good_canonical,401857014.0,5274110.0,G,0.0,0.0,espn,monique akoa makani,no_projection_for_player_team_date
2026-05-14,2026,Monique Billings,IND,LAS,A,27.0,9.0,8.0,2.0,1.0,1.0,0.0,3.0,4.0,2.0,6.0,4.0,2.0,6.0,,monique billings,0,last_good_canonical,401856907.0,3142255.0,F,1.0,1.0,espn,monique billings,no_projection_for_player_team_date
2026-05-29,2026,Monique Billings,IND,GSV,A,19.0,4.0,5.0,2.0,0.0,0.0,1.0,0.0,2.0,1.0,2.0,2.0,2.0,3.0,,monique billings,0,last_good_canonical,401856944.0,3142255.0,F,1.0,1.0,espn,monique billings,no_projection_for_player_team_date
2026-05-31,2026,Monique Billings,IND,POR,A,8.0,0.0,1.0,0.0,0.0,0.0,1.0,1.0,0.0,0.0,0.0,0.0,1.0,0.0,,monique billings,0,last_good_canonical,401856951.0,3142255.0,F,1.0,1.0,espn,monique billings,no_projection_for_player_team_date
2026-06-04,2026,Monique Billings,IND,ATL,H,13.0,0.0,5.0,0.0,0.0,0.0,1.0,0.0,2.0,0.0,0.0,0.0,2.0,3.0,-5.0,monique billings,1,last_good_canonical,,,,,,,monique billings,no_projection_for_player_team_date
2026-06-07,2026,Monique Billings,IND,NYL,A,35.0,15.0,8.0,1.0,1.0,0.0,1.0,1.0,7.0,6.0,6.0,2.0,3.0,5.0,,monique billings,0,last_good_canonical,401856969.0,3142255.0,F,1.0,1.0,espn,monique billings,no_projection_for_player_team_date
2026-06-23,2026,Monique Billings,IND,PHX,H,28.0,14.0,10.0,1.0,0.0,1.0,1.0,3.0,4.0,4.0,9.0,6.0,6.0,4.0,,monique billings,1,last_good_canonical,401857014.0,3142255.0,F,1.0,1.0,espn,monique billings,no_projection_for_player_team_date
2026-06-28,2026,Monique Billings,IND,LAS,H,22.0,15.0,6.0,2.0,0.0,2.0,0.0,0.0,10.0,6.0,5.0,3.0,3.0,3.0,,monique billings,1,last_good_canonical,401857028.0,3142255.0,F,1.0,1.0,espn,monique billings,no_projection_for_player_team_date
2026-05-09,2026,Myisha Hines-Allen,IND,DAL,H,21.0,6.0,6.0,2.0,0.0,0.0,0.0,2.0,7.0,3.0,0.0,0.0,1.0,5.0,,myisha hines-allen,1,last_good_canonical,401856893.0,3142055.0,F,1.0,1.0,espn,myisha hines-allen,no_projection_for_player_team_date
2026-05-14,2026,Myisha Hines-Allen,IND,LAS,A,11.0,2.0,2.0,3.0,0.0,1.0,0.0,0.0,1.0,1.0,0.0,0.0,1.0,1.0,,myisha hines-allen,0,last_good_canonical,401856907.0,3142055.0,F,0.0,1.0,espn,myisha hines-allen,no_projection_for_player_team_date
2026-05-15,2026,Myisha Hines-Allen,IND,WAS,H,21.0,6.0,2.0,5.0,0.0,2.0,1.0,2.0,4.0,2.0,2.0,2.0,0.0,2.0,,myisha hines-allen,1,last_good_canonical,401856911.0,3142055.0,F,0.0,1.0,espn,myisha hines-allen,no_projection_for_player_team_date
2026-05-17,2026,Myisha Hines-Allen,IND,SEA,H,27.0,8.0,6.0,4.0,0.0,1.0,0.0,1.0,3.0,3.0,2.0,2.0,2.0,4.0,,myisha hines-allen,1,last_good_canonical,401856916.0,3142055.0,F,1.0,1.0,espn,myisha hines-allen,no_projection_for_player_team_date
2026-05-22,2026,Myisha Hines-Allen,IND,GSV,H,13.0,2.0,2.0,2.0,0.0,1.0,1.0,3.0,2.0,0.0,2.0,2.0,0.0,2.0,,myisha hines-allen,1,last_good_canonical,401856928.0,3142055.0,F,0.0,1.0,espn,myisha hines-allen,no_projection_for_player_team_date
2026-05-29,2026,Myisha Hines-Allen,IND,GSV,A,16.0,2.0,1.0,1.0,0.0,0.0,1.0,0.0,4.0,1.0,0.0,0.0,0.0,1.0,,myisha hines-allen,0,last_good_canonical,401856944.0,3142055.0,F,0.0,1.0,espn,myisha hines-allen,no_projection_for_player_team_date
2026-05-31,2026,Myisha Hines-Allen,IND,POR,A,18.0,7.0,2.0,2.0,1.0,0.0,0.0,5.0,5.0,3.0,0.0,0.0,0.0,2.0,,myisha hines-allen,0,last_good_canonical,401856951.0,3142055.0,F,0.0,1.0,espn,myisha hines-allen,no_projection_for_player_team_date
2026-06-04,2026,Myisha Hines-Allen,IND,ATL,H,16.0,5.0,7.0,1.0,0.0,2.0,1.0,2.0,6.0,2.0,2.0,1.0,2.0,5.0,10.0,myisha hines-allen,1,last_good_canonical,,,,,,,myisha hines-allen,no_projection_for_player_team_date
2026-06-07,2026,Myisha Hines-Allen,IND,NYL,A,13.0,3.0,1.0,0.0,1.0,1.0,0.0,0.0,4.0,1.0,0.0,0.0,0.0,1.0,,myisha hines-allen,0,last_good_canonical,401856969.0,3142055.0,F,0.0,1.0,espn,myisha hines-allen,no_projection_for_player_team_date
2026-06-23,2026,Myisha Hines-Allen,IND,PHX,H,14.0,3.0,1.0,1.0,1.0,0.0,0.0,1.0,1.0,1.0,0.0,0.0,0.0,1.0,,myisha hines-allen,1,last_good_canonical,401857014.0,3142055.0,F,0.0,1.0,espn,myisha hines-allen,no_projection_for_player_team_date
2026-06-28,2026,Myisha Hines-Allen,IND,LAS,H,9.0,7.0,3.0,3.0,0.0,1.0,1.0,1.0,6.0,3.0,2.0,1.0,1.0,2.0,,myisha hines-allen,1,last_good_canonical,401857028.0,3142055.0,F,0.0,1.0,espn,myisha hines-allen,no_projection_for_player_team_date
2026-06-09,2026,Nadia Fingall,GSV,PHX,H,,,,,,,,,,,,,,,,nadia fingall,1,last_good_canonical,,,,,,,nadia fingall,no_projection_for_player_team_date
2026-06-10,2026,Nadia Fingall,GSV,PHX,A,0.0,0.0,0.0,0.0,0.0,0.0,0.0,0.0,0.0,0.0,0.0,0.0,0.0,0.0,,nadia fingall,0,last_good_canonical,401856977.0,4066546.0,C,0.0,0.0,espn,nadia fingall,no_projection_for_player_team_date
2026-06-13,2026,Nadia Fingall,GSV,SEA,A,0.0,0.0,0.0,0.0,0.0,0.0,0.0,0.0,0.0,0.0,0.0,0.0,0.0,0.0,,nadia fingall,0,last_good_canonical,401856985.0,4066546.0,C,0.0,0.0,espn,nadia fingall,no_projection_for_player_team_date
2026-06-16,2026,Nadia Fingall,GSV,LAS,A,0.0,0.0,0.0,0.0,0.0,0.0,0.0,0.0,0.0,0.0,0.0,0.0,0.0,0.0,,nadia fingall,0,last_good_canonical,401856994.0,4066546.0,C,0.0,0.0,espn,nadia fingall,no_projection_for_player_team_date
2026-06-18,2026,Nadia Fingall,GSV,DAL,A,0.0,0.0,0.0,0.0,0.0,0.0,0.0,0.0,0.0,0.0,0.0,0.0,0.0,0.0,,nadia fingall,0,last_good_canonical,401856998.0,4066546.0,C,0.0,0.0,espn,nadia fingall,no_projection_for_player_team_date
2026-06-20,2026,Nadia Fingall,GSV,MIN,A,0.0,0.0,0.0,0.0,0.0,0.0,0.0,0.0,0.0,0.0,0.0,0.0,0.0,0.0,,nadia fingall,0,last_good_canonical,401857005.0,4066546.0,C,0.0,0.0,espn,nadia fingall,no_projection_for_player_team_date
2026-06-25,2026,Nadia Fingall,GSV,ATL,A,0.0,0.0,0.0,0.0,0.0,0.0,0.0,0.0,0.0,0.0,0.0,0.0,0.0,0.0,,nadia fingall,0,last_good_canonical,401857020.0,4066546.0,C,0.0,0.0,espn,nadia fingall,no_projection_for_player_team_date
2026-06-27,2026,Nadia Fingall,GSV,ATL,A,0.0,0.0,0.0,0.0,0.0,0.0,0.0,0.0,0.0,0.0,0.0,0.0,0.0,0.0,,nadia fingall,0,last_good_canonical,401857026.0,4066546.0,C,0.0,0.0,espn,nadia fingall,no_projection_for_player_team_date
2026-05-09,2026,NaLyssa Smith,LVA,PHX,A,21.0,11.0,6.0,1.0,0.0,0.0,2.0,0.0,7.0,4.0,6.0,3.0,2.0,4.0,,nalyssa smith,0,last_good_canonical,401856894.0,4398776.0,F,1.0,1.0,espn,nalyssa smith,no_projection_for_player_team_date
2026-05-14,2026,NaLyssa Smith,LVA,CON,A,18.0,6.0,5.0,2.0,0.0,2.0,0.0,2.0,4.0,2.0,4.0,2.0,2.0,3.0,,nalyssa smith,0,last_good_canonical,401856905.0,4398776.0,F,1.0,1.0,espn,nalyssa smith,no_projection_for_player_team_date
2026-05-24,2026,NaLyssa Smith,LVA,LAS,A,28.0,22.0,9.0,1.0,1.0,2.0,1.0,1.0,12.0,8.0,7.0,5.0,6.0,3.0,,nalyssa smith,0,last_good_canonical,401856932.0,4398776.0,F,1.0,1.0,espn,nalyssa smith,no_projection_for_player_team_date
2026-05-29,2026,NaLyssa Smith,LVA,DAL,A,27.0,9.0,12.0,0.0,0.0,0.0,1.0,1.0,5.0,4.0,4.0,1.0,4.0,8.0,,nalyssa smith,0,last_good_canonical,401856943.0,4398776.0,F,1.0,1.0,espn,nalyssa smith,no_projection_for_player_team_date
2026-05-31,2026,NaLyssa Smith,LVA,GSV,A,25.0,15.0,9.0,1.0,0.0,0.0,0.0,2.0,9.0,7.0,2.0,1.0,2.0,7.0,,nalyssa smith,0,last_good_canonical,401856952.0,4398776.0,F,1.0,1.0,espn,nalyssa smith,no_projection_for_player_team_date
2026-06-03,2026,NaLyssa Smith,LVA,LAS,A,21.0,7.0,4.0,0.0,0.0,0.0,1.0,2.0,5.0,3.0,4.0,1.0,2.0,2.0,,nalyssa smith,0,last_good_canonical,401856958.0,4398776.0,F,1.0,1.0,espn,nalyssa smith,no_projection_for_player_team_date
2026-06-06,2026,NaLyssa Smith,LVA,GSV,H,29.0,6.0,6.0,1.0,0.0,0.0,0.0,1.0,6.0,2.0,6.0,2.0,2.0,4.0,17.0,nalyssa smith,1,last_good_canonical,,,,,,,nalyssa smith,no_projection_for_player_team_date
2026-06-09,2026,NaLyssa Smith,LVA,SEA,A,26.0,16.0,9.0,0.0,0.0,0.0,0.0,1.0,6.0,6.0,5.0,4.0,0.0,9.0,,nalyssa smith,0,last_good_canonical,401856974.0,4398776.0,F,1.0,1.0,espn,nalyssa smith,no_projection_for_player_team_date
2026-06-12,2026,NaLyssa Smith,LVA,POR,A,25.0,12.0,10.0,3.0,0.0,0.0,0.0,2.0,8.0,4.0,6.0,4.0,2.0,8.0,,nalyssa smith,0,last_good_canonical,401856983.0,4398776.0,F,1.0,1.0,espn,nalyssa smith,no_projection_for_player_team_date
2026-06-14,2026,NaLyssa Smith,LVA,MIN,A,27.0,15.0,6.0,0.0,0.0,1.0,0.0,1.0,9.0,7.0,2.0,1.0,2.0,4.0,,nalyssa smith,0,last_good_canonical,401856987.0,4398776.0,F,1.0,1.0,espn,nalyssa smith,no_projection_for_player_team_date
2026-06-16,2026,NaLyssa Smith,LVA,DAL,A,23.0,9.0,6.0,0.0,0.0,0.0,0.0,0.0,7.0,4.0,2.0,1.0,1.0,5.0,,nalyssa smith,0,last_good_canonical,401856992.0,4398776.0,F,1.0,1.0,espn,nalyssa smith,no_projection_for_player_team_date
2026-06-18,2026,NaLyssa Smith,LVA,PHX,A,31.0,21.0,5.0,2.0,0.0,1.0,0.0,0.0,10.0,8.0,8.0,5.0,2.0,3.0,,nalyssa smith,0,last_good_canonical,401857000.0,4398776.0,F,1.0,1.0,espn,nalyssa smith,no_projection_for_player_team_date
2026-06-24,2026,NaLyssa Smith,LVA,NYL,A,23.0,7.0,1.0,0.0,0.0,1.0,2.0,0.0,6.0,3.0,2.0,1.0,0.0,1.0,,nalyssa smith,0,last_good_canonical,401857016.0,4398776.0,F,1.0,1.0,espn,nalyssa smith,no_projection_for_player_team_date
2026-06-26,2026,NaLyssa Smith,LVA,DAL,A,30.0,4.0,11.0,0.0,0.0,1.0,1.0,1.0,4.0,1.0,4.0,2.0,2.0,9.0,,nalyssa smith,0,last_good_canonical,401857022.0,4398776.0,F,1.0,1.0,espn,nalyssa smith,no_projection_for_player_team_date
2026-05-10,2026,Napheesa Collier,MIN,ATL,H,0.0,0.0,0.0,0.0,0.0,0.0,0.0,0.0,0.0,0.0,0.0,0.0,0.0,0.0,,napheesa collier,1,last_good_canonical,401856899.0,3917450.0,F,0.0,0.0,espn,napheesa collier,no_projection_for_player_team_date
2026-05-13,2026,Napheesa Collier,MIN,PHX,A,0.0,0.0,0.0,0.0,0.0,0.0,0.0,0.0,0.0,0.0,0.0,0.0,0.0,0.0,,napheesa collier,0,last_good_canonical,401856902.0,3917450.0,F,0.0,0.0,espn,napheesa collier,no_projection_for_player_team_date
2026-05-17,2026,Napheesa Collier,MIN,CHI,H,0.0,0.0,0.0,0.0,0.0,0.0,0.0,0.0,0.0,0.0,0.0,0.0,0.0,0.0,,napheesa collier,1,last_good_canonical,401856914.0,3917450.0,F,0.0,0.0,espn,napheesa collier,no_projection_for_player_team_date
2026-05-22,2026,Napheesa Collier,MIN,TOR,H,0.0,0.0,0.0,0.0,0.0,0.0,0.0,0.0,0.0,0.0,0.0,0.0,0.0,0.0,,napheesa collier,1,last_good_canonical,401856925.0,3917450.0,F,0.0,0.0,espn,napheesa collier,no_projection_for_player_team_date
2026-05-23,2026,Napheesa Collier,MIN,CHI,A,0.0,0.0,0.0,0.0,0.0,0.0,0.0,0.0,0.0,0.0,0.0,0.0,0.0,0.0,,napheesa collier,0,last_good_canonical,401856930.0,3917450.0,F,0.0,0.0,espn,napheesa collier,no_projection_for_player_team_date
2026-05-28,2026,Napheesa Collier,MIN,ATL,H,0.0,0.0,0.0,0.0,0.0,0.0,0.0,0.0,0.0,0.0,0.0,0.0,0.0,0.0,,napheesa collier,1,last_good_canonical,401856940.0,3917450.0,F,0.0,0.0,espn,napheesa collier,no_projection_for_player_team_date
2026-05-29,2026,Napheesa Collier,MIN,CHI,A,0.0,0.0,0.0,0.0,0.0,0.0,0.0,0.0,0.0,0.0,0.0,0.0,0.0,0.0,,napheesa collier,0,last_good_canonical,401856947.0,3917450.0,F,0.0,0.0,espn,napheesa collier,no_projection_for_player_team_date
2026-06-02,2026,Napheesa Collier,MIN,PHX,A,0.0,0.0,0.0,0.0,0.0,0.0,0.0,0.0,0.0,0.0,0.0,0.0,0.0,0.0,,napheesa collier,0,last_good_canonical,401856954.0,3917450.0,F,0.0,0.0,espn,napheesa collier,no_projection_for_player_team_date
2026-06-04,2026,Napheesa Collier,MIN,GSV,H,,,,,,,,,,,,,,,,napheesa collier,1,last_good_canonical,,,,,,,napheesa collier,no_projection_for_player_team_date
2026-06-06,2026,Napheesa Collier,MIN,SEA,H,,,,,,,,,,,,,,,,napheesa collier,1,last_good_canonical,,,,,,,napheesa collier,no_projection_for_player_team_date
2026-06-10,2026,Napheesa Collier,MIN,DAL,H,0.0,0.0,0.0,0.0,0.0,0.0,0.0,0.0,0.0,0.0,0.0,0.0,0.0,0.0,,napheesa collier,1,last_good_canonical,401856976.0,3917450.0,F,0.0,0.0,espn,napheesa collier,no_projection_for_player_team_date
2026-06-16,2026,Napheesa Collier,MIN,POR,H,0.0,0.0,0.0,0.0,0.0,0.0,0.0,0.0,0.0,0.0,0.0,0.0,0.0,0.0,,napheesa collier,1,last_good_canonical,401856993.0,3917450.0,F,0.0,0.0,espn,napheesa collier,no_projection_for_player_team_date
2026-05-14,2026,Natasha Cloud,CHI,GSV,A,18.0,7.0,4.0,0.0,1.0,0.0,0.0,3.0,7.0,3.0,0.0,0.0,1.0,3.0,,natasha cloud,0,last_good_canonical,401856906.0,2529137.0,G,0.0,1.0,espn,natasha cloud,no_projection_for_player_team_date
2026-05-17,2026,Natasha Cloud,CHI,MIN,A,32.0,11.0,6.0,7.0,1.0,0.0,0.0,4.0,9.0,5.0,2.0,0.0,0.0,6.0,,natasha cloud,0,last_good_canonical,401856914.0,2529137.0,G,1.0,1.0,espn,natasha cloud,no_projection_for_player_team_date
2026-05-21,2026,Natasha Cloud,CHI,DAL,H,35.0,21.0,8.0,5.0,1.0,1.0,1.0,4.0,12.0,6.0,8.0,8.0,0.0,8.0,,natasha cloud,1,last_good_canonical,401856922.0,2529137.0,G,1.0,1.0,espn,natasha cloud,no_projection_for_player_team_date
2026-05-28,2026,Natasha Cloud,CHI,TOR,H,31.0,18.0,5.0,9.0,2.0,1.0,0.0,3.0,8.0,7.0,2.0,2.0,1.0,4.0,,natasha cloud,1,last_good_canonical,401856939.0,2529137.0,G,1.0,1.0,espn,natasha cloud,no_projection_for_player_team_date
2026-06-18,2026,Natasha Cloud,CHI,NYL,H,28.0,11.0,3.0,4.0,1.0,2.0,0.0,0.0,7.0,3.0,4.0,4.0,1.0,2.0,,natasha cloud,1,last_good_canonical,401856997.0,2529137.0,G,0.0,1.0,espn,natasha cloud,no_projection_for_player_team_date
2026-06-21,2026,Natasha Cloud,CHI,DAL,A,25.0,10.0,6.0,6.0,2.0,1.0,0.0,1.0,10.0,3.0,2.0,2.0,0.0,6.0,,natasha cloud,0,last_good_canonical,401857008.0,2529137.0,G,0.0,1.0,espn,natasha cloud,no_projection_for_player_team_date
2026-06-25,2026,Natasha Cloud,CHI,POR,H,21.0,9.0,4.0,4.0,1.0,0.0,0.0,2.0,3.0,3.0,2.0,2.0,0.0,4.0,,natasha cloud,1,last_good_canonical,401857019.0,2529137.0,G,0.0,1.0,espn,natasha cloud,no_projection_for_player_team_date
2025-07-05,2025,Natasha Howard,IND,LAS,H,36.0,21.0,9.0,3.0,1.0,1.0,2.0,4.0,11.0,8.0,6.0,4.0,3.0,6.0,,natasha howard,1,last_good_canonical,401736225.0,2529130.0,F,1.0,1.0,espn,natasha howard,no_projection_for_player_team_date
2026-05-10,2026,Natasha Howard,MIN,ATL,H,20.0,6.0,5.0,2.0,0.0,1.0,0.0,5.0,6.0,3.0,4.0,0.0,4.0,1.0,,natasha howard,1,last_good_canonical,401856899.0,2529130.0,F,1.0,1.0,espn,natasha howard,no_projection_for_player_team_date
2026-05-13,2026,Natasha Howard,MIN,PHX,A,29.0,14.0,11.0,2.0,0.0,1.0,0.0,4.0,9.0,6.0,6.0,2.0,4.0,7.0,,natasha howard,0,last_good_canonical,401856902.0,2529130.0,F,1.0,1.0,espn,natasha howard,no_projection_for_player_team_date
2026-05-15,2026,Natasha Howard,MIN,DAL,A,35.0,26.0,5.0,4.0,0.0,0.0,3.0,7.0,14.0,11.0,6.0,4.0,4.0,1.0,,natasha howard,0,last_good_canonical,401856908.0,2529130.0,F,1.0,1.0,espn,natasha howard,no_projection_for_player_team_date
2026-05-22,2026,Natasha Howard,MIN,TOR,H,22.0,13.0,6.0,3.0,0.0,0.0,0.0,4.0,7.0,5.0,4.0,3.0,4.0,2.0,,natasha howard,1,last_good_canonical,401856925.0,2529130.0,F,1.0,1.0,espn,natasha howard,no_projection_for_player_team_date
2026-05-28,2026,Natasha Howard,MIN,ATL,H,33.0,22.0,8.0,5.0,0.0,2.0,2.0,3.0,16.0,11.0,0.0,0.0,3.0,5.0,,natasha howard,1,last_good_canonical,401856940.0,2529130.0,F,1.0,1.0,espn,natasha howard,no_projection_for_player_team_date
2026-06-02,2026,Natasha Howard,MIN,PHX,A,23.0,11.0,4.0,3.0,0.0,3.0,0.0,2.0,7.0,5.0,1.0,1.0,1.0,3.0,,natasha howard,0,last_good_canonical,401856954.0,2529130.0,F,1.0,1.0,espn,natasha howard,no_projection_for_player_team_date
2026-06-10,2026,Natasha Howard,MIN,DAL,H,29.0,21.0,4.0,4.0,1.0,3.0,1.0,4.0,10.0,8.0,4.0,4.0,0.0,4.0,,natasha howard,1,last_good_canonical,401856976.0,2529130.0,F,1.0,1.0,espn,natasha howard,no_projection_for_player_team_date
2026-06-14,2026,Natasha Howard,MIN,LVA,A,32.0,22.0,9.0,2.0,0.0,4.0,1.0,2.0,12.0,8.0,6.0,6.0,5.0,4.0,,natasha howard,0,last_good_canonical,401856987.0,2529130.0,F,1.0,1.0,espn,natasha howard,no_projection_for_player_team_date
2026-06-16,2026,Natasha Howard,MIN,POR,H,26.0,18.0,6.0,1.0,0.0,2.0,0.0,2.0,11.0,6.0,11.0,6.0,3.0,3.0,,natasha howard,1,last_good_canonical,401856993.0,2529130.0,F,1.0,1.0,espn,natasha howard,no_projection_for_player_team_date
2026-06-18,2026,Natasha Howard,MIN,LAS,A,29.0,15.0,9.0,2.0,0.0,1.0,1.0,2.0,13.0,6.0,5.0,3.0,4.0,5.0,,natasha howard,0,last_good_canonical,401856999.0,2529130.0,F,1.0,1.0,espn,natasha howard,no_projection_for_player_team_date
2026-06-20,2026,Natasha Howard,MIN,GSV,A,28.0,10.0,8.0,4.0,0.0,0.0,1.0,1.0,10.0,5.0,0.0,0.0,4.0,4.0,,natasha howard,0,last_good_canonical,401857005.0,2529130.0,F,1.0,1.0,espn,natasha howard,no_projection_for_player_team_date
2026-05-09,2026,Natasha Mack,PHX,LVA,A,25.0,10.0,15.0,1.0,0.0,1.0,1.0,0.0,5.0,4.0,2.0,2.0,5.0,10.0,,natasha mack,0,last_good_canonical,401856894.0,4068042.0,F,1.0,1.0,espn,natasha mack,no_projection_for_player_team_date
2026-05-13,2026,Natasha Mack,PHX,MIN,H,28.0,9.0,10.0,0.0,0.0,1.0,3.0,0.0,5.0,4.0,1.0,1.0,3.0,7.0,,natasha mack,1,last_good_canonical,401856902.0,4068042.0,F,1.0,1.0,espn,natasha mack,no_projection_for_player_team_date
2026-05-20,2026,Natasha Mack,PHX,TOR,H,18.0,12.0,10.0,3.0,0.0,0.0,0.0,0.0,7.0,6.0,0.0,0.0,2.0,8.0,,natasha mack,1,last_good_canonical,401856920.0,4068042.0,F,1.0,1.0,espn,natasha mack,no_projection_for_player_team_date
2026-05-22,2026,Natasha Mack,PHX,LAS,H,28.0,10.0,9.0,2.0,0.0,2.0,0.0,1.0,6.0,4.0,3.0,2.0,6.0,3.0,,natasha mack,1,last_good_canonical,401856926.0,4068042.0,F,1.0,1.0,espn,natasha mack,no_projection_for_player_team_date
2026-06-02,2026,Natasha Mack,PHX,MIN,H,20.0,4.0,11.0,1.0,0.0,0.0,0.0,1.0,4.0,2.0,0.0,0.0,5.0,6.0,,natasha mack,1,last_good_canonical,401856954.0,4068042.0,F,1.0,1.0,espn,natasha mack,no_projection_for_player_team_date
2026-06-04,2026,Natasha Mack,PHX,SEA,A,26.0,16.0,10.0,2.0,0.0,0.0,3.0,1.0,7.0,7.0,2.0,2.0,4.0,6.0,,natasha mack,0,last_good_canonical,401856960.0,4068042.0,F,1.0,1.0,espn,natasha mack,no_projection_for_player_team_date
2026-06-06,2026,Natasha Mack,PHX,POR,A,29.0,16.0,4.0,2.0,0.0,1.0,1.0,1.0,11.0,7.0,2.0,2.0,0.0,4.0,,natasha mack,0,last_good_canonical,401856965.0,4068042.0,F,1.0,1.0,espn,natasha mack,no_projection_for_player_team_date
2026-06-10,2026,Natasha Mack,PHX,GSV,A,25.0,9.0,10.0,1.0,1.0,0.0,1.0,2.0,5.0,3.0,5.0,2.0,2.0,8.0,,natasha mack,0,last_good_canonical,401856977.0,4068042.0,F,1.0,1.0,espn,natasha mack,no_projection_for_player_team_date
2026-06-12,2026,Natasha Mack,PHX,DAL,A,22.0,8.0,3.0,2.0,0.0,0.0,0.0,1.0,6.0,3.0,2.0,2.0,3.0,0.0,,natasha mack,0,last_good_canonical,401856982.0,4068042.0,F,1.0,1.0,espn,natasha mack,no_projection_for_player_team_date
2026-06-14,2026,Natasha Mack,PHX,LAS,H,35.0,11.0,12.0,4.0,0.0,4.0,3.0,0.0,9.0,5.0,1.0,1.0,1.0,11.0,,natasha mack,1,last_good_canonical,401856989.0,4068042.0,F,1.0,1.0,espn,natasha mack,no_projection_for_player_team_date
2026-06-18,2026,Natasha Mack,PHX,LVA,H,23.0,0.0,8.0,0.0,0.0,0.0,1.0,0.0,3.0,0.0,0.0,0.0,3.0,5.0,,natasha mack,1,last_good_canonical,401857000.0,4068042.0,F,1.0,1.0,espn,natasha mack,no_projection_for_player_team_date
2026-06-23,2026,Natasha Mack,PHX,IND,A,21.0,4.0,7.0,1.0,0.0,0.0,0.0,3.0,7.0,2.0,0.0,0.0,5.0,2.0,,natasha mack,0,last_good_canonical,401857014.0,4068042.0,F,1.0,1.0,espn,natasha mack,no_projection_for_player_team_date
2026-05-09,2026,Natisha Hiedeman,SEA,GSV,H,23.0,6.0,5.0,3.0,0.0,1.0,0.0,1.0,7.0,2.0,3.0,2.0,0.0,5.0,,natisha hiedeman,1,last_good_canonical,401856892.0,3906753.0,G,1.0,1.0,espn,natisha hiedeman,no_projection_for_player_team_date
2026-05-21,2026,Natisha Hiedeman,SEA,CON,H,30.0,20.0,1.0,5.0,3.0,1.0,0.0,1.0,18.0,8.0,1.0,1.0,0.0,1.0,,natisha hiedeman,1,last_good_canonical,401856923.0,3906753.0,G,1.0,1.0,espn,natisha hiedeman,no_projection_for_player_team_date
2026-05-23,2026,Natisha Hiedeman,SEA,CON,H,27.0,11.0,2.0,6.0,1.0,0.0,0.0,1.0,10.0,4.0,2.0,2.0,0.0,2.0,,natisha hiedeman,1,last_good_canonical,401856929.0,3906753.0,G,1.0,1.0,espn,natisha hiedeman,no_projection_for_player_team_date
2026-05-28,2026,Natisha Hiedeman,SEA,WAS,H,28.0,8.0,2.0,1.0,1.0,1.0,0.0,3.0,9.0,2.0,3.0,3.0,0.0,2.0,,natisha hiedeman,1,last_good_canonical,401856942.0,3906753.0,G,1.0,1.0,espn,natisha hiedeman,no_projection_for_player_team_date
2026-06-02,2026,Natisha Hiedeman,SEA,DAL,A,26.0,11.0,2.0,2.0,0.0,0.0,0.0,3.0,9.0,3.0,5.0,5.0,0.0,2.0,,natisha hiedeman,0,last_good_canonical,401856953.0,3906753.0,G,1.0,1.0,espn,natisha hiedeman,no_projection_for_player_team_date
2026-06-04,2026,Natisha Hiedeman,SEA,PHX,H,30.0,15.0,4.0,4.0,3.0,2.0,1.0,0.0,17.0,6.0,1.0,0.0,1.0,3.0,,natisha hiedeman,1,last_good_canonical,401856960.0,3906753.0,G,1.0,1.0,espn,natisha hiedeman,no_projection_for_player_team_date
2026-06-09,2026,Natisha Hiedeman,SEA,LVA,A,28.0,17.0,5.0,5.0,4.0,3.0,0.0,1.0,12.0,6.0,2.0,1.0,0.0,5.0,,natisha hiedeman,0,last_good_canonical,401856974.0,3906753.0,G,1.0,1.0,espn,natisha hiedeman,no_projection_for_player_team_date
2026-06-11,2026,Natisha Hiedeman,SEA,LAS,H,29.0,16.0,1.0,5.0,2.0,1.0,0.0,3.0,12.0,6.0,2.0,2.0,0.0,1.0,,natisha hiedeman,1,last_good_canonical,401856979.0,3906753.0,G,1.0,1.0,espn,natisha hiedeman,no_projection_for_player_team_date
2026-06-13,2026,Natisha Hiedeman,SEA,GSV,H,33.0,26.0,4.0,5.0,5.0,2.0,1.0,3.0,17.0,8.0,7.0,5.0,0.0,4.0,,natisha hiedeman,1,last_good_canonical,401856985.0,3906753.0,G,1.0,1.0,espn,natisha hiedeman,no_projection_for_player_team_date
2026-06-18,2026,Natisha Hiedeman,SEA,POR,A,33.0,19.0,4.0,6.0,5.0,1.0,0.0,5.0,14.0,6.0,2.0,2.0,0.0,4.0,,natisha hiedeman,0,last_good_canonical,401857001.0,3906753.0,G,1.0,1.0,espn,natisha hiedeman,no_projection_for_player_team_date
2026-06-23,2026,Natisha Hiedeman,SEA,DAL,H,37.0,21.0,4.0,11.0,2.0,1.0,0.0,3.0,19.0,9.0,1.0,1.0,0.0,4.0,,natisha hiedeman,1,last_good_canonical,401857015.0,3906753.0,G,1.0,1.0,espn,natisha hiedeman,no_projection_for_player_team_date
2026-06-26,2026,Natisha Hiedeman,SEA,NYL,H,33.0,11.0,0.0,3.0,1.0,2.0,0.0,2.0,12.0,5.0,0.0,0.0,0.0,0.0,,natisha hiedeman,1,last_good_canonical,401857023.0,3906753.0,G,1.0,1.0,espn,natisha hiedeman,no_projection_for_player_team_date
2026-06-28,2026,Natisha Hiedeman,SEA,ATL,H,31.0,20.0,2.0,6.0,2.0,0.0,0.0,1.0,10.0,6.0,6.0,6.0,0.0,2.0,,natisha hiedeman,1,last_good_canonical,401857029.0,3906753.0,G,1.0,1.0,espn,natisha hiedeman,no_projection_for_player_team_date
2026-05-10,2026,Naz Hillmon,ATL,MIN,A,33.0,15.0,7.0,2.0,2.0,1.0,0.0,0.0,10.0,6.0,2.0,1.0,3.0,4.0,,naz hillmon,0,last_good_canonical,401856899.0,4398915.0,F,1.0,1.0,espn,naz hillmon,no_projection_for_player_team_date
2026-05-13,2026,Naz Hillmon,ATL,DAL,A,36.0,1.0,3.0,1.0,0.0,0.0,0.0,1.0,5.0,0.0,2.0,1.0,0.0,3.0,,naz hillmon,0,last_good_canonical,401856901.0,4398915.0,F,1.0,1.0,espn,naz hillmon,no_projection_for_player_team_date
2026-05-28,2026,Naz Hillmon,ATL,MIN,A,32.0,15.0,8.0,1.0,1.0,1.0,0.0,3.0,14.0,7.0,0.0,0.0,2.0,6.0,,naz hillmon,0,last_good_canonical,401856940.0,4398915.0,F,1.0,1.0,espn,naz hillmon,no_projection_for_player_team_date
2026-05-30,2026,Naz Hillmon,ATL,POR,A,36.0,14.0,7.0,4.0,1.0,5.0,0.0,1.0,14.0,6.0,1.0,1.0,4.0,3.0,,naz hillmon,0,last_good_canonical,401856948.0,4398915.0,F,1.0,1.0,espn,naz hillmon,no_projection_for_player_team_date
2026-06-25,2026,Naz Hillmon,ATL,GSV,A,16.0,2.0,2.0,0.0,0.0,0.0,0.0,0.0,1.0,1.0,0.0,0.0,1.0,1.0,,naz hillmon,0,last_good_canonical,401857020.0,4398915.0,F,1.0,1.0,espn,naz hillmon,no_projection_for_player_team_date
2026-06-28,2026,Naz Hillmon,ATL,SEA,A,0.0,0.0,0.0,0.0,0.0,0.0,0.0,0.0,0.0,0.0,0.0,0.0,0.0,0.0,,naz hillmon,0,last_good_canonical,401857029.0,4398915.0,F,0.0,0.0,espn,naz hillmon,no_projection_for_player_team_date
2026-05-09,2026,Ndjakalenga Mwenentanda,GSV,SEA,A,1.0,0.0,0.0,0.0,0.0,0.0,0.0,0.0,0.0,0.0,0.0,0.0,0.0,0.0,,ndjakalenga mwenentanda,0,last_good_canonical,401856892.0,5106170.0,G,0.0,1.0,espn,ndjakalenga mwenentanda,no_projection_for_player_team_date
2026-05-14,2026,Ndjakalenga Mwenentanda,GSV,CHI,A,0.0,0.0,0.0,0.0,0.0,0.0,0.0,0.0,0.0,0.0,0.0,0.0,0.0,0.0,,ndjakalenga mwenentanda,0,last_good_canonical,401856906.0,5106170.0,G,0.0,0.0,espn,ndjakalenga mwenentanda,no_projection_for_player_team_date
2026-05-22,2026,Ndjakalenga Mwenentanda,GSV,NYL,A,1.0,0.0,0.0,0.0,0.0,0.0,0.0,0.0,0.0,0.0,0.0,0.0,0.0,0.0,,ndjakalenga mwenentanda,0,last_good_canonical,401856924.0,5106170.0,G,0.0,1.0,espn,ndjakalenga mwenentanda,no_projection_for_player_team_date
2026-05-22,2026,Ndjakalenga Mwenentanda,GSV,IND,A,0.0,0.0,0.0,0.0,0.0,0.0,0.0,0.0,0.0,0.0,0.0,0.0,0.0,0.0,,ndjakalenga mwenentanda,0,last_good_canonical,401856928.0,5106170.0,G,0.0,0.0,espn,ndjakalenga mwenentanda,no_projection_for_player_team_date
2026-05-29,2026,Ndjakalenga Mwenentanda,GSV,IND,A,0.0,0.0,0.0,0.0,0.0,0.0,0.0,0.0,0.0,0.0,0.0,0.0,0.0,0.0,,ndjakalenga mwenentanda,0,last_good_canonical,401856944.0,5106170.0,G,0.0,0.0,espn,ndjakalenga mwenentanda,no_projection_for_player_team_date
2026-05-31,2026,Ndjakalenga Mwenentanda,GSV,LVA,A,4.0,0.0,1.0,0.0,0.0,0.0,0.0,1.0,0.0,0.0,0.0,0.0,0.0,1.0,,ndjakalenga mwenentanda,0,last_good_canonical,401856952.0,5106170.0,G,0.0,1.0,espn,ndjakalenga mwenentanda,no_projection_for_player_team_date
2026-06-02,2026,Ndjakalenga Mwenentanda,GSV,POR,H,1.0,0.0,0.0,1.0,0.0,0.0,0.0,0.0,0.0,0.0,0.0,0.0,0.0,0.0,1.0,ndjakalenga mwenentanda,1,last_good_canonical,,,,,,,ndjakalenga mwenentanda,no_projection_for_player_team_date
2026-06-03,2026,Ndjakalenga Mwenentanda,GSV,POR,A,1.0,0.0,0.0,1.0,0.0,0.0,0.0,0.0,0.0,0.0,0.0,0.0,0.0,0.0,,ndjakalenga mwenentanda,0,last_good_canonical,401856957.0,5106170.0,G,0.0,1.0,espn,ndjakalenga mwenentanda,no_projection_for_player_team_date
2026-06-04,2026,Ndjakalenga Mwenentanda,GSV,MIN,A,,,,,,,,,,,,,,,,ndjakalenga mwenentanda,0,last_good_canonical,,,,,,,ndjakalenga mwenentanda,no_projection_for_player_team_date
2026-06-06,2026,Ndjakalenga Mwenentanda,GSV,LVA,A,,,,,,,,,,,,,,,,ndjakalenga mwenentanda,0,last_good_canonical,,,,,,,ndjakalenga mwenentanda,no_projection_for_player_team_date
2026-05-15,2026,Nell Angloma,CON,LVA,H,14.0,7.0,1.0,1.0,0.0,0.0,0.0,1.0,6.0,3.0,2.0,1.0,1.0,0.0,,nell angloma,1,last_good_canonical,401856910.0,5345319.0,F,0.0,1.0,espn,nell angloma,no_projection_for_player_team_date
2026-05-19,2026,Nell Angloma,CON,POR,A,3.0,1.0,0.0,0.0,0.0,0.0,0.0,0.0,0.0,0.0,2.0,1.0,0.0,0.0,,nell angloma,0,last_good_canonical,401856919.0,5345319.0,F,0.0,1.0,espn,nell angloma,no_projection_for_player_team_date
2026-05-21,2026,Nell Angloma,CON,SEA,A,29.0,15.0,7.0,0.0,0.0,3.0,1.0,1.0,12.0,7.0,4.0,1.0,1.0,6.0,,nell angloma,0,last_good_canonical,401856923.0,5345319.0,F,0.0,1.0,espn,nell angloma,no_projection_for_player_team_date
2026-05-23,2026,Nell Angloma,CON,SEA,A,14.0,2.0,3.0,1.0,0.0,0.0,0.0,0.0,1.0,0.0,2.0,2.0,1.0,2.0,,nell angloma,0,last_good_canonical,401856929.0,5345319.0,F,0.0,1.0,espn,nell angloma,no_projection_for_player_team_date
2026-05-28,2026,Nell Angloma,CON,POR,A,4.0,0.0,0.0,0.0,0.0,0.0,0.0,0.0,0.0,0.0,0.0,0.0,0.0,0.0,,nell angloma,0,last_good_canonical,401856941.0,5345319.0,F,0.0,1.0,espn,nell angloma,no_projection_for_player_team_date
2026-05-30,2026,Nell Angloma,CON,LAS,H,11.0,2.0,0.0,0.0,0.0,0.0,1.0,1.0,2.0,0.0,2.0,2.0,0.0,0.0,,nell angloma,1,last_good_canonical,401856950.0,5345319.0,F,0.0,1.0,espn,nell angloma,no_projection_for_player_team_date
2026-06-02,2026,Nell Angloma,CON,ATL,A,10.0,6.0,0.0,0.0,0.0,3.0,0.0,1.0,3.0,2.0,2.0,2.0,0.0,0.0,-6.0,nell angloma,0,last_good_canonical,,,,,,,nell angloma,no_projection_for_player_team_date
2026-05-10,2026,Nia Coffey,MIN,ATL,H,31.0,3.0,3.0,1.0,1.0,1.0,3.0,0.0,4.0,1.0,0.0,0.0,0.0,3.0,,nia coffey,1,last_good_canonical,401856899.0,3054590.0,F,1.0,1.0,espn,nia coffey,no_projection_for_player_team_date
2026-05-13,2026,Nia Coffey,MIN,PHX,A,21.0,13.0,10.0,0.0,3.0,0.0,1.0,1.0,7.0,5.0,0.0,0.0,1.0,9.0,,nia coffey,0,last_good_canonical,401856902.0,3054590.0,F,1.0,1.0,espn,nia coffey,no_projection_for_player_team_date
2026-05-15,2026,Nia Coffey,MIN,DAL,A,30.0,13.0,8.0,1.0,3.0,1.0,2.0,1.0,6.0,5.0,0.0,0.0,0.0,8.0,,nia coffey,0,last_good_canonical,401856908.0,3054590.0,F,1.0,1.0,espn,nia coffey,no_projection_for_player_team_date
2026-05-22,2026,Nia Coffey,MIN,TOR,H,25.0,8.0,3.0,2.0,0.0,1.0,0.0,1.0,4.0,4.0,0.0,0.0,1.0,2.0,,nia coffey,1,last_good_canonical,401856925.0,3054590.0,F,1.0,1.0,espn,nia coffey,no_projection_for_player_team_date
2026-05-28,2026,Nia Coffey,MIN,ATL,H,31.0,14.0,5.0,3.0,2.0,1.0,0.0,0.0,10.0,6.0,0.0,0.0,0.0,5.0,,nia coffey,1,last_good_canonical,401856940.0,3054590.0,F,1.0,1.0,espn,nia coffey,no_projection_for_player_team_date
2026-05-29,2026,Nia Coffey,MIN,CHI,A,26.0,20.0,8.0,2.0,6.0,1.0,1.0,1.0,12.0,7.0,0.0,0.0,1.0,7.0,,nia coffey,0,last_good_canonical,401856947.0,3054590.0,F,1.0,1.0,espn,nia coffey,no_projection_for_player_team_date
2026-06-02,2026,Nia Coffey,MIN,PHX,A,22.0,8.0,6.0,2.0,2.0,1.0,0.0,0.0,5.0,3.0,0.0,0.0,1.0,5.0,,nia coffey,0,last_good_canonical,401856954.0,3054590.0,F,1.0,1.0,espn,nia coffey,no_projection_for_player_team_date
2026-06-10,2026,Nia Coffey,MIN,DAL,H,25.0,6.0,8.0,1.0,0.0,0.0,0.0,0.0,10.0,3.0,0.0,0.0,1.0,7.0,,nia coffey,1,last_good_canonical,401856976.0,3054590.0,F,1.0,1.0,espn,nia coffey,no_projection_for_player_team_date
2026-06-14,2026,Nia Coffey,MIN,LVA,A,26.0,3.0,3.0,2.0,1.0,0.0,2.0,0.0,2.0,1.0,0.0,0.0,2.0,1.0,,nia coffey,0,last_good_canonical,401856987.0,3054590.0,F,1.0,1.0,espn,nia coffey,no_projection_for_player_team_date
2026-06-16,2026,Nia Coffey,MIN,POR,H,21.0,15.0,5.0,4.0,3.0,3.0,3.0,0.0,9.0,6.0,2.0,0.0,2.0,3.0,,nia coffey,1,last_good_canonical,401856993.0,3054590.0,F,1.0,1.0,espn,nia coffey,no_projection_for_player_team_date
2026-06-18,2026,Nia Coffey,MIN,LAS,A,29.0,7.0,6.0,2.0,1.0,5.0,1.0,1.0,6.0,3.0,0.0,0.0,1.0,5.0,,nia coffey,0,last_good_canonical,401856999.0,3054590.0,F,1.0,1.0,espn,nia coffey,no_projection_for_player_team_date
2026-06-20,2026,Nia Coffey,MIN,GSV,A,33.0,22.0,6.0,3.0,3.0,0.0,1.0,1.0,11.0,7.0,6.0,5.0,3.0,3.0,,nia coffey,0,last_good_canonical,401857005.0,3054590.0,F,1.0,1.0,espn,nia coffey,no_projection_for_player_team_date
2026-05-13,2026,Nikolina Milic,TOR,SEA,H,10.0,2.0,1.0,1.0,0.0,0.0,0.0,1.0,1.0,1.0,0.0,0.0,0.0,1.0,,nikolina milic,1,last_good_canonical,401856904.0,4874475.0,F,0.0,1.0,espn,nikolina milic,no_projection_for_player_team_date
2026-05-20,2026,Nikolina Milic,TOR,PHX,A,10.0,4.0,2.0,0.0,0.0,0.0,0.0,1.0,4.0,2.0,0.0,0.0,1.0,1.0,,nikolina milic,0,last_good_canonical,401856920.0,4874475.0,F,0.0,1.0,espn,nikolina milic,no_projection_for_player_team_date
2026-05-22,2026,Nikolina Milic,TOR,MIN,A,14.0,8.0,1.0,1.0,0.0,0.0,0.0,0.0,6.0,4.0,0.0,0.0,0.0,1.0,,nikolina milic,0,last_good_canonical,401856925.0,4874475.0,F,0.0,1.0,espn,nikolina milic,no_projection_for_player_team_date
2026-05-23,2026,Nikolina Milic,TOR,POR,H,8.0,1.0,2.0,0.0,0.0,0.0,0.0,1.0,2.0,0.0,2.0,1.0,0.0,2.0,,nikolina milic,1,last_good_canonical,401856931.0,4874475.0,F,0.0,1.0,espn,nikolina milic,no_projection_for_player_team_date
2026-05-28,2026,Nikolina Milic,TOR,CHI,A,8.0,2.0,3.0,0.0,0.0,0.0,0.0,0.0,2.0,0.0,2.0,2.0,1.0,2.0,,nikolina milic,0,last_good_canonical,401856939.0,4874475.0,F,0.0,1.0,espn,nikolina milic,no_projection_for_player_team_date
2026-05-30,2026,Nikolina Milic,TOR,SEA,H,0.0,0.0,0.0,0.0,0.0,0.0,0.0,0.0,0.0,0.0,0.0,0.0,0.0,0.0,,nikolina milic,1,last_good_canonical,401856949.0,4874475.0,F,0.0,0.0,espn,nikolina milic,no_projection_for_player_team_date
2026-06-03,2026,Nikolina Milic,TOR,NYL,A,8.0,4.0,0.0,1.0,0.0,0.0,0.0,0.0,4.0,2.0,0.0,0.0,0.0,0.0,8.0,nikolina milic,0,last_good_canonical,,,,,,,nikolina milic,no_projection_for_player_team_date
2026-05-14,2026,Nneka Ogwumike,LAS,IND,A,32.0,10.0,5.0,0.0,1.0,3.0,1.0,3.0,5.0,3.0,4.0,3.0,0.0,5.0,,nneka ogwumike,0,last_good_canonical,401856907.0,1068.0,F,1.0,1.0,espn,nneka ogwumike,no_projection_for_player_team_date
2026-05-22,2026,Nneka Ogwumike,LAS,PHX,A,31.0,12.0,6.0,2.0,2.0,1.0,0.0,1.0,11.0,5.0,0.0,0.0,1.0,5.0,,nneka ogwumike,0,last_good_canonical,401856926.0,1068.0,F,1.0,1.0,espn,nneka ogwumike,no_projection_for_player_team_date
2026-06-03,2026,Nneka Ogwumike,LAS,LVA,A,31.0,12.0,12.0,2.0,0.0,1.0,1.0,2.0,10.0,3.0,6.0,6.0,3.0,9.0,,nneka ogwumike,0,last_good_canonical,401856958.0,1068.0,F,1.0,1.0,espn,nneka ogwumike,no_projection_for_player_team_date
2026-06-06,2026,Nneka Ogwumike,LAS,DAL,A,35.0,13.0,10.0,5.0,1.0,1.0,0.0,0.0,8.0,6.0,0.0,0.0,2.0,8.0,,nneka ogwumike,0,last_good_canonical,401856964.0,1068.0,F,1.0,1.0,espn,nneka ogwumike,no_projection_for_player_team_date
2026-06-11,2026,Nneka Ogwumike,LAS,SEA,A,33.0,24.0,9.0,1.0,1.0,1.0,0.0,0.0,18.0,9.0,5.0,5.0,4.0,5.0,,nneka ogwumike,0,last_good_canonical,401856979.0,1068.0,F,1.0,1.0,espn,nneka ogwumike,no_projection_for_player_team_date
2026-06-14,2026,Nneka Ogwumike,LAS,PHX,A,36.0,15.0,15.0,3.0,3.0,1.0,3.0,1.0,11.0,6.0,0.0,0.0,3.0,12.0,,nneka ogwumike,0,last_good_canonical,401856989.0,1068.0,F,1.0,1.0,espn,nneka ogwumike,no_projection_for_player_team_date
2026-06-16,2026,Nneka Ogwumike,LAS,GSV,A,29.0,9.0,7.0,2.0,1.0,0.0,0.0,2.0,9.0,3.0,2.0,2.0,2.0,5.0,,nneka ogwumike,0,last_good_canonical,401856994.0,1068.0,F,1.0,1.0,espn,nneka ogwumike,no_projection_for_player_team_date
2026-06-18,2026,Nneka Ogwumike,LAS,MIN,A,30.0,10.0,8.0,1.0,0.0,1.0,0.0,2.0,9.0,3.0,4.0,4.0,0.0,8.0,,nneka ogwumike,0,last_good_canonical,401856999.0,1068.0,F,1.0,1.0,espn,nneka ogwumike,no_projection_for_player_team_date
2026-06-22,2026,Nneka Ogwumike,LAS,NYL,A,35.0,24.0,6.0,3.0,2.0,3.0,0.0,1.0,18.0,11.0,0.0,0.0,2.0,4.0,,nneka ogwumike,0,last_good_canonical,401857011.0,1068.0,F,1.0,1.0,espn,nneka ogwumike,no_projection_for_player_team_date
2026-06-28,2026,Nneka Ogwumike,LAS,IND,A,26.0,17.0,7.0,2.0,0.0,1.0,2.0,3.0,13.0,7.0,4.0,3.0,0.0,7.0,,nneka ogwumike,0,last_good_canonical,401857028.0,1068.0,F,1.0,1.0,espn,nneka ogwumike,no_projection_for_player_team_date
2026-05-09,2026,Noemie Brochant,PHX,LVA,A,18.0,8.0,3.0,0.0,1.0,0.0,0.0,0.0,6.0,3.0,1.0,1.0,0.0,3.0,,noemie brochant,0,last_good_canonical,401856894.0,5345524.0,F,0.0,1.0,espn,noemie brochant,no_projection_for_player_team_date
2026-05-13,2026,Noemie Brochant,PHX,MIN,H,12.0,0.0,0.0,1.0,0.0,1.0,0.0,0.0,0.0,0.0,0.0,0.0,0.0,0.0,,noemie brochant,1,last_good_canonical,401856902.0,5345524.0,F,0.0,1.0,espn,noemie brochant,no_projection_for_player_team_date
2026-05-20,2026,Noemie Brochant,PHX,TOR,H,25.0,5.0,4.0,0.0,1.0,0.0,1.0,0.0,4.0,2.0,0.0,0.0,1.0,3.0,,noemie brochant,1,last_good_canonical,401856920.0,5345524.0,F,0.0,1.0,espn,noemie brochant,no_projection_for_player_team_date
2026-05-22,2026,Noemie Brochant,PHX,LAS,H,15.0,0.0,3.0,1.0,0.0,0.0,1.0,2.0,4.0,0.0,0.0,0.0,1.0,2.0,,noemie brochant,1,last_good_canonical,401856926.0,5345524.0,F,0.0,1.0,espn,noemie brochant,no_projection_for_player_team_date
2026-05-24,2026,Noemie Brochant,PHX,ATL,A,31.0,6.0,5.0,2.0,0.0,2.0,1.0,1.0,7.0,3.0,0.0,0.0,2.0,3.0,,noemie brochant,0,last_good_canonical,401856933.0,5345524.0,F,1.0,1.0,espn,noemie brochant,no_projection_for_player_team_date
2026-05-27,2026,Noemie Brochant,PHX,NYL,A,19.0,3.0,2.0,1.0,1.0,1.0,1.0,0.0,4.0,1.0,0.0,0.0,0.0,2.0,,noemie brochant,0,last_good_canonical,401856938.0,5345524.0,F,1.0,1.0,espn,noemie brochant,no_projection_for_player_team_date
2026-05-29,2026,Noemie Brochant,PHX,NYL,A,21.0,2.0,1.0,0.0,0.0,1.0,0.0,0.0,4.0,0.0,2.0,2.0,0.0,1.0,,noemie brochant,0,last_good_canonical,401856945.0,5345524.0,F,1.0,1.0,espn,noemie brochant,no_projection_for_player_team_date
2026-06-02,2026,Noemie Brochant,PHX,MIN,H,24.0,11.0,2.0,0.0,3.0,0.0,0.0,1.0,8.0,4.0,0.0,0.0,1.0,1.0,,noemie brochant,1,last_good_canonical,401856954.0,5345524.0,F,1.0,1.0,espn,noemie brochant,no_projection_for_player_team_date
2026-06-03,2026,Noemie Brochant,PHX,SEA,A,24.0,4.0,4.0,1.0,0.0,2.0,2.0,2.0,7.0,2.0,0.0,0.0,0.0,4.0,-6.0,noemie brochant,0,last_good_canonical,,,,,,,noemie brochant,no_projection_for_player_team_date
2026-06-04,2026,Noemie Brochant,PHX,SEA,A,24.0,4.0,4.0,1.0,0.0,2.0,2.0,2.0,7.0,2.0,0.0,0.0,0.0,4.0,,noemie brochant,0,last_good_canonical,401856960.0,5345524.0,F,1.0,1.0,espn,noemie brochant,no_projection_for_player_team_date
2026-06-06,2026,Noemie Brochant,PHX,POR,A,28.0,11.0,2.0,2.0,2.0,1.0,0.0,1.0,6.0,4.0,2.0,1.0,0.0,2.0,,noemie brochant,0,last_good_canonical,401856965.0,5345524.0,F,1.0,1.0,espn,noemie brochant,no_projection_for_player_team_date
2026-06-10,2026,Noemie Brochant,PHX,GSV,A,29.0,10.0,2.0,6.0,2.0,2.0,0.0,2.0,6.0,4.0,0.0,0.0,1.0,1.0,,noemie brochant,0,last_good_canonical,401856977.0,5345524.0,F,1.0,1.0,espn,noemie brochant,no_projection_for_player_team_date
2026-06-12,2026,Noemie Brochant,PHX,DAL,A,22.0,4.0,2.0,1.0,0.0,2.0,0.0,0.0,8.0,2.0,0.0,0.0,1.0,1.0,,noemie brochant,0,last_good_canonical,401856982.0,5345524.0,F,1.0,1.0,espn,noemie brochant,no_projection_for_player_team_date
2026-06-14,2026,Noemie Brochant,PHX,LAS,H,23.0,8.0,3.0,1.0,2.0,0.0,0.0,3.0,5.0,3.0,0.0,0.0,1.0,2.0,,noemie brochant,1,last_good_canonical,401856989.0,5345524.0,F,1.0,1.0,espn,noemie brochant,no_projection_for_player_team_date
2026-06-18,2026,Noemie Brochant,PHX,LVA,H,19.0,4.0,3.0,1.0,0.0,1.0,0.0,1.0,3.0,2.0,0.0,0.0,0.0,3.0,,noemie brochant,1,last_good_canonical,401857000.0,5345524.0,F,1.0,1.0,espn,noemie brochant,no_projection_for_player_team_date
2026-06-23,2026,Noemie Brochant,PHX,IND,A,26.0,7.0,2.0,3.0,1.0,1.0,0.0,0.0,9.0,3.0,0.0,0.0,1.0,1.0,,noemie brochant,0,last_good_canonical,401857014.0,5345524.0,F,1.0,1.0,espn,noemie brochant,no_projection_for_player_team_date
2026-05-10,2026,Nyadiew Puoch,POR,CHI,H,17.0,5.0,1.0,2.0,1.0,3.0,0.0,0.0,3.0,2.0,0.0,0.0,1.0,0.0,,nyadiew puoch,1,last_good_canonical,401856895.0,5209202.0,F,1.0,1.0,espn,nyadiew puoch,no_projection_for_player_team_date
2026-05-13,2026,Nyadiew Puoch,POR,NYL,H,22.0,0.0,3.0,0.0,0.0,0.0,0.0,1.0,5.0,0.0,0.0,0.0,2.0,1.0,,nyadiew puoch,1,last_good_canonical,401856903.0,5209202.0,F,1.0,1.0,espn,nyadiew puoch,no_projection_for_player_team_date
2026-05-15,2026,Nyadiew Puoch,POR,NYL,H,31.0,13.0,2.0,2.0,2.0,2.0,0.0,1.0,9.0,5.0,1.0,1.0,1.0,1.0,,nyadiew puoch,1,last_good_canonical,401856909.0,5209202.0,F,1.0,1.0,espn,nyadiew puoch,no_projection_for_player_team_date
2026-05-19,2026,Nyadiew Puoch,POR,CON,H,21.0,10.0,4.0,0.0,0.0,1.0,0.0,1.0,8.0,4.0,2.0,2.0,1.0,3.0,,nyadiew puoch,1,last_good_canonical,401856919.0,5209202.0,F,1.0,1.0,espn,nyadiew puoch,no_projection_for_player_team_date
2026-05-20,2026,Nyadiew Puoch,POR,IND,A,20.0,0.0,1.0,0.0,0.0,0.0,1.0,1.0,1.0,0.0,0.0,0.0,1.0,0.0,,nyadiew puoch,0,last_good_canonical,401856921.0,5209202.0,F,1.0,1.0,espn,nyadiew puoch,no_projection_for_player_team_date
2026-05-23,2026,Nyadiew Puoch,POR,TOR,A,24.0,5.0,3.0,1.0,1.0,1.0,0.0,2.0,8.0,2.0,0.0,0.0,2.0,1.0,,nyadiew puoch,0,last_good_canonical,401856931.0,5209202.0,F,1.0,1.0,espn,nyadiew puoch,no_projection_for_player_team_date
2026-05-28,2026,Nyadiew Puoch,POR,CON,H,18.0,2.0,0.0,0.0,0.0,1.0,0.0,2.0,3.0,1.0,4.0,0.0,0.0,0.0,,nyadiew puoch,1,last_good_canonical,401856941.0,5209202.0,F,1.0,1.0,espn,nyadiew puoch,no_projection_for_player_team_date
2026-05-30,2026,Nyadiew Puoch,POR,ATL,H,17.0,2.0,1.0,1.0,0.0,0.0,0.0,2.0,4.0,1.0,0.0,0.0,0.0,1.0,,nyadiew puoch,1,last_good_canonical,401856948.0,5209202.0,F,1.0,1.0,espn,nyadiew puoch,no_projection_for_player_team_date
2026-05-31,2026,Nyadiew Puoch,POR,IND,H,16.0,2.0,2.0,1.0,0.0,0.0,0.0,0.0,3.0,1.0,0.0,0.0,2.0,0.0,,nyadiew puoch,1,last_good_canonical,401856951.0,5209202.0,F,1.0,1.0,espn,nyadiew puoch,no_projection_for_player_team_date
2026-06-02,2026,Nyadiew Puoch,POR,GSV,A,13.0,0.0,2.0,0.0,0.0,0.0,0.0,1.0,2.0,0.0,0.0,0.0,1.0,1.0,-3.0,nyadiew puoch,0,last_good_canonical,,,,,,,nyadiew puoch,no_projection_for_player_team_date
2026-06-03,2026,Nyadiew Puoch,POR,GSV,A,13.0,0.0,2.0,0.0,0.0,0.0,0.0,1.0,2.0,0.0,0.0,0.0,1.0,1.0,,nyadiew puoch,0,last_good_canonical,401856957.0,5209202.0,F,1.0,1.0,espn,nyadiew puoch,no_projection_for_player_team_date
2026-06-06,2026,Nyadiew Puoch,POR,PHX,H,13.0,0.0,1.0,0.0,0.0,0.0,0.0,0.0,4.0,0.0,0.0,0.0,1.0,0.0,,nyadiew puoch,1,last_good_canonical,401856965.0,5209202.0,F,0.0,1.0,espn,nyadiew puoch,no_projection_for_player_team_date
2026-06-12,2026,Nyadiew Puoch,POR,LVA,H,7.0,0.0,0.0,1.0,0.0,1.0,0.0,1.0,0.0,0.0,0.0,0.0,0.0,0.0,,nyadiew puoch,1,last_good_canonical,401856983.0,5209202.0,F,0.0,1.0,espn,nyadiew puoch,no_projection_for_player_team_date
2026-06-14,2026,Nyadiew Puoch,POR,DAL,H,0.0,0.0,0.0,0.0,0.0,0.0,0.0,0.0,0.0,0.0,0.0,0.0,0.0,0.0,,nyadiew puoch,1,last_good_canonical,401856988.0,5209202.0,F,0.0,0.0,espn,nyadiew puoch,no_projection_for_player_team_date
2026-06-16,2026,Nyadiew Puoch,POR,MIN,A,21.0,3.0,3.0,2.0,1.0,0.0,0.0,0.0,3.0,1.0,0.0,0.0,2.0,1.0,,nyadiew puoch,0,last_good_canonical,401856993.0,5209202.0,F,0.0,1.0,espn,nyadiew puoch,no_projection_for_player_team_date
2026-06-18,2026,Nyadiew Puoch,POR,SEA,H,11.0,2.0,1.0,1.0,0.0,1.0,0.0,0.0,3.0,0.0,2.0,2.0,0.0,1.0,,nyadiew puoch,1,last_good_canonical,401857001.0,5209202.0,F,0.0,1.0,espn,nyadiew puoch,no_projection_for_player_team_date
2026-06-25,2026,Nyadiew Puoch,POR,CHI,A,13.0,0.0,0.0,2.0,0.0,1.0,2.0,0.0,6.0,0.0,0.0,0.0,0.0,0.0,,nyadiew puoch,0,last_good_canonical,401857019.0,5209202.0,F,0.0,1.0,espn,nyadiew puoch,no_projection_for_player_team_date
2026-05-08,2026,Nyara Sabally,TOR,WAS,H,26.0,8.0,6.0,0.0,0.0,3.0,1.0,1.0,8.0,3.0,4.0,2.0,3.0,3.0,,nyara sabally,1,last_good_canonical,401856891.0,4398768.0,F,1.0,1.0,espn,nyara sabally,no_projection_for_player_team_date
2026-05-20,2026,Nyara Sabally,TOR,PHX,A,0.0,0.0,0.0,0.0,0.0,0.0,0.0,0.0,0.0,0.0,0.0,0.0,0.0,0.0,,nyara sabally,0,last_good_canonical,401856920.0,4398768.0,F,0.0,0.0,espn,nyara sabally,no_projection_for_player_team_date
2026-05-22,2026,Nyara Sabally,TOR,MIN,A,0.0,0.0,0.0,0.0,0.0,0.0,0.0,0.0,0.0,0.0,0.0,0.0,0.0,0.0,,nyara sabally,0,last_good_canonical,401856925.0,4398768.0,F,0.0,0.0,espn,nyara sabally,no_projection_for_player_team_date
2026-05-28,2026,Nyara Sabally,TOR,CHI,A,28.0,29.0,6.0,2.0,3.0,2.0,2.0,2.0,14.0,11.0,6.0,4.0,2.0,4.0,,nyara sabally,0,last_good_canonical,401856939.0,4398768.0,F,1.0,1.0,espn,nyara sabally,no_projection_for_player_team_date
2026-05-09,2026,Odyssey Sims,DAL,IND,A,26.0,20.0,2.0,2.0,2.0,2.0,0.0,4.0,11.0,8.0,3.0,2.0,0.0,2.0,,odyssey sims,0,last_good_canonical,401856893.0,2529047.0,G,1.0,1.0,espn,odyssey sims,no_projection_for_player_team_date
2026-05-13,2026,Odyssey Sims,DAL,ATL,H,23.0,7.0,1.0,4.0,1.0,0.0,0.0,1.0,8.0,3.0,0.0,0.0,0.0,1.0,,odyssey sims,1,last_good_canonical,401856901.0,2529047.0,G,1.0,1.0,espn,odyssey sims,no_projection_for_player_team_date
2026-05-15,2026,Odyssey Sims,DAL,MIN,H,25.0,11.0,1.0,3.0,1.0,2.0,0.0,1.0,8.0,4.0,2.0,2.0,0.0,1.0,,odyssey sims,1,last_good_canonical,401856908.0,2529047.0,G,1.0,1.0,espn,odyssey sims,no_projection_for_player_team_date
2026-05-19,2026,Odyssey Sims,DAL,WAS,H,16.0,0.0,0.0,4.0,0.0,0.0,0.0,4.0,3.0,0.0,0.0,0.0,0.0,0.0,,odyssey sims,1,last_good_canonical,401856918.0,2529047.0,G,1.0,1.0,espn,odyssey sims,no_projection_for_player_team_date
2026-05-21,2026,Odyssey Sims,DAL,CHI,A,19.0,4.0,0.0,3.0,0.0,1.0,0.0,0.0,6.0,2.0,0.0,0.0,0.0,0.0,,odyssey sims,0,last_good_canonical,401856922.0,2529047.0,G,1.0,1.0,espn,odyssey sims,no_projection_for_player_team_date
2026-05-22,2026,Odyssey Sims,DAL,ATL,A,21.0,14.0,1.0,5.0,1.0,2.0,0.0,1.0,6.0,5.0,3.0,3.0,0.0,1.0,,odyssey sims,0,last_good_canonical,401856927.0,2529047.0,G,1.0,1.0,espn,odyssey sims,no_projection_for_player_team_date
2026-05-29,2026,Odyssey Sims,DAL,LVA,H,6.0,2.0,1.0,0.0,0.0,0.0,0.0,2.0,0.0,0.0,2.0,2.0,0.0,1.0,,odyssey sims,1,last_good_canonical,401856943.0,2529047.0,G,0.0,1.0,espn,odyssey sims,no_projection_for_player_team_date
2026-06-02,2026,Odyssey Sims,DAL,SEA,H,21.0,2.0,2.0,4.0,0.0,1.0,0.0,1.0,5.0,1.0,2.0,0.0,0.0,2.0,,odyssey sims,1,last_good_canonical,401856953.0,2529047.0,G,0.0,1.0,espn,odyssey sims,no_projection_for_player_team_date
2026-06-06,2026,Odyssey Sims,DAL,LAS,A,5.0,0.0,1.0,0.0,0.0,0.0,0.0,1.0,1.0,0.0,0.0,0.0,0.0,1.0,,odyssey sims,0,last_good_canonical,401856964.0,2529047.0,G,0.0,1.0,espn,odyssey sims,no_projection_for_player_team_date
2026-06-10,2026,Odyssey Sims,DAL,MIN,A,0.0,0.0,0.0,0.0,0.0,0.0,0.0,0.0,0.0,0.0,0.0,0.0,0.0,0.0,,odyssey sims,0,last_good_canonical,401856976.0,2529047.0,G,0.0,0.0,espn,odyssey sims,no_projection_for_player_team_date
2026-06-14,2026,Odyssey Sims,DAL,POR,A,0.0,0.0,0.0,0.0,0.0,0.0,0.0,0.0,0.0,0.0,0.0,0.0,0.0,0.0,,odyssey sims,0,last_good_canonical,401856988.0,2529047.0,G,0.0,0.0,espn,odyssey sims,no_projection_for_player_team_date
2026-06-23,2026,Odyssey Sims,DAL,SEA,A,0.0,0.0,0.0,0.0,0.0,0.0,0.0,0.0,0.0,0.0,0.0,0.0,0.0,0.0,,odyssey sims,0,last_good_canonical,401857015.0,2529047.0,G,0.0,0.0,espn,odyssey sims,no_projection_for_player_team_date
2026-05-10,2026,Olivia Miles,MIN,ATL,H,34.0,21.0,3.0,8.0,1.0,2.0,2.0,3.0,14.0,6.0,8.0,8.0,0.0,3.0,,olivia miles,1,last_good_canonical,401856899.0,4433791.0,G,1.0,1.0,espn,olivia miles,no_projection_for_player_team_date
2026-05-13,2026,Olivia Miles,MIN,PHX,A,26.0,13.0,6.0,7.0,0.0,0.0,0.0,2.0,10.0,5.0,4.0,3.0,0.0,6.0,,olivia miles,0,last_good_canonical,401856902.0,4433791.0,G,1.0,1.0,espn,olivia miles,no_projection_for_player_team_date
2026-05-15,2026,Olivia Miles,MIN,DAL,A,32.0,15.0,2.0,6.0,0.0,0.0,1.0,3.0,12.0,7.0,1.0,1.0,1.0,1.0,,olivia miles,0,last_good_canonical,401856908.0,4433791.0,G,1.0,1.0,espn,olivia miles,no_projection_for_player_team_date
2026-05-22,2026,Olivia Miles,MIN,TOR,H,23.0,14.0,4.0,5.0,0.0,1.0,1.0,2.0,10.0,6.0,2.0,2.0,0.0,4.0,,olivia miles,1,last_good_canonical,401856925.0,4433791.0,G,1.0,1.0,espn,olivia miles,no_projection_for_player_team_date
2026-05-28,2026,Olivia Miles,MIN,ATL,H,34.0,16.0,5.0,8.0,0.0,1.0,0.0,3.0,10.0,6.0,5.0,4.0,1.0,4.0,,olivia miles,1,last_good_canonical,401856940.0,4433791.0,G,1.0,1.0,espn,olivia miles,no_projection_for_player_team_date
2026-06-02,2026,Olivia Miles,MIN,PHX,A,28.0,19.0,4.0,10.0,0.0,3.0,0.0,4.0,9.0,7.0,5.0,5.0,0.0,4.0,,olivia miles,0,last_good_canonical,401856954.0,4433791.0,G,1.0,1.0,espn,olivia miles,no_projection_for_player_team_date
2026-06-10,2026,Olivia Miles,MIN,DAL,H,31.0,24.0,7.0,6.0,2.0,1.0,1.0,4.0,10.0,7.0,8.0,8.0,0.0,7.0,,olivia miles,1,last_good_canonical,401856976.0,4433791.0,G,1.0,1.0,espn,olivia miles,no_projection_for_player_team_date
2026-06-14,2026,Olivia Miles,MIN,LVA,A,34.0,29.0,4.0,1.0,3.0,1.0,0.0,6.0,20.0,11.0,4.0,4.0,0.0,4.0,,olivia miles,0,last_good_canonical,401856987.0,4433791.0,G,1.0,1.0,espn,olivia miles,no_projection_for_player_team_date
2026-06-16,2026,Olivia Miles,MIN,POR,H,23.0,12.0,4.0,5.0,0.0,3.0,0.0,3.0,8.0,6.0,0.0,0.0,0.0,4.0,,olivia miles,1,last_good_canonical,401856993.0,4433791.0,G,1.0,1.0,espn,olivia miles,no_projection_for_player_team_date
2026-06-18,2026,Olivia Miles,MIN,LAS,A,26.0,31.0,4.0,4.0,2.0,0.0,0.0,5.0,15.0,12.0,6.0,5.0,0.0,4.0,,olivia miles,0,last_good_canonical,401856999.0,4433791.0,G,1.0,1.0,espn,olivia miles,no_projection_for_player_team_date
2026-06-20,2026,Olivia Miles,MIN,GSV,A,32.0,7.0,5.0,4.0,0.0,3.0,3.0,6.0,10.0,1.0,5.0,5.0,0.0,5.0,,olivia miles,0,last_good_canonical,401857005.0,4433791.0,G,1.0,1.0,espn,olivia miles,no_projection_for_player_team_date
2026-05-08,2026,Olivia Nelson-Ododa,CON,NYL,A,15.0,1.0,2.0,3.0,0.0,1.0,0.0,0.0,2.0,0.0,2.0,1.0,1.0,1.0,,olivia nelson-ododa,0,last_good_canonical,401856890.0,4398966.0,C,0.0,1.0,espn,olivia nelson-ododa,no_projection_for_player_team_date
2026-05-10,2026,Olivia Nelson-Ododa,CON,SEA,H,12.0,5.0,1.0,1.0,0.0,1.0,1.0,1.0,2.0,2.0,2.0,1.0,0.0,1.0,,olivia nelson-ododa,1,last_good_canonical,401856896.0,4398966.0,C,0.0,1.0,espn,olivia nelson-ododa,no_projection_for_player_team_date
2026-05-14,2026,Olivia Nelson-Ododa,CON,LVA,H,22.0,14.0,6.0,3.0,0.0,1.0,0.0,2.0,7.0,5.0,4.0,4.0,0.0,6.0,,olivia nelson-ododa,1,last_good_canonical,401856905.0,4398966.0,C,1.0,1.0,espn,olivia nelson-ododa,no_projection_for_player_team_date
2026-05-15,2026,Olivia Nelson-Ododa,CON,LVA,H,0.0,0.0,0.0,0.0,0.0,0.0,0.0,0.0,0.0,0.0,0.0,0.0,0.0,0.0,,olivia nelson-ododa,1,last_good_canonical,401856910.0,4398966.0,C,0.0,0.0,espn,olivia nelson-ododa,no_projection_for_player_team_date
2026-05-21,2026,Olivia Nelson-Ododa,CON,SEA,A,0.0,0.0,0.0,0.0,0.0,0.0,0.0,0.0,0.0,0.0,0.0,0.0,0.0,0.0,,olivia nelson-ododa,0,last_good_canonical,401856923.0,4398966.0,C,0.0,0.0,espn,olivia nelson-ododa,no_projection_for_player_team_date
2026-05-23,2026,Olivia Nelson-Ododa,CON,SEA,A,0.0,0.0,0.0,0.0,0.0,0.0,0.0,0.0,0.0,0.0,0.0,0.0,0.0,0.0,,olivia nelson-ododa,0,last_good_canonical,401856929.0,4398966.0,C,0.0,0.0,espn,olivia nelson-ododa,no_projection_for_player_team_date
2026-05-28,2026,Olivia Nelson-Ododa,CON,POR,A,21.0,4.0,4.0,4.0,0.0,2.0,0.0,0.0,3.0,2.0,2.0,0.0,3.0,1.0,,olivia nelson-ododa,0,last_good_canonical,401856941.0,4398966.0,C,0.0,1.0,espn,olivia nelson-ododa,no_projection_for_player_team_date
2026-05-30,2026,Olivia Nelson-Ododa,CON,LAS,H,17.0,4.0,4.0,1.0,0.0,1.0,1.0,0.0,1.0,0.0,4.0,4.0,1.0,3.0,,olivia nelson-ododa,1,last_good_canonical,401856950.0,4398966.0,C,0.0,1.0,espn,olivia nelson-ododa,no_projection_for_player_team_date
2026-06-02,2026,Olivia Nelson-Ododa,CON,ATL,A,11.0,10.0,1.0,0.0,0.0,1.0,0.0,1.0,3.0,3.0,8.0,4.0,0.0,1.0,-4.0,olivia nelson-ododa,0,last_good_canonical,,,,,,,olivia nelson-ododa,no_projection_for_player_team_date
2026-05-13,2026,Paige Bueckers,DAL,ATL,H,32.0,15.0,2.0,3.0,2.0,0.0,1.0,0.0,12.0,5.0,3.0,3.0,0.0,2.0,,paige bueckers,1,last_good_canonical,401856901.0,4433730.0,G,1.0,1.0,espn,paige bueckers,no_projection_for_player_team_date
2026-05-15,2026,Paige Bueckers,DAL,MIN,H,31.0,27.0,3.0,8.0,3.0,0.0,0.0,3.0,13.0,7.0,11.0,10.0,0.0,3.0,,paige bueckers,1,last_good_canonical,401856908.0,4433730.0,G,1.0,1.0,espn,paige bueckers,no_projection_for_player_team_date
2026-05-19,2026,Paige Bueckers,DAL,WAS,H,33.0,18.0,3.0,7.0,4.0,0.0,0.0,1.0,12.0,7.0,0.0,0.0,0.0,3.0,,paige bueckers,1,last_good_canonical,401856918.0,4433730.0,G,1.0,1.0,espn,paige bueckers,no_projection_for_player_team_date
2026-05-21,2026,Paige Bueckers,DAL,CHI,A,33.0,24.0,3.0,4.0,1.0,0.0,0.0,3.0,19.0,11.0,1.0,1.0,0.0,3.0,,paige bueckers,0,last_good_canonical,401856922.0,4433730.0,G,1.0,1.0,espn,paige bueckers,no_projection_for_player_team_date
2026-05-29,2026,Paige Bueckers,DAL,LVA,H,38.0,20.0,3.0,6.0,2.0,0.0,2.0,3.0,18.0,8.0,3.0,2.0,1.0,2.0,,paige bueckers,1,last_good_canonical,401856943.0,4433730.0,G,1.0,1.0,espn,paige bueckers,no_projection_for_player_team_date
2026-06-02,2026,Paige Bueckers,DAL,SEA,H,24.0,10.0,9.0,7.0,1.0,1.0,0.0,2.0,12.0,4.0,2.0,1.0,1.0,8.0,,paige bueckers,1,last_good_canonical,401856953.0,4433730.0,G,1.0,1.0,espn,paige bueckers,no_projection_for_player_team_date
2026-06-06,2026,Paige Bueckers,DAL,LAS,A,36.0,18.0,3.0,14.0,1.0,1.0,0.0,1.0,14.0,7.0,4.0,3.0,1.0,2.0,,paige bueckers,0,last_good_canonical,401856964.0,4433730.0,G,1.0,1.0,espn,paige bueckers,no_projection_for_player_team_date
2026-06-10,2026,Paige Bueckers,DAL,MIN,A,30.0,23.0,1.0,2.0,3.0,0.0,1.0,5.0,16.0,9.0,2.0,2.0,0.0,1.0,,paige bueckers,0,last_good_canonical,401856976.0,4433730.0,G,1.0,1.0,espn,paige bueckers,no_projection_for_player_team_date
2026-06-12,2026,Paige Bueckers,DAL,PHX,H,32.0,31.0,6.0,5.0,3.0,1.0,0.0,2.0,20.0,14.0,0.0,0.0,1.0,5.0,,paige bueckers,1,last_good_canonical,401856982.0,4433730.0,G,1.0,1.0,espn,paige bueckers,no_projection_for_player_team_date
2026-06-14,2026,Paige Bueckers,DAL,POR,A,0.0,0.0,0.0,0.0,0.0,0.0,0.0,0.0,0.0,0.0,0.0,0.0,0.0,0.0,,paige bueckers,0,last_good_canonical,401856988.0,4433730.0,G,0.0,0.0,espn,paige bueckers,no_projection_for_player_team_date
2026-06-16,2026,Paige Bueckers,DAL,LVA,H,24.0,10.0,5.0,7.0,2.0,1.0,0.0,0.0,11.0,4.0,0.0,0.0,0.0,5.0,,paige bueckers,1,last_good_canonical,401856992.0,4433730.0,G,1.0,1.0,espn,paige bueckers,no_projection_for_player_team_date
2026-06-18,2026,Paige Bueckers,DAL,GSV,A,36.0,15.0,3.0,8.0,1.0,1.0,1.0,2.0,13.0,5.0,4.0,4.0,0.0,3.0,,paige bueckers,0,last_good_canonical,401856998.0,4433730.0,G,1.0,1.0,espn,paige bueckers,no_projection_for_player_team_date
2026-06-21,2026,Paige Bueckers,DAL,CHI,H,36.0,19.0,7.0,8.0,1.0,2.0,1.0,2.0,16.0,7.0,4.0,4.0,1.0,6.0,,paige bueckers,1,last_good_canonical,401857008.0,4433730.0,G,1.0,1.0,espn,paige bueckers,no_projection_for_player_team_date
2026-06-23,2026,Paige Bueckers,DAL,SEA,A,38.0,27.0,5.0,5.0,3.0,1.0,0.0,2.0,23.0,12.0,0.0,0.0,1.0,4.0,,paige bueckers,0,last_good_canonical,401857015.0,4433730.0,G,1.0,1.0,espn,paige bueckers,no_projection_for_player_team_date
2026-06-26,2026,Paige Bueckers,DAL,LVA,A,37.0,25.0,2.0,6.0,0.0,3.0,0.0,1.0,19.0,11.0,3.0,3.0,0.0,2.0,,paige bueckers,0,last_good_canonical,401857022.0,4433730.0,G,1.0,1.0,espn,paige bueckers,no_projection_for_player_team_date
2026-05-08,2026,Pauline Astier,NYL,CON,A,20.0,5.0,2.0,4.0,0.0,1.0,0.0,0.0,4.0,2.0,3.0,1.0,1.0,1.0,,pauline astier,0,last_good_canonical,401856890.0,5345320.0,G,1.0,1.0,espn,pauline astier,no_projection_for_player_team_date
2026-05-10,2026,Pauline Astier,NYL,WAS,A,35.0,18.0,5.0,7.0,0.0,2.0,0.0,2.0,10.0,6.0,7.0,6.0,1.0,4.0,,pauline astier,0,last_good_canonical,401856897.0,5345320.0,G,1.0,1.0,espn,pauline astier,no_projection_for_player_team_date
2026-05-13,2026,Pauline Astier,NYL,POR,A,30.0,24.0,5.0,3.0,2.0,2.0,0.0,5.0,14.0,10.0,3.0,2.0,3.0,2.0,,pauline astier,0,last_good_canonical,401856903.0,5345320.0,G,1.0,1.0,espn,pauline astier,no_projection_for_player_team_date
2026-05-15,2026,Pauline Astier,NYL,POR,A,22.0,20.0,3.0,2.0,3.0,1.0,0.0,0.0,12.0,7.0,4.0,3.0,0.0,3.0,,pauline astier,0,last_good_canonical,401856909.0,5345320.0,G,1.0,1.0,espn,pauline astier,no_projection_for_player_team_date
2026-05-22,2026,Pauline Astier,NYL,GSV,A,25.0,7.0,5.0,2.0,1.0,0.0,0.0,0.0,5.0,3.0,0.0,0.0,0.0,5.0,,pauline astier,0,last_good_canonical,401856924.0,5345320.0,G,1.0,1.0,espn,pauline astier,no_projection_for_player_team_date
2026-05-24,2026,Pauline Astier,NYL,DAL,A,18.0,7.0,0.0,1.0,1.0,1.0,0.0,2.0,3.0,2.0,2.0,2.0,0.0,0.0,,pauline astier,0,last_good_canonical,401856934.0,5345320.0,G,0.0,1.0,espn,pauline astier,no_projection_for_player_team_date
2026-05-27,2026,Pauline Astier,NYL,PHX,A,23.0,7.0,4.0,4.0,0.0,0.0,2.0,2.0,7.0,3.0,1.0,1.0,2.0,2.0,,pauline astier,0,last_good_canonical,401856938.0,5345320.0,G,1.0,1.0,espn,pauline astier,no_projection_for_player_team_date
2026-05-29,2026,Pauline Astier,NYL,PHX,A,31.0,16.0,6.0,6.0,1.0,0.0,1.0,2.0,8.0,6.0,4.0,3.0,0.0,6.0,,pauline astier,0,last_good_canonical,401856945.0,5345320.0,G,1.0,1.0,espn,pauline astier,no_projection_for_player_team_date
2026-06-03,2026,Pauline Astier,NYL,TOR,H,28.0,10.0,0.0,5.0,2.0,0.0,0.0,0.0,9.0,4.0,1.0,0.0,0.0,0.0,20.0,pauline astier,1,last_good_canonical,,,,,,,pauline astier,no_projection_for_player_team_date
2026-06-06,2026,Pauline Astier,NYL,IND,H,24.0,12.0,3.0,3.0,0.0,1.0,0.0,1.0,6.0,4.0,4.0,4.0,0.0,3.0,8.0,pauline astier,1,last_good_canonical,,,,,,,pauline astier,no_projection_for_player_team_date
2026-06-07,2026,Pauline Astier,NYL,IND,A,24.0,12.0,3.0,3.0,0.0,1.0,0.0,1.0,6.0,4.0,4.0,4.0,0.0,3.0,,pauline astier,0,last_good_canonical,401856969.0,5345320.0,G,1.0,1.0,espn,pauline astier,no_projection_for_player_team_date
2026-06-18,2026,Pauline Astier,NYL,CHI,A,23.0,9.0,5.0,4.0,0.0,1.0,0.0,0.0,3.0,1.0,7.0,7.0,2.0,3.0,,pauline astier,0,last_good_canonical,401856997.0,5345320.0,G,0.0,1.0,espn,pauline astier,no_projection_for_player_team_date
2026-06-22,2026,Pauline Astier,NYL,LAS,A,21.0,17.0,4.0,5.0,0.0,1.0,1.0,3.0,5.0,4.0,9.0,9.0,0.0,4.0,,pauline astier,0,last_good_canonical,401857011.0,5345320.0,G,0.0,1.0,espn,pauline astier,no_projection_for_player_team_date
2026-06-24,2026,Pauline Astier,NYL,LVA,A,20.0,7.0,2.0,2.0,0.0,0.0,0.0,0.0,6.0,3.0,1.0,1.0,0.0,2.0,,pauline astier,0,last_good_canonical,401857016.0,5345320.0,G,0.0,1.0,espn,pauline astier,no_projection_for_player_team_date
2026-06-26,2026,Pauline Astier,NYL,SEA,A,25.0,3.0,1.0,5.0,0.0,3.0,0.0,2.0,5.0,1.0,1.0,1.0,0.0,1.0,,pauline astier,0,last_good_canonical,401857023.0,5345320.0,G,1.0,1.0,espn,pauline astier,no_projection_for_player_team_date
2026-05-09,2026,Peyton Williams,PHX,LVA,A,6.0,0.0,0.0,2.0,0.0,0.0,1.0,0.0,1.0,0.0,0.0,0.0,0.0,0.0,,peyton williams,0,last_good_canonical,401856894.0,4068104.0,F,0.0,1.0,espn,peyton williams,no_projection_for_player_team_date
2026-05-09,2026,Quionche Carter,PHX,LVA,A,12.0,2.0,1.0,1.0,0.0,0.0,0.0,0.0,2.0,1.0,0.0,0.0,0.0,1.0,,quionche carter,0,last_good_canonical,401856894.0,5107404.0,G,0.0,1.0,espn,quionche carter,no_projection_for_player_team_date
2026-05-13,2026,Quionche Carter,PHX,MIN,H,0.0,0.0,0.0,0.0,0.0,0.0,0.0,0.0,0.0,0.0,0.0,0.0,0.0,0.0,,quionche carter,1,last_good_canonical,401856902.0,5107404.0,G,0.0,0.0,espn,quionche carter,no_projection_for_player_team_date
2026-05-20,2026,Quionche Carter,PHX,TOR,H,0.0,0.0,0.0,0.0,0.0,0.0,0.0,0.0,0.0,0.0,0.0,0.0,0.0,0.0,,quionche carter,1,last_good_canonical,401856920.0,5107404.0,G,0.0,0.0,espn,quionche carter,no_projection_for_player_team_date
2026-05-22,2026,Quionche Carter,PHX,LAS,H,0.0,0.0,0.0,0.0,0.0,0.0,0.0,0.0,0.0,0.0,0.0,0.0,0.0,0.0,,quionche carter,1,last_good_canonical,401856926.0,5107404.0,G,0.0,1.0,espn,quionche carter,no_projection_for_player_team_date
2026-05-24,2026,Quionche Carter,PHX,ATL,A,0.0,0.0,0.0,0.0,0.0,0.0,0.0,0.0,0.0,0.0,0.0,0.0,0.0,0.0,,quionche carter,0,last_good_canonical,401856933.0,5107404.0,G,0.0,0.0,espn,quionche carter,no_projection_for_player_team_date
2026-05-27,2026,Quionche Carter,PHX,NYL,A,0.0,0.0,0.0,0.0,0.0,0.0,0.0,0.0,0.0,0.0,0.0,0.0,0.0,0.0,,quionche carter,0,last_good_canonical,401856938.0,5107404.0,G,0.0,0.0,espn,quionche carter,no_projection_for_player_team_date
2026-05-29,2026,Quionche Carter,PHX,NYL,A,0.0,0.0,0.0,0.0,0.0,0.0,0.0,0.0,0.0,0.0,0.0,0.0,0.0,0.0,,quionche carter,0,last_good_canonical,401856945.0,5107404.0,G,0.0,0.0,espn,quionche carter,no_projection_for_player_team_date
2026-06-02,2026,Quionche Carter,PHX,MIN,H,10.0,6.0,0.0,2.0,0.0,1.0,0.0,0.0,3.0,1.0,5.0,4.0,0.0,0.0,,quionche carter,1,last_good_canonical,401856954.0,5107404.0,G,0.0,1.0,espn,quionche carter,no_projection_for_player_team_date
2026-06-03,2026,Quionche Carter,PHX,SEA,A,,,,,,,,,,,,,,,,quionche carter,0,last_good_canonical,,,,,,,quionche carter,no_projection_for_player_team_date
2026-06-04,2026,Quionche Carter,PHX,SEA,A,0.0,0.0,0.0,0.0,0.0,0.0,0.0,0.0,0.0,0.0,0.0,0.0,0.0,0.0,,quionche carter,0,last_good_canonical,401856960.0,5107404.0,G,0.0,0.0,espn,quionche carter,no_projection_for_player_team_date
2026-06-06,2026,Quionche Carter,PHX,POR,A,9.0,2.0,3.0,0.0,0.0,1.0,0.0,2.0,1.0,1.0,1.0,0.0,3.0,0.0,,quionche carter,0,last_good_canonical,401856965.0,5107404.0,G,0.0,1.0,espn,quionche carter,no_projection_for_player_team_date
2026-06-10,2026,Quionche Carter,PHX,GSV,A,3.0,2.0,0.0,0.0,0.0,1.0,0.0,0.0,1.0,0.0,2.0,2.0,0.0,0.0,,quionche carter,0,last_good_canonical,401856977.0,5107404.0,G,0.0,1.0,espn,quionche carter,no_projection_for_player_team_date
2026-06-12,2026,Quionche Carter,PHX,DAL,A,3.0,0.0,1.0,1.0,0.0,0.0,0.0,0.0,1.0,0.0,0.0,0.0,0.0,1.0,,quionche carter,0,last_good_canonical,401856982.0,5107404.0,G,0.0,1.0,espn,quionche carter,no_projection_for_player_team_date
2026-06-14,2026,Quionche Carter,PHX,LAS,H,8.0,0.0,0.0,0.0,0.0,0.0,0.0,0.0,2.0,0.0,0.0,0.0,0.0,0.0,,quionche carter,1,last_good_canonical,401856989.0,5107404.0,G,0.0,1.0,espn,quionche carter,no_projection_for_player_team_date
2026-06-18,2026,Quionche Carter,PHX,LVA,H,0.0,0.0,0.0,0.0,0.0,0.0,0.0,0.0,0.0,0.0,0.0,0.0,0.0,0.0,,quionche carter,1,last_good_canonical,401857000.0,5107404.0,G,0.0,0.0,espn,quionche carter,no_projection_for_player_team_date
2026-06-23,2026,Quionche Carter,PHX,IND,A,2.0,0.0,0.0,0.0,0.0,0.0,0.0,0.0,0.0,0.0,0.0,0.0,0.0,0.0,,quionche carter,0,last_good_canonical,401857014.0,5107404.0,G,0.0,1.0,espn,quionche carter,no_projection_for_player_team_date
2026-05-10,2026,Rachel Banham,CHI,POR,A,15.0,3.0,0.0,2.0,1.0,0.0,0.0,2.0,3.0,1.0,0.0,0.0,0.0,0.0,,rachel banham,0,last_good_canonical,401856895.0,2566186.0,G,0.0,1.0,espn,rachel banham,no_projection_for_player_team_date
2026-05-14,2026,Rachel Banham,CHI,GSV,A,12.0,0.0,0.0,0.0,0.0,1.0,0.0,0.0,1.0,0.0,0.0,0.0,0.0,0.0,,rachel banham,0,last_good_canonical,401856906.0,2566186.0,G,0.0,1.0,espn,rachel banham,no_projection_for_player_team_date
2026-05-17,2026,Rachel Banham,CHI,MIN,A,23.0,13.0,1.0,0.0,2.0,0.0,0.0,1.0,12.0,5.0,2.0,1.0,0.0,1.0,,rachel banham,0,last_good_canonical,401856914.0,2566186.0,G,0.0,1.0,espn,rachel banham,no_projection_for_player_team_date
2026-05-21,2026,Rachel Banham,CHI,DAL,H,15.0,10.0,0.0,1.0,2.0,0.0,0.0,1.0,8.0,3.0,2.0,2.0,0.0,0.0,,rachel banham,1,last_good_canonical,401856922.0,2566186.0,G,0.0,1.0,espn,rachel banham,no_projection_for_player_team_date
2026-05-23,2026,Rachel Banham,CHI,MIN,H,17.0,6.0,0.0,3.0,2.0,1.0,0.0,0.0,6.0,2.0,0.0,0.0,0.0,0.0,,rachel banham,1,last_good_canonical,401856930.0,2566186.0,G,0.0,1.0,espn,rachel banham,no_projection_for_player_team_date
2026-05-28,2026,Rachel Banham,CHI,TOR,H,13.0,0.0,1.0,1.0,0.0,0.0,0.0,2.0,1.0,0.0,0.0,0.0,0.0,1.0,,rachel banham,1,last_good_canonical,401856939.0,2566186.0,G,0.0,1.0,espn,rachel banham,no_projection_for_player_team_date
2026-05-29,2026,Rachel Banham,CHI,MIN,H,23.0,8.0,7.0,0.0,2.0,0.0,1.0,1.0,10.0,2.0,2.0,2.0,1.0,6.0,,rachel banham,1,last_good_canonical,401856947.0,2566186.0,G,0.0,1.0,espn,rachel banham,no_projection_for_player_team_date
2026-06-02,2026,Rachel Banham,CHI,WAS,A,18.0,5.0,0.0,2.0,1.0,0.0,0.0,2.0,4.0,2.0,0.0,0.0,0.0,0.0,-1.0,rachel banham,0,last_good_canonical,,,,,,,rachel banham,no_projection_for_player_team_date
2026-06-18,2026,Rachel Banham,CHI,NYL,H,4.0,0.0,2.0,0.0,0.0,1.0,0.0,0.0,2.0,0.0,0.0,0.0,1.0,1.0,,rachel banham,1,last_good_canonical,401856997.0,2566186.0,G,0.0,1.0,espn,rachel banham,no_projection_for_player_team_date
2026-06-21,2026,Rachel Banham,CHI,DAL,A,0.0,0.0,0.0,0.0,0.0,0.0,0.0,0.0,0.0,0.0,0.0,0.0,0.0,0.0,,rachel banham,0,last_good_canonical,401857008.0,2566186.0,G,0.0,0.0,espn,rachel banham,no_projection_for_player_team_date
2026-06-25,2026,Rachel Banham,CHI,POR,H,6.0,3.0,0.0,0.0,1.0,0.0,0.0,0.0,2.0,1.0,0.0,0.0,0.0,0.0,,rachel banham,1,last_good_canonical,401857019.0,2566186.0,G,0.0,1.0,espn,rachel banham,no_projection_for_player_team_date
2025-07-05,2025,Rae Burrell,LAS,IND,A,11.0,2.0,2.0,0.0,0.0,0.0,0.0,0.0,4.0,1.0,0.0,0.0,0.0,2.0,,rae burrell,0,last_good_canonical,401736225.0,4398764.0,G,0.0,1.0,espn,rae burrell,no_projection_for_player_team_date
2026-05-10,2026,Rae Burrell,LAS,LVA,A,28.0,5.0,3.0,1.0,1.0,1.0,0.0,2.0,6.0,2.0,0.0,0.0,1.0,2.0,,rae burrell,0,last_good_canonical,401856898.0,4398764.0,G,1.0,1.0,espn,rae burrell,no_projection_for_player_team_date
2026-05-14,2026,Rae Burrell,LAS,IND,A,29.0,10.0,1.0,1.0,0.0,2.0,0.0,1.0,10.0,4.0,2.0,2.0,1.0,0.0,,rae burrell,0,last_good_canonical,401856907.0,4398764.0,G,1.0,1.0,espn,rae burrell,no_projection_for_player_team_date
2026-05-17,2026,Rae Burrell,LAS,TOR,A,18.0,2.0,3.0,2.0,0.0,0.0,0.0,1.0,2.0,0.0,2.0,2.0,2.0,1.0,,rae burrell,0,last_good_canonical,401856917.0,4398764.0,G,1.0,1.0,espn,rae burrell,no_projection_for_player_team_date
2026-05-22,2026,Rae Burrell,LAS,PHX,A,22.0,12.0,1.0,2.0,2.0,0.0,0.0,2.0,9.0,4.0,2.0,2.0,0.0,1.0,,rae burrell,0,last_good_canonical,401856926.0,4398764.0,G,0.0,1.0,espn,rae burrell,no_projection_for_player_team_date
2026-05-24,2026,Rae Burrell,LAS,LVA,A,25.0,10.0,2.0,2.0,2.0,1.0,0.0,1.0,7.0,3.0,2.0,2.0,0.0,2.0,,rae burrell,0,last_good_canonical,401856932.0,4398764.0,G,0.0,1.0,espn,rae burrell,no_projection_for_player_team_date
2026-05-29,2026,Rae Burrell,LAS,WAS,A,32.0,4.0,2.0,1.0,0.0,0.0,0.0,1.0,8.0,2.0,1.0,0.0,0.0,2.0,,rae burrell,0,last_good_canonical,401856946.0,4398764.0,G,1.0,1.0,espn,rae burrell,no_projection_for_player_team_date
2026-05-30,2026,Rae Burrell,LAS,CON,A,27.0,16.0,5.0,1.0,2.0,0.0,1.0,2.0,13.0,6.0,2.0,2.0,2.0,3.0,,rae burrell,0,last_good_canonical,401856950.0,4398764.0,G,1.0,1.0,espn,rae burrell,no_projection_for_player_team_date
2026-06-03,2026,Rae Burrell,LAS,LVA,A,33.0,22.0,1.0,1.0,2.0,0.0,0.0,3.0,14.0,8.0,6.0,4.0,0.0,1.0,,rae burrell,0,last_good_canonical,401856958.0,4398764.0,G,1.0,1.0,espn,rae burrell,no_projection_for_player_team_date
2026-06-06,2026,Rae Burrell,LAS,DAL,A,18.0,3.0,2.0,4.0,0.0,2.0,1.0,2.0,5.0,1.0,2.0,1.0,0.0,2.0,,rae burrell,0,last_good_canonical,401856964.0,4398764.0,G,0.0,1.0,espn,rae burrell,no_projection_for_player_team_date
2026-06-11,2026,Rae Burrell,LAS,SEA,A,27.0,4.0,2.0,1.0,1.0,0.0,2.0,2.0,4.0,1.0,2.0,1.0,0.0,2.0,,rae burrell,0,last_good_canonical,401856979.0,4398764.0,G,0.0,1.0,espn,rae burrell,no_projection_for_player_team_date
2026-06-14,2026,Rae Burrell,LAS,PHX,A,27.0,24.0,3.0,1.0,2.0,0.0,3.0,0.0,15.0,9.0,4.0,4.0,1.0,2.0,,rae burrell,0,last_good_canonical,401856989.0,4398764.0,G,0.0,1.0,espn,rae burrell,no_projection_for_player_team_date
2026-06-16,2026,Rae Burrell,LAS,GSV,A,22.0,13.0,1.0,1.0,0.0,0.0,3.0,1.0,8.0,2.0,10.0,9.0,0.0,1.0,,rae burrell,0,last_good_canonical,401856994.0,4398764.0,G,0.0,1.0,espn,rae burrell,no_projection_for_player_team_date
2026-06-18,2026,Rae Burrell,LAS,MIN,A,26.0,19.0,0.0,3.0,2.0,0.0,0.0,2.0,10.0,6.0,6.0,5.0,0.0,0.0,,rae burrell,0,last_good_canonical,401856999.0,4398764.0,G,1.0,1.0,espn,rae burrell,no_projection_for_player_team_date
2026-06-22,2026,Rae Burrell,LAS,NYL,A,26.0,19.0,3.0,4.0,2.0,0.0,0.0,3.0,10.0,5.0,7.0,7.0,1.0,2.0,,rae burrell,0,last_good_canonical,401857011.0,4398764.0,G,0.0,1.0,espn,rae burrell,no_projection_for_player_team_date
2026-06-28,2026,Rae Burrell,LAS,IND,A,28.0,11.0,2.0,1.0,0.0,0.0,0.0,2.0,15.0,4.0,4.0,3.0,1.0,1.0,,rae burrell,0,last_good_canonical,401857028.0,4398764.0,G,1.0,1.0,espn,rae burrell,no_projection_for_player_team_date
2026-05-08,2026,Raegan Beers,CON,NYL,A,11.0,1.0,2.0,0.0,0.0,0.0,0.0,0.0,1.0,0.0,4.0,1.0,0.0,2.0,,raegan beers,0,last_good_canonical,401856890.0,5105732.0,F,0.0,1.0,espn,raegan beers,no_projection_for_player_team_date
2026-05-10,2026,Raegan Beers,CON,SEA,H,0.0,0.0,0.0,0.0,0.0,0.0,0.0,0.0,0.0,0.0,0.0,0.0,0.0,0.0,,raegan beers,1,last_good_canonical,401856896.0,5105732.0,F,0.0,0.0,espn,raegan beers,no_projection_for_player_team_date
2026-05-14,2026,Raegan Beers,CON,LVA,H,14.0,7.0,3.0,0.0,0.0,1.0,0.0,0.0,8.0,3.0,2.0,1.0,2.0,1.0,,raegan beers,1,last_good_canonical,401856905.0,5105732.0,F,0.0,1.0,espn,raegan beers,no_projection_for_player_team_date
2026-05-15,2026,Raegan Beers,CON,LVA,H,17.0,6.0,4.0,2.0,0.0,0.0,0.0,1.0,4.0,2.0,2.0,2.0,2.0,2.0,,raegan beers,1,last_good_canonical,401856910.0,5105732.0,F,0.0,1.0,espn,raegan beers,no_projection_for_player_team_date
2026-05-19,2026,Raegan Beers,CON,POR,A,5.0,4.0,2.0,0.0,0.0,0.0,0.0,1.0,2.0,2.0,0.0,0.0,2.0,0.0,,raegan beers,0,last_good_canonical,401856919.0,5105732.0,F,0.0,1.0,espn,raegan beers,no_projection_for_player_team_date
2026-05-21,2026,Raegan Beers,CON,SEA,A,27.0,10.0,8.0,2.0,1.0,2.0,0.0,2.0,8.0,4.0,3.0,1.0,4.0,4.0,,raegan beers,0,last_good_canonical,401856923.0,5105732.0,F,0.0,1.0,espn,raegan beers,no_projection_for_player_team_date
2026-05-23,2026,Raegan Beers,CON,SEA,A,14.0,4.0,4.0,1.0,0.0,1.0,0.0,1.0,4.0,2.0,0.0,0.0,1.0,3.0,,raegan beers,0,last_good_canonical,401856929.0,5105732.0,F,0.0,1.0,espn,raegan beers,no_projection_for_player_team_date
2026-05-28,2026,Raegan Beers,CON,POR,A,14.0,4.0,4.0,2.0,0.0,0.0,0.0,0.0,2.0,2.0,0.0,0.0,0.0,4.0,,raegan beers,0,last_good_canonical,401856941.0,5105732.0,F,0.0,1.0,espn,raegan beers,no_projection_for_player_team_date
2026-05-30,2026,Raegan Beers,CON,LAS,H,11.0,0.0,7.0,2.0,0.0,0.0,0.0,2.0,0.0,0.0,0.0,0.0,2.0,5.0,,raegan beers,1,last_good_canonical,401856950.0,5105732.0,F,0.0,1.0,espn,raegan beers,no_projection_for_player_team_date
2026-06-02,2026,Raegan Beers,CON,ATL,A,,,,,,,,,,,,,,,,raegan beers,0,last_good_canonical,,,,,,,raegan beers,no_projection_for_player_team_date
2026-05-24,2026,Raquel Carrera,NYL,DAL,A,1.0,0.0,0.0,1.0,0.0,0.0,0.0,0.0,0.0,0.0,0.0,0.0,0.0,0.0,,raquel carrera,0,last_good_canonical,401856934.0,4790258.0,F,0.0,1.0,espn,raquel carrera,no_projection_for_player_team_date
2026-05-27,2026,Raquel Carrera,NYL,PHX,A,1.0,0.0,0.0,0.0,0.0,0.0,0.0,0.0,0.0,0.0,0.0,0.0,0.0,0.0,,raquel carrera,0,last_good_canonical,401856938.0,4790258.0,F,0.0,1.0,espn,raquel carrera,no_projection_for_player_team_date
2026-05-29,2026,Raquel Carrera,NYL,PHX,A,0.0,0.0,0.0,0.0,0.0,0.0,0.0,0.0,0.0,0.0,0.0,0.0,0.0,0.0,,raquel carrera,0,last_good_canonical,401856945.0,4790258.0,F,0.0,0.0,espn,raquel carrera,no_projection_for_player_team_date
2026-06-03,2026,Raquel Carrera,NYL,TOR,H,,,,,,,,,,,,,,,,raquel carrera,1,last_good_canonical,,,,,,,raquel carrera,no_projection_for_player_team_date
2026-06-06,2026,Raquel Carrera,NYL,IND,H,,,,,,,,,,,,,,,,raquel carrera,1,last_good_canonical,,,,,,,raquel carrera,no_projection_for_player_team_date
2026-06-07,2026,Raquel Carrera,NYL,IND,A,0.0,0.0,0.0,0.0,0.0,0.0,0.0,0.0,0.0,0.0,0.0,0.0,0.0,0.0,,raquel carrera,0,last_good_canonical,401856969.0,4790258.0,F,0.0,0.0,espn,raquel carrera,no_projection_for_player_team_date
2026-06-18,2026,Raquel Carrera,NYL,CHI,A,0.0,0.0,0.0,0.0,0.0,0.0,0.0,0.0,0.0,0.0,0.0,0.0,0.0,0.0,,raquel carrera,0,last_good_canonical,401856997.0,4790258.0,F,0.0,0.0,espn,raquel carrera,no_projection_for_player_team_date
2026-06-22,2026,Raquel Carrera,NYL,LAS,A,1.0,0.0,0.0,0.0,0.0,0.0,0.0,0.0,0.0,0.0,0.0,0.0,0.0,0.0,,raquel carrera,0,last_good_canonical,401857011.0,4790258.0,F,0.0,1.0,espn,raquel carrera,no_projection_for_player_team_date
2026-06-24,2026,Raquel Carrera,NYL,LVA,A,0.0,0.0,0.0,0.0,0.0,0.0,0.0,0.0,0.0,0.0,0.0,0.0,0.0,0.0,,raquel carrera,0,last_good_canonical,401857016.0,4790258.0,F,0.0,0.0,espn,raquel carrera,no_projection_for_player_team_date
2026-06-26,2026,Raquel Carrera,NYL,SEA,A,17.0,7.0,5.0,0.0,0.0,0.0,0.0,1.0,4.0,3.0,2.0,1.0,3.0,2.0,,raquel carrera,0,last_good_canonical,401857023.0,4790258.0,F,0.0,1.0,espn,raquel carrera,no_projection_for_player_team_date
2026-05-09,2026,Raven Johnson,IND,DAL,H,12.0,4.0,2.0,2.0,0.0,1.0,0.0,1.0,1.0,1.0,2.0,2.0,0.0,2.0,,raven johnson,1,last_good_canonical,401856893.0,4433797.0,G,0.0,1.0,espn,raven johnson,no_projection_for_player_team_date
2026-05-14,2026,Raven Johnson,IND,LAS,A,5.0,0.0,1.0,2.0,0.0,0.0,0.0,0.0,1.0,0.0,0.0,0.0,1.0,0.0,,raven johnson,0,last_good_canonical,401856907.0,4433797.0,G,0.0,1.0,espn,raven johnson,no_projection_for_player_team_date
2026-05-15,2026,Raven Johnson,IND,WAS,H,4.0,0.0,2.0,0.0,0.0,0.0,0.0,0.0,0.0,0.0,0.0,0.0,1.0,1.0,,raven johnson,1,last_good_canonical,401856911.0,4433797.0,G,0.0,1.0,espn,raven johnson,no_projection_for_player_team_date
2026-05-17,2026,Raven Johnson,IND,SEA,H,17.0,0.0,3.0,1.0,0.0,0.0,1.0,3.0,1.0,0.0,0.0,0.0,1.0,2.0,,raven johnson,1,last_good_canonical,401856916.0,4433797.0,G,0.0,1.0,espn,raven johnson,no_projection_for_player_team_date
2026-05-20,2026,Raven Johnson,IND,POR,H,22.0,9.0,3.0,1.0,1.0,0.0,1.0,3.0,12.0,3.0,2.0,2.0,0.0,3.0,,raven johnson,1,last_good_canonical,401856921.0,4433797.0,G,0.0,1.0,espn,raven johnson,no_projection_for_player_team_date
2026-05-22,2026,Raven Johnson,IND,GSV,H,15.0,7.0,2.0,2.0,1.0,0.0,0.0,2.0,5.0,3.0,0.0,0.0,0.0,2.0,,raven johnson,1,last_good_canonical,401856928.0,4433797.0,G,0.0,1.0,espn,raven johnson,no_projection_for_player_team_date
2026-05-29,2026,Raven Johnson,IND,GSV,A,21.0,16.0,4.0,2.0,2.0,0.0,1.0,1.0,10.0,7.0,0.0,0.0,0.0,4.0,,raven johnson,0,last_good_canonical,401856944.0,4433797.0,G,0.0,1.0,espn,raven johnson,no_projection_for_player_team_date
2026-05-31,2026,Raven Johnson,IND,POR,A,10.0,3.0,1.0,0.0,0.0,1.0,0.0,1.0,4.0,1.0,2.0,1.0,0.0,1.0,,raven johnson,0,last_good_canonical,401856951.0,4433797.0,G,0.0,1.0,espn,raven johnson,no_projection_for_player_team_date
2026-06-04,2026,Raven Johnson,IND,ATL,H,23.0,5.0,2.0,3.0,1.0,2.0,0.0,1.0,5.0,2.0,0.0,0.0,0.0,2.0,15.0,raven johnson,1,last_good_canonical,,,,,,,raven johnson,no_projection_for_player_team_date
2026-06-06,2026,Raven Johnson,IND,NYL,A,17.0,6.0,2.0,4.0,0.0,0.0,0.0,1.0,7.0,2.0,2.0,2.0,1.0,1.0,-6.0,raven johnson,0,last_good_canonical,,,,,,,raven johnson,no_projection_for_player_team_date
2026-06-07,2026,Raven Johnson,IND,NYL,A,17.0,6.0,2.0,4.0,0.0,0.0,0.0,1.0,7.0,2.0,2.0,2.0,1.0,1.0,,raven johnson,0,last_good_canonical,401856969.0,4433797.0,G,0.0,1.0,espn,raven johnson,no_projection_for_player_team_date
2026-06-23,2026,Raven Johnson,IND,PHX,H,18.0,4.0,5.0,3.0,0.0,1.0,0.0,0.0,6.0,2.0,0.0,0.0,3.0,2.0,,raven johnson,1,last_good_canonical,401857014.0,4433797.0,G,0.0,1.0,espn,raven johnson,no_projection_for_player_team_date
2026-06-28,2026,Raven Johnson,IND,LAS,H,21.0,2.0,3.0,4.0,0.0,0.0,0.0,3.0,2.0,1.0,0.0,0.0,1.0,2.0,,raven johnson,1,last_good_canonical,401857028.0,4433797.0,G,0.0,1.0,espn,raven johnson,no_projection_for_player_team_date
2026-05-08,2026,Rebecca Allen,NYL,CON,A,0.0,0.0,0.0,0.0,0.0,0.0,0.0,0.0,0.0,0.0,0.0,0.0,0.0,0.0,,rebecca allen,0,last_good_canonical,401856890.0,3102133.0,G,0.0,0.0,espn,rebecca allen,no_projection_for_player_team_date
2026-05-10,2026,Rebecca Allen,NYL,WAS,A,0.0,0.0,0.0,0.0,0.0,0.0,0.0,0.0,0.0,0.0,0.0,0.0,0.0,0.0,,rebecca allen,0,last_good_canonical,401856897.0,3102133.0,G,0.0,0.0,espn,rebecca allen,no_projection_for_player_team_date
2026-05-15,2026,Rebecca Allen,NYL,POR,A,14.0,3.0,0.0,1.0,1.0,1.0,0.0,0.0,3.0,1.0,0.0,0.0,0.0,0.0,,rebecca allen,0,last_good_canonical,401856909.0,3102133.0,G,0.0,1.0,espn,rebecca allen,no_projection_for_player_team_date
2026-05-22,2026,Rebecca Allen,NYL,GSV,A,17.0,5.0,4.0,2.0,1.0,0.0,0.0,2.0,5.0,1.0,2.0,2.0,1.0,3.0,,rebecca allen,0,last_good_canonical,401856924.0,3102133.0,G,0.0,1.0,espn,rebecca allen,no_projection_for_player_team_date
2026-05-24,2026,Rebecca Allen,NYL,DAL,A,0.0,0.0,0.0,0.0,0.0,0.0,0.0,0.0,0.0,0.0,0.0,0.0,0.0,0.0,,rebecca allen,0,last_good_canonical,401856934.0,3102133.0,G,0.0,0.0,espn,rebecca allen,no_projection_for_player_team_date
2026-05-27,2026,Rebecca Allen,NYL,PHX,A,13.0,2.0,2.0,0.0,0.0,0.0,0.0,1.0,5.0,0.0,2.0,2.0,0.0,2.0,,rebecca allen,0,last_good_canonical,401856938.0,3102133.0,G,0.0,1.0,espn,rebecca allen,no_projection_for_player_team_date
2026-05-29,2026,Rebecca Allen,NYL,PHX,A,3.0,0.0,0.0,0.0,0.0,0.0,0.0,1.0,0.0,0.0,0.0,0.0,0.0,0.0,,rebecca allen,0,last_good_canonical,401856945.0,3102133.0,G,0.0,1.0,espn,rebecca allen,no_projection_for_player_team_date
2026-06-03,2026,Rebecca Allen,NYL,TOR,H,,,,,,,,,,,,,,,,rebecca allen,1,last_good_canonical,,,,,,,rebecca allen,no_projection_for_player_team_date
2026-06-06,2026,Rebecca Allen,NYL,IND,H,,,,,,,,,,,,,,,,rebecca allen,1,last_good_canonical,,,,,,,rebecca allen,no_projection_for_player_team_date
2026-06-07,2026,Rebecca Allen,NYL,IND,A,0.0,0.0,0.0,0.0,0.0,0.0,0.0,0.0,0.0,0.0,0.0,0.0,0.0,0.0,,rebecca allen,0,last_good_canonical,401856969.0,3102133.0,G,0.0,0.0,espn,rebecca allen,no_projection_for_player_team_date
2026-06-18,2026,Rebecca Allen,NYL,CHI,A,0.0,0.0,0.0,0.0,0.0,0.0,0.0,0.0,0.0,0.0,0.0,0.0,0.0,0.0,,rebecca allen,0,last_good_canonical,401856997.0,3102133.0,G,0.0,0.0,espn,rebecca allen,no_projection_for_player_team_date
2026-06-22,2026,Rebecca Allen,NYL,LAS,A,6.0,3.0,0.0,0.0,1.0,0.0,0.0,0.0,1.0,1.0,0.0,0.0,0.0,0.0,,rebecca allen,0,last_good_canonical,401857011.0,3102133.0,G,0.0,1.0,espn,rebecca allen,no_projection_for_player_team_date
2026-06-24,2026,Rebecca Allen,NYL,LVA,A,0.0,0.0,0.0,0.0,0.0,0.0,0.0,0.0,0.0,0.0,0.0,0.0,0.0,0.0,,rebecca allen,0,last_good_canonical,401857016.0,3102133.0,G,0.0,0.0,espn,rebecca allen,no_projection_for_player_team_date
2026-06-26,2026,Rebecca Allen,NYL,SEA,A,0.0,0.0,0.0,0.0,0.0,0.0,0.0,0.0,0.0,0.0,0.0,0.0,0.0,0.0,,rebecca allen,0,last_good_canonical,401857023.0,3102133.0,G,0.0,0.0,espn,rebecca allen,no_projection_for_player_team_date
2026-05-08,2026,Rebekah Gardner,NYL,CON,A,22.0,9.0,4.0,0.0,0.0,1.0,0.0,2.0,6.0,3.0,4.0,3.0,2.0,2.0,,rebekah gardner,0,last_good_canonical,401856890.0,2327695.0,G,0.0,1.0,espn,rebekah gardner,no_projection_for_player_team_date
2026-05-10,2026,Rebekah Gardner,NYL,WAS,A,25.0,9.0,3.0,2.0,0.0,0.0,0.0,1.0,5.0,4.0,1.0,1.0,1.0,2.0,,rebekah gardner,0,last_good_canonical,401856897.0,2327695.0,G,0.0,1.0,espn,rebekah gardner,no_projection_for_player_team_date
2026-05-13,2026,Rebekah Gardner,NYL,POR,A,22.0,8.0,2.0,4.0,2.0,0.0,0.0,0.0,4.0,3.0,0.0,0.0,1.0,1.0,,rebekah gardner,0,last_good_canonical,401856903.0,2327695.0,G,0.0,1.0,espn,rebekah gardner,no_projection_for_player_team_date
2026-05-15,2026,Rebekah Gardner,NYL,POR,A,20.0,14.0,5.0,5.0,2.0,0.0,0.0,1.0,7.0,4.0,4.0,4.0,1.0,4.0,,rebekah gardner,0,last_good_canonical,401856909.0,2327695.0,G,0.0,1.0,espn,rebekah gardner,no_projection_for_player_team_date
2026-05-22,2026,Rebekah Gardner,NYL,GSV,A,19.0,12.0,2.0,0.0,1.0,0.0,1.0,1.0,5.0,4.0,4.0,3.0,0.0,2.0,,rebekah gardner,0,last_good_canonical,401856924.0,2327695.0,G,0.0,1.0,espn,rebekah gardner,no_projection_for_player_team_date
2026-05-24,2026,Rebekah Gardner,NYL,DAL,A,16.0,4.0,1.0,0.0,0.0,0.0,0.0,1.0,2.0,2.0,0.0,0.0,0.0,1.0,,rebekah gardner,0,last_good_canonical,401856934.0,2327695.0,G,0.0,1.0,espn,rebekah gardner,no_projection_for_player_team_date
2026-05-27,2026,Rebekah Gardner,NYL,PHX,A,18.0,2.0,2.0,1.0,0.0,1.0,0.0,0.0,3.0,1.0,0.0,0.0,0.0,2.0,,rebekah gardner,0,last_good_canonical,401856938.0,2327695.0,G,0.0,1.0,espn,rebekah gardner,no_projection_for_player_team_date
2026-05-29,2026,Rebekah Gardner,NYL,PHX,A,15.0,6.0,1.0,0.0,0.0,0.0,1.0,0.0,5.0,3.0,0.0,0.0,0.0,1.0,,rebekah gardner,0,last_good_canonical,401856945.0,2327695.0,G,0.0,1.0,espn,rebekah gardner,no_projection_for_player_team_date
2026-06-03,2026,Rebekah Gardner,NYL,TOR,H,15.0,0.0,3.0,3.0,0.0,1.0,0.0,0.0,4.0,0.0,0.0,0.0,2.0,1.0,-4.0,rebekah gardner,1,last_good_canonical,,,,,,,rebekah gardner,no_projection_for_player_team_date
2026-06-06,2026,Rebekah Gardner,NYL,IND,H,13.0,4.0,4.0,1.0,0.0,1.0,0.0,1.0,3.0,1.0,2.0,2.0,2.0,2.0,-6.0,rebekah gardner,1,last_good_canonical,,,,,,,rebekah gardner,no_projection_for_player_team_date
2026-06-07,2026,Rebekah Gardner,NYL,IND,A,13.0,4.0,4.0,1.0,0.0,1.0,0.0,1.0,3.0,1.0,2.0,2.0,2.0,2.0,,rebekah gardner,0,last_good_canonical,401856969.0,2327695.0,G,0.0,1.0,espn,rebekah gardner,no_projection_for_player_team_date
2026-06-18,2026,Rebekah Gardner,NYL,CHI,A,15.0,10.0,1.0,1.0,0.0,1.0,0.0,0.0,5.0,3.0,4.0,4.0,1.0,0.0,,rebekah gardner,0,last_good_canonical,401856997.0,2327695.0,G,0.0,1.0,espn,rebekah gardner,no_projection_for_player_team_date
2026-06-22,2026,Rebekah Gardner,NYL,LAS,A,7.0,2.0,2.0,0.0,0.0,0.0,1.0,0.0,3.0,1.0,0.0,0.0,1.0,1.0,,rebekah gardner,0,last_good_canonical,401857011.0,2327695.0,G,0.0,1.0,espn,rebekah gardner,no_projection_for_player_team_date
2026-06-24,2026,Rebekah Gardner,NYL,LVA,A,0.0,0.0,0.0,0.0,0.0,0.0,0.0,0.0,0.0,0.0,0.0,0.0,0.0,0.0,,rebekah gardner,0,last_good_canonical,401857016.0,2327695.0,G,0.0,0.0,espn,rebekah gardner,no_projection_for_player_team_date
2026-06-26,2026,Rebekah Gardner,NYL,SEA,A,13.0,2.0,4.0,4.0,0.0,1.0,1.0,0.0,2.0,0.0,2.0,2.0,1.0,3.0,,rebekah gardner,0,last_good_canonical,401857023.0,2327695.0,G,0.0,1.0,espn,rebekah gardner,no_projection_for_player_team_date
2026-05-10,2026,Rhyne Howard,ATL,MIN,A,38.0,15.0,6.0,5.0,3.0,3.0,1.0,3.0,10.0,4.0,5.0,4.0,1.0,5.0,,rhyne howard,0,last_good_canonical,401856899.0,4398674.0,G,1.0,1.0,espn,rhyne howard,no_projection_for_player_team_date
2026-05-13,2026,Rhyne Howard,ATL,DAL,A,37.0,14.0,3.0,4.0,1.0,1.0,0.0,0.0,14.0,3.0,7.0,7.0,2.0,1.0,,rhyne howard,0,last_good_canonical,401856901.0,4398674.0,G,1.0,1.0,espn,rhyne howard,no_projection_for_player_team_date
2026-05-28,2026,Rhyne Howard,ATL,MIN,A,36.0,10.0,2.0,4.0,2.0,1.0,2.0,2.0,14.0,4.0,0.0,0.0,0.0,2.0,,rhyne howard,0,last_good_canonical,401856940.0,4398674.0,G,1.0,1.0,espn,rhyne howard,no_projection_for_player_team_date
2026-05-30,2026,Rhyne Howard,ATL,POR,A,34.0,14.0,2.0,4.0,4.0,6.0,0.0,1.0,11.0,5.0,2.0,0.0,1.0,1.0,,rhyne howard,0,last_good_canonical,401856948.0,4398674.0,G,1.0,1.0,espn,rhyne howard,no_projection_for_player_team_date
2026-06-25,2026,Rhyne Howard,ATL,GSV,A,31.0,12.0,5.0,3.0,1.0,1.0,1.0,1.0,11.0,5.0,1.0,1.0,0.0,5.0,,rhyne howard,0,last_good_canonical,401857020.0,4398674.0,G,1.0,1.0,espn,rhyne howard,no_projection_for_player_team_date
2026-06-28,2026,Rhyne Howard,ATL,SEA,A,38.0,27.0,0.0,3.0,4.0,1.0,0.0,1.0,17.0,10.0,3.0,3.0,0.0,0.0,,rhyne howard,0,last_good_canonical,401857029.0,4398674.0,G,1.0,1.0,espn,rhyne howard,no_projection_for_player_team_date
2025-07-05,2025,Rickea Jackson,LAS,IND,A,33.0,15.0,2.0,5.0,0.0,1.0,1.0,2.0,12.0,6.0,5.0,3.0,1.0,1.0,,rickea jackson,0,last_good_canonical,401736225.0,4433630.0,F,1.0,1.0,espn,rickea jackson,no_projection_for_player_team_date
2026-05-10,2026,Rickea Jackson,CHI,POR,A,36.0,19.0,7.0,3.0,1.0,0.0,1.0,3.0,14.0,5.0,10.0,8.0,1.0,6.0,,rickea jackson,0,last_good_canonical,401856895.0,4433630.0,F,1.0,1.0,espn,rickea jackson,no_projection_for_player_team_date
2026-05-14,2026,Rickea Jackson,CHI,GSV,A,39.0,18.0,5.0,5.0,1.0,1.0,2.0,1.0,18.0,6.0,6.0,5.0,2.0,3.0,,rickea jackson,0,last_good_canonical,401856906.0,4433630.0,F,1.0,1.0,espn,rickea jackson,no_projection_for_player_team_date
2026-05-21,2026,Rickea Jackson,CHI,DAL,H,0.0,0.0,0.0,0.0,0.0,0.0,0.0,0.0,0.0,0.0,0.0,0.0,0.0,0.0,,rickea jackson,1,last_good_canonical,401856922.0,4433630.0,F,0.0,0.0,espn,rickea jackson,no_projection_for_player_team_date
2026-05-28,2026,Rickea Jackson,CHI,TOR,H,0.0,0.0,0.0,0.0,0.0,0.0,0.0,0.0,0.0,0.0,0.0,0.0,0.0,0.0,,rickea jackson,1,last_good_canonical,401856939.0,4433630.0,F,0.0,0.0,espn,rickea jackson,no_projection_for_player_team_date
2026-05-29,2026,Rickea Jackson,CHI,MIN,H,0.0,0.0,0.0,0.0,0.0,0.0,0.0,0.0,0.0,0.0,0.0,0.0,0.0,0.0,,rickea jackson,1,last_good_canonical,401856947.0,4433630.0,F,0.0,0.0,espn,rickea jackson,no_projection_for_player_team_date
2026-06-02,2026,Rickea Jackson,CHI,WAS,A,,,,,,,,,,,,,,,,rickea jackson,0,last_good_canonical,,,,,,,rickea jackson,no_projection_for_player_team_date
2026-06-25,2026,Rickea Jackson,CHI,POR,H,0.0,0.0,0.0,0.0,0.0,0.0,0.0,0.0,0.0,0.0,0.0,0.0,0.0,0.0,,rickea jackson,1,last_good_canonical,401857019.0,4433630.0,F,0.0,0.0,espn,rickea jackson,no_projection_for_player_team_date
2026-05-08,2026,Rori Harmon,WAS,TOR,A,20.0,0.0,2.0,2.0,0.0,3.0,0.0,3.0,2.0,0.0,0.0,0.0,0.0,2.0,,rori harmon,0,last_good_canonical,401856891.0,4433523.0,G,0.0,1.0,espn,rori harmon,no_projection_for_player_team_date
2026-05-10,2026,Rori Harmon,WAS,NYL,A,22.0,3.0,3.0,4.0,1.0,1.0,0.0,5.0,3.0,1.0,0.0,0.0,0.0,3.0,,rori harmon,0,last_good_canonical,401856897.0,4433523.0,G,0.0,1.0,espn,rori harmon,no_projection_for_player_team_date
2026-05-15,2026,Rori Harmon,WAS,IND,A,9.0,1.0,1.0,1.0,0.0,1.0,0.0,1.0,0.0,0.0,2.0,1.0,0.0,1.0,,rori harmon,0,last_good_canonical,401856911.0,4433523.0,G,0.0,1.0,espn,rori harmon,no_projection_for_player_team_date
2026-05-19,2026,Rori Harmon,WAS,DAL,A,5.0,2.0,1.0,2.0,0.0,0.0,0.0,1.0,2.0,0.0,2.0,2.0,0.0,1.0,,rori harmon,0,last_good_canonical,401856918.0,4433523.0,G,0.0,1.0,espn,rori harmon,no_projection_for_player_team_date
2026-05-24,2026,Rori Harmon,WAS,SEA,A,3.0,2.0,1.0,0.0,0.0,0.0,0.0,1.0,2.0,1.0,0.0,0.0,0.0,1.0,,rori harmon,0,last_good_canonical,401856935.0,4433523.0,G,0.0,1.0,espn,rori harmon,no_projection_for_player_team_date
2026-05-28,2026,Rori Harmon,WAS,SEA,A,0.0,0.0,0.0,0.0,0.0,0.0,0.0,0.0,0.0,0.0,0.0,0.0,0.0,0.0,,rori harmon,0,last_good_canonical,401856942.0,4433523.0,G,0.0,0.0,espn,rori harmon,no_projection_for_player_team_date
2026-05-29,2026,Rori Harmon,WAS,LAS,A,0.0,0.0,0.0,0.0,0.0,0.0,0.0,0.0,0.0,0.0,0.0,0.0,0.0,0.0,,rori harmon,0,last_good_canonical,401856946.0,4433523.0,G,0.0,0.0,espn,rori harmon,no_projection_for_player_team_date
2026-06-02,2026,Rori Harmon,WAS,CHI,H,1.0,0.0,0.0,1.0,0.0,0.0,0.0,1.0,0.0,0.0,0.0,0.0,0.0,0.0,2.0,rori harmon,1,last_good_canonical,,,,,,,rori harmon,no_projection_for_player_team_date
2026-06-06,2026,Rori Harmon,WAS,ATL,A,2.0,0.0,0.0,0.0,0.0,0.0,0.0,0.0,0.0,0.0,0.0,0.0,0.0,0.0,0.0,rori harmon,0,last_good_canonical,,,,,,,rori harmon,no_projection_for_player_team_date
2026-05-08,2026,Sabrina Ionescu,NYL,CON,A,0.0,0.0,0.0,0.0,0.0,0.0,0.0,0.0,0.0,0.0,0.0,0.0,0.0,0.0,,sabrina ionescu,0,last_good_canonical,401856890.0,4066533.0,G,0.0,0.0,espn,sabrina ionescu,no_projection_for_player_team_date
2026-05-10,2026,Sabrina Ionescu,NYL,WAS,A,0.0,0.0,0.0,0.0,0.0,0.0,0.0,0.0,0.0,0.0,0.0,0.0,0.0,0.0,,sabrina ionescu,0,last_good_canonical,401856897.0,4066533.0,G,0.0,0.0,espn,sabrina ionescu,no_projection_for_player_team_date
2026-06-18,2026,Sabrina Ionescu,NYL,CHI,A,28.0,10.0,3.0,1.0,2.0,0.0,0.0,3.0,9.0,4.0,0.0,0.0,1.0,2.0,,sabrina ionescu,0,last_good_canonical,401856997.0,4066533.0,G,1.0,1.0,espn,sabrina ionescu,no_projection_for_player_team_date
2026-06-22,2026,Sabrina Ionescu,NYL,LAS,A,22.0,2.0,3.0,2.0,0.0,0.0,0.0,2.0,3.0,1.0,0.0,0.0,2.0,1.0,,sabrina ionescu,0,last_good_canonical,401857011.0,4066533.0,G,1.0,1.0,espn,sabrina ionescu,no_projection_for_player_team_date
2026-06-24,2026,Sabrina Ionescu,NYL,LVA,A,30.0,16.0,10.0,4.0,2.0,1.0,0.0,2.0,12.0,5.0,4.0,4.0,1.0,9.0,,sabrina ionescu,0,last_good_canonical,401857016.0,4066533.0,G,1.0,1.0,espn,sabrina ionescu,no_projection_for_player_team_date
2026-06-26,2026,Sabrina Ionescu,NYL,SEA,A,29.0,14.0,2.0,5.0,1.0,1.0,0.0,2.0,12.0,5.0,3.0,3.0,0.0,2.0,,sabrina ionescu,0,last_good_canonical,401857023.0,4066533.0,G,1.0,1.0,espn,sabrina ionescu,no_projection_for_player_team_date
2026-05-13,2026,Sami Whitcomb,PHX,MIN,H,0.0,0.0,0.0,0.0,0.0,0.0,0.0,0.0,0.0,0.0,0.0,0.0,0.0,0.0,,sami whitcomb,1,last_good_canonical,401856902.0,887.0,G,0.0,0.0,espn,sami whitcomb,no_projection_for_player_team_date
2026-05-20,2026,Sami Whitcomb,PHX,TOR,H,0.0,0.0,0.0,0.0,0.0,0.0,0.0,0.0,0.0,0.0,0.0,0.0,0.0,0.0,,sami whitcomb,1,last_good_canonical,401856920.0,887.0,G,0.0,0.0,espn,sami whitcomb,no_projection_for_player_team_date
2026-05-22,2026,Sami Whitcomb,PHX,LAS,H,0.0,0.0,0.0,0.0,0.0,0.0,0.0,0.0,0.0,0.0,0.0,0.0,0.0,0.0,,sami whitcomb,1,last_good_canonical,401856926.0,887.0,G,0.0,0.0,espn,sami whitcomb,no_projection_for_player_team_date
2026-05-24,2026,Sami Whitcomb,PHX,ATL,A,0.0,0.0,0.0,0.0,0.0,0.0,0.0,0.0,0.0,0.0,0.0,0.0,0.0,0.0,,sami whitcomb,0,last_good_canonical,401856933.0,887.0,G,0.0,0.0,espn,sami whitcomb,no_projection_for_player_team_date
2026-05-29,2026,Sami Whitcomb,PHX,NYL,A,0.0,0.0,0.0,0.0,0.0,0.0,0.0,0.0,0.0,0.0,0.0,0.0,0.0,0.0,,sami whitcomb,0,last_good_canonical,401856945.0,887.0,G,0.0,0.0,espn,sami whitcomb,no_projection_for_player_team_date
2026-06-02,2026,Sami Whitcomb,PHX,MIN,H,0.0,0.0,0.0,0.0,0.0,0.0,0.0,0.0,0.0,0.0,0.0,0.0,0.0,0.0,,sami whitcomb,1,last_good_canonical,401856954.0,887.0,G,0.0,0.0,espn,sami whitcomb,no_projection_for_player_team_date
2026-06-03,2026,Sami Whitcomb,PHX,SEA,A,,,,,,,,,,,,,,,,sami whitcomb,0,last_good_canonical,,,,,,,sami whitcomb,no_projection_for_player_team_date
2026-06-04,2026,Sami Whitcomb,PHX,SEA,A,0.0,0.0,0.0,0.0,0.0,0.0,0.0,0.0,0.0,0.0,0.0,0.0,0.0,0.0,,sami whitcomb,0,last_good_canonical,401856960.0,887.0,G,0.0,0.0,espn,sami whitcomb,no_projection_for_player_team_date
2026-06-06,2026,Sami Whitcomb,PHX,POR,A,0.0,0.0,0.0,0.0,0.0,0.0,0.0,0.0,0.0,0.0,0.0,0.0,0.0,0.0,,sami whitcomb,0,last_good_canonical,401856965.0,887.0,G,0.0,0.0,espn,sami whitcomb,no_projection_for_player_team_date
2026-06-14,2026,Sami Whitcomb,PHX,LAS,H,0.0,0.0,0.0,0.0,0.0,0.0,0.0,0.0,0.0,0.0,0.0,0.0,0.0,0.0,,sami whitcomb,1,last_good_canonical,401856989.0,887.0,G,0.0,0.0,espn,sami whitcomb,no_projection_for_player_team_date
2026-06-18,2026,Sami Whitcomb,PHX,LVA,H,0.0,0.0,0.0,0.0,0.0,0.0,0.0,0.0,0.0,0.0,0.0,0.0,0.0,0.0,,sami whitcomb,1,last_good_canonical,401857000.0,887.0,G,0.0,0.0,espn,sami whitcomb,no_projection_for_player_team_date
2026-06-23,2026,Sami Whitcomb,PHX,IND,A,0.0,0.0,0.0,0.0,0.0,0.0,0.0,0.0,0.0,0.0,0.0,0.0,0.0,0.0,,sami whitcomb,0,last_good_canonical,401857014.0,887.0,G,0.0,0.0,espn,sami whitcomb,no_projection_for_player_team_date
2025-07-05,2025,Sania Feagin,LAS,IND,A,0.0,0.0,0.0,0.0,0.0,0.0,0.0,0.0,0.0,0.0,0.0,0.0,0.0,0.0,,sania feagin,0,last_good_canonical,401736225.0,4433795.0,F,0.0,0.0,espn,sania feagin,no_projection_for_player_team_date
2026-05-10,2026,Sania Feagin,LAS,LVA,A,3.0,0.0,0.0,0.0,0.0,0.0,0.0,0.0,0.0,0.0,0.0,0.0,0.0,0.0,,sania feagin,0,last_good_canonical,401856898.0,4433795.0,F,0.0,1.0,espn,sania feagin,no_projection_for_player_team_date
2026-05-22,2026,Sania Feagin,LAS,PHX,A,0.0,0.0,0.0,0.0,0.0,0.0,0.0,0.0,0.0,0.0,0.0,0.0,0.0,0.0,,sania feagin,0,last_good_canonical,401856926.0,4433795.0,F,0.0,0.0,espn,sania feagin,no_projection_for_player_team_date
2026-05-30,2026,Sania Feagin,LAS,CON,A,0.0,0.0,0.0,0.0,0.0,0.0,0.0,0.0,0.0,0.0,0.0,0.0,0.0,0.0,,sania feagin,0,last_good_canonical,401856950.0,4433795.0,F,0.0,0.0,espn,sania feagin,no_projection_for_player_team_date
2026-06-02,2026,Sania Feagin,LAS,LVA,H,,,,,,,,,,,,,,,,sania feagin,1,last_good_canonical,,,,,,,sania feagin,no_projection_for_player_team_date
2026-06-03,2026,Sania Feagin,LAS,LVA,A,0.0,0.0,0.0,0.0,0.0,0.0,0.0,0.0,0.0,0.0,0.0,0.0,0.0,0.0,,sania feagin,0,last_good_canonical,401856958.0,4433795.0,F,0.0,0.0,espn,sania feagin,no_projection_for_player_team_date
2026-06-06,2026,Sania Feagin,LAS,DAL,A,0.0,0.0,0.0,0.0,0.0,0.0,0.0,0.0,0.0,0.0,0.0,0.0,0.0,0.0,,sania feagin,0,last_good_canonical,401856964.0,4433795.0,F,0.0,0.0,espn,sania feagin,no_projection_for_player_team_date
2026-06-11,2026,Sania Feagin,LAS,SEA,A,0.0,0.0,0.0,0.0,0.0,0.0,0.0,0.0,0.0,0.0,0.0,0.0,0.0,0.0,,sania feagin,0,last_good_canonical,401856979.0,4433795.0,F,0.0,0.0,espn,sania feagin,no_projection_for_player_team_date
2026-06-14,2026,Sania Feagin,LAS,PHX,A,0.0,0.0,0.0,0.0,0.0,0.0,0.0,0.0,0.0,0.0,0.0,0.0,0.0,0.0,,sania feagin,0,last_good_canonical,401856989.0,4433795.0,F,0.0,0.0,espn,sania feagin,no_projection_for_player_team_date
2026-06-16,2026,Sania Feagin,LAS,GSV,A,1.0,0.0,1.0,0.0,0.0,0.0,0.0,0.0,0.0,0.0,0.0,0.0,0.0,1.0,,sania feagin,0,last_good_canonical,401856994.0,4433795.0,F,0.0,1.0,espn,sania feagin,no_projection_for_player_team_date
2026-06-18,2026,Sania Feagin,LAS,MIN,A,6.0,0.0,0.0,2.0,0.0,0.0,0.0,0.0,1.0,0.0,0.0,0.0,0.0,0.0,,sania feagin,0,last_good_canonical,401856999.0,4433795.0,F,0.0,1.0,espn,sania feagin,no_projection_for_player_team_date
2026-05-14,2026,Saniya Rivers,CON,LVA,H,30.0,8.0,1.0,4.0,0.0,0.0,1.0,2.0,11.0,2.0,4.0,4.0,0.0,1.0,,saniya rivers,1,last_good_canonical,401856905.0,4433514.0,G,1.0,1.0,espn,saniya rivers,no_projection_for_player_team_date
2026-05-19,2026,Saniya Rivers,CON,POR,A,28.0,9.0,3.0,6.0,0.0,4.0,0.0,1.0,8.0,4.0,2.0,1.0,1.0,2.0,,saniya rivers,0,last_good_canonical,401856919.0,4433514.0,G,0.0,1.0,espn,saniya rivers,no_projection_for_player_team_date
2026-05-21,2026,Saniya Rivers,CON,SEA,A,13.0,2.0,4.0,3.0,0.0,1.0,0.0,1.0,1.0,1.0,0.0,0.0,1.0,3.0,,saniya rivers,0,last_good_canonical,401856923.0,4433514.0,G,0.0,1.0,espn,saniya rivers,no_projection_for_player_team_date
2026-05-23,2026,Saniya Rivers,CON,SEA,A,21.0,2.0,2.0,2.0,0.0,1.0,1.0,2.0,6.0,1.0,2.0,0.0,0.0,2.0,,saniya rivers,0,last_good_canonical,401856929.0,4433514.0,G,0.0,1.0,espn,saniya rivers,no_projection_for_player_team_date
2026-05-28,2026,Saniya Rivers,CON,POR,A,23.0,7.0,1.0,2.0,0.0,0.0,0.0,3.0,11.0,3.0,2.0,1.0,1.0,0.0,,saniya rivers,0,last_good_canonical,401856941.0,4433514.0,G,1.0,1.0,espn,saniya rivers,no_projection_for_player_team_date
2026-05-30,2026,Saniya Rivers,CON,LAS,H,29.0,9.0,0.0,4.0,0.0,2.0,1.0,3.0,10.0,4.0,2.0,1.0,0.0,0.0,,saniya rivers,1,last_good_canonical,401856950.0,4433514.0,G,1.0,1.0,espn,saniya rivers,no_projection_for_player_team_date
2026-06-02,2026,Saniya Rivers,CON,ATL,A,29.0,11.0,1.0,2.0,1.0,0.0,0.0,0.0,6.0,4.0,2.0,2.0,0.0,1.0,-5.0,saniya rivers,0,last_good_canonical,,,,,,,saniya rivers,no_projection_for_player_team_date
2025-07-05,2025,Sarah Ashlee Barker,LAS,IND,A,0.0,0.0,0.0,0.0,0.0,0.0,0.0,0.0,0.0,0.0,0.0,0.0,0.0,0.0,,sarah ashlee barker,0,last_good_canonical,401736225.0,4703794.0,G,0.0,0.0,espn,sarah ashlee barker,no_projection_for_player_team_date
2026-05-10,2026,Sarah Ashlee Barker,POR,CHI,H,24.0,13.0,4.0,0.0,1.0,1.0,1.0,1.0,9.0,6.0,0.0,0.0,0.0,4.0,,sarah ashlee barker,1,last_good_canonical,401856895.0,4703794.0,G,0.0,1.0,espn,sarah ashlee barker,no_projection_for_player_team_date
2026-05-13,2026,Sarah Ashlee Barker,POR,NYL,H,22.0,5.0,2.0,3.0,1.0,0.0,0.0,2.0,5.0,2.0,0.0,0.0,1.0,1.0,,sarah ashlee barker,1,last_good_canonical,401856903.0,4703794.0,G,0.0,1.0,espn,sarah ashlee barker,no_projection_for_player_team_date
2026-05-15,2026,Sarah Ashlee Barker,POR,NYL,H,21.0,6.0,3.0,2.0,2.0,1.0,0.0,3.0,4.0,2.0,0.0,0.0,1.0,2.0,,sarah ashlee barker,1,last_good_canonical,401856909.0,4703794.0,G,0.0,1.0,espn,sarah ashlee barker,no_projection_for_player_team_date
2026-05-19,2026,Sarah Ashlee Barker,POR,CON,H,21.0,18.0,4.0,3.0,2.0,2.0,0.0,2.0,13.0,7.0,4.0,2.0,3.0,1.0,,sarah ashlee barker,1,last_good_canonical,401856919.0,4703794.0,G,0.0,1.0,espn,sarah ashlee barker,no_projection_for_player_team_date
2026-05-20,2026,Sarah Ashlee Barker,POR,IND,A,19.0,8.0,6.0,1.0,0.0,1.0,0.0,0.0,8.0,2.0,4.0,4.0,0.0,6.0,,sarah ashlee barker,0,last_good_canonical,401856921.0,4703794.0,G,0.0,1.0,espn,sarah ashlee barker,no_projection_for_player_team_date
2026-05-23,2026,Sarah Ashlee Barker,POR,TOR,A,19.0,12.0,3.0,1.0,1.0,0.0,0.0,0.0,6.0,5.0,3.0,1.0,1.0,2.0,,sarah ashlee barker,0,last_good_canonical,401856931.0,4703794.0,G,0.0,1.0,espn,sarah ashlee barker,no_projection_for_player_team_date
2026-05-28,2026,Sarah Ashlee Barker,POR,CON,H,22.0,4.0,11.0,1.0,0.0,3.0,1.0,4.0,4.0,2.0,0.0,0.0,2.0,9.0,,sarah ashlee barker,1,last_good_canonical,401856941.0,4703794.0,G,0.0,1.0,espn,sarah ashlee barker,no_projection_for_player_team_date
2026-05-30,2026,Sarah Ashlee Barker,POR,ATL,H,21.0,14.0,2.0,0.0,2.0,0.0,0.0,3.0,9.0,6.0,0.0,0.0,0.0,2.0,,sarah ashlee barker,1,last_good_canonical,401856948.0,4703794.0,G,0.0,1.0,espn,sarah ashlee barker,no_projection_for_player_team_date
2026-05-31,2026,Sarah Ashlee Barker,POR,IND,H,28.0,15.0,6.0,4.0,3.0,0.0,0.0,2.0,13.0,4.0,4.0,4.0,1.0,5.0,,sarah ashlee barker,1,last_good_canonical,401856951.0,4703794.0,G,0.0,1.0,espn,sarah ashlee barker,no_projection_for_player_team_date
2026-06-02,2026,Sarah Ashlee Barker,POR,GSV,A,23.0,8.0,3.0,3.0,2.0,0.0,0.0,2.0,5.0,3.0,0.0,0.0,0.0,3.0,-16.0,sarah ashlee barker,0,last_good_canonical,,,,,,,sarah ashlee barker,no_projection_for_player_team_date
2026-06-03,2026,Sarah Ashlee Barker,POR,GSV,A,23.0,8.0,3.0,3.0,2.0,0.0,0.0,2.0,5.0,3.0,0.0,0.0,0.0,3.0,,sarah ashlee barker,0,last_good_canonical,401856957.0,4703794.0,G,0.0,1.0,espn,sarah ashlee barker,no_projection_for_player_team_date
2026-06-06,2026,Sarah Ashlee Barker,POR,PHX,H,29.0,15.0,7.0,3.0,2.0,0.0,0.0,1.0,10.0,6.0,2.0,1.0,1.0,6.0,,sarah ashlee barker,1,last_good_canonical,401856965.0,4703794.0,G,1.0,1.0,espn,sarah ashlee barker,no_projection_for_player_team_date
2026-06-12,2026,Sarah Ashlee Barker,POR,LVA,H,30.0,14.0,1.0,4.0,2.0,1.0,0.0,2.0,11.0,6.0,0.0,0.0,1.0,0.0,,sarah ashlee barker,1,last_good_canonical,401856983.0,4703794.0,G,1.0,1.0,espn,sarah ashlee barker,no_projection_for_player_team_date
2026-06-14,2026,Sarah Ashlee Barker,POR,DAL,H,32.0,10.0,5.0,3.0,2.0,1.0,0.0,2.0,8.0,4.0,0.0,0.0,0.0,5.0,,sarah ashlee barker,1,last_good_canonical,401856988.0,4703794.0,G,1.0,1.0,espn,sarah ashlee barker,no_projection_for_player_team_date
2026-06-16,2026,Sarah Ashlee Barker,POR,MIN,A,25.0,8.0,2.0,2.0,2.0,2.0,1.0,7.0,5.0,3.0,0.0,0.0,0.0,2.0,,sarah ashlee barker,0,last_good_canonical,401856993.0,4703794.0,G,1.0,1.0,espn,sarah ashlee barker,no_projection_for_player_team_date
2026-06-18,2026,Sarah Ashlee Barker,POR,SEA,H,24.0,12.0,6.0,0.0,2.0,0.0,1.0,1.0,11.0,3.0,4.0,4.0,1.0,5.0,,sarah ashlee barker,1,last_good_canonical,401857001.0,4703794.0,G,1.0,1.0,espn,sarah ashlee barker,no_projection_for_player_team_date
2026-06-25,2026,Sarah Ashlee Barker,POR,CHI,A,26.0,13.0,5.0,2.0,2.0,1.0,0.0,1.0,12.0,5.0,3.0,1.0,0.0,5.0,,sarah ashlee barker,0,last_good_canonical,401857019.0,4703794.0,G,1.0,1.0,espn,sarah ashlee barker,no_projection_for_player_team_date
2026-05-08,2026,Satou Sabally,NYL,CON,A,0.0,0.0,0.0,0.0,0.0,0.0,0.0,0.0,0.0,0.0,0.0,0.0,0.0,0.0,,satou sabally,0,last_good_canonical,401856890.0,4281929.0,F,0.0,0.0,espn,satou sabally,no_projection_for_player_team_date
2026-05-10,2026,Satou Sabally,NYL,WAS,A,0.0,0.0,0.0,0.0,0.0,0.0,0.0,0.0,0.0,0.0,0.0,0.0,0.0,0.0,,satou sabally,0,last_good_canonical,401856897.0,4281929.0,F,0.0,0.0,espn,satou sabally,no_projection_for_player_team_date
2026-05-22,2026,Satou Sabally,NYL,GSV,A,16.0,5.0,4.0,2.0,1.0,0.0,1.0,2.0,8.0,2.0,0.0,0.0,0.0,4.0,,satou sabally,0,last_good_canonical,401856924.0,4281929.0,F,1.0,1.0,espn,satou sabally,no_projection_for_player_team_date
2026-06-07,2026,Satou Sabally,NYL,IND,A,22.0,13.0,5.0,1.0,0.0,0.0,0.0,2.0,11.0,5.0,4.0,3.0,1.0,4.0,,satou sabally,0,last_good_canonical,401856969.0,4281929.0,F,0.0,1.0,espn,satou sabally,no_projection_for_player_team_date
2026-06-18,2026,Satou Sabally,NYL,CHI,A,19.0,17.0,2.0,2.0,1.0,0.0,0.0,1.0,11.0,8.0,0.0,0.0,1.0,1.0,,satou sabally,0,last_good_canonical,401856997.0,4281929.0,F,0.0,1.0,espn,satou sabally,no_projection_for_player_team_date
2026-06-22,2026,Satou Sabally,NYL,LAS,A,27.0,14.0,5.0,7.0,3.0,0.0,0.0,3.0,12.0,5.0,2.0,1.0,1.0,4.0,,satou sabally,0,last_good_canonical,401857011.0,4281929.0,F,1.0,1.0,espn,satou sabally,no_projection_for_player_team_date
2026-06-24,2026,Satou Sabally,NYL,LVA,A,8.0,0.0,3.0,1.0,0.0,0.0,1.0,0.0,3.0,0.0,0.0,0.0,0.0,3.0,,satou sabally,0,last_good_canonical,401857016.0,4281929.0,F,1.0,1.0,espn,satou sabally,no_projection_for_player_team_date
2026-06-26,2026,Satou Sabally,NYL,SEA,A,0.0,0.0,0.0,0.0,0.0,0.0,0.0,0.0,0.0,0.0,0.0,0.0,0.0,0.0,,satou sabally,0,last_good_canonical,401857023.0,4281929.0,F,0.0,0.0,espn,satou sabally,no_projection_for_player_team_date
2026-05-28,2026,Saylor Poffenbarger,CHI,TOR,H,0.0,0.0,0.0,0.0,0.0,0.0,0.0,0.0,0.0,0.0,0.0,0.0,0.0,0.0,,saylor poffenbarger,1,last_good_canonical,401856939.0,4433542.0,G,0.0,0.0,espn,saylor poffenbarger,no_projection_for_player_team_date
2026-05-29,2026,Saylor Poffenbarger,CHI,MIN,H,1.0,0.0,0.0,0.0,0.0,0.0,0.0,0.0,0.0,0.0,0.0,0.0,0.0,0.0,,saylor poffenbarger,1,last_good_canonical,401856947.0,4433542.0,G,0.0,1.0,espn,saylor poffenbarger,no_projection_for_player_team_date
2026-06-02,2026,Saylor Poffenbarger,CHI,WAS,A,6.0,0.0,3.0,0.0,0.0,1.0,0.0,0.0,0.0,0.0,0.0,0.0,1.0,2.0,-2.0,saylor poffenbarger,0,last_good_canonical,,,,,,,saylor poffenbarger,no_projection_for_player_team_date
2026-06-18,2026,Saylor Poffenbarger,CHI,NYL,H,0.0,0.0,0.0,0.0,0.0,0.0,0.0,0.0,0.0,0.0,0.0,0.0,0.0,0.0,,saylor poffenbarger,1,last_good_canonical,401856997.0,4433542.0,G,0.0,0.0,espn,saylor poffenbarger,no_projection_for_player_team_date
2026-06-21,2026,Saylor Poffenbarger,CHI,DAL,A,0.0,0.0,0.0,0.0,0.0,0.0,0.0,0.0,0.0,0.0,0.0,0.0,0.0,0.0,,saylor poffenbarger,0,last_good_canonical,401857008.0,4433542.0,G,0.0,0.0,espn,saylor poffenbarger,no_projection_for_player_team_date
2026-05-10,2026,Serah Williams,POR,CHI,H,8.0,0.0,2.0,1.0,0.0,0.0,0.0,0.0,3.0,0.0,0.0,0.0,0.0,2.0,,serah williams,1,last_good_canonical,401856895.0,5108550.0,C,0.0,1.0,espn,serah williams,no_projection_for_player_team_date
2026-05-13,2026,Serah Williams,POR,NYL,H,0.0,0.0,0.0,0.0,0.0,0.0,0.0,0.0,0.0,0.0,0.0,0.0,0.0,0.0,,serah williams,1,last_good_canonical,401856903.0,5108550.0,C,0.0,0.0,espn,serah williams,no_projection_for_player_team_date
2026-05-15,2026,Serah Williams,POR,NYL,H,4.0,1.0,2.0,1.0,0.0,1.0,1.0,0.0,0.0,0.0,2.0,1.0,0.0,2.0,,serah williams,1,last_good_canonical,401856909.0,5108550.0,C,0.0,1.0,espn,serah williams,no_projection_for_player_team_date
2026-05-19,2026,Serah Williams,POR,CON,H,12.0,3.0,5.0,0.0,0.0,0.0,1.0,0.0,1.0,1.0,4.0,1.0,1.0,4.0,,serah williams,1,last_good_canonical,401856919.0,5108550.0,C,0.0,1.0,espn,serah williams,no_projection_for_player_team_date
2026-05-20,2026,Serah Williams,POR,IND,A,17.0,6.0,2.0,0.0,0.0,1.0,0.0,0.0,5.0,3.0,1.0,0.0,0.0,2.0,,serah williams,0,last_good_canonical,401856921.0,5108550.0,C,0.0,1.0,espn,serah williams,no_projection_for_player_team_date
2026-05-23,2026,Serah Williams,POR,TOR,A,14.0,8.0,3.0,0.0,0.0,2.0,1.0,0.0,6.0,3.0,2.0,2.0,1.0,2.0,,serah williams,0,last_good_canonical,401856931.0,5108550.0,C,0.0,1.0,espn,serah williams,no_projection_for_player_team_date
2026-05-28,2026,Serah Williams,POR,CON,H,11.0,1.0,1.0,0.0,0.0,0.0,0.0,1.0,0.0,0.0,2.0,1.0,0.0,1.0,,serah williams,1,last_good_canonical,401856941.0,5108550.0,C,0.0,1.0,espn,serah williams,no_projection_for_player_team_date
2026-05-30,2026,Serah Williams,POR,ATL,H,20.0,0.0,6.0,2.0,0.0,1.0,0.0,2.0,3.0,0.0,0.0,0.0,3.0,3.0,,serah williams,1,last_good_canonical,401856948.0,5108550.0,C,0.0,1.0,espn,serah williams,no_projection_for_player_team_date
2026-05-31,2026,Serah Williams,POR,IND,H,0.0,0.0,0.0,0.0,0.0,0.0,0.0,0.0,0.0,0.0,0.0,0.0,0.0,0.0,,serah williams,1,last_good_canonical,401856951.0,5108550.0,C,0.0,0.0,espn,serah williams,no_projection_for_player_team_date
2026-06-02,2026,Serah Williams,POR,GSV,A,9.0,7.0,1.0,0.0,1.0,0.0,0.0,0.0,2.0,2.0,4.0,2.0,0.0,1.0,1.0,serah williams,0,last_good_canonical,,,,,,,serah williams,no_projection_for_player_team_date
2026-06-03,2026,Serah Williams,POR,GSV,A,9.0,7.0,1.0,0.0,1.0,0.0,0.0,0.0,2.0,2.0,4.0,2.0,0.0,1.0,,serah williams,0,last_good_canonical,401856957.0,5108550.0,C,0.0,1.0,espn,serah williams,no_projection_for_player_team_date
2026-06-06,2026,Serah Williams,POR,PHX,H,0.0,0.0,0.0,0.0,0.0,0.0,0.0,0.0,0.0,0.0,0.0,0.0,0.0,0.0,,serah williams,1,last_good_canonical,401856965.0,5108550.0,C,0.0,0.0,espn,serah williams,no_projection_for_player_team_date
2026-06-12,2026,Serah Williams,POR,LVA,H,5.0,2.0,1.0,1.0,0.0,0.0,0.0,0.0,1.0,1.0,0.0,0.0,0.0,1.0,,serah williams,1,last_good_canonical,401856983.0,5108550.0,C,0.0,1.0,espn,serah williams,no_projection_for_player_team_date
2026-06-14,2026,Serah Williams,POR,DAL,H,6.0,2.0,1.0,0.0,0.0,0.0,0.0,0.0,1.0,0.0,2.0,2.0,0.0,1.0,,serah williams,1,last_good_canonical,401856988.0,5108550.0,C,0.0,1.0,espn,serah williams,no_projection_for_player_team_date
2026-06-16,2026,Serah Williams,POR,MIN,A,13.0,2.0,2.0,1.0,0.0,0.0,0.0,2.0,2.0,1.0,0.0,0.0,1.0,1.0,,serah williams,0,last_good_canonical,401856993.0,5108550.0,C,0.0,1.0,espn,serah williams,no_projection_for_player_team_date
2026-06-18,2026,Serah Williams,POR,SEA,H,12.0,1.0,4.0,0.0,0.0,0.0,0.0,2.0,1.0,0.0,2.0,1.0,2.0,2.0,,serah williams,1,last_good_canonical,401857001.0,5108550.0,C,0.0,1.0,espn,serah williams,no_projection_for_player_team_date
2026-06-25,2026,Serah Williams,POR,CHI,A,7.0,6.0,3.0,0.0,0.0,0.0,0.0,1.0,3.0,3.0,0.0,0.0,1.0,2.0,,serah williams,0,last_good_canonical,401857019.0,5108550.0,C,0.0,1.0,espn,serah williams,no_projection_for_player_team_date
2026-05-19,2026,Shakira Austin,WAS,DAL,A,26.0,12.0,4.0,1.0,0.0,1.0,0.0,4.0,10.0,5.0,2.0,2.0,0.0,4.0,,shakira austin,0,last_good_canonical,401856918.0,4398911.0,C,1.0,1.0,espn,shakira austin,no_projection_for_player_team_date
2026-05-28,2026,Shakira Austin,WAS,SEA,A,29.0,18.0,13.0,5.0,1.0,0.0,1.0,2.0,13.0,6.0,5.0,5.0,2.0,11.0,,shakira austin,0,last_good_canonical,401856942.0,4398911.0,C,1.0,1.0,espn,shakira austin,no_projection_for_player_team_date
2026-05-09,2026,Shatori Walker-Kimbrough,IND,DAL,H,0.0,0.0,0.0,0.0,0.0,0.0,0.0,0.0,0.0,0.0,0.0,0.0,0.0,0.0,,shatori walker-kimbrough,1,last_good_canonical,401856893.0,3058893.0,G,0.0,0.0,espn,shatori walker-kimbrough,no_projection_for_player_team_date
2026-05-14,2026,Shatori Walker-Kimbrough,IND,LAS,A,0.0,0.0,0.0,0.0,0.0,0.0,0.0,0.0,0.0,0.0,0.0,0.0,0.0,0.0,,shatori walker-kimbrough,0,last_good_canonical,401856907.0,3058893.0,G,0.0,0.0,espn,shatori walker-kimbrough,no_projection_for_player_team_date
2026-05-15,2026,Shatori Walker-Kimbrough,IND,WAS,H,0.0,0.0,0.0,0.0,0.0,0.0,0.0,0.0,0.0,0.0,0.0,0.0,0.0,0.0,,shatori walker-kimbrough,1,last_good_canonical,401856911.0,3058893.0,G,0.0,0.0,espn,shatori walker-kimbrough,no_projection_for_player_team_date
2026-05-17,2026,Shatori Walker-Kimbrough,IND,SEA,H,3.0,0.0,0.0,0.0,0.0,0.0,0.0,1.0,1.0,0.0,0.0,0.0,0.0,0.0,,shatori walker-kimbrough,1,last_good_canonical,401856916.0,3058893.0,G,0.0,1.0,espn,shatori walker-kimbrough,no_projection_for_player_team_date
2026-05-20,2026,Shatori Walker-Kimbrough,IND,POR,H,3.0,0.0,0.0,0.0,0.0,0.0,0.0,0.0,0.0,0.0,0.0,0.0,0.0,0.0,,shatori walker-kimbrough,1,last_good_canonical,401856921.0,3058893.0,G,0.0,1.0,espn,shatori walker-kimbrough,no_projection_for_player_team_date
2026-06-23,2026,Shay Ciezki,PHX,IND,A,2.0,3.0,0.0,0.0,1.0,0.0,0.0,0.0,1.0,1.0,0.0,0.0,0.0,0.0,,shay ciezki,0,last_good_canonical,401857014.0,4688629.0,G,0.0,1.0,espn,shay ciezki,no_projection_for_player_team_date
2026-05-08,2026,Shey Peddy,CON,NYL,A,0.0,0.0,0.0,0.0,0.0,0.0,0.0,0.0,0.0,0.0,0.0,0.0,0.0,0.0,,shey peddy,0,last_good_canonical,401856890.0,1107.0,G,0.0,0.0,espn,shey peddy,no_projection_for_player_team_date
2026-05-10,2026,Shey Peddy,CON,SEA,H,0.0,0.0,0.0,0.0,0.0,0.0,0.0,0.0,0.0,0.0,0.0,0.0,0.0,0.0,,shey peddy,1,last_good_canonical,401856896.0,1107.0,G,0.0,0.0,espn,shey peddy,no_projection_for_player_team_date
2026-05-14,2026,Shey Peddy,CON,LVA,H,0.0,0.0,0.0,0.0,0.0,0.0,0.0,0.0,0.0,0.0,0.0,0.0,0.0,0.0,,shey peddy,1,last_good_canonical,401856905.0,1107.0,G,0.0,0.0,espn,shey peddy,no_projection_for_player_team_date
2026-05-10,2026,Sika Kone,ATL,MIN,A,3.0,0.0,0.0,0.0,0.0,0.0,0.0,0.0,1.0,0.0,0.0,0.0,0.0,0.0,,sika kone,0,last_good_canonical,401856899.0,5017721.0,F,0.0,1.0,espn,sika kone,no_projection_for_player_team_date
2026-05-13,2026,Sika Kone,ATL,DAL,A,1.0,0.0,2.0,0.0,0.0,0.0,0.0,1.0,0.0,0.0,0.0,0.0,0.0,2.0,,sika kone,0,last_good_canonical,401856901.0,5017721.0,F,0.0,1.0,espn,sika kone,no_projection_for_player_team_date
2026-05-17,2026,Sika Kone,ATL,LVA,H,3.0,0.0,0.0,0.0,0.0,0.0,0.0,0.0,2.0,0.0,0.0,0.0,0.0,0.0,,sika kone,1,last_good_canonical,401856915.0,5017721.0,F,0.0,1.0,espn,sika kone,no_projection_for_player_team_date
2026-05-22,2026,Sika Kone,ATL,DAL,H,4.0,2.0,1.0,0.0,0.0,0.0,0.0,0.0,2.0,1.0,0.0,0.0,0.0,1.0,,sika kone,1,last_good_canonical,401856927.0,5017721.0,F,0.0,1.0,espn,sika kone,no_projection_for_player_team_date
2026-05-24,2026,Sika Kone,ATL,PHX,H,6.0,0.0,0.0,0.0,0.0,0.0,0.0,0.0,1.0,0.0,0.0,0.0,0.0,0.0,,sika kone,1,last_good_canonical,401856933.0,5017721.0,F,0.0,1.0,espn,sika kone,no_projection_for_player_team_date
2026-05-28,2026,Sika Kone,ATL,MIN,A,9.0,5.0,3.0,0.0,1.0,0.0,0.0,0.0,4.0,2.0,0.0,0.0,1.0,2.0,,sika kone,0,last_good_canonical,401856940.0,5017721.0,F,0.0,1.0,espn,sika kone,no_projection_for_player_team_date
2026-05-30,2026,Sika Kone,ATL,POR,A,5.0,0.0,0.0,0.0,0.0,0.0,0.0,1.0,1.0,0.0,0.0,0.0,0.0,0.0,,sika kone,0,last_good_canonical,401856948.0,5017721.0,F,0.0,1.0,espn,sika kone,no_projection_for_player_team_date
2026-06-02,2026,Sika Kone,ATL,CON,H,3.0,0.0,0.0,0.0,0.0,0.0,0.0,0.0,1.0,0.0,0.0,0.0,0.0,0.0,1.0,sika kone,1,last_good_canonical,,,,,,,sika kone,no_projection_for_player_team_date
2026-06-04,2026,Sika Kone,ATL,IND,A,1.0,2.0,1.0,0.0,0.0,0.0,0.0,0.0,0.0,0.0,2.0,2.0,0.0,1.0,1.0,sika kone,0,last_good_canonical,,,,,,,sika kone,no_projection_for_player_team_date
2026-06-06,2026,Sika Kone,ATL,WAS,H,12.0,9.0,6.0,2.0,1.0,1.0,0.0,1.0,6.0,3.0,3.0,2.0,5.0,1.0,6.0,sika kone,1,last_good_canonical,,,,,,,sika kone,no_projection_for_player_team_date
2026-06-25,2026,Sika Kone,ATL,GSV,A,12.0,4.0,3.0,1.0,0.0,0.0,0.0,1.0,3.0,1.0,2.0,2.0,2.0,1.0,,sika kone,0,last_good_canonical,401857020.0,5017721.0,F,0.0,1.0,espn,sika kone,no_projection_for_player_team_date
2026-06-28,2026,Sika Kone,ATL,SEA,A,14.0,6.0,2.0,2.0,0.0,0.0,0.0,0.0,5.0,2.0,2.0,2.0,0.0,2.0,,sika kone,0,last_good_canonical,401857029.0,5017721.0,F,0.0,1.0,espn,sika kone,no_projection_for_player_team_date
2026-05-10,2026,Skylar Diggins,CHI,POR,A,33.0,21.0,11.0,7.0,2.0,1.0,2.0,2.0,12.0,8.0,5.0,3.0,2.0,9.0,,skylar diggins,0,last_good_canonical,401856895.0,2491205.0,G,1.0,1.0,espn,skylar diggins,no_projection_for_player_team_date
2026-05-14,2026,Skylar Diggins,CHI,GSV,A,34.0,15.0,5.0,7.0,1.0,1.0,2.0,0.0,16.0,5.0,6.0,4.0,0.0,5.0,,skylar diggins,0,last_good_canonical,401856906.0,2491205.0,G,1.0,1.0,espn,skylar diggins,no_projection_for_player_team_date
2026-05-21,2026,Skylar Diggins,CHI,DAL,H,34.0,15.0,1.0,4.0,2.0,1.0,1.0,2.0,14.0,6.0,2.0,1.0,0.0,1.0,,skylar diggins,1,last_good_canonical,401856922.0,2491205.0,G,1.0,1.0,espn,skylar diggins,no_projection_for_player_team_date
2026-05-28,2026,Skylar Diggins,CHI,TOR,H,36.0,23.0,2.0,9.0,1.0,1.0,2.0,0.0,16.0,8.0,7.0,6.0,0.0,2.0,,skylar diggins,1,last_good_canonical,401856939.0,2491205.0,G,1.0,1.0,espn,skylar diggins,no_projection_for_player_team_date
2026-06-18,2026,Skylar Diggins,CHI,NYL,H,31.0,19.0,2.0,8.0,3.0,1.0,1.0,1.0,16.0,7.0,3.0,2.0,1.0,1.0,,skylar diggins,1,last_good_canonical,401856997.0,2491205.0,G,1.0,1.0,espn,skylar diggins,no_projection_for_player_team_date
2026-06-21,2026,Skylar Diggins,CHI,DAL,A,32.0,14.0,1.0,6.0,1.0,3.0,0.0,3.0,10.0,4.0,6.0,5.0,0.0,1.0,,skylar diggins,0,last_good_canonical,401857008.0,2491205.0,G,1.0,1.0,espn,skylar diggins,no_projection_for_player_team_date
2026-06-25,2026,Skylar Diggins,CHI,POR,H,25.0,15.0,3.0,6.0,0.0,1.0,0.0,3.0,10.0,5.0,5.0,5.0,2.0,1.0,,skylar diggins,1,last_good_canonical,401857019.0,2491205.0,G,1.0,1.0,espn,skylar diggins,no_projection_for_player_team_date
2026-05-19,2026,Sonia Citron,WAS,DAL,A,26.0,7.0,1.0,1.0,1.0,1.0,0.0,5.0,6.0,3.0,0.0,0.0,0.0,1.0,,sonia citron,0,last_good_canonical,401856918.0,4433524.0,G,1.0,1.0,espn,sonia citron,no_projection_for_player_team_date
2026-05-28,2026,Sonia Citron,WAS,SEA,A,30.0,7.0,4.0,3.0,1.0,1.0,0.0,1.0,12.0,3.0,0.0,0.0,2.0,2.0,,sonia citron,0,last_good_canonical,401856942.0,4433524.0,G,1.0,1.0,espn,sonia citron,no_projection_for_player_team_date
2025-07-05,2025,Sophie Cunningham,IND,LAS,H,23.0,4.0,1.0,1.0,0.0,1.0,0.0,0.0,4.0,1.0,3.0,2.0,1.0,0.0,,sophie cunningham,1,last_good_canonical,401736225.0,3907781.0,G,0.0,1.0,espn,sophie cunningham,no_projection_for_player_team_date
2026-05-09,2026,Sophie Cunningham,IND,DAL,H,26.0,3.0,4.0,3.0,1.0,0.0,0.0,0.0,2.0,1.0,0.0,0.0,1.0,3.0,,sophie cunningham,1,last_good_canonical,401856893.0,3907781.0,G,1.0,1.0,espn,sophie cunningham,no_projection_for_player_team_date
2026-05-14,2026,Sophie Cunningham,IND,LAS,A,27.0,12.0,7.0,1.0,2.0,1.0,0.0,0.0,9.0,5.0,0.0,0.0,1.0,6.0,,sophie cunningham,0,last_good_canonical,401856907.0,3907781.0,G,1.0,1.0,espn,sophie cunningham,no_projection_for_player_team_date
2026-05-20,2026,Sophie Cunningham,IND,POR,H,15.0,2.0,2.0,1.0,0.0,0.0,0.0,0.0,5.0,1.0,0.0,0.0,0.0,2.0,,sophie cunningham,1,last_good_canonical,401856921.0,3907781.0,G,0.0,1.0,espn,sophie cunningham,no_projection_for_player_team_date
2026-05-29,2026,Sophie Cunningham,IND,GSV,A,25.0,11.0,2.0,2.0,1.0,2.0,0.0,1.0,11.0,4.0,2.0,2.0,0.0,2.0,,sophie cunningham,0,last_good_canonical,401856944.0,3907781.0,G,0.0,1.0,espn,sophie cunningham,no_projection_for_player_team_date
2026-05-31,2026,Sophie Cunningham,IND,POR,A,26.0,15.0,3.0,4.0,2.0,1.0,0.0,1.0,5.0,3.0,8.0,7.0,0.0,3.0,,sophie cunningham,0,last_good_canonical,401856951.0,3907781.0,G,0.0,1.0,espn,sophie cunningham,no_projection_for_player_team_date
2026-06-07,2026,Sophie Cunningham,IND,NYL,A,17.0,2.0,1.0,2.0,0.0,1.0,0.0,1.0,2.0,1.0,0.0,0.0,0.0,1.0,,sophie cunningham,0,last_good_canonical,401856969.0,3907781.0,G,0.0,1.0,espn,sophie cunningham,no_projection_for_player_team_date
2026-06-23,2026,Sophie Cunningham,IND,PHX,H,26.0,2.0,6.0,0.0,0.0,0.0,0.0,0.0,5.0,0.0,2.0,2.0,0.0,6.0,,sophie cunningham,1,last_good_canonical,401857014.0,3907781.0,G,0.0,1.0,espn,sophie cunningham,no_projection_for_player_team_date
2026-06-28,2026,Sophie Cunningham,IND,LAS,H,20.0,9.0,2.0,1.0,1.0,1.0,0.0,1.0,4.0,2.0,5.0,4.0,0.0,2.0,,sophie cunningham,1,last_good_canonical,401857028.0,3907781.0,G,0.0,1.0,espn,sophie cunningham,no_projection_for_player_team_date
2026-05-09,2026,Stefanie Dolson,SEA,GSV,H,27.0,6.0,5.0,3.0,1.0,0.0,2.0,2.0,3.0,2.0,2.0,1.0,1.0,4.0,,stefanie dolson,1,last_good_canonical,401856892.0,2529183.0,C,1.0,1.0,espn,stefanie dolson,no_projection_for_player_team_date
2026-05-13,2026,Stefanie Dolson,SEA,TOR,A,22.0,16.0,3.0,0.0,2.0,0.0,2.0,3.0,8.0,6.0,2.0,2.0,0.0,3.0,,stefanie dolson,0,last_good_canonical,401856904.0,2529183.0,C,1.0,1.0,espn,stefanie dolson,no_projection_for_player_team_date
2026-05-21,2026,Stefanie Dolson,SEA,CON,H,28.0,3.0,3.0,2.0,0.0,0.0,2.0,2.0,4.0,0.0,4.0,3.0,1.0,2.0,,stefanie dolson,1,last_good_canonical,401856923.0,2529183.0,C,1.0,1.0,espn,stefanie dolson,no_projection_for_player_team_date
2026-05-23,2026,Stefanie Dolson,SEA,CON,H,25.0,5.0,4.0,4.0,1.0,1.0,0.0,1.0,3.0,2.0,0.0,0.0,0.0,4.0,,stefanie dolson,1,last_good_canonical,401856929.0,2529183.0,C,1.0,1.0,espn,stefanie dolson,no_projection_for_player_team_date
2026-05-28,2026,Stefanie Dolson,SEA,WAS,H,20.0,0.0,3.0,1.0,0.0,1.0,0.0,0.0,3.0,0.0,0.0,0.0,1.0,2.0,,stefanie dolson,1,last_good_canonical,401856942.0,2529183.0,C,1.0,1.0,espn,stefanie dolson,no_projection_for_player_team_date
2026-05-30,2026,Stefanie Dolson,SEA,TOR,A,23.0,7.0,4.0,2.0,1.0,1.0,1.0,1.0,5.0,3.0,0.0,0.0,2.0,2.0,,stefanie dolson,0,last_good_canonical,401856949.0,2529183.0,C,1.0,1.0,espn,stefanie dolson,no_projection_for_player_team_date
2026-06-02,2026,Stefanie Dolson,SEA,DAL,A,20.0,2.0,2.0,0.0,0.0,0.0,2.0,1.0,4.0,1.0,0.0,0.0,0.0,2.0,,stefanie dolson,0,last_good_canonical,401856953.0,2529183.0,C,1.0,1.0,espn,stefanie dolson,no_projection_for_player_team_date
2026-06-03,2026,Stefanie Dolson,SEA,PHX,H,25.0,0.0,2.0,1.0,0.0,1.0,0.0,2.0,1.0,0.0,0.0,0.0,0.0,2.0,0.0,stefanie dolson,1,last_good_canonical,,,,,,,stefanie dolson,no_projection_for_player_team_date
2026-06-04,2026,Stefanie Dolson,SEA,PHX,H,25.0,0.0,2.0,1.0,0.0,1.0,0.0,2.0,1.0,0.0,0.0,0.0,0.0,2.0,,stefanie dolson,1,last_good_canonical,401856960.0,2529183.0,C,1.0,1.0,espn,stefanie dolson,no_projection_for_player_team_date
2026-06-09,2026,Stefanie Dolson,SEA,LVA,A,16.0,3.0,0.0,2.0,1.0,0.0,1.0,1.0,3.0,1.0,0.0,0.0,0.0,0.0,,stefanie dolson,0,last_good_canonical,401856974.0,2529183.0,C,0.0,1.0,espn,stefanie dolson,no_projection_for_player_team_date
2026-06-11,2026,Stefanie Dolson,SEA,LAS,H,19.0,2.0,2.0,2.0,0.0,0.0,0.0,1.0,4.0,1.0,0.0,0.0,1.0,1.0,,stefanie dolson,1,last_good_canonical,401856979.0,2529183.0,C,0.0,1.0,espn,stefanie dolson,no_projection_for_player_team_date
2026-06-13,2026,Stefanie Dolson,SEA,GSV,H,8.0,3.0,1.0,0.0,1.0,0.0,0.0,0.0,1.0,1.0,0.0,0.0,0.0,1.0,,stefanie dolson,1,last_good_canonical,401856985.0,2529183.0,C,0.0,1.0,espn,stefanie dolson,no_projection_for_player_team_date
2026-06-18,2026,Stefanie Dolson,SEA,POR,A,9.0,0.0,2.0,0.0,0.0,0.0,0.0,0.0,2.0,0.0,0.0,0.0,0.0,2.0,,stefanie dolson,0,last_good_canonical,401857001.0,2529183.0,C,0.0,1.0,espn,stefanie dolson,no_projection_for_player_team_date
2026-06-23,2026,Stefanie Dolson,SEA,DAL,H,14.0,0.0,1.0,0.0,0.0,0.0,0.0,0.0,0.0,0.0,0.0,0.0,0.0,1.0,,stefanie dolson,1,last_good_canonical,401857015.0,2529183.0,C,0.0,1.0,espn,stefanie dolson,no_projection_for_player_team_date
2026-06-26,2026,Stefanie Dolson,SEA,NYL,H,13.0,2.0,2.0,0.0,0.0,0.0,0.0,2.0,1.0,0.0,2.0,2.0,1.0,1.0,,stefanie dolson,1,last_good_canonical,401857023.0,2529183.0,C,0.0,1.0,espn,stefanie dolson,no_projection_for_player_team_date
2026-06-28,2026,Stefanie Dolson,SEA,ATL,H,13.0,5.0,2.0,3.0,1.0,0.0,0.0,1.0,3.0,2.0,0.0,0.0,2.0,0.0,,stefanie dolson,1,last_good_canonical,401857029.0,2529183.0,C,0.0,1.0,espn,stefanie dolson,no_projection_for_player_team_date
2026-05-09,2026,Stephanie Talbot,LVA,PHX,A,19.0,2.0,2.0,0.0,0.0,0.0,0.0,1.0,6.0,1.0,0.0,0.0,0.0,2.0,,stephanie talbot,0,last_good_canonical,401856894.0,3099736.0,F,1.0,1.0,espn,stephanie talbot,no_projection_for_player_team_date
2026-05-10,2026,Stephanie Talbot,LVA,LAS,A,18.0,8.0,2.0,3.0,0.0,3.0,0.0,1.0,5.0,4.0,0.0,0.0,0.0,2.0,,stephanie talbot,0,last_good_canonical,401856898.0,3099736.0,F,1.0,1.0,espn,stephanie talbot,no_projection_for_player_team_date
2026-05-14,2026,Stephanie Talbot,LVA,CON,A,12.0,4.0,2.0,0.0,0.0,0.0,0.0,0.0,2.0,2.0,0.0,0.0,0.0,2.0,,stephanie talbot,0,last_good_canonical,401856905.0,3099736.0,F,1.0,1.0,espn,stephanie talbot,no_projection_for_player_team_date
2026-05-15,2026,Stephanie Talbot,LVA,CON,A,22.0,1.0,1.0,2.0,0.0,1.0,0.0,2.0,0.0,0.0,2.0,1.0,0.0,1.0,,stephanie talbot,0,last_good_canonical,401856910.0,3099736.0,F,1.0,1.0,espn,stephanie talbot,no_projection_for_player_team_date
2026-05-17,2026,Stephanie Talbot,LVA,ATL,A,16.0,0.0,5.0,2.0,0.0,0.0,2.0,0.0,1.0,0.0,0.0,0.0,1.0,4.0,,stephanie talbot,0,last_good_canonical,401856915.0,3099736.0,F,1.0,1.0,espn,stephanie talbot,no_projection_for_player_team_date
2026-05-24,2026,Stephanie Talbot,LVA,LAS,A,16.0,2.0,3.0,1.0,0.0,0.0,0.0,0.0,2.0,1.0,0.0,0.0,2.0,1.0,,stephanie talbot,0,last_good_canonical,401856932.0,3099736.0,F,1.0,1.0,espn,stephanie talbot,no_projection_for_player_team_date
2026-05-29,2026,Stephanie Talbot,LVA,DAL,A,7.0,2.0,3.0,1.0,0.0,0.0,0.0,1.0,1.0,1.0,0.0,0.0,1.0,2.0,,stephanie talbot,0,last_good_canonical,401856943.0,3099736.0,F,1.0,1.0,espn,stephanie talbot,no_projection_for_player_team_date
2026-05-31,2026,Stephanie Talbot,LVA,GSV,A,32.0,10.0,7.0,4.0,2.0,1.0,0.0,1.0,7.0,2.0,5.0,4.0,2.0,5.0,,stephanie talbot,0,last_good_canonical,401856952.0,3099736.0,F,1.0,1.0,espn,stephanie talbot,no_projection_for_player_team_date
2026-06-02,2026,Stephanie Talbot,LVA,LAS,A,25.0,8.0,6.0,0.0,2.0,0.0,0.0,0.0,6.0,3.0,0.0,0.0,1.0,5.0,24.0,stephanie talbot,0,last_good_canonical,,,,,,,stephanie talbot,no_projection_for_player_team_date
2026-06-03,2026,Stephanie Talbot,LVA,LAS,A,25.0,8.0,6.0,0.0,2.0,0.0,0.0,0.0,6.0,3.0,0.0,0.0,1.0,5.0,,stephanie talbot,0,last_good_canonical,401856958.0,3099736.0,F,1.0,1.0,espn,stephanie talbot,no_projection_for_player_team_date
2026-06-06,2026,Stephanie Talbot,LVA,GSV,H,19.0,6.0,0.0,4.0,2.0,0.0,2.0,1.0,7.0,2.0,0.0,0.0,0.0,0.0,-11.0,stephanie talbot,1,last_good_canonical,,,,,,,stephanie talbot,no_projection_for_player_team_date
2026-06-09,2026,Stephanie Talbot,LVA,SEA,A,17.0,3.0,3.0,3.0,1.0,1.0,0.0,2.0,4.0,1.0,0.0,0.0,2.0,1.0,,stephanie talbot,0,last_good_canonical,401856974.0,3099736.0,F,1.0,1.0,espn,stephanie talbot,no_projection_for_player_team_date
2026-06-12,2026,Stephanie Talbot,LVA,POR,A,24.0,8.0,10.0,3.0,2.0,1.0,1.0,1.0,6.0,3.0,2.0,0.0,5.0,5.0,,stephanie talbot,0,last_good_canonical,401856983.0,3099736.0,F,1.0,1.0,espn,stephanie talbot,no_projection_for_player_team_date
2026-06-14,2026,Stephanie Talbot,LVA,MIN,A,20.0,0.0,3.0,1.0,0.0,0.0,0.0,0.0,1.0,0.0,0.0,0.0,3.0,0.0,,stephanie talbot,0,last_good_canonical,401856987.0,3099736.0,F,1.0,1.0,espn,stephanie talbot,no_projection_for_player_team_date
2026-06-16,2026,Stephanie Talbot,LVA,DAL,A,20.0,4.0,4.0,3.0,0.0,0.0,0.0,1.0,2.0,1.0,2.0,2.0,2.0,2.0,,stephanie talbot,0,last_good_canonical,401856992.0,3099736.0,F,1.0,1.0,espn,stephanie talbot,no_projection_for_player_team_date
2026-06-18,2026,Stephanie Talbot,LVA,PHX,A,20.0,3.0,2.0,1.0,1.0,2.0,0.0,0.0,2.0,1.0,0.0,0.0,0.0,2.0,,stephanie talbot,0,last_good_canonical,401857000.0,3099736.0,F,1.0,1.0,espn,stephanie talbot,no_projection_for_player_team_date
2026-06-24,2026,Stephanie Talbot,LVA,NYL,A,13.0,3.0,3.0,0.0,1.0,0.0,0.0,0.0,5.0,1.0,0.0,0.0,0.0,3.0,,stephanie talbot,0,last_good_canonical,401857016.0,3099736.0,F,1.0,1.0,espn,stephanie talbot,no_projection_for_player_team_date
2026-06-26,2026,Stephanie Talbot,LVA,DAL,A,16.0,0.0,1.0,0.0,0.0,1.0,0.0,2.0,1.0,0.0,0.0,0.0,0.0,1.0,,stephanie talbot,0,last_good_canonical,401857022.0,3099736.0,F,1.0,1.0,espn,stephanie talbot,no_projection_for_player_team_date
2026-05-15,2026,Sug Sutton,POR,NYL,H,20.0,8.0,3.0,8.0,1.0,0.0,0.0,1.0,13.0,3.0,4.0,1.0,0.0,3.0,,sug sutton,1,last_good_canonical,401856909.0,4068159.0,G,0.0,1.0,espn,sug sutton,no_projection_for_player_team_date
2026-05-19,2026,Sug Sutton,POR,CON,H,25.0,12.0,1.0,5.0,1.0,1.0,0.0,2.0,10.0,4.0,4.0,3.0,1.0,0.0,,sug sutton,1,last_good_canonical,401856919.0,4068159.0,G,1.0,1.0,espn,sug sutton,no_projection_for_player_team_date
2026-05-20,2026,Sug Sutton,POR,IND,A,24.0,14.0,1.0,4.0,0.0,1.0,0.0,3.0,8.0,6.0,2.0,2.0,0.0,1.0,,sug sutton,0,last_good_canonical,401856921.0,4068159.0,G,1.0,1.0,espn,sug sutton,no_projection_for_player_team_date
2026-06-15,2026,Sug Sutton,DAL,LVA,H,21.0,4.0,2.0,4.0,0.0,1.0,1.0,0.0,5.0,2.0,0.0,0.0,0.0,2.0,8.0,sug sutton,1,last_good_canonical,,,,,,,sug sutton,no_projection_for_player_team_date
2026-06-16,2026,Sug Sutton,DAL,LVA,H,21.0,4.0,2.0,4.0,0.0,1.0,1.0,0.0,5.0,2.0,0.0,0.0,0.0,2.0,,sug sutton,1,last_good_canonical,401856992.0,4068159.0,G,0.0,1.0,espn,sug sutton,no_projection_for_player_team_date
2026-06-18,2026,Sug Sutton,DAL,GSV,A,13.0,9.0,0.0,2.0,2.0,0.0,0.0,1.0,4.0,3.0,2.0,1.0,0.0,0.0,,sug sutton,0,last_good_canonical,401856998.0,4068159.0,G,0.0,1.0,espn,sug sutton,no_projection_for_player_team_date
2026-06-21,2026,Sug Sutton,DAL,CHI,H,13.0,4.0,0.0,1.0,0.0,0.0,1.0,0.0,3.0,2.0,0.0,0.0,0.0,0.0,,sug sutton,1,last_good_canonical,401857008.0,4068159.0,G,0.0,1.0,espn,sug sutton,no_projection_for_player_team_date
2026-06-23,2026,Sug Sutton,DAL,SEA,A,10.0,0.0,2.0,2.0,0.0,1.0,0.0,1.0,1.0,0.0,0.0,0.0,0.0,2.0,,sug sutton,0,last_good_canonical,401857015.0,4068159.0,G,0.0,1.0,espn,sug sutton,no_projection_for_player_team_date
2026-06-26,2026,Sug Sutton,DAL,LVA,A,7.0,3.0,0.0,0.0,1.0,0.0,0.0,2.0,1.0,1.0,0.0,0.0,0.0,0.0,,sug sutton,0,last_good_canonical,401857022.0,4068159.0,G,0.0,1.0,espn,sug sutton,no_projection_for_player_team_date
2025-07-05,2025,Sydney Colson,IND,LAS,H,15.0,6.0,2.0,5.0,2.0,0.0,1.0,0.0,4.0,2.0,0.0,0.0,0.0,2.0,,sydney colson,1,last_good_canonical,401736225.0,1004.0,G,0.0,1.0,espn,sydney colson,no_projection_for_player_team_date
2026-05-10,2026,Sydney Taylor,CHI,POR,A,4.0,0.0,0.0,0.0,0.0,0.0,0.0,0.0,3.0,0.0,0.0,0.0,0.0,0.0,,sydney taylor,0,last_good_canonical,401856895.0,4594786.0,G,0.0,1.0,espn,sydney taylor,no_projection_for_player_team_date
2026-05-14,2026,Sydney Taylor,CHI,GSV,A,0.0,0.0,0.0,0.0,0.0,0.0,0.0,0.0,0.0,0.0,0.0,0.0,0.0,0.0,,sydney taylor,0,last_good_canonical,401856906.0,4594786.0,G,0.0,0.0,espn,sydney taylor,no_projection_for_player_team_date
2026-05-17,2026,Sydney Taylor,CHI,MIN,A,10.0,5.0,1.0,2.0,1.0,0.0,0.0,1.0,3.0,1.0,2.0,2.0,1.0,0.0,,sydney taylor,0,last_good_canonical,401856914.0,4594786.0,G,0.0,1.0,espn,sydney taylor,no_projection_for_player_team_date
2026-05-21,2026,Sydney Taylor,CHI,DAL,H,0.0,0.0,0.0,0.0,0.0,0.0,0.0,0.0,0.0,0.0,0.0,0.0,0.0,0.0,,sydney taylor,1,last_good_canonical,401856922.0,4594786.0,G,0.0,0.0,espn,sydney taylor,no_projection_for_player_team_date
2026-05-23,2026,Sydney Taylor,CHI,MIN,H,20.0,11.0,2.0,1.0,2.0,1.0,0.0,1.0,12.0,3.0,5.0,3.0,1.0,1.0,,sydney taylor,1,last_good_canonical,401856930.0,4594786.0,G,0.0,1.0,espn,sydney taylor,no_projection_for_player_team_date
2026-05-28,2026,Sydney Taylor,CHI,TOR,H,23.0,27.0,2.0,2.0,3.0,1.0,0.0,0.0,22.0,9.0,6.0,6.0,1.0,1.0,,sydney taylor,1,last_good_canonical,401856939.0,4594786.0,G,0.0,1.0,espn,sydney taylor,no_projection_for_player_team_date
2026-05-29,2026,Sydney Taylor,CHI,MIN,H,20.0,7.0,2.0,4.0,1.0,0.0,0.0,1.0,9.0,3.0,0.0,0.0,0.0,2.0,,sydney taylor,1,last_good_canonical,401856947.0,4594786.0,G,0.0,1.0,espn,sydney taylor,no_projection_for_player_team_date
2026-06-02,2026,Sydney Taylor,CHI,WAS,A,20.0,15.0,1.0,1.0,1.0,4.0,0.0,4.0,13.0,6.0,4.0,2.0,0.0,1.0,-11.0,sydney taylor,0,last_good_canonical,,,,,,,sydney taylor,no_projection_for_player_team_date
2026-06-18,2026,Sydney Taylor,CHI,NYL,H,28.0,24.0,1.0,2.0,4.0,3.0,1.0,1.0,16.0,10.0,0.0,0.0,0.0,1.0,,sydney taylor,1,last_good_canonical,401856997.0,4594786.0,G,1.0,1.0,espn,sydney taylor,no_projection_for_player_team_date
2026-06-21,2026,Sydney Taylor,CHI,DAL,A,25.0,18.0,2.0,0.0,2.0,1.0,0.0,3.0,13.0,6.0,4.0,4.0,1.0,1.0,,sydney taylor,0,last_good_canonical,401857008.0,4594786.0,G,1.0,1.0,espn,sydney taylor,no_projection_for_player_team_date
2026-06-25,2026,Sydney Taylor,CHI,POR,H,21.0,14.0,1.0,4.0,2.0,1.0,0.0,1.0,8.0,5.0,3.0,2.0,0.0,1.0,,sydney taylor,1,last_good_canonical,401857019.0,4594786.0,G,1.0,1.0,espn,sydney taylor,no_projection_for_player_team_date
2026-05-10,2026,Ta'Niya Latson,LAS,LVA,A,5.0,2.0,1.0,0.0,0.0,0.0,0.0,1.0,1.0,1.0,0.0,0.0,0.0,1.0,,ta'niya latson,0,last_good_canonical,401856898.0,4609797.0,G,0.0,1.0,espn,ta'niya latson,no_projection_for_player_team_date
2026-05-14,2026,Ta'Niya Latson,LAS,IND,A,2.0,0.0,0.0,0.0,0.0,0.0,0.0,1.0,1.0,0.0,0.0,0.0,0.0,0.0,,ta'niya latson,0,last_good_canonical,401856907.0,4609797.0,G,0.0,1.0,espn,ta'niya latson,no_projection_for_player_team_date
2026-05-17,2026,Ta'Niya Latson,LAS,TOR,A,0.0,0.0,0.0,0.0,0.0,0.0,0.0,0.0,0.0,0.0,0.0,0.0,0.0,0.0,,ta'niya latson,0,last_good_canonical,401856917.0,4609797.0,G,0.0,0.0,espn,ta'niya latson,no_projection_for_player_team_date
2026-05-22,2026,Ta'Niya Latson,LAS,PHX,A,0.0,0.0,0.0,0.0,0.0,0.0,0.0,0.0,0.0,0.0,0.0,0.0,0.0,0.0,,ta'niya latson,0,last_good_canonical,401856926.0,4609797.0,G,0.0,0.0,espn,ta'niya latson,no_projection_for_player_team_date
2026-05-24,2026,Ta'Niya Latson,LAS,LVA,A,0.0,0.0,0.0,0.0,0.0,0.0,0.0,0.0,0.0,0.0,0.0,0.0,0.0,0.0,,ta'niya latson,0,last_good_canonical,401856932.0,4609797.0,G,0.0,0.0,espn,ta'niya latson,no_projection_for_player_team_date
2026-05-29,2026,Ta'Niya Latson,LAS,WAS,A,5.0,3.0,0.0,0.0,0.0,0.0,0.0,1.0,1.0,0.0,4.0,3.0,0.0,0.0,,ta'niya latson,0,last_good_canonical,401856946.0,4609797.0,G,0.0,1.0,espn,ta'niya latson,no_projection_for_player_team_date
2026-05-30,2026,Ta'Niya Latson,LAS,CON,A,5.0,3.0,0.0,0.0,1.0,0.0,0.0,0.0,1.0,1.0,0.0,0.0,0.0,0.0,,ta'niya latson,0,last_good_canonical,401856950.0,4609797.0,G,0.0,1.0,espn,ta'niya latson,no_projection_for_player_team_date
2026-06-02,2026,Ta'Niya Latson,LAS,LVA,H,6.0,2.0,2.0,1.0,0.0,0.0,0.0,1.0,1.0,0.0,2.0,2.0,1.0,1.0,3.0,ta'niya latson,1,last_good_canonical,,,,,,,ta'niya latson,no_projection_for_player_team_date
2026-06-03,2026,Ta'Niya Latson,LAS,LVA,A,6.0,2.0,2.0,1.0,0.0,0.0,0.0,1.0,1.0,0.0,2.0,2.0,1.0,1.0,,ta'niya latson,0,last_good_canonical,401856958.0,4609797.0,G,0.0,1.0,espn,ta'niya latson,no_projection_for_player_team_date
2026-06-06,2026,Ta'Niya Latson,LAS,DAL,A,0.0,0.0,0.0,0.0,0.0,0.0,0.0,0.0,0.0,0.0,0.0,0.0,0.0,0.0,,ta'niya latson,0,last_good_canonical,401856964.0,4609797.0,G,0.0,0.0,espn,ta'niya latson,no_projection_for_player_team_date
2026-06-11,2026,Ta'Niya Latson,LAS,SEA,A,0.0,0.0,0.0,0.0,0.0,0.0,0.0,0.0,0.0,0.0,0.0,0.0,0.0,0.0,,ta'niya latson,0,last_good_canonical,401856979.0,4609797.0,G,0.0,0.0,espn,ta'niya latson,no_projection_for_player_team_date
2026-06-14,2026,Ta'Niya Latson,LAS,PHX,A,0.0,0.0,0.0,0.0,0.0,0.0,0.0,0.0,0.0,0.0,0.0,0.0,0.0,0.0,,ta'niya latson,0,last_good_canonical,401856989.0,4609797.0,G,0.0,0.0,espn,ta'niya latson,no_projection_for_player_team_date
2026-06-16,2026,Ta'Niya Latson,LAS,GSV,A,4.0,0.0,1.0,0.0,0.0,0.0,0.0,1.0,1.0,0.0,0.0,0.0,0.0,1.0,,ta'niya latson,0,last_good_canonical,401856994.0,4609797.0,G,0.0,1.0,espn,ta'niya latson,no_projection_for_player_team_date
2026-06-18,2026,Ta'Niya Latson,LAS,MIN,A,12.0,6.0,3.0,2.0,0.0,0.0,0.0,2.0,2.0,0.0,9.0,6.0,1.0,2.0,,ta'niya latson,0,last_good_canonical,401856999.0,4609797.0,G,0.0,1.0,espn,ta'niya latson,no_projection_for_player_team_date
2026-06-22,2026,Ta'Niya Latson,LAS,NYL,A,0.0,0.0,0.0,0.0,0.0,0.0,0.0,0.0,0.0,0.0,0.0,0.0,0.0,0.0,,ta'niya latson,0,last_good_canonical,401857011.0,4609797.0,G,0.0,0.0,espn,ta'niya latson,no_projection_for_player_team_date
2026-06-28,2026,Ta'Niya Latson,LAS,IND,A,7.0,2.0,2.0,0.0,0.0,0.0,0.0,0.0,3.0,1.0,0.0,0.0,1.0,1.0,,ta'niya latson,0,last_good_canonical,401857028.0,4609797.0,G,0.0,1.0,espn,ta'niya latson,no_projection_for_player_team_date
2026-05-09,2026,Taina Mair,SEA,GSV,H,0.0,0.0,0.0,0.0,0.0,0.0,0.0,0.0,0.0,0.0,0.0,0.0,0.0,0.0,,taina mair,1,last_good_canonical,401856892.0,5106222.0,G,0.0,0.0,espn,taina mair,no_projection_for_player_team_date
2026-05-10,2026,Taina Mair,SEA,CON,A,0.0,0.0,0.0,0.0,0.0,0.0,0.0,0.0,0.0,0.0,0.0,0.0,0.0,0.0,,taina mair,0,last_good_canonical,401856896.0,5106222.0,G,0.0,0.0,espn,taina mair,no_projection_for_player_team_date
2026-05-13,2026,Taina Mair,SEA,TOR,A,0.0,0.0,0.0,0.0,0.0,0.0,0.0,0.0,0.0,0.0,0.0,0.0,0.0,0.0,,taina mair,0,last_good_canonical,401856904.0,5106222.0,G,0.0,0.0,espn,taina mair,no_projection_for_player_team_date
2026-05-17,2026,Taina Mair,SEA,IND,A,0.0,0.0,0.0,0.0,0.0,0.0,0.0,0.0,0.0,0.0,0.0,0.0,0.0,0.0,,taina mair,0,last_good_canonical,401856916.0,5106222.0,G,0.0,0.0,espn,taina mair,no_projection_for_player_team_date
2026-05-21,2026,Taina Mair,SEA,CON,H,3.0,0.0,0.0,1.0,0.0,0.0,0.0,0.0,1.0,0.0,0.0,0.0,0.0,0.0,,taina mair,1,last_good_canonical,401856923.0,5106222.0,G,0.0,1.0,espn,taina mair,no_projection_for_player_team_date
2026-06-06,2026,Taina Mair,SEA,MIN,A,2.0,0.0,0.0,0.0,0.0,0.0,0.0,0.0,2.0,0.0,0.0,0.0,0.0,0.0,-2.0,taina mair,0,last_good_canonical,,,,,,,taina mair,no_projection_for_player_team_date
2026-06-18,2026,Taina Mair,SEA,POR,A,0.0,0.0,0.0,0.0,0.0,0.0,0.0,0.0,0.0,0.0,0.0,0.0,0.0,0.0,,taina mair,0,last_good_canonical,401857001.0,5106222.0,G,0.0,0.0,espn,taina mair,no_projection_for_player_team_date
2026-06-23,2026,Taina Mair,SEA,DAL,H,8.0,2.0,2.0,1.0,0.0,0.0,0.0,1.0,3.0,0.0,2.0,2.0,1.0,1.0,,taina mair,1,last_good_canonical,401857015.0,5106222.0,G,0.0,1.0,espn,taina mair,no_projection_for_player_team_date
2026-05-17,2026,Taylor Thierry,SEA,IND,A,0.0,0.0,0.0,0.0,0.0,0.0,0.0,0.0,0.0,0.0,0.0,0.0,0.0,0.0,,taylor thierry,0,last_good_canonical,401856916.0,4898400.0,F,0.0,0.0,espn,taylor thierry,no_projection_for_player_team_date
2026-05-21,2026,Taylor Thierry,SEA,CON,H,9.0,6.0,2.0,0.0,2.0,0.0,0.0,0.0,4.0,2.0,0.0,0.0,1.0,1.0,,taylor thierry,1,last_good_canonical,401856923.0,4898400.0,F,0.0,1.0,espn,taylor thierry,no_projection_for_player_team_date
2026-05-23,2026,Taylor Thierry,SEA,CON,H,4.0,0.0,1.0,0.0,0.0,0.0,0.0,0.0,0.0,0.0,0.0,0.0,1.0,0.0,,taylor thierry,1,last_good_canonical,401856929.0,4898400.0,F,0.0,1.0,espn,taylor thierry,no_projection_for_player_team_date
2026-06-06,2026,Taylor Thierry,SEA,MIN,A,2.0,0.0,0.0,0.0,0.0,0.0,0.0,0.0,0.0,0.0,0.0,0.0,0.0,0.0,-2.0,taylor thierry,0,last_good_canonical,,,,,,,taylor thierry,no_projection_for_player_team_date
2026-06-09,2026,Taylor Thierry,SEA,LVA,A,0.0,0.0,0.0,0.0,0.0,0.0,0.0,0.0,0.0,0.0,0.0,0.0,0.0,0.0,,taylor thierry,0,last_good_canonical,401856974.0,4898400.0,F,0.0,0.0,espn,taylor thierry,no_projection_for_player_team_date
2026-06-11,2026,Taylor Thierry,SEA,LAS,H,0.0,0.0,0.0,0.0,0.0,0.0,0.0,0.0,0.0,0.0,0.0,0.0,0.0,0.0,,taylor thierry,1,last_good_canonical,401856979.0,4898400.0,F,0.0,0.0,espn,taylor thierry,no_projection_for_player_team_date
2026-06-13,2026,Taylor Thierry,SEA,GSV,H,0.0,0.0,0.0,0.0,0.0,0.0,0.0,0.0,0.0,0.0,0.0,0.0,0.0,0.0,,taylor thierry,1,last_good_canonical,401856985.0,4898400.0,F,0.0,0.0,espn,taylor thierry,no_projection_for_player_team_date
2026-06-18,2026,Taylor Thierry,SEA,POR,A,3.0,0.0,1.0,0.0,0.0,0.0,0.0,0.0,1.0,0.0,0.0,0.0,1.0,0.0,,taylor thierry,0,last_good_canonical,401857001.0,4898400.0,F,0.0,1.0,espn,taylor thierry,no_projection_for_player_team_date
2026-06-23,2026,Taylor Thierry,SEA,DAL,H,0.0,0.0,0.0,0.0,0.0,0.0,0.0,0.0,0.0,0.0,0.0,0.0,0.0,0.0,,taylor thierry,1,last_good_canonical,401857015.0,4898400.0,F,0.0,0.0,espn,taylor thierry,no_projection_for_player_team_date
2026-06-26,2026,Taylor Thierry,SEA,NYL,H,3.0,0.0,1.0,0.0,0.0,0.0,0.0,0.0,0.0,0.0,0.0,0.0,1.0,0.0,,taylor thierry,1,last_good_canonical,401857023.0,4898400.0,F,0.0,1.0,espn,taylor thierry,no_projection_for_player_team_date
2026-06-28,2026,Taylor Thierry,SEA,ATL,H,6.0,0.0,0.0,0.0,0.0,0.0,0.0,0.0,1.0,0.0,0.0,0.0,0.0,0.0,,taylor thierry,1,last_good_canonical,401857029.0,4898400.0,F,0.0,1.0,espn,taylor thierry,no_projection_for_player_team_date
2026-05-10,2026,Te-Hina Paopao,ATL,MIN,A,21.0,6.0,5.0,4.0,0.0,0.0,1.0,3.0,10.0,3.0,0.0,0.0,1.0,4.0,,te-hina paopao,0,last_good_canonical,401856899.0,4433431.0,G,0.0,1.0,espn,te-hina paopao,no_projection_for_player_team_date
2026-05-13,2026,Te-Hina Paopao,ATL,DAL,A,13.0,2.0,3.0,1.0,0.0,0.0,0.0,2.0,4.0,1.0,0.0,0.0,0.0,3.0,,te-hina paopao,0,last_good_canonical,401856901.0,4433431.0,G,0.0,1.0,espn,te-hina paopao,no_projection_for_player_team_date
2026-05-17,2026,Te-Hina Paopao,ATL,LVA,H,36.0,19.0,2.0,2.0,4.0,1.0,1.0,0.0,14.0,5.0,6.0,5.0,0.0,2.0,,te-hina paopao,1,last_good_canonical,401856915.0,4433431.0,G,1.0,1.0,espn,te-hina paopao,no_projection_for_player_team_date
2026-05-22,2026,Te-Hina Paopao,ATL,DAL,H,13.0,9.0,2.0,2.0,3.0,0.0,0.0,2.0,4.0,3.0,0.0,0.0,0.0,2.0,,te-hina paopao,1,last_good_canonical,401856927.0,4433431.0,G,0.0,1.0,espn,te-hina paopao,no_projection_for_player_team_date
2026-05-24,2026,Te-Hina Paopao,ATL,PHX,H,14.0,3.0,1.0,2.0,1.0,0.0,0.0,0.0,1.0,1.0,0.0,0.0,0.0,1.0,,te-hina paopao,1,last_good_canonical,401856933.0,4433431.0,G,0.0,1.0,espn,te-hina paopao,no_projection_for_player_team_date
2026-05-28,2026,Te-Hina Paopao,ATL,MIN,A,11.0,3.0,0.0,1.0,1.0,0.0,0.0,0.0,1.0,1.0,0.0,0.0,0.0,0.0,,te-hina paopao,0,last_good_canonical,401856940.0,4433431.0,G,0.0,1.0,espn,te-hina paopao,no_projection_for_player_team_date
2026-05-30,2026,Te-Hina Paopao,ATL,POR,A,14.0,5.0,0.0,1.0,1.0,0.0,0.0,1.0,5.0,2.0,0.0,0.0,0.0,0.0,,te-hina paopao,0,last_good_canonical,401856948.0,4433431.0,G,0.0,1.0,espn,te-hina paopao,no_projection_for_player_team_date
2026-06-02,2026,Te-Hina Paopao,ATL,CON,H,8.0,0.0,1.0,0.0,0.0,0.0,0.0,1.0,1.0,0.0,0.0,0.0,0.0,1.0,4.0,te-hina paopao,1,last_good_canonical,,,,,,,te-hina paopao,no_projection_for_player_team_date
2026-06-04,2026,Te-Hina Paopao,ATL,IND,A,16.0,0.0,2.0,1.0,0.0,1.0,0.0,1.0,3.0,0.0,0.0,0.0,1.0,1.0,-10.0,te-hina paopao,0,last_good_canonical,,,,,,,te-hina paopao,no_projection_for_player_team_date
2026-06-06,2026,Te-Hina Paopao,ATL,WAS,H,14.0,6.0,1.0,3.0,2.0,0.0,1.0,0.0,4.0,2.0,0.0,0.0,0.0,1.0,13.0,te-hina paopao,1,last_good_canonical,,,,,,,te-hina paopao,no_projection_for_player_team_date
2026-06-25,2026,Te-Hina Paopao,ATL,GSV,A,12.0,2.0,0.0,2.0,0.0,0.0,0.0,1.0,3.0,1.0,0.0,0.0,0.0,0.0,,te-hina paopao,0,last_good_canonical,401857020.0,4433431.0,G,0.0,1.0,espn,te-hina paopao,no_projection_for_player_team_date
2026-06-28,2026,Te-Hina Paopao,ATL,SEA,A,18.0,3.0,0.0,4.0,1.0,1.0,0.0,0.0,6.0,1.0,0.0,0.0,0.0,0.0,,te-hina paopao,0,last_good_canonical,401857029.0,4433431.0,G,0.0,1.0,espn,te-hina paopao,no_projection_for_player_team_date
2026-05-29,2026,Teaira McCowan,MIN,CHI,A,10.0,0.0,4.0,1.0,0.0,0.0,2.0,2.0,2.0,0.0,0.0,0.0,0.0,4.0,,teaira mccowan,0,last_good_canonical,401856947.0,3913903.0,C,0.0,1.0,espn,teaira mccowan,no_projection_for_player_team_date
2026-06-02,2026,Teaira McCowan,MIN,PHX,A,16.0,6.0,6.0,0.0,0.0,1.0,0.0,2.0,4.0,3.0,0.0,0.0,1.0,5.0,,teaira mccowan,0,last_good_canonical,401856954.0,3913903.0,C,0.0,1.0,espn,teaira mccowan,no_projection_for_player_team_date
2026-06-04,2026,Teaira McCowan,MIN,GSV,H,2.0,0.0,2.0,0.0,0.0,0.0,0.0,0.0,1.0,0.0,0.0,0.0,2.0,0.0,-1.0,teaira mccowan,1,last_good_canonical,,,,,,,teaira mccowan,no_projection_for_player_team_date
2026-06-06,2026,Teaira McCowan,MIN,SEA,H,7.0,4.0,3.0,1.0,0.0,0.0,0.0,1.0,3.0,2.0,0.0,0.0,1.0,2.0,2.0,teaira mccowan,1,last_good_canonical,,,,,,,teaira mccowan,no_projection_for_player_team_date
2026-06-10,2026,Teaira McCowan,MIN,DAL,H,6.0,0.0,1.0,0.0,0.0,0.0,0.0,0.0,0.0,0.0,0.0,0.0,0.0,1.0,,teaira mccowan,1,last_good_canonical,401856976.0,3913903.0,C,0.0,1.0,espn,teaira mccowan,no_projection_for_player_team_date
2026-06-14,2026,Teaira McCowan,MIN,LVA,A,2.0,0.0,0.0,0.0,0.0,0.0,0.0,0.0,0.0,0.0,0.0,0.0,0.0,0.0,,teaira mccowan,0,last_good_canonical,401856987.0,3913903.0,C,0.0,1.0,espn,teaira mccowan,no_projection_for_player_team_date
2026-06-16,2026,Teaira McCowan,MIN,POR,H,8.0,0.0,4.0,1.0,0.0,0.0,1.0,0.0,2.0,0.0,2.0,0.0,1.0,3.0,,teaira mccowan,1,last_good_canonical,401856993.0,3913903.0,C,0.0,1.0,espn,teaira mccowan,no_projection_for_player_team_date
2026-06-18,2026,Teaira McCowan,MIN,LAS,A,5.0,2.0,1.0,0.0,0.0,0.0,0.0,1.0,1.0,1.0,1.0,0.0,0.0,1.0,,teaira mccowan,0,last_good_canonical,401856999.0,3913903.0,C,0.0,1.0,espn,teaira mccowan,no_projection_for_player_team_date
2026-06-20,2026,Teaira McCowan,MIN,GSV,A,0.0,0.0,0.0,0.0,0.0,0.0,0.0,0.0,0.0,0.0,0.0,0.0,0.0,0.0,,teaira mccowan,0,last_good_canonical,401857005.0,3913903.0,C,0.0,0.0,espn,teaira mccowan,no_projection_for_player_team_date
2026-05-10,2026,Teja Oblak,POR,CHI,H,0.0,0.0,0.0,0.0,0.0,0.0,0.0,0.0,0.0,0.0,0.0,0.0,0.0,0.0,,teja oblak,1,last_good_canonical,401856895.0,5346554.0,G,0.0,0.0,espn,teja oblak,no_projection_for_player_team_date
2026-05-23,2026,Teja Oblak,POR,TOR,A,17.0,3.0,1.0,9.0,1.0,0.0,0.0,2.0,4.0,1.0,0.0,0.0,0.0,1.0,,teja oblak,0,last_good_canonical,401856931.0,5346554.0,G,0.0,1.0,espn,teja oblak,no_projection_for_player_team_date
2026-05-28,2026,Teja Oblak,POR,CON,H,17.0,5.0,0.0,2.0,0.0,1.0,0.0,3.0,3.0,2.0,3.0,1.0,0.0,0.0,,teja oblak,1,last_good_canonical,401856941.0,5346554.0,G,0.0,1.0,espn,teja oblak,no_projection_for_player_team_date
2026-05-30,2026,Teja Oblak,POR,ATL,H,0.0,0.0,0.0,0.0,0.0,0.0,0.0,0.0,0.0,0.0,0.0,0.0,0.0,0.0,,teja oblak,1,last_good_canonical,401856948.0,5346554.0,G,0.0,0.0,espn,teja oblak,no_projection_for_player_team_date
2026-05-31,2026,Teja Oblak,POR,IND,H,10.0,3.0,1.0,0.0,1.0,0.0,0.0,2.0,3.0,1.0,0.0,0.0,0.0,1.0,,teja oblak,1,last_good_canonical,401856951.0,5346554.0,G,0.0,1.0,espn,teja oblak,no_projection_for_player_team_date
2026-06-02,2026,Teja Oblak,POR,GSV,A,12.0,11.0,1.0,2.0,1.0,1.0,0.0,3.0,6.0,5.0,0.0,0.0,1.0,0.0,-12.0,teja oblak,0,last_good_canonical,,,,,,,teja oblak,no_projection_for_player_team_date
2026-06-03,2026,Teja Oblak,POR,GSV,A,12.0,11.0,1.0,2.0,1.0,1.0,0.0,3.0,6.0,5.0,0.0,0.0,1.0,0.0,,teja oblak,0,last_good_canonical,401856957.0,5346554.0,G,0.0,1.0,espn,teja oblak,no_projection_for_player_team_date
2026-06-06,2026,Teja Oblak,POR,PHX,H,16.0,11.0,1.0,4.0,1.0,0.0,0.0,4.0,4.0,4.0,2.0,2.0,1.0,0.0,,teja oblak,1,last_good_canonical,401856965.0,5346554.0,G,0.0,1.0,espn,teja oblak,no_projection_for_player_team_date
2026-06-12,2026,Teja Oblak,POR,LVA,H,12.0,9.0,3.0,6.0,0.0,1.0,0.0,0.0,5.0,3.0,3.0,3.0,0.0,3.0,,teja oblak,1,last_good_canonical,401856983.0,5346554.0,G,0.0,1.0,espn,teja oblak,no_projection_for_player_team_date
2026-06-14,2026,Teja Oblak,POR,DAL,H,13.0,3.0,1.0,2.0,1.0,1.0,0.0,2.0,2.0,1.0,0.0,0.0,0.0,1.0,,teja oblak,1,last_good_canonical,401856988.0,5346554.0,G,0.0,1.0,espn,teja oblak,no_projection_for_player_team_date
2026-06-16,2026,Teja Oblak,POR,MIN,A,17.0,9.0,6.0,5.0,1.0,0.0,0.0,3.0,7.0,4.0,0.0,0.0,2.0,4.0,,teja oblak,0,last_good_canonical,401856993.0,5346554.0,G,0.0,1.0,espn,teja oblak,no_projection_for_player_team_date
2026-06-18,2026,Teja Oblak,POR,SEA,H,11.0,5.0,0.0,2.0,1.0,0.0,0.0,2.0,3.0,2.0,0.0,0.0,0.0,0.0,,teja oblak,1,last_good_canonical,401857001.0,5346554.0,G,0.0,1.0,espn,teja oblak,no_projection_for_player_team_date
2026-06-25,2026,Teja Oblak,POR,CHI,A,8.0,3.0,1.0,0.0,1.0,0.0,0.0,2.0,4.0,1.0,0.0,0.0,1.0,0.0,,teja oblak,0,last_good_canonical,401857019.0,5346554.0,G,0.0,1.0,espn,teja oblak,no_projection_for_player_team_date
2026-05-08,2026,Temi Fagbenle,TOR,WAS,H,16.0,2.0,1.0,1.0,0.0,1.0,0.0,4.0,2.0,0.0,2.0,2.0,0.0,1.0,,temi fagbenle,1,last_good_canonical,401856891.0,2569044.0,C,1.0,1.0,espn,temi fagbenle,no_projection_for_player_team_date
2026-05-20,2026,Temi Fagbenle,TOR,PHX,A,0.0,0.0,0.0,0.0,0.0,0.0,0.0,0.0,0.0,0.0,0.0,0.0,0.0,0.0,,temi fagbenle,0,last_good_canonical,401856920.0,2569044.0,C,0.0,0.0,espn,temi fagbenle,no_projection_for_player_team_date
2026-05-22,2026,Temi Fagbenle,TOR,MIN,A,0.0,0.0,0.0,0.0,0.0,0.0,0.0,0.0,0.0,0.0,0.0,0.0,0.0,0.0,,temi fagbenle,0,last_good_canonical,401856925.0,2569044.0,C,0.0,0.0,espn,temi fagbenle,no_projection_for_player_team_date
2026-05-23,2026,Temi Fagbenle,TOR,POR,H,0.0,0.0,0.0,0.0,0.0,0.0,0.0,0.0,0.0,0.0,0.0,0.0,0.0,0.0,,temi fagbenle,1,last_good_canonical,401856931.0,2569044.0,C,0.0,0.0,espn,temi fagbenle,no_projection_for_player_team_date
2026-05-28,2026,Temi Fagbenle,TOR,CHI,A,0.0,0.0,0.0,0.0,0.0,0.0,0.0,0.0,0.0,0.0,0.0,0.0,0.0,0.0,,temi fagbenle,0,last_good_canonical,401856939.0,2569044.0,C,0.0,0.0,espn,temi fagbenle,no_projection_for_player_team_date
2026-05-30,2026,Temi Fagbenle,TOR,SEA,H,0.0,0.0,0.0,0.0,0.0,0.0,0.0,0.0,0.0,0.0,0.0,0.0,0.0,0.0,,temi fagbenle,1,last_good_canonical,401856949.0,2569044.0,C,0.0,0.0,espn,temi fagbenle,no_projection_for_player_team_date
2026-06-03,2026,Temi Fagbenle,TOR,NYL,A,,,,,,,,,,,,,,,,temi fagbenle,0,last_good_canonical,,,,,,,temi fagbenle,no_projection_for_player_team_date
2026-05-08,2026,Teonni Key,TOR,WAS,H,9.0,0.0,3.0,1.0,0.0,0.0,1.0,1.0,1.0,0.0,2.0,0.0,1.0,2.0,,teonni key,1,last_good_canonical,401856891.0,4434020.0,F,0.0,1.0,espn,teonni key,no_projection_for_player_team_date
2026-05-13,2026,Teonni Key,TOR,SEA,H,8.0,2.0,1.0,0.0,0.0,0.0,1.0,0.0,1.0,1.0,0.0,0.0,1.0,0.0,,teonni key,1,last_good_canonical,401856904.0,4434020.0,F,1.0,1.0,espn,teonni key,no_projection_for_player_team_date
2026-05-17,2026,Teonni Key,TOR,LAS,A,20.0,6.0,7.0,0.0,0.0,1.0,1.0,0.0,6.0,2.0,2.0,2.0,3.0,4.0,,teonni key,0,last_good_canonical,401856917.0,4434020.0,F,0.0,1.0,espn,teonni key,no_projection_for_player_team_date
2026-05-20,2026,Teonni Key,TOR,PHX,A,11.0,3.0,2.0,0.0,1.0,1.0,0.0,2.0,3.0,1.0,0.0,0.0,0.0,2.0,,teonni key,0,last_good_canonical,401856920.0,4434020.0,F,0.0,1.0,espn,teonni key,no_projection_for_player_team_date
2026-05-22,2026,Teonni Key,TOR,MIN,A,16.0,4.0,3.0,0.0,0.0,1.0,1.0,1.0,5.0,2.0,0.0,0.0,2.0,1.0,,teonni key,0,last_good_canonical,401856925.0,4434020.0,F,0.0,1.0,espn,teonni key,no_projection_for_player_team_date
2026-05-23,2026,Teonni Key,TOR,POR,H,11.0,4.0,2.0,0.0,0.0,0.0,1.0,1.0,2.0,2.0,0.0,0.0,1.0,1.0,,teonni key,1,last_good_canonical,401856931.0,4434020.0,F,0.0,1.0,espn,teonni key,no_projection_for_player_team_date
2026-05-28,2026,Teonni Key,TOR,CHI,A,10.0,3.0,1.0,0.0,1.0,0.0,0.0,2.0,2.0,1.0,0.0,0.0,0.0,1.0,,teonni key,0,last_good_canonical,401856939.0,4434020.0,F,0.0,1.0,espn,teonni key,no_projection_for_player_team_date
2026-05-30,2026,Teonni Key,TOR,SEA,H,9.0,0.0,1.0,0.0,0.0,0.0,0.0,0.0,1.0,0.0,2.0,0.0,1.0,0.0,,teonni key,1,last_good_canonical,401856949.0,4434020.0,F,0.0,1.0,espn,teonni key,no_projection_for_player_team_date
2026-06-03,2026,Teonni Key,TOR,NYL,A,9.0,0.0,1.0,1.0,0.0,0.0,0.0,0.0,1.0,0.0,0.0,0.0,0.0,1.0,3.0,teonni key,0,last_good_canonical,,,,,,,teonni key,no_projection_for_player_team_date
2026-05-09,2026,Tiffany Hayes,GSV,SEA,A,4.0,1.0,0.0,1.0,0.0,0.0,0.0,0.0,1.0,0.0,2.0,1.0,0.0,0.0,,tiffany hayes,0,last_good_canonical,401856892.0,1054.0,G,1.0,1.0,espn,tiffany hayes,no_projection_for_player_team_date
2026-05-22,2026,Tiffany Hayes,GSV,NYL,A,14.0,9.0,1.0,2.0,1.0,0.0,0.0,0.0,7.0,2.0,4.0,4.0,0.0,1.0,,tiffany hayes,0,last_good_canonical,401856924.0,1054.0,G,0.0,1.0,espn,tiffany hayes,no_projection_for_player_team_date
2026-05-22,2026,Tiffany Hayes,GSV,IND,A,26.0,19.0,2.0,2.0,2.0,1.0,0.0,2.0,13.0,7.0,3.0,3.0,0.0,2.0,,tiffany hayes,0,last_good_canonical,401856928.0,1054.0,G,0.0,1.0,espn,tiffany hayes,no_projection_for_player_team_date
2026-05-29,2026,Tiffany Hayes,GSV,IND,A,5.0,0.0,1.0,0.0,0.0,0.0,0.0,1.0,0.0,0.0,0.0,0.0,0.0,1.0,,tiffany hayes,0,last_good_canonical,401856944.0,1054.0,G,0.0,1.0,espn,tiffany hayes,no_projection_for_player_team_date
2026-06-02,2026,Tiffany Hayes,GSV,POR,H,13.0,1.0,0.0,4.0,0.0,1.0,0.0,0.0,0.0,0.0,2.0,1.0,0.0,0.0,-4.0,tiffany hayes,1,last_good_canonical,,,,,,,tiffany hayes,no_projection_for_player_team_date
2026-06-03,2026,Tiffany Hayes,GSV,POR,A,13.0,1.0,0.0,4.0,0.0,1.0,0.0,0.0,0.0,0.0,2.0,1.0,0.0,0.0,,tiffany hayes,0,last_good_canonical,401856957.0,1054.0,G,0.0,1.0,espn,tiffany hayes,no_projection_for_player_team_date
2026-06-04,2026,Tiffany Hayes,GSV,MIN,A,25.0,15.0,5.0,3.0,1.0,1.0,0.0,1.0,9.0,6.0,2.0,2.0,1.0,4.0,1.0,tiffany hayes,0,last_good_canonical,,,,,,,tiffany hayes,no_projection_for_player_team_date
2026-06-10,2026,Tiffany Hayes,GSV,PHX,A,13.0,7.0,1.0,3.0,0.0,0.0,0.0,1.0,3.0,2.0,3.0,3.0,0.0,1.0,,tiffany hayes,0,last_good_canonical,401856977.0,1054.0,G,0.0,1.0,espn,tiffany hayes,no_projection_for_player_team_date
2026-06-13,2026,Tiffany Hayes,GSV,SEA,A,24.0,17.0,4.0,3.0,0.0,0.0,0.0,4.0,9.0,5.0,7.0,7.0,2.0,2.0,,tiffany hayes,0,last_good_canonical,401856985.0,1054.0,G,0.0,1.0,espn,tiffany hayes,no_projection_for_player_team_date
2026-06-16,2026,Tiffany Hayes,GSV,LAS,A,10.0,4.0,0.0,2.0,0.0,1.0,0.0,1.0,4.0,1.0,2.0,2.0,0.0,0.0,,tiffany hayes,0,last_good_canonical,401856994.0,1054.0,G,0.0,1.0,espn,tiffany hayes,no_projection_for_player_team_date
2026-06-18,2026,Tiffany Hayes,GSV,DAL,A,10.0,10.0,0.0,1.0,2.0,0.0,0.0,0.0,4.0,3.0,2.0,2.0,0.0,0.0,,tiffany hayes,0,last_good_canonical,401856998.0,1054.0,G,0.0,1.0,espn,tiffany hayes,no_projection_for_player_team_date
2026-06-20,2026,Tiffany Hayes,GSV,MIN,A,7.0,2.0,1.0,3.0,0.0,0.0,0.0,0.0,2.0,0.0,2.0,2.0,0.0,1.0,,tiffany hayes,0,last_good_canonical,401857005.0,1054.0,G,0.0,1.0,espn,tiffany hayes,no_projection_for_player_team_date
2026-06-25,2026,Tiffany Hayes,GSV,ATL,A,18.0,0.0,1.0,0.0,0.0,0.0,1.0,0.0,3.0,0.0,0.0,0.0,0.0,1.0,,tiffany hayes,0,last_good_canonical,401857020.0,1054.0,G,0.0,1.0,espn,tiffany hayes,no_projection_for_player_team_date
2026-06-27,2026,Tiffany Hayes,GSV,ATL,A,22.0,12.0,2.0,5.0,0.0,0.0,1.0,5.0,6.0,4.0,5.0,4.0,0.0,2.0,,tiffany hayes,0,last_good_canonical,401857026.0,1054.0,G,0.0,1.0,espn,tiffany hayes,no_projection_for_player_team_date
2026-05-30,2026,Tima Pouye,TOR,SEA,H,4.0,2.0,0.0,0.0,0.0,0.0,0.0,0.0,0.0,0.0,2.0,2.0,0.0,0.0,,tima pouye,1,last_good_canonical,401856949.0,5355509.0,G,0.0,1.0,espn,tima pouye,no_projection_for_player_team_date
2026-06-03,2026,Tima Pouye,TOR,NYL,A,3.0,2.0,0.0,0.0,0.0,0.0,0.0,0.0,1.0,1.0,0.0,0.0,0.0,0.0,3.0,tima pouye,0,last_good_canonical,,,,,,,tima pouye,no_projection_for_player_team_date
2026-05-09,2026,Tyasha Harris,IND,DAL,H,4.0,0.0,0.0,0.0,0.0,0.0,0.0,0.0,1.0,0.0,0.0,0.0,0.0,0.0,,tyasha harris,1,last_good_canonical,401856893.0,4065760.0,G,0.0,1.0,espn,tyasha harris,no_projection_for_player_team_date
2026-05-14,2026,Tyasha Harris,IND,LAS,A,16.0,7.0,1.0,3.0,1.0,0.0,0.0,1.0,4.0,3.0,0.0,0.0,0.0,1.0,,tyasha harris,0,last_good_canonical,401856907.0,4065760.0,G,0.0,1.0,espn,tyasha harris,no_projection_for_player_team_date
2026-05-15,2026,Tyasha Harris,IND,WAS,H,10.0,2.0,0.0,1.0,0.0,0.0,0.0,1.0,2.0,1.0,0.0,0.0,0.0,0.0,,tyasha harris,1,last_good_canonical,401856911.0,4065760.0,G,0.0,1.0,espn,tyasha harris,no_projection_for_player_team_date
2026-05-17,2026,Tyasha Harris,IND,SEA,H,13.0,4.0,4.0,1.0,0.0,0.0,1.0,1.0,4.0,1.0,2.0,2.0,0.0,4.0,,tyasha harris,1,last_good_canonical,401856916.0,4065760.0,G,0.0,1.0,espn,tyasha harris,no_projection_for_player_team_date
2026-05-20,2026,Tyasha Harris,IND,POR,H,29.0,0.0,1.0,7.0,0.0,2.0,0.0,0.0,6.0,0.0,0.0,0.0,0.0,1.0,,tyasha harris,1,last_good_canonical,401856921.0,4065760.0,G,1.0,1.0,espn,tyasha harris,no_projection_for_player_team_date
2026-05-22,2026,Tyasha Harris,IND,GSV,H,2.0,0.0,0.0,0.0,0.0,0.0,0.0,1.0,0.0,0.0,0.0,0.0,0.0,0.0,,tyasha harris,1,last_good_canonical,401856928.0,4065760.0,G,0.0,1.0,espn,tyasha harris,no_projection_for_player_team_date
2026-05-29,2026,Tyasha Harris,IND,GSV,A,0.0,0.0,0.0,0.0,0.0,0.0,0.0,0.0,0.0,0.0,0.0,0.0,0.0,0.0,,tyasha harris,0,last_good_canonical,401856944.0,4065760.0,G,0.0,0.0,espn,tyasha harris,no_projection_for_player_team_date
2026-05-31,2026,Tyasha Harris,IND,POR,A,12.0,5.0,2.0,1.0,1.0,0.0,0.0,2.0,5.0,1.0,2.0,2.0,1.0,1.0,,tyasha harris,0,last_good_canonical,401856951.0,4065760.0,G,0.0,1.0,espn,tyasha harris,no_projection_for_player_team_date
2026-06-04,2026,Tyasha Harris,IND,ATL,H,,,,,,,,,,,,,,,,tyasha harris,1,last_good_canonical,,,,,,,tyasha harris,no_projection_for_player_team_date
2026-06-06,2026,Tyasha Harris,IND,NYL,A,,,,,,,,,,,,,,,,tyasha harris,0,last_good_canonical,,,,,,,tyasha harris,no_projection_for_player_team_date
2026-06-07,2026,Tyasha Harris,IND,NYL,A,0.0,0.0,0.0,0.0,0.0,0.0,0.0,0.0,0.0,0.0,0.0,0.0,0.0,0.0,,tyasha harris,0,last_good_canonical,401856969.0,4065760.0,G,0.0,0.0,espn,tyasha harris,no_projection_for_player_team_date
2026-06-23,2026,Tyasha Harris,IND,PHX,H,0.0,0.0,0.0,0.0,0.0,0.0,0.0,0.0,0.0,0.0,0.0,0.0,0.0,0.0,,tyasha harris,1,last_good_canonical,401857014.0,4065760.0,G,0.0,0.0,espn,tyasha harris,no_projection_for_player_team_date
2026-06-28,2026,Tyasha Harris,IND,LAS,H,30.0,16.0,5.0,3.0,2.0,0.0,0.0,2.0,8.0,5.0,5.0,4.0,0.0,5.0,,tyasha harris,1,last_good_canonical,401857028.0,4065760.0,G,1.0,1.0,espn,tyasha harris,no_projection_for_player_team_date
2026-05-13,2026,Valeriane Ayayi,PHX,MIN,H,17.0,6.0,4.0,3.0,2.0,1.0,0.0,2.0,4.0,2.0,0.0,0.0,1.0,3.0,,valeriane ayayi,1,last_good_canonical,401856902.0,3919496.0,F,1.0,1.0,espn,valeriane ayayi,no_projection_for_player_team_date
2026-05-20,2026,Valeriane Ayayi,PHX,TOR,H,12.0,3.0,3.0,1.0,0.0,2.0,0.0,0.0,1.0,0.0,6.0,3.0,0.0,3.0,,valeriane ayayi,1,last_good_canonical,401856920.0,3919496.0,F,0.0,1.0,espn,valeriane ayayi,no_projection_for_player_team_date
2026-05-22,2026,Valeriane Ayayi,PHX,LAS,H,6.0,0.0,2.0,0.0,0.0,0.0,0.0,0.0,2.0,0.0,0.0,0.0,0.0,2.0,,valeriane ayayi,1,last_good_canonical,401856926.0,3919496.0,F,0.0,1.0,espn,valeriane ayayi,no_projection_for_player_team_date
2026-05-24,2026,Valeriane Ayayi,PHX,ATL,A,0.0,0.0,0.0,0.0,0.0,0.0,0.0,0.0,0.0,0.0,0.0,0.0,0.0,0.0,,valeriane ayayi,0,last_good_canonical,401856933.0,3919496.0,F,0.0,0.0,espn,valeriane ayayi,no_projection_for_player_team_date
2026-05-27,2026,Valeriane Ayayi,PHX,NYL,A,9.0,3.0,0.0,0.0,0.0,0.0,0.0,1.0,1.0,0.0,4.0,3.0,0.0,0.0,,valeriane ayayi,0,last_good_canonical,401856938.0,3919496.0,F,0.0,1.0,espn,valeriane ayayi,no_projection_for_player_team_date
2026-05-29,2026,Valeriane Ayayi,PHX,NYL,A,3.0,0.0,1.0,1.0,0.0,0.0,0.0,1.0,1.0,0.0,0.0,0.0,0.0,1.0,,valeriane ayayi,0,last_good_canonical,401856945.0,3919496.0,F,0.0,1.0,espn,valeriane ayayi,no_projection_for_player_team_date
2026-06-02,2026,Valeriane Ayayi,PHX,MIN,H,11.0,0.0,1.0,4.0,0.0,0.0,0.0,0.0,3.0,0.0,0.0,0.0,0.0,1.0,,valeriane ayayi,1,last_good_canonical,401856954.0,3919496.0,F,0.0,1.0,espn,valeriane ayayi,no_projection_for_player_team_date
2026-06-03,2026,Valeriane Ayayi,PHX,SEA,A,4.0,1.0,3.0,1.0,0.0,0.0,0.0,0.0,2.0,0.0,2.0,1.0,3.0,0.0,2.0,valeriane ayayi,0,last_good_canonical,,,,,,,valeriane ayayi,no_projection_for_player_team_date
2026-06-04,2026,Valeriane Ayayi,PHX,SEA,A,4.0,1.0,3.0,1.0,0.0,0.0,0.0,0.0,2.0,0.0,2.0,1.0,3.0,0.0,,valeriane ayayi,0,last_good_canonical,401856960.0,3919496.0,F,0.0,1.0,espn,valeriane ayayi,no_projection_for_player_team_date
2026-06-06,2026,Valeriane Ayayi,PHX,POR,A,4.0,2.0,2.0,0.0,0.0,0.0,0.0,2.0,1.0,0.0,2.0,2.0,2.0,0.0,,valeriane ayayi,0,last_good_canonical,401856965.0,3919496.0,F,0.0,1.0,espn,valeriane ayayi,no_projection_for_player_team_date
2026-06-10,2026,Valeriane Ayayi,PHX,GSV,A,0.0,0.0,0.0,0.0,0.0,0.0,0.0,0.0,0.0,0.0,0.0,0.0,0.0,0.0,,valeriane ayayi,0,last_good_canonical,401856977.0,3919496.0,F,0.0,0.0,espn,valeriane ayayi,no_projection_for_player_team_date
2026-06-12,2026,Valeriane Ayayi,PHX,DAL,A,0.0,0.0,0.0,0.0,0.0,0.0,0.0,0.0,0.0,0.0,0.0,0.0,0.0,0.0,,valeriane ayayi,0,last_good_canonical,401856982.0,3919496.0,F,0.0,0.0,espn,valeriane ayayi,no_projection_for_player_team_date
2026-06-14,2026,Valeriane Ayayi,PHX,LAS,H,0.0,0.0,0.0,0.0,0.0,0.0,0.0,0.0,0.0,0.0,0.0,0.0,0.0,0.0,,valeriane ayayi,1,last_good_canonical,401856989.0,3919496.0,F,0.0,0.0,espn,valeriane ayayi,no_projection_for_player_team_date
2026-06-18,2026,Valeriane Ayayi,PHX,LVA,H,11.0,0.0,1.0,1.0,0.0,0.0,1.0,2.0,2.0,0.0,0.0,0.0,0.0,1.0,,valeriane ayayi,1,last_good_canonical,401857000.0,3919496.0,F,0.0,1.0,espn,valeriane ayayi,no_projection_for_player_team_date
2026-06-23,2026,Valeriane Ayayi,PHX,IND,A,20.0,9.0,3.0,3.0,0.0,2.0,0.0,2.0,5.0,1.0,7.0,7.0,0.0,3.0,,valeriane ayayi,0,last_good_canonical,401857014.0,3919496.0,F,0.0,1.0,espn,valeriane ayayi,no_projection_for_player_team_date
2026-05-09,2026,Veronica Burton,GSV,SEA,A,31.0,16.0,2.0,6.0,2.0,2.0,0.0,1.0,13.0,5.0,5.0,4.0,1.0,1.0,,veronica burton,0,last_good_canonical,401856892.0,4398935.0,G,1.0,1.0,espn,veronica burton,no_projection_for_player_team_date
2026-05-14,2026,Veronica Burton,GSV,CHI,A,36.0,16.0,3.0,4.0,2.0,1.0,0.0,5.0,15.0,5.0,4.0,4.0,0.0,3.0,,veronica burton,0,last_good_canonical,401856906.0,4398935.0,G,1.0,1.0,espn,veronica burton,no_projection_for_player_team_date
2026-05-29,2026,Veronica Burton,GSV,IND,A,29.0,25.0,6.0,3.0,1.0,1.0,5.0,1.0,13.0,7.0,12.0,10.0,2.0,4.0,,veronica burton,0,last_good_canonical,401856944.0,4398935.0,G,1.0,1.0,espn,veronica burton,no_projection_for_player_team_date
2026-06-03,2026,Veronica Burton,GSV,POR,A,23.0,10.0,3.0,9.0,2.0,0.0,0.0,1.0,5.0,3.0,4.0,2.0,1.0,2.0,,veronica burton,0,last_good_canonical,401856957.0,4398935.0,G,1.0,1.0,espn,veronica burton,no_projection_for_player_team_date
2026-06-10,2026,Veronica Burton,GSV,PHX,A,37.0,25.0,3.0,8.0,2.0,0.0,0.0,2.0,15.0,7.0,11.0,9.0,0.0,3.0,,veronica burton,0,last_good_canonical,401856977.0,4398935.0,G,1.0,1.0,espn,veronica burton,no_projection_for_player_team_date
2026-06-13,2026,Veronica Burton,GSV,SEA,A,30.0,11.0,5.0,8.0,1.0,2.0,1.0,3.0,9.0,3.0,6.0,4.0,1.0,4.0,,veronica burton,0,last_good_canonical,401856985.0,4398935.0,G,1.0,1.0,espn,veronica burton,no_projection_for_player_team_date
2026-06-16,2026,Veronica Burton,GSV,LAS,A,30.0,12.0,2.0,3.0,2.0,2.0,2.0,2.0,12.0,4.0,4.0,2.0,1.0,1.0,,veronica burton,0,last_good_canonical,401856994.0,4398935.0,G,1.0,1.0,espn,veronica burton,no_projection_for_player_team_date
2026-06-18,2026,Veronica Burton,GSV,DAL,A,33.0,11.0,8.0,5.0,2.0,2.0,1.0,2.0,8.0,3.0,3.0,3.0,2.0,6.0,,veronica burton,0,last_good_canonical,401856998.0,4398935.0,G,1.0,1.0,espn,veronica burton,no_projection_for_player_team_date
2026-06-20,2026,Veronica Burton,GSV,MIN,A,24.0,5.0,2.0,5.0,1.0,2.0,0.0,2.0,8.0,1.0,2.0,2.0,1.0,1.0,,veronica burton,0,last_good_canonical,401857005.0,4398935.0,G,1.0,1.0,espn,veronica burton,no_projection_for_player_team_date
2026-06-25,2026,Veronica Burton,GSV,ATL,A,35.0,8.0,5.0,7.0,0.0,2.0,0.0,4.0,5.0,3.0,2.0,2.0,2.0,3.0,,veronica burton,0,last_good_canonical,401857020.0,4398935.0,G,1.0,1.0,espn,veronica burton,no_projection_for_player_team_date
2026-06-27,2026,Veronica Burton,GSV,ATL,A,22.0,10.0,1.0,2.0,0.0,4.0,0.0,2.0,10.0,4.0,2.0,2.0,0.0,1.0,,veronica burton,0,last_good_canonical,401857026.0,4398935.0,G,1.0,1.0,espn,veronica burton,no_projection_for_player_team_date
2026-05-09,2026,Zia Cooke,SEA,GSV,H,23.0,15.0,7.0,2.0,2.0,1.0,0.0,1.0,12.0,5.0,5.0,3.0,3.0,4.0,,zia cooke,1,last_good_canonical,401856892.0,4432832.0,G,0.0,1.0,espn,zia cooke,no_projection_for_player_team_date
2026-05-10,2026,Zia Cooke,SEA,CON,A,12.0,4.0,1.0,0.0,1.0,1.0,0.0,1.0,6.0,1.0,2.0,1.0,1.0,0.0,,zia cooke,0,last_good_canonical,401856896.0,4432832.0,G,0.0,1.0,espn,zia cooke,no_projection_for_player_team_date
2026-05-13,2026,Zia Cooke,SEA,TOR,A,16.0,7.0,3.0,2.0,1.0,0.0,0.0,1.0,8.0,3.0,0.0,0.0,0.0,3.0,,zia cooke,0,last_good_canonical,401856904.0,4432832.0,G,0.0,1.0,espn,zia cooke,no_projection_for_player_team_date
2026-05-17,2026,Zia Cooke,SEA,IND,A,22.0,13.0,1.0,4.0,2.0,0.0,0.0,0.0,11.0,3.0,6.0,5.0,1.0,0.0,,zia cooke,0,last_good_canonical,401856916.0,4432832.0,G,0.0,1.0,espn,zia cooke,no_projection_for_player_team_date
2026-05-21,2026,Zia Cooke,SEA,CON,H,19.0,10.0,4.0,1.0,0.0,1.0,0.0,5.0,10.0,4.0,2.0,2.0,1.0,3.0,,zia cooke,1,last_good_canonical,401856923.0,4432832.0,G,0.0,1.0,espn,zia cooke,no_projection_for_player_team_date
2026-05-23,2026,Zia Cooke,SEA,CON,H,24.0,25.0,5.0,1.0,2.0,1.0,0.0,2.0,14.0,7.0,10.0,9.0,2.0,3.0,,zia cooke,1,last_good_canonical,401856929.0,4432832.0,G,0.0,1.0,espn,zia cooke,no_projection_for_player_team_date
2026-05-24,2026,Zia Cooke,SEA,WAS,H,17.0,10.0,1.0,2.0,2.0,0.0,0.0,3.0,8.0,3.0,2.0,2.0,0.0,1.0,,zia cooke,1,last_good_canonical,401856935.0,4432832.0,G,0.0,1.0,espn,zia cooke,no_projection_for_player_team_date
2026-05-28,2026,Zia Cooke,SEA,WAS,H,18.0,4.0,0.0,2.0,0.0,0.0,0.0,1.0,10.0,2.0,0.0,0.0,0.0,0.0,,zia cooke,1,last_good_canonical,401856942.0,4432832.0,G,0.0,1.0,espn,zia cooke,no_projection_for_player_team_date
2026-05-30,2026,Zia Cooke,SEA,TOR,A,11.0,2.0,0.0,0.0,0.0,0.0,0.0,1.0,6.0,1.0,0.0,0.0,0.0,0.0,,zia cooke,0,last_good_canonical,401856949.0,4432832.0,G,0.0,1.0,espn,zia cooke,no_projection_for_player_team_date
2026-06-02,2026,Zia Cooke,SEA,DAL,A,16.0,4.0,2.0,0.0,0.0,0.0,0.0,2.0,7.0,2.0,0.0,0.0,0.0,2.0,,zia cooke,0,last_good_canonical,401856953.0,4432832.0,G,0.0,1.0,espn,zia cooke,no_projection_for_player_team_date
2026-06-03,2026,Zia Cooke,SEA,PHX,H,14.0,9.0,1.0,0.0,1.0,1.0,0.0,2.0,9.0,4.0,0.0,0.0,0.0,1.0,-9.0,zia cooke,1,last_good_canonical,,,,,,,zia cooke,no_projection_for_player_team_date
2026-06-04,2026,Zia Cooke,SEA,PHX,H,14.0,9.0,1.0,0.0,1.0,1.0,0.0,2.0,9.0,4.0,0.0,0.0,0.0,1.0,,zia cooke,1,last_good_canonical,401856960.0,4432832.0,G,0.0,1.0,espn,zia cooke,no_projection_for_player_team_date
2026-06-06,2026,Zia Cooke,SEA,MIN,A,9.0,4.0,2.0,0.0,1.0,0.0,0.0,1.0,4.0,1.0,2.0,1.0,1.0,1.0,-16.0,zia cooke,0,last_good_canonical,,,,,,,zia cooke,no_projection_for_player_team_date
2026-06-09,2026,Zia Cooke,SEA,LVA,A,13.0,7.0,0.0,1.0,2.0,0.0,0.0,0.0,6.0,2.0,2.0,1.0,0.0,0.0,,zia cooke,0,last_good_canonical,401856974.0,4432832.0,G,0.0,1.0,espn,zia cooke,no_projection_for_player_team_date
2026-06-11,2026,Zia Cooke,SEA,LAS,H,10.0,6.0,1.0,0.0,1.0,1.0,0.0,1.0,4.0,2.0,1.0,1.0,0.0,1.0,,zia cooke,1,last_good_canonical,401856979.0,4432832.0,G,0.0,1.0,espn,zia cooke,no_projection_for_player_team_date
2026-06-13,2026,Zia Cooke,SEA,GSV,H,4.0,0.0,1.0,0.0,0.0,0.0,0.0,0.0,4.0,0.0,0.0,0.0,1.0,0.0,,zia cooke,1,last_good_canonical,401856985.0,4432832.0,G,0.0,1.0,espn,zia cooke,no_projection_for_player_team_date
2026-06-18,2026,Zia Cooke,SEA,POR,A,23.0,7.0,3.0,2.0,0.0,0.0,0.0,1.0,5.0,2.0,4.0,3.0,0.0,3.0,,zia cooke,0,last_good_canonical,401857001.0,4432832.0,G,0.0,1.0,espn,zia cooke,no_projection_for_player_team_date
2026-06-23,2026,Zia Cooke,SEA,DAL,H,30.0,18.0,2.0,2.0,2.0,0.0,0.0,1.0,12.0,6.0,4.0,4.0,1.0,1.0,,zia cooke,1,last_good_canonical,401857015.0,4432832.0,G,0.0,1.0,espn,zia cooke,no_projection_for_player_team_date
2026-06-26,2026,Zia Cooke,SEA,NYL,H,13.0,3.0,4.0,0.0,1.0,1.0,0.0,1.0,6.0,1.0,0.0,0.0,1.0,3.0,,zia cooke,1,last_good_canonical,401857023.0,4432832.0,G,0.0,1.0,espn,zia cooke,no_projection_for_player_team_date
2026-06-28,2026,Zia Cooke,SEA,ATL,H,11.0,6.0,1.0,2.0,1.0,0.0,0.0,1.0,2.0,2.0,3.0,1.0,0.0,1.0,,zia cooke,1,last_good_canonical,401857029.0,4432832.0,G,0.0,1.0,espn,zia cooke,no_projection_for_player_team_date
2026-06-20,2026,Maddy Westbeld,CHI,DAL,A,10.0,0.0,1.0,1.0,0.0,0.0,0.0,1.0,1.0,0.0,0.0,0.0,1.0,0.0,3.0,maddy westbeld,0,api:espn_boxscore,,,,,,,maddy westbeld,no_projection_for_player_team_date
2026-06-21,2026,Kiana Williams,LAS,NYL,H,7.0,2.0,0.0,1.0,0.0,0.0,0.0,0.0,2.0,1.0,0.0,0.0,0.0,0.0,-6.0,kiana williams,1,api:espn_boxscore,,,,,,,kiana williams,no_projection_for_player_team_date
2026-06-22,2026,Amy Okonkwo,ATL,TOR,H,,,,,,,,,,,,,,,,amy okonkwo,1,api:espn_boxscore,,,,,,,amy okonkwo,no_projection_for_player_team_date
2026-06-22,2026,Shay Ciezki,PHX,IND,A,2.0,3.0,0.0,0.0,1.0,0.0,0.0,0.0,1.0,1.0,0.0,0.0,0.0,0.0,6.0,shay ciezki,0,api:espn_boxscore,,,,,,,shay ciezki,no_projection_for_player_team_date
2026-06-28,2026,Haley Jones,DAL,MIN,H,,,,,,,,,,,,,,,,haley jones,1,api:espn_boxscore,,,,,,,haley jones,no_projection_for_player_team_date
2026-07-05,2026,Ornella Bankole,TOR,DAL,H,8.0,2.0,2.0,0.0,0.0,1.0,0.0,0.0,1.0,0.0,2.0,2.0,1.0,1.0,1.0,ornella bankole,1,api:espn_boxscore,,,,,,,ornella bankole,no_projection_for_player_team_date
2026-07-05,2026,Temi Fagbenle,TOR,DAL,H,,,,,,,,,,,,,,,,temi fagbenle,1,api:espn_boxscore,,,,,,,temi fagbenle,no_projection_for_player_team_date
2026-07-05,2026,Brittney Sykes,TOR,DAL,H,,,,,,,,,,,,,,,,brittney sykes,1,api:espn_boxscore,,,,,,,brittney sykes,no_projection_for_player_team_date
2026-07-05,2026,Julie Allemand,TOR,DAL,H,,,,,,,,,,,,,,,,julie allemand,1,api:espn_boxscore,,,,,,,julie allemand,no_projection_for_player_team_date
2026-07-05,2026,Kiki Rice,TOR,DAL,H,,,,,,,,,,,,,,,,kiki rice,1,api:espn_boxscore,,,,,,,kiki rice,no_projection_for_player_team_date
2026-07-06,2026,Aneesah Morrow,CON,MIN,A,,,,,,,,,,,,,,,,aneesah morrow,0,api:espn_boxscore,,,,,,,aneesah morrow,no_projection_for_player_team_date
2026-07-06,2026,Dorka Juhasz,MIN,CON,H,25.0,3.0,4.0,3.0,1.0,0.0,1.0,1.0,7.0,1.0,0.0,0.0,0.0,4.0,-5.0,dorka juhasz,1,api:espn_boxscore,,,,,,,dorka juhasz,no_projection_for_player_team_date
2026-07-06,2026,Napheesa Collier,MIN,CON,H,,,,,,,,,,,,,,,,napheesa collier,1,api:espn_boxscore,,,,,,,napheesa collier,no_projection_for_player_team_date
2026-07-06,2026,Emma Cechova,MIN,CON,H,,,,,,,,,,,,,,,,emma cechova,1,api:espn_boxscore,,,,,,,emma cechova,no_projection_for_player_team_date
2026-07-06,2026,Olivia Miles,MIN,CON,H,,,,,,,,,,,,,,,,olivia miles,1,api:espn_boxscore,,,,,,,olivia miles,no_projection_for_player_team_date
2026-07-06,2026,Alissa Pili,LAS,SEA,H,,,,,,,,,,,,,,,,alissa pili,1,api:espn_boxscore,,,,,,,alissa pili,no_projection_for_player_team_date
2026-07-07,2026,DiJonai Carrington,CHI,PHX,A,,,,,,,,,,,,,,,,dijonai carrington,0,api:espn_boxscore,,,,,,,dijonai carrington,no_projection_for_player_team_date
2026-07-07,2026,Noemie Brochant,PHX,CHI,H,17.0,0.0,3.0,0.0,0.0,2.0,0.0,0.0,2.0,0.0,0.0,0.0,0.0,3.0,-6.0,noemie brochant,1,api:espn_boxscore,,,,,,,noemie brochant,no_projection_for_player_team_date
2026-07-07,2026,Natasha Mack,PHX,CHI,H,,,,,,,,,,,,,,,,natasha mack,1,api:espn_boxscore,,,,,,,natasha mack,no_projection_for_player_team_date
2026-07-07,2026,Sami Whitcomb,PHX,CHI,H,,,,,,,,,,,,,,,,sami whitcomb,1,api:espn_boxscore,,,,,,,sami whitcomb,no_projection_for_player_team_date
2026-07-08,2026,Temi Fagbenle,TOR,GSV,H,,,,,,,,,,,,,,,,temi fagbenle,1,api:espn_boxscore,,,,,,,temi fagbenle,no_projection_for_player_team_date
2026-07-08,2026,Brittney Sykes,TOR,GSV,H,,,,,,,,,,,,,,,,brittney sykes,1,api:espn_boxscore,,,,,,,brittney sykes,no_projection_for_player_team_date
2026-07-08,2026,Kiki Rice,TOR,GSV,H,,,,,,,,,,,,,,,,kiki rice,1,api:espn_boxscore,,,,,,,kiki rice,no_projection_for_player_team_date
2026-07-08,2026,Napheesa Collier,MIN,CON,A,,,,,,,,,,,,,,,,napheesa collier,0,api:espn_boxscore,,,,,,,napheesa collier,no_projection_for_player_team_date
2026-07-08,2026,Emma Cechova,MIN,CON,A,,,,,,,,,,,,,,,,emma cechova,0,api:espn_boxscore,,,,,,,emma cechova,no_projection_for_player_team_date
2026-07-08,2026,Olivia Miles,MIN,CON,A,,,,,,,,,,,,,,,,olivia miles,0,api:espn_boxscore,,,,,,,olivia miles,no_projection_for_player_team_date
2026-07-08,2026,Aneesah Morrow,CON,MIN,H,,,,,,,,,,,,,,,,aneesah morrow,1,api:espn_boxscore,,,,,,,aneesah morrow,no_projection_for_player_team_date
2026-07-09,2026,Brionna Jones,ATL,SEA,H,,,,,,,,,,,,,,,,brionna jones,1,api:espn_boxscore,,,,,,,brionna jones,no_projection_for_player_team_date
2026-07-09,2026,Shatori Walker-Kimbrough,ATL,SEA,H,,,,,,,,,,,,,,,,shatori walker-kimbrough,1,api:espn_boxscore,,,,,,,shatori walker-kimbrough,no_projection_for_player_team_date
2026-07-09,2026,Aaliyah Nye,ATL,SEA,H,,,,,,,,,,,,,,,,aaliyah nye,1,api:espn_boxscore,,,,,,,aaliyah nye,no_projection_for_player_team_date
2026-07-09,2026,Caitlin Clark,IND,PHX,A,,,,,,,,,,,,,,,,caitlin clark,0,api:espn_boxscore,,,,,,,caitlin clark,no_projection_for_player_team_date
2026-07-09,2026,Sami Whitcomb,PHX,IND,H,11.0,2.0,4.0,1.0,0.0,1.0,0.0,1.0,5.0,0.0,2.0,2.0,1.0,3.0,8.0,sami whitcomb,1,api:espn_boxscore,,,,,,,sami whitcomb,no_projection_for_player_team_date
2026-07-09,2026,Natasha Mack,PHX,IND,H,,,,,,,,,,,,,,,,natasha mack,1,api:espn_boxscore,,,,,,,natasha mack,no_projection_for_player_team_date
2026-07-09,2026,A'ja Wilson,LVA,POR,A,30.0,32.0,10.0,3.0,1.0,2.0,2.0,1.0,19.0,10.0,13.0,11.0,0.0,10.0,25.0,a'ja wilson,0,api:espn_boxscore,,,,,,,a'ja wilson,no_projection_for_player_team_date
2026-07-09,2026,Janiah Barker,LVA,POR,A,,,,,,,,,,,,,,,,janiah barker,0,api:espn_boxscore,,,,,,,janiah barker,no_projection_for_player_team_date
2026-07-09,2026,Dana Evans,LVA,POR,A,,,,,,,,,,,,,,,,dana evans,0,api:espn_boxscore,,,,,,,dana evans,no_projection_for_player_team_date
2026-07-09,2026,Justine Pissott,LVA,POR,A,,,,,,,,,,,,,,,,justine pissott,0,api:espn_boxscore,,,,,,,justine pissott,no_projection_for_player_team_date
2026-07-09,2026,Karlie Samuelson,POR,LVA,H,11.0,0.0,0.0,0.0,0.0,0.0,0.0,0.0,0.0,0.0,0.0,0.0,0.0,0.0,-26.0,karlie samuelson,1,api:espn_boxscore,,,,,,,karlie samuelson,no_projection_for_player_team_date
2026-07-10,2026,Ashten Prechtel,GSV,CON,A,,,,,,,,,,,,,,,,ashten prechtel,0,api:espn_boxscore,,,,,,,ashten prechtel,no_projection_for_player_team_date
2026-07-10,2026,Miela Sowah,GSV,CON,A,,,,,,,,,,,,,,,,miela sowah,0,api:espn_boxscore,,,,,,,miela sowah,no_projection_for_player_team_date
2026-07-10,2026,Aneesah Morrow,CON,GSV,H,,,,,,,,,,,,,,,,aneesah morrow,1,api:espn_boxscore,,,,,,,aneesah morrow,no_projection_for_player_team_date
2026-07-10,2026,Brittney Griner,CON,GSV,H,,,,,,,,,,,,,,,,brittney griner,1,api:espn_boxscore,,,,,,,brittney griner,no_projection_for_player_team_date
2026-07-10,2026,Saniya Rivers,CON,GSV,H,,,,,,,,,,,,,,,,saniya rivers,1,api:espn_boxscore,,,,,,,saniya rivers,no_projection_for_player_team_date
2026-07-10,2026,Kayla Alexander,TOR,DAL,H,10.0,1.0,2.0,0.0,0.0,0.0,0.0,1.0,1.0,0.0,2.0,1.0,1.0,1.0,-9.0,kayla alexander,1,api:espn_boxscore,,,,,,,kayla alexander,no_projection_for_player_team_date
2026-07-10,2026,Nyara Sabally,TOR,DAL,H,,,,,,,,,,,,,,,,nyara sabally,1,api:espn_boxscore,,,,,,,nyara sabally,no_projection_for_player_team_date
2026-07-10,2026,Temi Fagbenle,TOR,DAL,H,,,,,,,,,,,,,,,,temi fagbenle,1,api:espn_boxscore,,,,,,,temi fagbenle,no_projection_for_player_team_date
2026-07-10,2026,Brittney Sykes,TOR,DAL,H,,,,,,,,,,,,,,,,brittney sykes,1,api:espn_boxscore,,,,,,,brittney sykes,no_projection_for_player_team_date
2026-07-10,2026,Kiki Rice,TOR,DAL,H,,,,,,,,,,,,,,,,kiki rice,1,api:espn_boxscore,,,,,,,kiki rice,no_projection_for_player_team_date
2026-07-11,2026,Satou Sabally,NYL,MIN,A,,,,,,,,,,,,,,,,satou sabally,0,api:espn_boxscore,,,,,,,satou sabally,no_projection_for_player_team_date
2026-07-11,2026,Leonie Fiebich,NYL,MIN,A,,,,,,,,,,,,,,,,leonie fiebich,0,api:espn_boxscore,,,,,,,leonie fiebich,no_projection_for_player_team_date
2026-07-11,2026,Maya Caldwell,MIN,NYL,H,7.0,5.0,1.0,0.0,0.0,1.0,0.0,0.0,3.0,2.0,2.0,1.0,0.0,1.0,9.0,maya caldwell,1,api:espn_boxscore,,,,,,,maya caldwell,no_projection_for_player_team_date
2026-07-11,2026,Napheesa Collier,MIN,NYL,H,,,,,,,,,,,,,,,,napheesa collier,1,api:espn_boxscore,,,,,,,napheesa collier,no_projection_for_player_team_date
2026-07-11,2026,Emma Cechova,MIN,NYL,H,,,,,,,,,,,,,,,,emma cechova,1,api:espn_boxscore,,,,,,,emma cechova,no_projection_for_player_team_date
2026-07-12,2026,Satou Sabally,NYL,TOR,A,,,,,,,,,,,,,,,,satou sabally,0,api:espn_boxscore,,,,,,,satou sabally,no_projection_for_player_team_date
2026-07-12,2026,Leonie Fiebich,NYL,TOR,A,,,,,,,,,,,,,,,,leonie fiebich,0,api:espn_boxscore,,,,,,,leonie fiebich,no_projection_for_player_team_date
2026-07-12,2026,Temi Fagbenle,TOR,NYL,H,,,,,,,,,,,,,,,,temi fagbenle,1,api:espn_boxscore,,,,,,,temi fagbenle,no_projection_for_player_team_date
2026-07-12,2026,Brittney Sykes,TOR,NYL,H,,,,,,,,,,,,,,,,brittney sykes,1,api:espn_boxscore,,,,,,,brittney sykes,no_projection_for_player_team_date
2026-07-12,2026,Kiki Rice,TOR,NYL,H,,,,,,,,,,,,,,,,kiki rice,1,api:espn_boxscore,,,,,,,kiki rice,no_projection_for_player_team_date
2026-07-12,2026,Ezi Magbegor,SEA,WAS,A,,,,,,,,,,,,,,,,ezi magbegor,0,api:espn_boxscore,,,,,,,ezi magbegor,no_projection_for_player_team_date
2026-07-12,2026,Skylar Diggins,CHI,DAL,A,,,,,,,,,,,,,,,,skylar diggins,0,api:espn_boxscore,,,,,,,skylar diggins,no_projection_for_player_team_date
2026-07-12,2026,DiJonai Carrington,CHI,DAL,A,,,,,,,,,,,,,,,,dijonai carrington,0,api:espn_boxscore,,,,,,,dijonai carrington,no_projection_for_player_team_date
2026-07-12,2026,Dana Evans,LVA,IND,H,18.0,8.0,2.0,1.0,2.0,0.0,0.0,1.0,8.0,2.0,2.0,2.0,0.0,2.0,-34.0,dana evans,1,api:espn_boxscore,,,,,,,dana evans,no_projection_for_player_team_date
2026-07-13,2026,Natasha Mack,PHX,MIN,A,,,,,,,,,,,,,,,,natasha mack,0,api:espn_boxscore,,,,,,,natasha mack,no_projection_for_player_team_date
2026-07-13,2026,Napheesa Collier,MIN,PHX,H,,,,,,,,,,,,,,,,napheesa collier,1,api:espn_boxscore,,,,,,,napheesa collier,no_projection_for_player_team_date
2026-07-13,2026,Emma Cechova,MIN,PHX,H,,,,,,,,,,,,,,,,emma cechova,1,api:espn_boxscore,,,,,,,emma cechova,no_projection_for_player_team_date
2026-07-14,2026,Sania Feagin,POR,CON,A,,,,,,,,,,,,,,,,sania feagin,0,api:espn_boxscore,,,,,,,sania feagin,no_projection_for_player_team_date
2026-07-14,2026,Jordan Harrison,POR,CON,A,,,,,,,,,,,,,,,,jordan harrison,0,api:espn_boxscore,,,,,,,jordan harrison,no_projection_for_player_team_date
2026-07-14,2026,Aneesah Morrow,CON,POR,H,,,,,,,,,,,,,,,,aneesah morrow,1,api:espn_boxscore,,,,,,,aneesah morrow,no_projection_for_player_team_date
2026-07-14,2026,Saniya Rivers,CON,POR,H,,,,,,,,,,,,,,,,saniya rivers,1,api:espn_boxscore,,,,,,,saniya rivers,no_projection_for_player_team_date
2026-07-14,2026,Ashlon Jackson,CON,POR,H,,,,,,,,,,,,,,,,ashlon jackson,1,api:espn_boxscore,,,,,,,ashlon jackson,no_projection_for_player_team_date
2026-07-14,2026,Temi Fagbenle,TOR,WAS,H,,,,,,,,,,,,,,,,temi fagbenle,1,api:espn_boxscore,,,,,,,temi fagbenle,no_projection_for_player_team_date
2026-07-14,2026,Brittney Sykes,TOR,WAS,H,,,,,,,,,,,,,,,,brittney sykes,1,api:espn_boxscore,,,,,,,brittney sykes,no_projection_for_player_team_date
2026-07-14,2026,Kiki Rice,TOR,WAS,H,,,,,,,,,,,,,,,,kiki rice,1,api:espn_boxscore,,,,,,,kiki rice,no_projection_for_player_team_date
