target,train_rows,valid_rows,mae,rmse,r2,ridge_mae,tree_mae
blocks,7665,1903,0.5121371535754431,0.7002809122124524,0.20154316684609963,0.5215909876762806,0.5050625765488416
threes_made,7665,1903,0.7144929970034061,1.0088796320453608,0.2656760488636325,0.7039521568805538,0.7380663006178411
steals,7665,1903,0.7196672311399929,0.9214689216531694,0.1267568358896458,0.7356579094767918,0.7140957537751899
assists,7665,1903,1.13193101363761,1.5377575011530709,0.5066243964676077,1.1528780088695783,1.1390505775873097
rebounds,7665,1903,1.5913502427171706,2.089631266912228,0.5519889312782742,1.6060502691952352,1.6274554005307056
points,7665,1903,3.3775440246297164,4.511379467680852,0.5983393838124077,3.442107272438016,3.437813548555277
