target,train_rows,valid_rows,mae,rmse,r2,ridge_mae,tree_mae
blocks,400,80,0.35684778950933616,0.45358683535780425,0.5413948536518273,0.35543971632806365,0.3732626929360857
steals,400,80,0.47599345145512684,0.6062963495794124,0.021295579297256673,0.4629966970999256,0.5001866081611455
threes_made,400,80,0.7541073280633572,0.9613713675643699,0.36943498516257367,0.7300554927375795,0.8069744860553053
assists,400,80,1.3920954816294095,1.7475260341723264,0.5026990810326255,1.416083613882419,1.4705392984829355
rebounds,400,80,1.7734340474616463,2.150806313430788,0.47790742684394705,1.8412759876711255,1.7837786435628704
points,400,80,3.239677308492489,3.9837722199599033,0.5611884880702505,3.3587508875709156,3.34431078998834
