target,train_rows,valid_rows,mae,rmse,r2,ridge_mae,tree_mae
blocks,7874,1931,0.5034051392084553,0.690002194459352,0.21971379388776757,0.514423328488582,0.4943347404990054
threes_made,7874,1931,0.7084080236658047,1.0173714248744021,0.29015297828842324,0.6941801023532287,0.7333510920546387
steals,7874,1931,0.7205574793652815,0.9180190155189896,0.13095672805684722,0.7443559592697575,0.7067326375796376
assists,7874,1931,1.1823799779457984,1.5670643048527144,0.5007189799001601,1.197854392146031,1.193066553306162
rebounds,7874,1931,1.5782524293318898,2.0657464314314247,0.5585624723818206,1.596261036131199,1.6095307193012651
points,7874,1931,3.4029185182546136,4.61776309579807,0.6094638312520748,3.4657848622574785,3.4480681409933958
