game_date,season,player_name,team,opponent,home_away,minutes,points,rebounds,assists,threes_made,steals,blocks,turnovers,fga,fgm,fta,ftm,offensive_rebounds,defensive_rebounds,plus_minus,player_key,is_home,_data_source,game_id,player_id,position,starter,played,source,prev_game_date,rest_days,is_back_to_back,games_played_season,team_points,team_rebounds,team_assists,team_threes_made,team_steals,team_blocks,team_minutes,team_points_last_10,team_rebounds_last_10,team_assists_last_10,team_threes_made_last_10,team_steals_last_10,team_blocks_last_10,usage_proxy,usage_proxy_last_5,usage_proxy_last_10,minutes_rolling_mean_3,minutes_rolling_std_3,minutes_rolling_mean_5,minutes_rolling_std_5,minutes_rolling_mean_10,minutes_rolling_std_10,minutes_ewm,points_rolling_mean_3,points_rolling_std_3,points_rolling_mean_5,points_rolling_std_5,points_rolling_mean_10,points_rolling_std_10,points_ewm,rebounds_rolling_mean_3,rebounds_rolling_std_3,rebounds_rolling_mean_5,rebounds_rolling_std_5,rebounds_rolling_mean_10,rebounds_rolling_std_10,rebounds_ewm,assists_rolling_mean_3,assists_rolling_std_3,assists_rolling_mean_5,assists_rolling_std_5,assists_rolling_mean_10,assists_rolling_std_10,assists_ewm,threes_made_rolling_mean_3,threes_made_rolling_std_3,threes_made_rolling_mean_5,threes_made_rolling_std_5,threes_made_rolling_mean_10,threes_made_rolling_std_10,threes_made_ewm,steals_rolling_mean_3,steals_rolling_std_3,steals_rolling_mean_5,steals_rolling_std_5,steals_rolling_mean_10,steals_rolling_std_10,steals_ewm,blocks_rolling_mean_3,blocks_rolling_std_3,blocks_rolling_mean_5,blocks_rolling_std_5,blocks_rolling_mean_10,blocks_rolling_std_10,blocks_ewm,minutes_trend_3_over_10,rate_points_last_10,player_points_std_10,rate_rebounds_last_10,player_rebounds_std_10,rate_assists_last_10,player_assists_std_10,rate_threes_made_last_10,player_threes_made_std_10,rate_steals_last_10,player_steals_std_10,rate_blocks_last_10,player_blocks_std_10,player_minutes_std_10,season_avg_minutes,season_avg_points,season_avg_rebounds,season_avg_assists,season_avg_threes_made,season_avg_steals,season_avg_blocks,pace_last_10,off_rating_last_10,def_rating_last_10,opp_points_last_10,opponent_points_allowed_last_10,opponent_rebounds_allowed_last_10,opponent_assists_allowed_last_10,opponent_threes_made_allowed_last_10,opponent_steals_allowed_last_10,opponent_blocks_allowed_last_10,pos_points_allowed_last_10_x,pos_rebounds_allowed_last_10_x,pos_assists_allowed_last_10_x,pos_threes_made_allowed_last_10_x,pos_steals_allowed_last_10_x,pos_blocks_allowed_last_10_x,opp_points_allowed_last_10,last_game_date,days_since_last_game,pos_points_allowed_last_10_y,pos_rebounds_allowed_last_10_y,pos_assists_allowed_last_10_y,pos_threes_made_allowed_last_10_y,pos_steals_allowed_last_10_y,pos_blocks_allowed_last_10_y
2026-08-07,2026,Aaliyah Edwards,CON,PHX,H,17.666666666666668,,,,,,,,,,,,,,,aaliyah edwards,1,last_good_canonical,,,UNK,,,,2026-07-28,7,0,29,88.0,34.0,20.0,7.0,10.0,6.0,201.0,82.6,30.9,20.4,5.7,8.7,5.1,0.0,0.4025,0.4879550796926957,5.0,,17.666666666666668,10.969655114602892,18.25,7.166389806390853,16.276086590594723,0.0,,11.0,10.535653752852738,8.5,6.697547525560594,7.928680487232013,0.0,,5.0,4.358898943540674,3.875,2.6958963523950854,3.5795372058813206,0.0,,1.3333333333333333,1.527525231651947,1.125,1.552647508520297,0.8402209872873272,0.0,,0.0,0.0,0.125,0.3535533905932738,0.112324895734162,0.0,,0.0,0.0,0.25,0.7071067811865481,0.217718729957085,1.0,,0.3333333333333333,0.5773502691896257,0.25,0.4629100498862754,0.4069408985213757,-13.25,0.4657534246575342,6.697547525560594,0.2123287671232876,2.6958963523950854,0.0616438356164383,1.552647508520297,0.0068493150684931,0.3535533905932738,0.0136986301369863,0.7071067811865481,0.0136986301369863,0.4629100498862754,7.166389806390853,15.24,7.52,3.04,0.72,0.16,0.56,0.28,,,,89.1,87.8,34.2,21.6,9.7,6.8,3.9,66.8,24.4,14.9,6.4,5.9,3.2,85.4,2026-07-30,8,70.1,27.8,16.5,8.0,5.6,3.3
2026-08-07,2026,Aaliyah Nye,ATL,WAS,A,2.0,2.0,0.0,0.0,0.0,0.0,0.0,0.0,1.0,1.0,0.0,0.0,0.0,0.0,-4.0,aaliyah nye,0,last_good_canonical,,,UNK,,,,2026-07-31,3,0,28,87.0,34.0,19.0,4.0,5.0,2.0,200.0,91.5,33.7,22.2,7.1,9.9,2.9,1.0,0.0,0.0,2.235294117647059,,1.0,,1.0,0.9999999999991817,1.242324346573483,,,0.0,,0.0,0.0,0.0135617523778476,,,0.0,,0.0,0.0,0.0001797140713624,,,0.0,,0.0,0.0,0.0117971515012242,,,0.0,,0.0,0.0,0.0044808036325912,,,0.0,,0.0,0.0,0.0105228435336802,,,0.0,,0.0,0.0,6.293846468611309e-08,,0.0,0.0,0.0,0.0,0.0,0.0,0.0,0.0,0.0,0.0,0.0,0.0,0.9999999999991817,2.235294117647059,0.4705882352941176,0.1764705882352941,0.2352941176470588,0.1176470588235294,0.1176470588235294,0.0,84.62,101.763907734057,129.95049504950495,89.9,83.6,31.3,19.7,9.3,9.6,4.7,67.8,26.2,14.2,7.4,4.6,1.4,89.9,2026-08-03,4,74.3,29.4,17.8,8.8,8.9,4.1
2026-08-07,2026,Alanna Smith,DAL,GSV,H,14.0,3.0,3.0,1.0,1.0,0.0,2.0,2.0,6.0,1.0,0.0,0.0,0.0,3.0,3.0,alanna smith,1,last_good_canonical,,,UNK,,,,2026-07-31,4,0,33,83.0,38.0,22.0,7.0,10.0,4.0,200.0,91.2,34.3,22.2,8.7,5.1,4.1,0.4928571428571428,0.2577777777777778,0.3570138888888888,18.0,,10.666666666666666,6.429100507328638,10.857142857142858,6.414269805898171,14.067516347326649,11.0,,4.333333333333333,5.859465277082316,4.857142857142857,4.980915960897514,7.4786378130263955,5.0,,2.0,2.6457513110645907,2.571428571428572,2.225394561056743,3.562440071015187,0.0,,0.0,0.0,0.2857142857142857,0.4879500364742666,0.1081505493643598,1.0,,0.3333333333333333,0.5773502691896258,0.5714285714285714,0.7867957924694432,0.703222153105279,0.0,,0.0,0.0,0.1428571428571428,0.3779644730092248,0.0749578781108365,0.0,,0.0,0.0,0.1428571428571428,0.3779644730092268,0.04917344206343,7.142857142857142,0.4473684210526315,4.980915960897514,0.2368421052631579,2.225394561056743,0.0263157894736842,0.4879500364742666,0.0526315789473684,0.7867957924694432,0.0131578947368421,0.3779644730092248,0.0131578947368421,0.3779644730092268,6.414269805898171,13.2,4.033333333333333,2.833333333333333,0.8,0.4,0.5666666666666667,0.3,,,,86.3,73.8,30.7,17.0,6.5,6.2,3.2,77.3,27.2,17.2,6.7,6.8,4.5,86.3,2026-08-02,5,59.2,25.7,13.9,5.1,5.5,2.7
2026-08-07,2026,Alicia Florez,WAS,ATL,H,3.0,0.0,0.0,0.0,0.0,0.0,0.0,0.0,1.0,0.0,0.0,0.0,0.0,0.0,0.0,alicia florez,1,last_good_canonical,,,UNK,,,,2026-07-28,6,0,23,81.0,42.0,17.0,2.0,1.0,4.0,200.0,82.4,39.5,20.5,6.1,4.7,4.6,0.0,0.5933968253968254,0.5861311259546553,6.666666666666667,2.0816659994661344,9.0,5.244044240850759,15.4,9.489175119284312,8.238072589824089,2.6666666666666665,2.516611478423586,3.4,2.073644135332773,4.3,3.945461527713414,2.476984263990309,0.3333333333333333,0.5773502691896258,1.0,1.7320508075688772,2.0,2.160246899469287,0.8236518592807489,1.0,0.999999999999999,0.8,0.8366600265340757,2.7,2.311805451253293,1.1552569844595917,0.6666666666666666,0.5773502691896258,0.4,0.5477225575051661,0.4,0.6992058987801011,0.4004593736517542,0.0,0.0,0.2,0.4472135954999569,0.8,1.5491933384829668,0.1896116871998108,0.0,0.0,0.0,0.0,0.1,0.3162277660168379,0.0099498167463474,-8.733333333333334,0.2792207792207792,3.945461527713414,0.1298701298701298,2.160246899469287,0.1753246753246753,2.311805451253293,0.0259740259740259,0.6992058987801011,0.0519480519480519,1.5491933384829668,0.0064935064935064,0.3162277660168379,9.489175119284312,15.157894736842104,4.0,1.7894736842105263,2.6842105263157894,0.3684210526315789,0.7368421052631579,0.1052631578947368,,,,81.6,91.6,30.3,20.7,8.9,7.8,3.8,65.7,26.8,14.9,5.4,5.5,2.6,81.6,2026-07-31,7,85.9,29.5,19.4,8.4,7.4,3.7
2026-08-07,2026,Allisha Gray,ATL,WAS,A,30.0,7.0,1.0,2.0,0.0,0.0,0.0,1.0,10.0,2.0,4.0,3.0,0.0,1.0,-3.0,allisha gray,0,last_good_canonical,,,UNK,,,,2026-07-31,3,0,33,87.0,34.0,19.0,4.0,5.0,2.0,200.0,91.5,33.7,22.2,7.1,9.9,2.9,0.3366666666666666,0.9250197885605852,0.8663343281349685,28.666666666666668,6.806859285554046,30.2,5.540758070878031,31.6,4.168666186896946,30.735762839035413,20.0,4.582575694955842,21.4,5.412947441089738,20.8,3.9101008796306966,20.288643995320232,1.6666666666666667,1.5275252316519476,2.8,2.1679483388678795,2.9,1.6633299933166192,2.388396480821319,2.0,0.0,2.2,0.4472135954999577,2.6,0.9660917830792962,2.1640059698849043,2.0,2.64575131106459,2.4,2.073644135332772,1.8,1.6865480854231365,1.789427301635747,1.0,1.0,0.8,0.8366600265340758,1.1,0.7378647873726221,1.1594200381046442,0.6666666666666666,1.1547005383792517,0.4,0.8944271909999159,0.5,0.7071067811865477,0.7652646063612916,-2.9333333333333336,0.6582278481012658,3.9101008796306966,0.0917721518987341,1.6633299933166192,0.0822784810126582,0.9660917830792962,0.0569620253164556,1.6865480854231365,0.0348101265822784,0.7378647873726221,0.0158227848101265,0.7071067811865477,4.168666186896946,31.848484848484848,18.09090909090909,2.909090909090909,2.090909090909091,1.6363636363636365,1.4242424242424243,0.3333333333333333,84.62,101.763907734057,129.95049504950495,89.9,83.6,31.3,19.7,9.3,9.6,4.7,67.8,26.2,14.2,7.4,4.6,1.4,89.9,2026-08-03,4,74.3,29.4,17.8,8.8,8.9,4.1
2026-08-07,2026,Alysha Clark,DAL,GSV,H,17.0,1.0,3.0,1.0,0.0,1.0,0.0,1.0,1.0,0.0,2.0,1.0,0.0,3.0,8.0,alysha clark,1,last_good_canonical,,,F,,,,2026-07-31,4,0,37,83.0,38.0,22.0,7.0,10.0,4.0,200.0,91.2,34.3,22.2,8.7,5.1,4.1,0.2529411764705882,0.2142857142857142,0.2921428571428571,7.0,,6.0,1.7320508075688743,7.833333333333333,4.622409184252991,6.944059090910674,0.0,,0.0,0.0,2.5,3.885871845545095,0.7891752823290685,4.0,,2.0,2.0,1.1666666666666667,1.602081978759724,2.4984310340192044,0.0,,0.6666666666666666,0.5773502691896258,0.6666666666666666,0.816496580927726,0.3655155054374024,0.0,,0.0,0.0,0.5,0.8366600265340756,0.1464454941896897,0.0,,0.0,0.0,0.1666666666666666,0.408248290463863,0.0371820781542277,0.0,,0.0,0.0,0.1666666666666666,0.408248290463863,0.0370080479683253,-0.833333333333333,0.3191489361702128,3.885871845545095,0.1489361702127659,1.602081978759724,0.0851063829787234,0.816496580927726,0.0638297872340425,0.8366600265340756,0.0212765957446808,0.408248290463863,0.0212765957446808,0.408248290463863,4.622409184252991,7.766666666666667,1.4333333333333331,0.9333333333333332,0.4333333333333333,0.2333333333333333,0.2,0.0666666666666666,,,,86.3,73.8,30.7,17.0,6.5,6.2,3.2,26.2,12.1,5.0,2.1,2.7,1.8,86.3,2026-08-02,5,20.5,12.7,4.6,1.2,1.9,1.1
2026-08-07,2026,Alyssa Thomas,PHX,CON,A,38.0,19.0,15.0,12.0,0.0,0.0,1.0,6.0,9.0,5.0,9.0,9.0,2.0,13.0,3.0,alyssa thomas,0,last_good_canonical,,,F,,,,2026-08-01,3,0,37,106.0,36.0,26.0,11.0,5.0,5.0,201.0,82.7,30.2,20.2,7.1,6.8,2.7,1.1552631578947368,0.937125902992776,0.8797963813060136,36.66666666666666,1.1547005383792488,36.0,1.4142135623730985,34.3,2.8303906287138934,35.97287417091328,20.33333333333333,4.163331998932265,17.0,6.48074069840786,15.3,6.395310782127784,17.927863372714206,8.666666666666666,2.516611478423583,8.0,2.121320343559641,8.0,2.4037008503093267,7.689444121984389,10.0,4.358898943540674,9.4,3.6469165057620954,8.1,3.928528138289618,8.795972211280393,0.0,0.0,0.0,0.0,0.0,0.0,0.0,1.6666666666666667,1.5275252316519468,1.2,1.30384048104053,1.4,1.349897115421106,1.3707659230522338,0.6666666666666666,0.5773502691896258,0.8,0.4472135954999579,0.7,0.4830458915396479,0.5814683170016269,2.366666666666667,0.446064139941691,6.395310782127784,0.2332361516034985,2.4037008503093267,0.2361516034985422,3.928528138289618,0.0,0.0,0.0408163265306122,1.349897115421106,0.0204081632653061,0.4830458915396479,2.8303906287138934,33.0,14.085714285714284,6.885714285714286,8.228571428571428,0.0,1.3142857142857145,0.4285714285714285,,,,87.0,91.3,32.2,21.4,7.8,7.7,5.1,21.2,8.1,3.4,1.4,1.9,1.3,87.0,2026-08-03,4,26.2,12.1,5.0,2.1,2.7,1.8
2026-08-07,2026,Angel Reese,ATL,WAS,A,27.0,23.0,16.0,2.0,0.0,0.0,1.0,1.0,19.0,10.0,4.0,3.0,6.0,10.0,-3.0,angel reese,0,last_good_canonical,,,UNK,,,,2026-07-31,3,0,32,87.0,34.0,19.0,4.0,5.0,2.0,200.0,91.5,33.7,22.2,7.1,9.9,2.9,1.3555555555555554,0.9007201738749726,0.88364826811905,27.0,15.716233645501712,26.8,12.029131306956456,29.8,8.715248450592544,30.09508790106838,14.333333333333334,12.42309676905615,14.8,10.2810505299799,16.2,7.405703507732707,16.731993670740938,10.0,4.358898943540674,9.4,4.03732584763727,10.6,3.204163957519444,10.646272809607307,3.333333333333333,1.1547005383792517,2.6,1.3416407864998738,2.3,1.2516655570345738,2.6527321239472093,0.6666666666666666,1.1547005383792517,0.4,0.8944271909999159,0.3,0.6749485577105528,0.7406910288741243,2.0,2.0,2.0,1.5811388300841898,2.1,1.1005049346146107,2.1825699746364275,0.3333333333333333,0.5773502691896257,0.4,0.5477225575051661,0.3,0.4830458915396476,0.3360381126348182,-2.8000000000000007,0.5436241610738255,7.405703507732707,0.3557046979865771,3.204163957519444,0.0771812080536912,1.2516655570345738,0.0100671140939597,0.6749485577105528,0.0704697986577181,1.1005049346146107,0.0100671140939597,0.4830458915396476,8.715248450592544,29.375,14.96875,11.09375,2.3125,0.15625,1.84375,0.53125,84.62,101.763907734057,129.95049504950495,89.9,83.6,31.3,19.7,9.3,9.6,4.7,67.8,26.2,14.2,7.4,4.6,1.4,89.9,2026-08-03,4,74.3,29.4,17.8,8.8,8.9,4.1
2026-08-07,2026,Angela Dugalic,WAS,ATL,H,5.0,,,,,,,,,,,,,,,angela dugalic,1,last_good_canonical,,,UNK,,,,2026-07-28,6,0,28,81.0,42.0,17.0,2.0,1.0,4.0,200.0,82.4,39.5,20.5,6.1,4.7,4.6,0.0,0.3961666666666666,0.3200833333333333,4.5,0.7071067811865476,5.0,2.160246899469288,6.111111111111111,3.218867985971307,4.812398953372637,0.0,0.0,0.5,0.999999999999998,0.7777777777777778,1.2018504251546531,0.2776112534312416,1.5,0.7071067811865476,1.75,0.9574271077563364,1.3333333333333333,1.0000000000000042,1.4870305730877709,1.5,0.7071067811865476,0.75,0.957427107756338,0.4444444444444444,0.7264831572567788,0.9780052498931509,0.0,0.0,0.0,0.0,0.0,0.0,0.0002500858426836,0.0,0.0,0.0,0.0,0.0,0.0,0.002391959927882,0.0,0.0,0.25,0.5,0.2222222222222222,0.4409585518440984,0.0967901281019876,-1.6111111111111107,0.1272727272727273,1.2018504251546531,0.2181818181818181,1.0000000000000042,0.0727272727272727,0.7264831572567788,0.0,0.0,0.0,0.0,0.0363636363636363,0.4409585518440984,3.218867985971307,11.666666666666666,3.5185185185185186,3.0,0.8148148148148148,0.1481481481481481,0.4814814814814814,0.2962962962962963,,,,81.6,91.6,30.3,20.7,8.9,7.8,3.8,65.7,26.8,14.9,5.4,5.5,2.6,81.6,2026-07-31,7,85.9,29.5,19.4,8.4,7.4,3.7
2026-08-07,2026,Arike Ogunbowale,DAL,GSV,H,23.0,15.0,5.0,5.0,1.0,1.0,0.0,1.0,9.0,7.0,0.0,0.0,0.0,5.0,14.0,arike ogunbowale,1,last_good_canonical,,,UNK,,,,2026-07-31,4,0,38,83.0,38.0,22.0,7.0,10.0,4.0,200.0,91.2,34.3,22.2,8.7,5.1,4.1,1.091304347826087,0.9169890856172688,0.7800075413841331,34.666666666666664,3.5118845842842465,34.6,3.507135583350035,31.8,4.1041983924323855,33.668736057133586,22.666666666666668,2.309401076758504,23.4,3.71483512420134,18.1,7.078135347674556,21.65494675090952,3.6666666666666665,2.0816659994661326,3.6,1.816590212458495,3.3,1.7669811040931402,3.4467072639138725,4.333333333333333,2.0816659994661326,4.0,2.3452078799117158,3.2,2.4855135843076326,3.658134001323414,2.333333333333333,1.1547005383792517,2.2,1.0954451150103324,1.8,1.135292424395094,2.222037663289612,2.0,2.0,1.8,1.4832396974191326,1.2,1.2292725943057172,1.9025038390430395,0.3333333333333333,0.5773502691896258,0.2,0.4472135954999579,0.1,0.3162277660168379,0.3500003640568532,2.866666666666664,0.5691823899371069,7.078135347674556,0.1037735849056603,1.7669811040931402,0.10062893081761,2.4855135843076326,0.0566037735849056,1.135292424395094,0.0377358490566037,1.2292725943057172,0.0031446540880503,0.3162277660168379,4.1041983924323855,29.81578947368421,15.0,3.236842105263158,3.131578947368421,2.0,0.9736842105263158,0.0526315789473684,,,,86.3,73.8,30.7,17.0,6.5,6.2,3.2,77.3,27.2,17.2,6.7,6.8,4.5,86.3,2026-08-02,5,59.2,25.7,13.9,5.1,5.5,2.7
2026-08-07,2026,Ashlon Jackson,CON,PHX,H,11.0,0.0,0.0,1.0,0.0,0.0,0.0,0.0,2.0,0.0,0.0,0.0,0.0,0.0,3.0,ashlon jackson,1,last_good_canonical,,,UNK,,,,2026-07-28,4,0,20,63.0,31.0,14.0,9.0,6.0,3.0,200.0,82.6,31.6,20.6,5.9,8.5,5.1,0.109090909090909,0.0,0.0,6.1,,6.1,,5.0,,5.54779561871037,,,,,0.0,,0.2015971863955396,,,,,0.0,,0.1970432129730459,,,,,0.0,,0.1582861573787325,,,,,0.0,,0.0524309977621689,,,,,1.0,,0.9920807254795952,,,,,0.0,,0.0,,0.0,0.0,0.0,0.0,0.0,0.0,0.0,0.0,0.2,0.0,0.0,0.0,0.0,6.1,1.0,0.6,0.5,0.2,0.7,0.0,,,,89.1,87.8,34.2,21.6,9.7,6.8,3.9,65.3,27.4,14.7,4.7,4.7,2.5,89.1,2026-08-02,5,70.1,27.8,16.5,8.0,5.6,3.3
2026-08-07,2026,Ashten Prechtel,GSV,DAL,A,1.25,,,,,,,,,,,,,,,ashten prechtel,0,last_good_canonical,,,UNK,,,,2026-07-10,4,0,5,96.0,26.0,26.0,14.0,8.0,5.0,199.0,79.9,29.5,18.6,9.4,8.8,4.0,0.0,0.2519999999999999,0.3168421052631578,2.5,3.5355339059327373,1.25,2.4999999999999982,6.833333333333333,8.886319072972041,4.404164375000002,2.5,3.5355339059327373,1.25,2.5,2.5,3.0166206257996717,1.9229275000000008,0.5,0.7071067811865476,0.25,0.5,1.5,2.7386127875258306,0.7808693750000004,0.0,0.0,0.0,0.0,0.1666666666666666,0.408248290463863,0.1160290625000001,0.5,0.7071067811865476,0.25,0.5,0.1666666666666666,0.408248290463863,0.2275,0.0,0.0,0.0,0.0,0.0,0.0,0.0,0.0,0.0,0.0,0.0,0.1666666666666666,0.408248290463863,0.0624771875,-4.333333333333333,0.3658536585365853,3.0166206257996717,0.2195121951219512,2.7386127875258306,0.024390243902439,0.408248290463863,0.024390243902439,0.408248290463863,0.0,0.0,0.024390243902439,0.408248290463863,8.886319072972041,1.25,1.25,0.25,0.0,0.25,0.0,0.0,85.44,91.76470588235294,87.33115975780159,73.8,86.3,34.2,19.1,6.7,5.1,3.6,79.2,28.6,17.4,8.1,6.8,3.3,73.8,2026-08-02,5,65.3,27.4,14.7,4.7,4.7,2.5
2026-08-07,2026,Awak Kuier,DAL,GSV,H,9.0,6.0,2.0,0.0,0.0,0.0,1.0,0.0,4.0,3.0,0.0,0.0,1.0,1.0,13.0,awak kuier,1,last_good_canonical,,,UNK,,,,2026-07-31,4,0,35,83.0,38.0,22.0,7.0,10.0,4.0,200.0,91.2,34.3,22.2,8.7,5.1,4.1,0.8222222222222223,0.4566873015873016,0.507034126984127,11.666666666666666,5.859465277082312,13.8,7.5960516059331775,15.1,7.519604008486376,12.113750694432287,2.6666666666666665,2.309401076758504,4.4,3.577708763999663,5.0,3.829708431025352,3.1792049083739062,2.0,1.00000000000001,2.2,1.3038404810405295,3.2,3.552776691859794,2.1106636162044,0.3333333333333333,0.5773502691896258,0.6,0.8944271909999159,1.1,2.183269719175041,0.69441261580883,0.0,0.0,0.0,0.0,0.6,1.07496769977314,0.1012552559226198,0.3333333333333333,0.5773502691896258,0.2,0.4472135954999579,0.3,0.4830458915396479,0.2658928650638223,1.0,1.0000000000000004,1.4,1.6733200530681511,1.4,1.505545305418162,1.109064919568309,-3.4333333333333336,0.3311258278145695,3.829708431025352,0.2119205298013245,3.552776691859794,0.0728476821192053,2.183269719175041,0.0397350993377483,1.07496769977314,0.0198675496688741,0.4830458915396479,0.0927152317880794,1.505545305418162,7.519604008486376,16.794117647058822,5.088235294117647,2.911764705882353,0.8823529411764706,0.5,0.5294117647058824,1.1176470588235294,,,,86.3,73.8,30.7,17.0,6.5,6.2,3.2,77.3,27.2,17.2,6.7,6.8,4.5,86.3,2026-08-02,5,59.2,25.7,13.9,5.1,5.5,2.7
2026-08-07,2026,Aziaha James,DAL,GSV,H,12.0,6.0,2.0,2.0,0.0,1.0,0.0,2.0,7.0,2.0,2.0,2.0,0.0,2.0,4.0,aziaha james,1,last_good_canonical,,,UNK,,,,2026-07-31,4,0,39,83.0,38.0,22.0,7.0,10.0,4.0,200.0,91.2,34.3,22.2,8.7,5.1,4.1,0.8166666666666668,0.6707142857142857,0.5714126984126985,4.333333333333333,2.309401076758504,5.6,2.408318915758457,6.9,2.998147576235856,4.857593815233997,0.6666666666666666,0.5773502691896227,2.2,2.167948338867877,2.3,2.1108186931983264,1.438760742947341,1.3333333333333333,0.5773502691896258,1.4,0.5477225575051659,1.6,1.2649110640673515,1.2743163122527816,0.6666666666666666,0.5773502691896258,0.6,0.5477225575051661,0.4,0.516397779494318,0.6498317079468597,0.0,0.0,0.0,0.0,0.1,0.3162277660168355,0.0193751747324326,0.6666666666666666,1.1547005383792517,0.4,0.8944271909999159,0.2,0.632455532033676,0.3063875064289229,0.3333333333333333,0.577350269189626,0.6,0.8944271909999159,0.3,0.6749485577105528,0.3451665716436238,-2.5666666666666678,0.3333333333333333,2.1108186931983264,0.2318840579710145,1.2649110640673515,0.0579710144927536,0.516397779494318,0.0144927536231884,0.3162277660168355,0.0289855072463768,0.632455532033676,0.0434782608695652,0.6749485577105528,2.998147576235856,12.205128205128204,6.641025641025641,2.5641025641025643,1.5128205128205128,0.3846153846153846,1.0,0.2307692307692307,,,,86.3,73.8,30.7,17.0,6.5,6.2,3.2,77.3,27.2,17.2,6.7,6.8,4.5,86.3,2026-08-02,5,59.2,25.7,13.9,5.1,5.5,2.7
2026-08-07,2026,Azzi Fudd,DAL,GSV,H,24.0,12.0,2.0,1.0,4.0,2.0,1.0,0.0,8.0,4.0,0.0,0.0,1.0,1.0,22.0,azzi fudd,1,last_good_canonical,,,UNK,,,,2026-07-31,4,0,38,83.0,38.0,22.0,7.0,10.0,4.0,200.0,91.2,34.3,22.2,8.7,5.1,4.1,0.7083333333333334,0.4926891796659237,0.5287031332503289,34.333333333333336,2.309401076758502,35.8,4.38178046004133,34.6,3.565264521898902,35.04730840442154,13.0,6.244997998398397,13.0,4.636809247747848,12.7,4.62000481000231,12.733391959502589,1.3333333333333333,1.5275252316519468,1.8,1.643167672515499,1.9,1.5238839267549955,1.5558171570937325,1.3333333333333333,1.1547005383792517,1.6,0.8944271909999159,2.3,1.251665557034572,1.3787296083003726,2.333333333333333,0.5773502691896257,2.6,0.5477225575051661,2.4,1.5055453054181618,2.3623656774293944,1.3333333333333333,1.1547005383792517,1.4,1.341640786499874,1.5,1.1785113019775797,1.1540790069422486,0.6666666666666666,1.1547005383792517,0.6,0.8944271909999159,0.5,0.7071067811865477,0.8568097303083004,-0.2666666666666657,0.3670520231213872,4.62000481000231,0.0549132947976878,1.5238839267549955,0.0664739884393063,1.251665557034572,0.0693641618497109,1.5055453054181618,0.0433526011560693,1.1785113019775797,0.0144508670520231,0.7071067811865477,3.565264521898902,32.05263157894737,13.447368421052632,1.763157894736842,1.7894736842105263,1.9210526315789476,1.736842105263158,0.8947368421052632,,,,86.3,73.8,30.7,17.0,6.5,6.2,3.2,77.3,27.2,17.2,6.7,6.8,4.5,86.3,2026-08-02,5,59.2,25.7,13.9,5.1,5.5,2.7
2026-08-07,2026,Brionna Jones,ATL,WAS,A,17.0,9.0,7.0,0.0,0.0,0.0,0.0,1.0,8.0,4.0,1.0,1.0,3.0,4.0,-13.0,brionna jones,0,last_good_canonical,,,C,,,,2026-07-31,3,0,23,87.0,34.0,19.0,4.0,5.0,2.0,200.0,91.5,33.7,22.2,7.1,9.9,2.9,0.8176470588235293,0.7580728291316526,0.3790364145658263,17.666666666666668,3.055050463303893,17.0,2.8284271247461903,13.6,7.987490219086343,15.680581742860838,10.333333333333334,4.04145188432738,9.25,3.947573094109004,7.4,5.366563145999495,9.383878408115423,7.333333333333333,2.516611478423583,7.0,2.160246899469287,5.6,3.646916505762094,5.913835982478654,0.6666666666666666,0.5773502691896258,1.5,1.7320508075688772,1.2,1.6431676725154984,1.103478196111541,0.0,0.0,0.0,0.0,0.0,0.0,9.208950537102348e-05,0.0,0.0,0.25,0.5,0.2,0.447213595499958,0.1822731809851553,1.0,1.7320508075688772,0.75,1.5,0.6,1.3416407864998738,0.682632444379097,4.066666666666668,0.5441176470588236,5.366563145999495,0.4117647058823529,3.646916505762094,0.088235294117647,1.6431676725154984,0.0,0.0,0.0147058823529411,0.447213595499958,0.0441176470588235,1.3416407864998738,7.987490219086343,6.8,3.7,2.8,0.6,0.0,0.1,0.3,84.62,101.763907734057,129.95049504950495,89.9,83.6,31.3,19.7,9.3,9.6,4.7,10.2,5.6,2.1,0.9,0.3,0.5,89.9,2026-08-03,4,10.6,5.9,1.2,0.8,1.0,0.9
2026-08-07,2026,Cassandre Prosper,WAS,ATL,H,8.0,2.0,0.0,0.0,0.0,0.0,0.0,0.0,1.0,1.0,0.0,0.0,0.0,0.0,-7.0,cassandre prosper,1,last_good_canonical,,,UNK,,,,2026-07-28,6,0,28,81.0,42.0,17.0,2.0,1.0,4.0,200.0,82.4,39.5,20.5,6.1,4.7,4.6,0.25,0.2010457516339869,0.1993562091503267,6.333333333333333,3.0550504633038944,8.6,5.176871642217914,9.77777777777778,4.8160610922666285,6.937471934203839,0.6666666666666666,1.1547005383792512,1.0,1.4142135623730951,1.1111111111111112,1.3642254619787393,0.6226942079583262,0.6666666666666666,1.1547005383792517,1.2,1.095445115010332,1.2222222222222223,0.9718253158075506,0.7674117886901413,0.3333333333333333,0.5773502691896258,0.2,0.4472135954999579,0.3333333333333333,0.5,0.1987725466896414,0.0,0.0,0.2,0.447213595499958,0.2222222222222222,0.4409585518440985,0.0910615706002494,0.0,0.0,0.0,0.0,0.0,0.0,0.0004639563810792,0.0,0.0,0.0,0.0,0.0,0.0,2.429828394165977e-05,-3.444444444444445,0.1136363636363636,1.3642254619787393,0.125,0.9718253158075506,0.034090909090909,0.5,0.0227272727272727,0.4409585518440985,0.0,0.0,0.0,0.0,4.8160610922666285,12.541666666666666,2.375,1.3333333333333333,0.4583333333333333,0.25,0.2083333333333333,0.0416666666666666,,,,81.6,91.6,30.3,20.7,8.9,7.8,3.8,65.7,26.8,14.9,5.4,5.5,2.6,81.6,2026-07-31,7,85.9,29.5,19.4,8.4,7.4,3.7
2026-08-07,2026,Cecilia Zandalasini,GSV,DAL,A,16.0,7.0,1.0,5.0,1.0,0.0,0.0,1.0,5.0,2.0,2.0,2.0,0.0,1.0,3.0,cecilia zandalasini,0,last_good_canonical,,,UNK,,,,2026-07-29,4,0,34,96.0,26.0,26.0,14.0,8.0,5.0,199.0,79.9,29.5,18.6,9.4,8.8,4.0,0.8937499999999999,0.5600019673421208,0.5651025879491354,22.0,4.582575694955841,20.2,4.086563348340496,18.8,3.645392830531278,20.525273741818424,9.666666666666666,5.507570547286101,8.6,4.669047011971509,7.5,3.894440481849305,10.00724334614888,1.0,0.0,1.2,0.4472135954999579,1.5,0.5270462766947321,1.170122617745716,1.6666666666666667,1.1547005383792517,1.0,1.2247448713915892,1.3,1.05934990547138,1.6171395081240625,1.3333333333333333,1.5275252316519463,1.2,1.30384048104053,0.9,0.994428926011754,1.5644835834001187,1.6666666666666667,1.1547005383792517,1.4,1.140175425099138,1.1,0.994428926011753,1.6227238468758416,0.0,0.0,0.2,0.4472135954999579,0.2,0.4216370213557839,0.1133812210408855,3.1999999999999997,0.3989361702127659,3.894440481849305,0.0797872340425531,0.5270462766947321,0.0691489361702127,1.05934990547138,0.0478723404255319,0.994428926011754,0.0585106382978723,0.994428926011753,0.0106382978723404,0.4216370213557839,3.645392830531278,17.91176470588235,8.294117647058824,1.7058823529411764,1.6470588235294117,1.2352941176470589,0.9705882352941176,0.1176470588235294,85.44,91.76470588235294,87.33115975780159,73.8,86.3,34.2,19.1,6.7,5.1,3.6,79.2,28.6,17.4,8.1,6.8,3.3,73.8,2026-08-02,5,65.3,27.4,14.7,4.7,4.7,2.5
2026-08-07,2026,Charlisse Leger-Walker,CON,PHX,H,25.0,0.0,0.0,2.0,0.0,0.0,0.0,2.0,3.0,0.0,0.0,0.0,0.0,0.0,-9.0,charlisse leger-walker,1,last_good_canonical,,,UNK,,,,2026-07-30,4,0,30,63.0,31.0,14.0,9.0,6.0,3.0,200.0,82.6,31.6,20.6,5.9,8.5,5.1,0.096,0.4629695152423788,0.4919828444805666,26.666666666666668,3.5118845842842448,27.6,2.7928480087537864,28.5,2.9154759474226384,27.71793447719604,4.333333333333333,4.932882862316248,4.4,3.5071355833500344,6.3,4.0290610982378166,5.67105984922892,2.0,1.0,2.6,1.1401754250991387,2.8,1.229272594305718,2.2269552124746483,4.666666666666667,3.055050463303893,5.2,2.387467277262665,4.4,2.4129281427805136,4.537131135301026,0.6666666666666666,1.1547005383792517,0.4,0.8944271909999159,0.7,0.8232726023485646,0.7878985675570342,0.0,0.0,0.6,0.8944271909999157,1.2,1.1352924243950933,0.4921163626176686,0.0,0.0,0.0,0.0,0.2,0.4216370213557839,0.0245045608187987,-1.833333333333332,0.2210526315789473,4.0290610982378166,0.0982456140350877,1.229272594305718,0.1543859649122807,2.4129281427805136,0.0245614035087719,0.8232726023485646,0.0421052631578947,1.1352924243950933,0.0070175438596491,0.4216370213557839,2.9154759474226384,22.7,6.433333333333334,2.1,3.3,0.6666666666666666,0.9333333333333332,0.1,,,,89.1,87.8,34.2,21.6,9.7,6.8,3.9,65.3,27.4,14.7,4.7,4.7,2.5,89.1,2026-08-02,5,70.1,27.8,16.5,8.0,5.6,3.3
2026-08-07,2026,Costanza Verona,DAL,GSV,H,0.0,,,,,,,,,,,,,,,costanza verona,1,last_good_canonical,,,UNK,,,,2026-07-20,6,0,13,75.0,32.0,19.0,8.0,3.0,7.0,201.0,91.2,34.9,21.6,8.6,5.5,3.7,0.0,0.0,0.1066666666666666,2.2857142857142856,,0.0,,1.5,3.0,0.7465909658605054,,,0.0,,1.0,2.0,0.3779171975759324,,,0.0,,0.0,0.0,0.0,,,0.0,,0.5,1.0,0.1889585987879662,,,0.0,,0.0,0.0,0.0,,,0.0,,0.0,0.0,0.0449287923741517,,,0.0,,0.0,0.0,0.0,,0.6666666666666666,2.0,0.0,0.0,0.3333333333333333,1.0,0.0,0.0,0.0,0.0,0.0,0.0,3.0,2.2857142857142856,1.1428571428571428,0.0,0.5714285714285714,0.0,0.1428571428571428,0.0,,,,86.3,73.8,30.7,17.0,6.5,6.2,3.2,74.3,29.4,17.8,8.8,8.9,4.1,86.7,2026-07-31,7,59.2,25.7,13.9,5.1,5.5,2.7
2026-08-07,2026,Cotie McMahon,WAS,ATL,H,26.0,2.0,6.0,2.0,0.0,0.0,0.0,2.0,3.0,1.0,0.0,0.0,0.0,6.0,9.0,cotie mcmahon,1,last_good_canonical,,,UNK,,,,2026-07-28,6,0,27,81.0,42.0,17.0,2.0,1.0,4.0,200.0,82.4,39.5,20.5,6.1,4.7,4.6,0.3307692307692307,0.5967676767676767,0.5366788868107327,18.666666666666668,5.773502691896254,17.2,5.0199601592044525,20.0,6.960204339273702,19.35686579494391,7.0,3.999999999999999,5.6,3.8470768123342673,5.4,3.0258148581093915,7.056371166373305,3.333333333333333,2.3094010767585025,3.8,1.788854381999831,3.4,1.837873166945363,3.482725834125529,2.333333333333333,0.5773502691896254,2.0,1.224744871391589,2.2,0.9189365834726816,2.258918514061824,0.3333333333333333,0.5773502691896258,0.2,0.4472135954999579,0.5,0.7071067811865478,0.2846662918155659,0.3333333333333333,0.5773502691896258,0.6,0.5477225575051661,0.5,0.52704627669473,0.3469185271303928,0.6666666666666666,1.1547005383792517,0.4,0.8944271909999159,0.2,0.6324555320336759,0.702129630222214,-1.333333333333332,0.27,3.0258148581093915,0.1699999999999999,1.837873166945363,0.11,0.9189365834726816,0.025,0.7071067811865478,0.025,0.52704627669473,0.01,0.6324555320336759,6.960204339273702,19.48148148148148,6.074074074074074,2.740740740740741,1.9259259259259256,0.5925925925925926,0.5555555555555556,0.1851851851851851,,,,81.6,91.6,30.3,20.7,8.9,7.8,3.8,65.7,26.8,14.9,5.4,5.5,2.6,81.6,2026-07-31,7,85.9,29.5,19.4,8.4,7.4,3.7
2026-08-07,2026,Darianna Littlepage-Buggs,WAS,ATL,H,0.0,,,,,,,,,,,,,,,darianna littlepage-buggs,1,last_good_canonical,,,UNK,,,,2026-07-28,6,0,13,81.0,42.0,17.0,2.0,1.0,4.0,200.0,82.4,39.5,20.5,6.1,4.7,4.6,0.0,0.0,0.0,4.666666666666667,,0.0,,0.0,,0.7593447255204947,,,0.0,,0.0,,0.2711945448287481,,,0.0,,0.0,,0.1084778179314992,,,0.0,,0.0,,0.0542389089657496,,,0.0,,0.0,,0.0542389089657496,,,0.0,,0.0,,0.0,,,0.0,,0.0,,0.0542389089657496,,0.0,0.0,0.0,0.0,0.0,0.0,0.0,0.0,0.0,0.0,0.0,0.0,0.0,4.666666666666667,1.6666666666666667,0.6666666666666666,0.3333333333333333,0.3333333333333333,0.0,0.3333333333333333,,,,81.6,91.6,30.3,20.7,8.9,7.8,3.8,65.7,26.8,14.9,5.4,5.5,2.6,81.6,2026-07-31,7,85.9,29.5,19.4,8.4,7.4,3.7
2026-08-07,2026,DeWanna Bonner,PHX,CON,A,31.0,14.0,8.0,4.0,2.0,3.0,2.0,1.0,8.0,3.0,9.0,6.0,2.0,6.0,11.0,dewanna bonner,0,last_good_canonical,,,F,,,,2026-08-01,3,0,37,106.0,36.0,26.0,11.0,5.0,5.0,201.0,82.7,30.2,20.2,7.1,6.8,2.7,0.8258064516129031,0.8151807621516038,0.697064694098502,31.0,3.605551275463993,30.4,2.7018512172212565,29.6,3.5339622081862863,30.939961816668777,17.0,8.000000000000004,16.0,7.416198487095663,12.6,7.198765326236314,17.68926527984453,8.0,1.7320508075688767,8.0,1.870828693386973,7.5,1.8408935028645388,7.783088151836589,3.333333333333333,0.5773502691896251,2.2,1.643167672515499,2.1,1.3703203194062987,2.6555728241398144,1.6666666666666667,0.5773502691896258,1.2,0.8366600265340753,1.1,0.8755950357709138,1.5471674595230316,1.6666666666666667,0.5773502691896258,1.4,0.5477225575051662,1.2,0.6324555320336759,1.487899384433447,1.3333333333333333,1.5275252316519468,1.0,1.2247448713915892,0.8,1.0327955589886444,1.1283534853200934,1.3999999999999986,0.4256756756756756,7.198765326236314,0.2533783783783783,1.8408935028645388,0.0709459459459459,1.3703203194062987,0.0371621621621621,0.8755950357709138,0.0405405405405405,0.6324555320336759,0.027027027027027,1.0327955589886444,3.5339622081862863,26.83783783783784,10.108108108108109,5.351351351351352,1.4054054054054057,1.162162162162162,1.162162162162162,0.7567567567567568,,,,87.0,91.3,32.2,21.4,7.8,7.7,5.1,21.2,8.1,3.4,1.4,1.9,1.3,87.0,2026-08-03,4,26.2,12.1,5.0,2.1,2.7,1.8
2026-08-07,2026,Diamond Miller,CON,PHX,H,30.0,22.0,4.0,1.0,4.0,2.0,0.0,2.0,15.0,8.0,4.0,2.0,2.0,2.0,-14.0,diamond miller,1,last_good_canonical,,,UNK,,,,2026-07-30,4,0,30,63.0,31.0,14.0,9.0,6.0,3.0,200.0,82.6,31.6,20.6,5.9,8.5,5.1,0.9466666666666668,0.6570259497398347,0.6078191251407417,24.0,3.605551275463994,25.0,4.301162633521318,24.8,4.417138339593991,25.414300815294634,13.666666666666666,1.5275252316519343,11.6,3.50713558335004,10.1,4.280446497997869,12.20254884317113,2.0,0.9999999999999992,2.8,2.4899799195977463,2.9,1.8529256146249733,2.5964344146911,1.6666666666666667,1.5275252316519468,1.0,1.4142135623730947,1.6,1.7126976771553504,1.807297171341576,2.6666666666666665,1.5275252316519463,2.0,1.5811388300841898,1.3,1.4181364924121764,1.8653857698166696,0.6666666666666666,0.5773502691896258,0.8,0.4472135954999578,0.9,0.737864787372622,0.8566075645802096,0.0,0.0,0.2,0.4472135954999579,0.4,0.5163977794943222,0.101119303047868,-0.8000000000000007,0.407258064516129,4.280446497997869,0.1169354838709677,1.8529256146249733,0.064516129032258,1.7126976771553504,0.0524193548387096,1.4181364924121764,0.0362903225806451,0.737864787372622,0.0161290322580645,0.5163977794943222,4.417138339593991,22.3,8.966666666666667,2.466666666666667,1.3666666666666667,0.9666666666666668,0.7333333333333333,0.2333333333333333,,,,89.1,87.8,34.2,21.6,9.7,6.8,3.9,65.3,27.4,14.7,4.7,4.7,2.5,89.1,2026-08-02,5,70.1,27.8,16.5,8.0,5.6,3.3
2026-08-07,2026,Gabby Williams,GSV,DAL,A,19.0,15.0,2.0,1.0,3.0,1.0,0.0,1.0,11.0,5.0,2.0,2.0,0.0,2.0,6.0,gabby williams,0,last_good_canonical,,,UNK,,,,2026-07-29,4,0,38,96.0,26.0,26.0,14.0,8.0,5.0,199.0,79.9,29.5,18.6,9.4,8.8,4.0,1.0210526315789472,0.6972866344605475,0.5739461494742825,24.5,2.1213203435596446,26.0,2.1602468994692754,23.25,4.399675312695597,24.554182640059345,13.0,7.071067811865476,15.0,4.760952285695241,11.875,6.577830732305084,14.2025751166432,2.5,3.5355339059327378,2.75,2.0615528128088307,2.25,1.581138830084187,2.887881500485036,4.0,2.8284271247461903,3.5,2.380476142847616,2.375,2.0658792662828027,3.652315158532194,2.0,2.8284271247461903,2.0,1.6329931618554523,1.75,1.581138830084189,2.1260228361104736,1.0,0.0,2.0,1.1547005383792517,1.75,1.164964745021435,1.6259492569307914,0.0,0.0,0.25,0.5,0.125,0.3535533905932738,0.1309834692943271,1.25,0.510752688172043,6.577830732305084,0.0967741935483871,1.581138830084187,0.1021505376344086,2.0658792662828027,0.075268817204301,1.581138830084189,0.075268817204301,1.164964745021435,0.0053763440860215,0.3535533905932738,4.399675312695597,26.22222222222222,15.444444444444445,3.5277777777777777,2.4166666666666665,1.7777777777777777,1.5277777777777777,0.1944444444444444,85.44,91.76470588235294,87.33115975780159,73.8,86.3,34.2,19.1,6.7,5.1,3.6,79.2,28.6,17.4,8.1,6.8,3.3,73.8,2026-08-02,5,65.3,27.4,14.7,4.7,4.7,2.5
2026-08-07,2026,Georgia Amoore,WAS,ATL,H,18.0,2.0,1.0,2.0,0.0,0.0,0.0,1.0,5.0,1.0,0.0,0.0,0.0,1.0,-5.0,georgia amoore,1,last_good_canonical,,,UNK,,,,2026-07-28,6,0,28,81.0,42.0,17.0,2.0,1.0,4.0,200.0,82.4,39.5,20.5,6.1,4.7,4.6,0.2833333333333334,0.6145611111111112,0.5694716977466977,25.0,1.9999999999999964,23.2,4.2661458015403095,20.7,5.2078999819718295,23.84682018299858,9.0,0.9999999999999992,7.6,2.70185121722126,6.5,3.24037034920393,8.066743244884938,1.6666666666666667,1.5275252316519468,1.8,1.30384048104053,1.6,1.1737877907772671,2.039451514044514,4.666666666666667,3.5118845842842457,4.0,2.7386127875258315,2.9,2.4698178070456933,3.942655402402692,2.333333333333333,0.5773502691896262,1.8,1.095445115010332,1.2,1.0327955589886444,1.8858113895843835,0.3333333333333333,0.5773502691896258,0.4,0.5477225575051661,0.3,0.483045891539648,0.4734694794921322,0.3333333333333333,0.5773502691896258,0.2,0.4472135954999579,0.1,0.3162277660168379,0.2277845943699902,4.300000000000001,0.3140096618357488,3.24037034920393,0.0772946859903381,1.1737877907772671,0.1400966183574879,2.4698178070456933,0.0579710144927536,1.0327955589886444,0.0144927536231884,0.483045891539648,0.0048309178743961,0.3162277660168379,5.2078999819718295,22.928571428571427,6.464285714285714,1.2857142857142858,3.571428571428572,1.2142857142857142,0.4285714285714285,0.1428571428571428,,,,81.6,91.6,30.3,20.7,8.9,7.8,3.8,65.7,26.8,14.9,5.4,5.5,2.6,81.6,2026-07-31,7,85.9,29.5,19.4,8.4,7.4,3.7
2026-08-07,2026,Gianna Kneepkens,CON,PHX,H,7.0,4.0,1.0,0.0,1.0,0.0,0.0,0.0,3.0,1.0,1.0,1.0,1.0,0.0,-3.0,gianna kneepkens,1,last_good_canonical,,,UNK,,,,2026-07-30,4,0,30,63.0,31.0,14.0,9.0,6.0,3.0,200.0,82.6,31.6,20.6,5.9,8.5,5.1,0.7571428571428571,0.3766666666666666,0.3294444444444444,12.0,,5.666666666666667,5.507570547286102,6.666666666666667,3.9327683210006983,6.933177545511022,7.0,,3.0,3.605551275463989,2.833333333333333,2.9944392908634274,3.3625048804979563,0.0,,0.6666666666666666,0.5773502691896257,0.5,0.5477225575051663,0.5357338527553364,0.0,,0.0,0.0,0.1666666666666666,0.4082482904638636,0.0659914994635519,1.0,,0.3333333333333333,0.5773502691896257,0.5,0.8366600265340756,0.4560823486179093,0.0,,0.0,0.0,0.1666666666666666,0.408248290463863,0.0813165841024501,0.0,,0.0,0.0,0.0,0.0,0.0,5.333333333333333,0.425,2.9944392908634274,0.075,0.5477225575051663,0.0249999999999999,0.4082482904638636,0.075,0.8366600265340756,0.0249999999999999,0.408248290463863,0.0,0.0,3.9327683210006983,8.434782608695652,3.0869565217391304,1.0869565217391304,0.5217391304347826,0.3043478260869565,0.217391304347826,0.0,,,,89.1,87.8,34.2,21.6,9.7,6.8,3.9,65.3,27.4,14.7,4.7,4.7,2.5,89.1,2026-08-02,5,70.1,27.8,16.5,8.0,5.6,3.3
2026-08-07,2026,Hailey Van Lith,CON,PHX,H,6.0,,,,,,,,,,,,,,,hailey van lith,1,last_good_canonical,,,UNK,,,,2026-07-28,7,0,22,88.0,34.0,20.0,7.0,10.0,6.0,201.0,82.6,30.9,20.4,5.7,8.7,5.1,0.0,0.1333333333333333,0.0666666666666666,3.0,,6.0,4.242640687119285,6.0,4.242640687119285,6.374046210633705,0.0,,0.0,0.0,0.0,0.0,0.167110376431452,0.0,,0.0,0.0,0.0,0.0,0.0369357089059091,1.0,,1.5,0.7071067811865476,1.5,0.7071067811865476,1.509438175295955,0.0,,0.0,0.0,0.0,0.0,0.0076849761058292,0.0,,0.5,0.7071067811865476,0.5,0.7071067811865476,0.5225005717431942,0.0,,0.0,0.0,0.0,0.0,0.008716960457392,-3.0,0.0,0.0,0.0,0.0,0.25,0.7071067811865476,0.0,0.0,0.0833333333333333,0.7071067811865476,0.0,0.0,4.242640687119285,14.666666666666666,6.416666666666667,0.9166666666666666,1.9166666666666667,0.6666666666666666,0.5,0.25,,,,89.1,87.8,34.2,21.6,9.7,6.8,3.9,66.8,24.4,14.9,6.4,5.9,3.2,85.4,2026-07-30,8,70.1,27.8,16.5,8.0,5.6,3.3
2026-08-07,2026,Haley Jones,DAL,GSV,H,13.0,,,,,,,,,,,,,,,haley jones,1,last_good_canonical,,,UNK,,,,2026-07-20,6,0,10,75.0,32.0,19.0,8.0,3.0,7.0,201.0,91.2,34.9,21.6,8.6,5.5,3.7,0.0,0.143076923076923,0.3921445221445221,13.166666666666666,,13.0,,13.166666666666666,4.665476038591012,13.64232669447802,,,6.0,,5.666666666666667,3.4448028487370204,5.318434314663522,,,3.0,,2.333333333333333,1.9663841605003465,2.3788144108737965,,,1.0,,1.1666666666666667,0.7527726527090804,1.330782713960705,,,0.0,,0.0,0.0,0.0196395614464826,,,0.0,,0.6666666666666666,0.8164965809277257,0.5612498662319441,,,0.0,,0.0,0.0,0.1111403081610324,,0.430379746835443,3.4448028487370204,0.1772151898734177,1.9663841605003465,0.0886075949367088,0.7527726527090804,0.0,0.0,0.050632911392405,0.8164965809277257,0.0,0.0,4.665476038591012,13.166666666666666,5.666666666666667,2.333333333333333,1.1666666666666667,0.0,0.6666666666666666,0.0,,,,86.3,73.8,30.7,17.0,6.5,6.2,3.2,74.3,29.4,17.8,8.8,8.9,4.1,86.7,2026-07-31,7,59.2,25.7,13.9,5.1,5.5,2.7
2026-08-07,2026,Indya Nivar,ATL,WAS,A,1.0,0.0,0.0,0.0,0.0,0.0,0.0,0.0,0.0,0.0,0.0,0.0,0.0,0.0,0.0,indya nivar,0,last_good_canonical,,,UNK,,,,2026-07-04,7,0,25,92.0,32.0,25.0,6.0,8.0,3.0,199.0,91.5,31.3,17.4,6.4,9.4,2.3,0.0,0.0349999999999999,0.2684090909090909,2.0,1.7320508075688772,1.4,1.5165750888103091,3.2,4.26354052141853,2.4009190106292144,0.0,0.0,0.0,0.0,0.7,1.1595018087284057,0.120053145297585,0.3333333333333333,0.5773502691896258,0.2,0.4472135954999579,0.3,0.4830458915396483,0.3972613225294255,0.0,0.0,0.0,0.0,0.2,0.4216370213557839,0.0479557740134194,0.0,0.0,0.0,0.0,0.1,0.3162277660168379,0.0095103730765193,0.0,0.0,0.0,0.0,0.2,0.4216370213557839,0.0451899858723197,0.0,0.0,0.0,0.0,0.0,0.0,8.807121544743399e-05,-1.2000000000000002,0.2187499999999999,1.1595018087284057,0.0937499999999999,0.4830458915396483,0.0625,0.4216370213557839,0.03125,0.3162277660168379,0.0625,0.4216370213557839,0.0,0.0,4.26354052141853,3.5416666666666665,0.9583333333333334,0.8333333333333334,0.3333333333333333,0.0833333333333333,0.25,0.0833333333333333,84.62,101.763907734057,129.95049504950495,89.9,83.6,31.3,19.7,9.3,9.6,4.7,78.3,31.3,18.8,7.4,7.2,4.6,85.4,2026-07-11,27,74.3,29.4,17.8,8.8,8.9,4.1
2026-08-07,2026,Isobel Borlase,ATL,WAS,A,9.0,0.0,1.0,1.0,0.0,0.0,0.0,1.0,2.0,0.0,0.0,0.0,0.0,1.0,-12.0,isobel borlase,0,last_good_canonical,,,UNK,,,,2026-07-31,3,0,32,87.0,34.0,19.0,4.0,5.0,2.0,200.0,91.5,33.7,22.2,7.1,9.9,2.9,0.2111111111111111,0.7117617573345127,0.6098491326355103,14.333333333333334,2.516611478423584,15.2,2.774887385102317,13.6,3.657564459825383,14.824395197547066,7.0,3.605551275463989,8.2,3.03315017762062,5.9,3.573047252229764,6.50493018939616,2.0,0.0,1.6,0.5477225575051667,1.6,0.8432740427115677,1.7837532033347991,1.0,1.0000000000000002,0.8,0.8366600265340756,0.9,0.9944289260117531,1.071756775265679,0.3333333333333333,0.5773502691896258,0.6,0.8944271909999159,0.5,0.7071067811865476,0.5668898602858705,0.3333333333333333,0.5773502691896258,0.2,0.4472135954999579,0.3,0.483045891539648,0.3787996384821483,0.0,0.0,0.2,0.4472135954999579,0.2,0.4216370213557839,0.136966283206377,0.7333333333333343,0.4338235294117647,3.573047252229764,0.1176470588235294,0.8432740427115677,0.0661764705882353,0.9944289260117531,0.0367647058823529,0.7071067811865476,0.0220588235294117,0.483045891539648,0.0147058823529411,0.4216370213557839,3.657564459825383,13.1875,4.71875,1.375,1.03125,0.4375,0.34375,0.15625,84.62,101.763907734057,129.95049504950495,89.9,83.6,31.3,19.7,9.3,9.6,4.7,67.8,26.2,14.2,7.4,4.6,1.4,89.9,2026-08-03,4,74.3,29.4,17.8,8.8,8.9,4.1
2026-08-07,2026,Janelle Salaun,GSV,DAL,A,30.0,24.0,3.0,2.0,4.0,1.0,0.0,1.0,15.0,9.0,2.0,2.0,0.0,3.0,17.0,janelle salaun,0,last_good_canonical,,,UNK,,,,2026-07-29,4,0,37,96.0,26.0,26.0,14.0,8.0,5.0,199.0,79.9,29.5,18.6,9.4,8.8,4.0,1.03,0.830340661517132,0.8544264572407794,19.666666666666668,3.785938897200178,21.6,4.1593268686170894,21.2,3.9665266081716144,21.217502785827264,11.0,1.999999999999997,12.2,2.588435821108958,12.7,5.355163655555058,12.320541855212952,3.0,0.9999999999999972,3.6,2.0736441353327715,3.8,2.201009869229225,3.1426532912393217,1.6666666666666667,1.5275252316519468,1.6,1.1401754250991378,1.0,1.054092553389459,1.8190814620389557,1.6666666666666667,0.5773502691896258,2.2,1.0954451150103326,2.3,1.418136492412175,2.0143519511982517,0.6666666666666666,0.5773502691896252,1.2,1.095445115010332,0.8,0.9189365834726816,0.9297420530032804,0.0,0.0,0.2,0.4472135954999579,0.2,0.4216370213557839,0.0888860083141,-1.5333333333333314,0.5990566037735849,5.355163655555058,0.1792452830188679,2.201009869229225,0.0471698113207547,1.054092553389459,0.1084905660377358,1.418136492412175,0.0377358490566037,0.9189365834726816,0.0094339622641509,0.4216370213557839,3.9665266081716144,22.324324324324323,12.81081081081081,4.162162162162162,1.108108108108108,2.5405405405405403,0.5945945945945946,0.1351351351351351,85.44,91.76470588235294,87.33115975780159,73.8,86.3,34.2,19.1,6.7,5.1,3.6,79.2,28.6,17.4,8.1,6.8,3.3,73.8,2026-08-02,5,65.3,27.4,14.7,4.7,4.7,2.5
2026-08-07,2026,Jaylyn Sherrod,ATL,WAS,A,8.0,7.0,0.0,1.0,0.0,1.0,0.0,0.0,4.0,2.0,3.0,3.0,0.0,0.0,-6.0,jaylyn sherrod,0,last_good_canonical,,,UNK,,,,2026-07-31,3,0,5,87.0,34.0,19.0,4.0,5.0,2.0,200.0,91.5,33.7,22.2,7.1,9.9,2.9,1.025,0.6225714285714286,0.3112857142857143,6.0,2.6457513110645907,6.2,1.9235384061671343,3.1,3.5103022978402043,5.908242057191929,3.0,3.605551275463989,1.8,3.0331501776206204,0.9,2.2335820757001272,2.757663565053924,1.0,1.0,0.8,0.8366600265340756,0.4,0.6992058987801011,0.9210202354656676,1.3333333333333333,0.5773502691896258,1.4,0.5477225575051661,0.7,0.8232726023485646,1.133183221318077,0.3333333333333333,0.5773502691896258,0.2,0.4472135954999579,0.1,0.3162277660168379,0.3500006003394179,0.6666666666666666,0.577350269189626,0.8,0.8366600265340756,0.4,0.699205898780101,0.6931759418817464,0.0,0.0,0.0,0.0,0.0,0.0,5.007909084454484e-15,2.9,0.2903225806451613,2.2335820757001272,0.1290322580645161,0.6992058987801011,0.2258064516129032,0.8232726023485646,0.032258064516129,0.3162277660168379,0.1290322580645161,0.699205898780101,0.0,0.0,3.5103022978402043,6.2,1.8,0.8,1.4,0.2,0.8,0.0,84.62,101.763907734057,129.95049504950495,89.9,83.6,31.3,19.7,9.3,9.6,4.7,67.8,26.2,14.2,7.4,4.6,1.4,89.9,2026-08-03,4,74.3,29.4,17.8,8.8,8.9,4.1
2026-08-07,2026,Jessica Shepard,DAL,GSV,H,23.0,15.0,9.0,2.0,0.0,1.0,0.0,2.0,12.0,7.0,1.0,1.0,2.0,7.0,17.0,jessica shepard,1,last_good_canonical,,,UNK,,,,2026-07-31,4,0,40,83.0,38.0,22.0,7.0,10.0,4.0,200.0,91.2,34.3,22.2,8.7,5.1,4.1,1.0304347826086957,0.8778129414445204,0.9011086661452374,30.33333333333333,11.239810200058244,32.8,8.700574693662471,34.5,6.433419688539558,33.26905828340798,10.333333333333334,4.932882862316248,12.4,4.827007354458866,14.8,5.094659513211418,11.8563238334505,8.333333333333334,4.932882862316247,11.2,5.263078946776311,12.4,4.14192655120242,9.977999111993658,6.0,1.7320508075688772,6.8,2.167948338867882,6.2,2.6997942308422123,6.626582897946067,0.3333333333333333,0.5773502691896258,0.2,0.4472135954999579,0.1,0.3162277660168379,0.147875,1.0,0.0,0.8,0.4472135954999579,0.7,0.4830458915396481,0.8967804815501963,1.0,1.0,0.6,0.8944271909999159,0.3,0.6749485577105528,0.8478750006044968,-4.166666666666668,0.4289855072463768,5.094659513211418,0.3594202898550724,4.14192655120242,0.1797101449275362,2.6997942308422123,0.0028985507246376,0.3162277660168379,0.0202898550724637,0.4830458915396481,0.008695652173913,0.6749485577105528,6.433419688539558,32.75,14.725,11.45,5.325,0.025,0.8,0.075,,,,86.3,73.8,30.7,17.0,6.5,6.2,3.2,77.3,27.2,17.2,6.7,6.8,4.5,86.3,2026-08-02,5,59.2,25.7,13.9,5.1,5.5,2.7
2026-08-07,2026,Jordin Canada,ATL,WAS,A,31.0,7.0,2.0,7.0,0.0,0.0,0.0,4.0,7.0,2.0,4.0,3.0,1.0,1.0,-13.0,jordin canada,0,last_good_canonical,,,UNK,,,,2026-07-31,3,0,32,87.0,34.0,19.0,4.0,5.0,2.0,200.0,91.5,33.7,22.2,7.1,9.9,2.9,0.5419354838709678,0.767808102713226,0.7303298216647363,32.333333333333336,1.5275252316519483,33.0,1.581138830084156,33.9,1.5238839267550066,32.528672762840664,7.666666666666667,4.041451884327381,11.4,5.899152481501051,10.6,4.402019738458451,9.645005599934027,4.333333333333333,1.5275252316519483,3.2,2.167948338867878,4.0,2.3094010767585043,3.975187396710698,8.666666666666666,0.5773502691896244,9.6,1.9493588689617924,9.3,1.8885620632287048,9.176234527554811,0.0,0.0,0.4,0.5477225575051661,0.3,0.4830458915396485,0.1941056234812177,3.0,0.0,2.8,0.4472135954999567,2.4,0.6992058987800978,2.8345703074918127,0.3333333333333333,0.5773502691896258,0.2,0.4472135954999579,0.2,0.4216370213557838,0.3839459785222556,-1.5666666666666629,0.3126843657817109,4.402019738458451,0.1179941002949852,2.3094010767585043,0.2743362831858407,1.8885620632287048,0.0088495575221238,0.4830458915396485,0.0707964601769911,0.6992058987800978,0.0058997050147492,0.4216370213557838,1.5238839267550066,30.96875,11.1875,3.59375,7.21875,0.78125,2.0625,0.25,84.62,101.763907734057,129.95049504950495,89.9,83.6,31.3,19.7,9.3,9.6,4.7,67.8,26.2,14.2,7.4,4.6,1.4,89.9,2026-08-03,4,74.3,29.4,17.8,8.8,8.9,4.1
2026-08-07,2026,Juste Jocyte,GSV,DAL,A,2.0,,,,,,,,,,,,,,,juste jocyte,0,last_good_canonical,,,UNK,,,,2026-07-29,4,0,32,96.0,26.0,26.0,14.0,8.0,5.0,199.0,79.9,29.5,18.6,9.4,8.8,4.0,0.0,0.0,0.0,4.2105263157894735,,2.0,,1.3333333333333333,1.1547005383792364,1.7243517654758258,,,0.0,,0.0,0.0,0.0722210978258006,,,0.0,,0.0,0.0,0.0466837264871909,,,0.0,,0.0,0.0,0.0235562340819166,,,0.0,,0.0,0.0,0.0008010054219372,,,0.0,,0.0,0.0,0.0,,,0.0,,0.0,0.0,5.268092435114496e-05,,0.0,0.0,0.0,0.0,0.0,0.0,0.0,0.0,0.0,0.0,0.0,0.0,1.1547005383792364,4.2105263157894735,1.6842105263157894,0.3684210526315789,0.4210526315789473,0.3684210526315789,0.0,0.0526315789473684,85.44,91.76470588235294,87.33115975780159,73.8,86.3,34.2,19.1,6.7,5.1,3.6,79.2,28.6,17.4,8.1,6.8,3.3,73.8,2026-08-02,5,65.3,27.4,14.7,4.7,4.7,2.5
2026-08-07,2026,Kahleah Copper,PHX,CON,A,34.0,31.0,4.0,1.0,4.0,1.0,0.0,1.0,19.0,10.0,12.0,7.0,1.0,3.0,11.0,kahleah copper,0,last_good_canonical,,,UNK,,,,2026-08-01,3,0,38,106.0,36.0,26.0,11.0,5.0,5.0,201.0,82.7,30.2,20.2,7.1,6.8,2.7,1.1,0.8541986111397876,0.8216394388645909,27.33333333333333,14.224392195567912,29.4,10.597169433391164,30.9,7.400450436741424,31.197086654357847,18.666666666666668,12.74100990241093,19.0,9.082951062292477,19.8,7.612854625930778,21.10646917911494,3.333333333333333,1.1547005383792517,3.2,1.095445115010327,3.5,0.971825315807548,3.067849706117432,2.0,2.0,2.6,1.6733200530681516,1.8,1.4757295747452437,1.863244624731328,1.6666666666666667,1.5275252316519463,1.2,1.3038404810405304,1.7,1.4944341180973266,1.6596224032118698,1.0,1.0,1.0,0.7071067811865476,0.9,0.5676462121975463,0.9017750302230296,0.0,0.0,0.2,0.4472135954999579,0.1,0.3162277660168379,0.0630256140321908,-3.5666666666666664,0.6407766990291263,7.612854625930778,0.1132686084142394,0.971825315807548,0.058252427184466,1.4757295747452437,0.0550161812297734,1.4944341180973266,0.029126213592233,0.5676462121975463,0.0032362459546925,0.3162277660168379,7.400450436741424,31.054054054054053,19.83783783783784,3.783783783783784,1.7027027027027026,1.7027027027027026,0.6756756756756757,0.081081081081081,,,,87.0,91.3,32.2,21.4,7.8,7.7,5.1,63.1,25.8,14.9,5.6,5.5,3.7,87.0,2026-08-03,4,77.3,27.2,17.2,6.7,6.8,4.5
2026-08-07,2026,Kaila Charles,GSV,DAL,A,17.0,5.0,1.0,2.0,1.0,0.0,0.0,1.0,4.0,1.0,2.0,2.0,0.0,1.0,-2.0,kaila charles,0,last_good_canonical,,,UNK,,,,2026-07-29,4,0,37,96.0,26.0,26.0,14.0,8.0,5.0,199.0,79.9,29.5,18.6,9.4,8.8,4.0,0.5117647058823529,0.4642911877394636,0.5229050141595869,20.666666666666668,7.371114795831994,21.0,7.968688725254614,21.4,5.834761729877617,22.16294288276059,6.333333333333333,3.5118845842842483,6.0,3.535533905932738,6.5,3.62859017617954,6.556591295224762,5.0,5.0,4.2,3.96232255123179,4.5,3.027650354097492,5.615790167235238,0.6666666666666666,1.1547005383792517,0.8,0.8366600265340756,1.2,1.475729574745244,1.0290680221722497,1.3333333333333333,0.5773502691896258,1.0,0.7071067811865476,0.6,0.6992058987801011,1.157405012096476,1.0,1.0,1.0,0.7071067811865474,0.9,0.9944289260117528,1.1681497748136465,0.3333333333333333,0.5773502691896258,0.2,0.4472135954999579,0.2,0.4216370213557838,0.2410101364680549,-0.7333333333333307,0.3037383177570094,3.62859017617954,0.2102803738317757,3.027650354097492,0.0560747663551401,1.475729574745244,0.02803738317757,0.6992058987801011,0.0420560747663551,0.9944289260117528,0.0093457943925233,0.4216370213557838,5.834761729877617,19.16216216216216,5.513513513513513,4.45945945945946,1.2162162162162162,0.6216216216216216,0.6756756756756757,0.3243243243243243,85.44,91.76470588235294,87.33115975780159,73.8,86.3,34.2,19.1,6.7,5.1,3.6,79.2,28.6,17.4,8.1,6.8,3.3,73.8,2026-08-02,5,65.3,27.4,14.7,4.7,4.7,2.5
2026-08-07,2026,Kaitlyn Chen,GSV,DAL,A,20.0,2.0,1.0,4.0,0.0,0.0,0.0,1.0,5.0,1.0,0.0,0.0,0.0,1.0,12.0,kaitlyn chen,0,last_good_canonical,,,UNK,,,,2026-07-29,4,0,37,96.0,26.0,26.0,14.0,8.0,5.0,199.0,79.9,29.5,18.6,9.4,8.8,4.0,0.375,0.9327142857142856,0.8993441558441558,14.333333333333334,8.736894948054106,14.8,7.328028384224503,15.7,6.183310871477615,15.028013481609898,8.666666666666666,9.865765724632494,9.6,7.402702209328698,10.3,5.96377956221276,9.458250148213317,0.6666666666666666,1.1547005383792517,0.6,0.8944271909999157,0.8,1.0327955589886444,0.6251089769551464,3.6666666666666665,2.516611478423583,3.0,2.1213203435596424,2.7,1.636391694484477,3.566570761370911,0.6666666666666666,1.1547005383792517,0.4,0.8944271909999159,0.4,0.6992058987801011,0.4966502826568283,0.3333333333333333,0.5773502691896257,0.8,0.8366600265340756,0.5,0.7071067811865475,0.4900176311394577,0.0,0.0,0.0,0.0,0.0,0.0,0.0,-1.3666666666666654,0.6560509554140128,5.96377956221276,0.0509554140127388,1.0327955589886444,0.1719745222929936,1.636391694484477,0.0254777070063694,0.6992058987801011,0.0318471337579617,0.7071067811865475,0.0,0.0,6.183310871477615,14.27027027027027,7.243243243243243,1.2162162162162162,1.8108108108108107,0.5675675675675675,0.2702702702702703,0.0,85.44,91.76470588235294,87.33115975780159,73.8,86.3,34.2,19.1,6.7,5.1,3.6,79.2,28.6,17.4,8.1,6.8,3.3,73.8,2026-08-02,5,65.3,27.4,14.7,4.7,4.7,2.5
2026-08-07,2026,Kayla Thornton,GSV,DAL,A,11.0,3.0,1.0,0.0,1.0,0.0,0.0,0.0,1.0,1.0,0.0,0.0,0.0,1.0,-3.0,kayla thornton,0,last_good_canonical,,,UNK,,,,2026-07-29,4,0,37,96.0,26.0,26.0,14.0,8.0,5.0,199.0,79.9,29.5,18.6,9.4,8.8,4.0,0.3909090909090909,0.5769540020725782,0.4933580196363009,27.0,1.9999999999999964,25.0,7.071067811865473,23.3,5.888784066153029,25.700924845573937,10.666666666666666,4.509249752822893,9.0,5.04975246918104,7.5,5.759050847723666,9.240252611505555,5.0,2.6457513110645907,5.4,2.4083189157584584,4.6,2.8751811537130414,5.643340032950553,1.0,1.0,0.8,0.8366600265340756,0.6,0.6992058987801003,0.9970038555652908,3.0,1.0000000000000004,2.2,1.4832396974191329,1.6,1.505545305418162,2.417982033369541,1.0,1.0,0.8,0.8366600265340756,0.6,0.6992058987801008,0.7256578594843025,0.0,0.0,0.0,0.0,0.1,0.3162277660168379,0.0414118786768264,3.6999999999999993,0.3218884120171674,5.759050847723666,0.1974248927038626,2.8751811537130414,0.0257510729613733,0.6992058987801003,0.0686695278969957,1.505545305418162,0.0257510729613733,0.6992058987801008,0.0042918454935622,0.3162277660168379,5.888784066153029,25.37837837837838,8.35135135135135,5.162162162162162,0.7837837837837838,1.6756756756756757,0.7837837837837838,0.3243243243243243,85.44,91.76470588235294,87.33115975780159,73.8,86.3,34.2,19.1,6.7,5.1,3.6,79.2,28.6,17.4,8.1,6.8,3.3,73.8,2026-08-02,5,65.3,27.4,14.7,4.7,4.7,2.5
2026-08-07,2026,Kelsey Plum,PHX,CON,A,21.0,20.0,1.0,4.0,3.0,0.0,0.0,3.0,10.0,6.0,5.0,5.0,0.0,1.0,12.0,kelsey plum,0,last_good_canonical,,,G,,,,2026-07-17,3,0,24,106.0,36.0,26.0,11.0,5.0,5.0,201.0,82.7,30.2,20.2,7.1,6.8,2.7,1.3,0.0,0.3584544889717304,0.0,,0.0,,27.83333333333333,14.10555446151148,14.993153104965156,0.0,,0.0,,14.166666666666666,14.7975223151265,6.614210917488257,0.0,,0.0,,1.6666666666666667,1.2110601416389928,1.02409204450697,0.0,,0.0,,3.8333333333333335,3.4880749227427272,2.496793635244314,0.0,,0.0,,1.5,1.7606816861659018,0.6460601769534103,0.0,,0.0,,0.0,0.0,0.0941497608547798,0.0,,0.0,,0.0,0.0,5.777293869221459e-07,-27.83333333333333,0.5089820359281437,14.7975223151265,0.059880239520958,1.2110601416389928,0.1377245508982036,3.4880749227427272,0.0538922155688622,1.7606816861659018,0.0,0.0,0.0,0.0,14.10555446151148,30.05,20.5,1.8,5.65,2.15,0.9,0.0,,,,87.0,91.3,32.2,21.4,7.8,7.7,5.1,28.9,8.3,8.7,3.4,1.7,0.9,87.0,2026-08-03,4,29.5,6.1,5.8,4.3,2.0,0.8
2026-08-07,2026,Kennedy Burke,CON,PHX,H,30.0,14.0,7.0,1.0,2.0,2.0,3.0,3.0,11.0,5.0,2.0,2.0,1.0,6.0,-17.0,kennedy burke,1,last_good_canonical,,,UNK,,,,2026-07-30,4,0,30,63.0,31.0,14.0,9.0,6.0,3.0,200.0,82.6,31.6,20.6,5.9,8.5,5.1,0.7099999999999999,0.5807437313089487,0.5158613632744068,23.666666666666668,3.055050463303893,23.6,3.286335345030995,22.8,4.2110964526276655,22.849699572508,9.0,1.9999999999999984,9.2,2.8635642126552723,7.5,5.016638981097468,8.18501554255452,2.6666666666666665,2.309401076758504,2.6,1.949358868961793,2.7,2.0027758514399747,2.268594303155331,1.6666666666666667,0.5773502691896255,1.4,0.8944271909999159,1.4,0.9660917830792944,1.4918183020419713,2.0,1.0,2.2,0.8366600265340756,1.5,1.2692955176439846,1.783225030322933,0.6666666666666666,0.5773502691896258,0.8,0.4472135954999579,0.8,0.6324555320336763,0.616395612185293,1.0,0.0,0.8,0.4472135954999577,0.8,0.918936583472681,0.8584707382209755,0.8666666666666671,0.3289473684210526,5.016638981097468,0.1184210526315789,2.0027758514399747,0.0614035087719298,0.9660917830792944,0.0657894736842105,1.2692955176439846,0.0350877192982456,0.6324555320336763,0.0350877192982456,0.918936583472681,4.2110964526276655,23.55172413793104,7.758620689655173,3.1724137931034484,1.6551724137931034,1.1724137931034482,0.9655172413793104,0.7931034482758621,,,,89.1,87.8,34.2,21.6,9.7,6.8,3.9,65.3,27.4,14.7,4.7,4.7,2.5,89.1,2026-08-02,5,70.1,27.8,16.5,8.0,5.6,3.3
2026-08-07,2026,Kiah Stokes,GSV,DAL,A,32.0,8.0,11.0,1.0,0.0,1.0,5.0,0.0,6.0,4.0,0.0,0.0,3.0,8.0,30.0,kiah stokes,0,last_good_canonical,,,UNK,,,,2026-07-29,4,0,37,96.0,26.0,26.0,14.0,8.0,5.0,199.0,79.9,29.5,18.6,9.4,8.8,4.0,0.528125,0.3655230566534914,0.3861348578957274,20.666666666666668,2.309401076758504,21.0,1.999999999999995,22.2,4.541169697580391,20.51748708790002,2.6666666666666665,0.5773502691896257,3.4,1.1401754250991378,4.2,3.614784456460255,2.9468714356523864,4.0,0.0,4.6,1.3416407864998738,5.0,1.9436506316150983,4.440340828459902,0.0,0.0,0.6,0.8944271909999155,0.7,0.8232726023485645,0.316683688558379,0.6666666666666666,0.5773502691896258,0.6,0.5477225575051661,0.8,0.7888106377466155,0.5320405570906127,0.0,0.0,0.0,0.0,0.6,1.07496769977314,0.1084297980941605,1.3333333333333333,0.5773502691896257,1.2,0.8366600265340766,2.1,1.9119507199599983,1.421720726537591,-1.5333333333333314,0.1891891891891892,3.614784456460255,0.2252252252252252,1.9436506316150983,0.0315315315315315,0.8232726023485645,0.036036036036036,0.7888106377466155,0.027027027027027,1.07496769977314,0.0945945945945946,1.9119507199599983,4.541169697580391,22.27027027027027,3.783783783783784,5.0,1.108108108108108,0.5945945945945946,0.7027027027027027,1.9189189189189189,85.44,91.76470588235294,87.33115975780159,73.8,86.3,34.2,19.1,6.7,5.1,3.6,79.2,28.6,17.4,8.1,6.8,3.3,73.8,2026-08-02,5,65.3,27.4,14.7,4.7,4.7,2.5
2026-08-07,2026,Kiki Iriafen,WAS,ATL,H,27.0,22.0,9.0,1.0,0.0,0.0,0.0,0.0,17.0,7.0,8.0,8.0,4.0,5.0,4.0,kiki iriafen,1,last_good_canonical,,,UNK,,,,2026-07-28,6,0,29,81.0,42.0,17.0,2.0,1.0,4.0,200.0,82.4,39.5,20.5,6.1,4.7,4.6,1.0925925925925926,0.7920616023597769,0.7773464826248803,24.0,6.244997998398398,26.2,6.610597552415364,27.2,4.82585628556103,25.96646776864177,14.0,5.291502622129184,14.2,7.085195833567339,13.6,7.244921593011815,15.067910112293468,8.666666666666666,2.3094010767585047,8.0,4.0,9.0,3.65148371670111,8.71310714812748,0.6666666666666666,1.1547005383792517,1.2,1.7888543819998317,1.3,1.4181364924121764,1.2235203396722842,0.3333333333333333,0.5773502691896258,0.4,0.5477225575051661,0.4,0.5163977794943222,0.4756152101773484,0.0,0.0,0.0,0.0,0.3,0.4830458915396483,0.0826781588766221,0.3333333333333333,0.5773502691896258,0.6,0.8944271909999159,0.4,0.6992058987801011,0.522113194177168,-3.1999999999999997,0.5,7.244921593011815,0.3308823529411764,3.65148371670111,0.0477941176470588,1.4181364924121764,0.0147058823529411,0.5163977794943222,0.0110294117647058,0.4830458915396483,0.0147058823529411,0.6992058987801011,4.82585628556103,27.23076923076923,14.653846153846152,8.923076923076923,1.5,0.4230769230769231,0.5769230769230769,0.4615384615384615,,,,81.6,91.6,30.3,20.7,8.9,7.8,3.8,65.7,26.8,14.9,5.4,5.5,2.6,81.6,2026-07-31,7,85.9,29.5,19.4,8.4,7.4,3.7
2026-08-07,2026,Kyara Linskens,PHX,CON,A,7.916666666666667,,,,,,,,,,,,,,,kyara linskens,0,last_good_canonical,,,UNK,,,,2026-08-01,3,0,37,106.0,36.0,26.0,11.0,5.0,5.0,201.0,82.7,30.2,20.2,7.1,6.8,2.7,0.0,0.0,0.0258928571428571,7.916666666666667,,7.916666666666667,,7.5,0.7071067811865952,9.596897433004637,,,,,0.0,0.0,1.5170360084752843,,,,,0.5,0.7071067811865412,1.796070851991864,,,,,0.5,0.7071067811865469,0.802205237807233,,,,,0.0,0.0,0.0372845696958783,,,,,0.5,0.7071067811865477,0.4199879918063239,,,,,1.0,0.0,0.8378002142897318,,0.0,0.0,0.0666666666666666,0.7071067811865412,0.0666666666666666,0.7071067811865469,0.0,0.0,0.0666666666666666,0.7071067811865477,0.1333333333333333,0.0,0.7071067811865952,7.916666666666667,2.458333333333333,1.7916666666666667,0.375,0.2916666666666667,0.375,0.4583333333333333,,,,87.0,91.3,32.2,21.4,7.8,7.7,5.1,63.1,25.8,14.9,5.6,5.5,3.7,87.0,2026-08-03,4,77.3,27.2,17.2,6.7,6.8,4.5
2026-08-07,2026,Laeticia Amihere,GSV,DAL,A,5.0,0.0,1.0,1.0,0.0,0.0,0.0,0.0,0.0,0.0,0.0,0.0,0.0,1.0,-3.0,laeticia amihere,0,last_good_canonical,,,UNK,,,,2026-07-29,4,0,37,96.0,26.0,26.0,14.0,8.0,5.0,199.0,79.9,29.5,18.6,9.4,8.8,4.0,0.38,0.7105279034690799,0.5493591898297779,12.666666666666666,0.5773502691896352,11.8,4.764451699828639,12.5,3.566822426505458,12.19947365939005,5.333333333333333,5.859465277082315,4.8,4.43846820423443,2.9,3.695342413844157,5.798310114020421,3.0,1.7320508075688772,2.8,2.16794833886788,3.4,1.7126976771553502,2.64635915267894,0.6666666666666666,0.5773502691896258,1.2,1.095445115010332,1.2,1.1352924243950933,0.7443160350243071,0.3333333333333333,0.5773502691896258,0.2,0.4472135954999579,0.1,0.3162277660168379,0.3576416724599746,0.6666666666666666,0.5773502691896258,0.6,0.5477225575051661,0.5,0.7071067811865475,0.4983822539783462,0.6666666666666666,0.5773502691896258,1.0,1.224744871391589,0.5,0.97182531580755,0.5769903061631244,0.166666666666666,0.2319999999999999,3.695342413844157,0.272,1.7126976771553502,0.096,1.1352924243950933,0.008,0.3162277660168379,0.04,0.7071067811865475,0.04,0.97182531580755,3.566822426505458,9.696969696969695,2.8181818181818183,2.8484848484848486,0.9393939393939394,0.1515151515151515,0.3636363636363636,0.6666666666666666,85.44,91.76470588235294,87.33115975780159,73.8,86.3,34.2,19.1,6.7,5.1,3.6,79.2,28.6,17.4,8.1,6.8,3.3,73.8,2026-08-02,5,65.3,27.4,14.7,4.7,4.7,2.5
2026-08-07,2026,Lauren Betts,WAS,ATL,H,17.0,3.0,7.0,1.0,0.0,0.0,1.0,0.0,3.0,1.0,2.0,1.0,2.0,5.0,-2.0,lauren betts,1,last_good_canonical,,,UNK,,,,2026-07-28,6,0,28,81.0,42.0,17.0,2.0,1.0,4.0,200.0,82.4,39.5,20.5,6.1,4.7,4.6,0.5352941176470588,0.7054761904761906,0.7092989926739927,16.0,3.4641016151377557,16.2,4.02492235949962,15.8,3.4253953543107,16.26896959275797,8.333333333333334,4.509249752822894,7.4,3.435112807463533,6.9,3.034981237357344,8.102477779189709,4.333333333333333,3.2145502536643185,4.2,2.280350850198276,4.0,1.9436506316151,4.917199935341694,1.0,1.0,0.8,0.8366600265340753,1.2,1.1352924243950933,1.0665157836186894,0.0,0.0,0.0,0.0,0.0,0.0,0.0,0.3333333333333333,0.5773502691896258,0.4,0.5477225575051661,0.7,0.8232726023485646,0.4425914574697815,1.6666666666666667,2.0816659994661326,1.2,1.6431676725154984,0.9,1.1972189997378648,1.1315330441055218,0.1999999999999993,0.4367088607594936,3.034981237357344,0.2531645569620253,1.9436506316151,0.0759493670886075,1.1352924243950933,0.0,0.0,0.0443037974683544,0.8232726023485646,0.0569620253164556,1.1972189997378648,3.4253953543107,16.607142857142858,7.071428571428571,3.75,0.9642857142857144,0.0,0.5714285714285714,0.5714285714285714,,,,81.6,91.6,30.3,20.7,8.9,7.8,3.8,65.7,26.8,14.9,5.4,5.5,2.6,81.6,2026-07-31,7,85.9,29.5,19.4,8.4,7.4,3.7
2026-08-07,2026,Leila Lacan,CON,PHX,H,25.0,7.0,1.0,2.0,1.0,0.0,0.0,2.0,10.0,3.0,0.0,0.0,0.0,1.0,-18.0,leila lacan,1,last_good_canonical,,,UNK,,,,2026-07-30,4,0,21,63.0,31.0,14.0,9.0,6.0,3.0,200.0,82.6,31.6,20.6,5.9,8.5,5.1,0.428,0.769210550016838,0.7383107770368166,26.0,7.937253933193772,28.6,7.368853370776211,30.0,5.291502622129178,28.785297232228796,10.333333333333334,1.5275252316519514,12.8,7.596051605933178,13.2,5.633234713140695,11.504766174218094,3.6666666666666665,1.5275252316519468,3.2,1.6431676725154978,3.0,1.699673171197595,3.57123789701068,4.666666666666667,2.309401076758503,4.6,1.673320053068151,4.6,1.5055453054181596,4.965180978960485,0.6666666666666666,0.5773502691896258,0.8,0.4472135954999579,1.2,0.632455532033676,0.8818640939156888,1.6666666666666667,1.5275252316519468,1.4,1.341640786499874,2.0,1.3333333333333324,1.564542263029697,0.6666666666666666,1.1547005383792517,0.8,0.8366600265340756,0.5,0.7071067811865476,0.6547889420562297,-4.0,0.44,5.633234713140695,0.1,1.699673171197595,0.1533333333333333,1.5055453054181596,0.04,0.632455532033676,0.0666666666666666,1.3333333333333324,0.0166666666666666,0.7071067811865476,5.291502622129178,27.571428571428573,11.952380952380953,1.9523809523809523,4.333333333333333,1.0476190476190477,1.9047619047619049,0.2857142857142857,,,,89.1,87.8,34.2,21.6,9.7,6.8,3.9,65.3,27.4,14.7,4.7,4.7,2.5,89.1,2026-08-02,5,70.1,27.8,16.5,8.0,5.6,3.3
2026-08-07,2026,Lexi Held,PHX,CON,A,3.0,0.0,0.0,0.0,0.0,0.0,0.0,0.0,0.0,0.0,0.0,0.0,0.0,0.0,0.0,lexi held,0,last_good_canonical,,,UNK,,,,2026-08-01,3,0,37,106.0,36.0,26.0,11.0,5.0,5.0,201.0,82.7,30.2,20.2,7.1,6.8,2.7,0.0,0.3084507422402159,0.4225885730316969,9.333333333333334,4.932882862316245,12.0,5.47722557505166,16.5,8.329999333066532,10.522047895068471,0.6666666666666666,1.1547005383792517,2.6,3.714835124201343,4.5,5.892556509887895,2.168996062089219,0.6666666666666666,0.5773502691896258,0.6,0.5477225575051661,1.2,1.6193277068654826,0.7421441216331628,0.3333333333333333,0.5773502691896225,1.0,1.732050807568878,1.8,1.5491933384829668,0.6999811491445856,0.0,0.0,0.2,0.4472135954999579,0.7,1.567021236472421,0.1450278989587704,0.0,0.0,0.0,0.0,0.3,0.4830458915396476,0.0534317100057,0.3333333333333333,0.5773502691896258,0.2,0.4472135954999579,0.1,0.3162277660168379,0.1517910331263165,-7.166666666666666,0.2727272727272727,5.892556509887895,0.0727272727272727,1.6193277068654826,0.1090909090909091,1.5491933384829668,0.0424242424242424,1.567021236472421,0.0181818181818181,0.4830458915396476,0.006060606060606,0.3162277660168379,8.329999333066532,16.864864864864863,5.405405405405405,1.351351351351351,1.4864864864864864,0.8108108108108109,0.4864864864864865,0.1351351351351351,,,,87.0,91.3,32.2,21.4,7.8,7.7,5.1,63.1,25.8,14.9,5.6,5.5,3.7,87.0,2026-08-03,4,77.3,27.2,17.2,6.7,6.8,4.5
2026-08-07,2026,Li Yueru,DAL,GSV,H,9.0,6.0,1.0,0.0,1.0,2.0,0.0,1.0,4.0,2.0,2.0,1.0,1.0,0.0,-6.0,li yueru,1,last_good_canonical,,,UNK,,,,2026-07-31,4,0,37,83.0,38.0,22.0,7.0,10.0,4.0,200.0,91.2,34.3,22.2,8.7,5.1,4.1,0.8111111111111111,0.5206153846153846,0.4068294314381271,14.666666666666666,9.504384952922168,14.6,6.8044103344816,13.75,7.401737247816495,15.661669248032052,1.6666666666666667,2.0816659994661326,3.2,2.7748873851023217,3.875,3.5228843701879247,2.532103465204751,2.333333333333333,0.5773502691896257,2.2,1.4832396974191309,2.875,3.181980515339465,2.7827223302985984,1.0,1.0,0.8,0.8366600265340756,0.5,0.7559289460184544,1.0403283357324968,0.0,0.0,0.2,0.4472135954999581,0.375,0.5175491695067655,0.1795777570512149,0.0,0.0,0.0,0.0,0.125,0.3535533905932738,0.0650168000715753,0.6666666666666666,1.1547005383792517,0.8,1.095445115010332,0.625,0.9161253813129044,0.6449697010813179,0.916666666666666,0.2818181818181818,3.5228843701879247,0.209090909090909,3.181980515339465,0.0363636363636363,0.7559289460184544,0.0272727272727272,0.5175491695067655,0.009090909090909,0.3535533905932738,0.0454545454545454,0.9161253813129044,7.401737247816495,8.181818181818182,2.8484848484848486,2.333333333333333,0.5151515151515151,0.2424242424242424,0.0606060606060606,0.1515151515151515,,,,86.3,73.8,30.7,17.0,6.5,6.2,3.2,77.3,27.2,17.2,6.7,6.8,4.5,86.3,2026-08-02,5,59.2,25.7,13.9,5.1,5.5,2.7
2026-08-07,2026,Lucy Olsen,WAS,ATL,H,3.0,,,,,,,,,,,,,,,lucy olsen,1,last_good_canonical,,,UNK,,,,2026-07-28,6,0,28,81.0,42.0,17.0,2.0,1.0,4.0,200.0,82.4,39.5,20.5,6.1,4.7,4.6,0.0,0.0466666666666666,0.3158095238095238,7.4,,3.0,,8.4,5.63914887194867,6.140453514298624,,,0.0,,3.4,2.073644135332768,2.694131553467516,,,1.0,,0.6,0.8944271909999157,0.5106540632255906,,,0.0,,0.8,1.3038404810405295,0.5027639159939635,,,0.0,,0.6,0.5477225575051659,0.5156977376975683,,,0.0,,0.0,0.0,0.0497671869665991,,,0.0,,0.0,0.0,2.575274458358951e-05,,0.4047619047619047,2.073644135332768,0.0714285714285714,0.8944271909999157,0.0952380952380952,1.3038404810405295,0.0714285714285714,0.5477225575051659,0.0,0.0,0.0,0.0,5.63914887194867,7.4,2.75,0.65,1.0,0.3,0.2,0.0,,,,81.6,91.6,30.3,20.7,8.9,7.8,3.8,65.7,26.8,14.9,5.4,5.5,2.6,81.6,2026-07-31,7,85.9,29.5,19.4,8.4,7.4,3.7
2026-08-07,2026,Maddy Siegrist,DAL,GSV,H,17.0,4.0,2.0,2.0,0.0,0.0,0.0,2.0,4.0,2.0,0.0,0.0,0.0,2.0,-3.0,maddy siegrist,1,last_good_canonical,,,UNK,,,,2026-07-31,4,0,39,83.0,38.0,22.0,7.0,10.0,4.0,200.0,91.2,34.3,22.2,8.7,5.1,4.1,0.4588235294117647,0.7262470862470861,0.5382944832944833,17.5,12.020815280171307,14.5,7.767453465154029,11.375,6.653409437488162,12.672855251370075,9.0,7.071067811865476,8.5,5.802298395176403,6.0,5.070925528371106,6.890814359612507,3.5,2.1213203435596424,3.0,1.4142135623730951,1.875,1.80772153354911,2.489307025222657,2.0,0.0,1.0,1.1547005383792517,0.625,0.916125381312904,1.3612124503442544,1.0,1.4142135623730951,1.5,1.2909944487358058,1.0,1.0690449676496978,0.9087272619092676,0.5,0.7071067811865476,0.5,0.5773502691896257,0.5,0.7559289460184544,0.2966541559400264,0.5,0.7071067811865476,0.25,0.5,0.25,0.4629100498862757,0.4737211488920371,6.125,0.5274725274725275,5.070925528371106,0.1648351648351648,1.80772153354911,0.0549450549450549,0.916125381312904,0.0879120879120879,1.0690449676496978,0.0439560439560439,0.7559289460184544,0.0219780219780219,0.4629100498862757,6.653409437488162,14.108108108108109,6.27027027027027,2.675675675675676,0.7027027027027027,0.7837837837837838,0.4594594594594595,0.2972972972972973,,,,86.3,73.8,30.7,17.0,6.5,6.2,3.2,77.3,27.2,17.2,6.7,6.8,4.5,86.3,2026-08-02,5,59.2,25.7,13.9,5.1,5.5,2.7
2026-08-07,2026,Madina Okot,ATL,WAS,A,7.0,0.0,3.0,0.0,0.0,0.0,0.0,1.0,1.0,0.0,0.0,0.0,1.0,2.0,-11.0,madina okot,0,last_good_canonical,,,UNK,,,,2026-07-31,3,0,32,87.0,34.0,19.0,4.0,5.0,2.0,200.0,91.5,33.7,22.2,7.1,9.9,2.9,0.2999999999999999,0.7751212121212121,0.8882146464646464,7.0,5.656854249492381,7.0,4.08248290463863,9.77777777777778,5.426273532033235,7.620942130502377,7.0,9.899494936611664,6.25,6.448514040717701,7.777777777777778,6.078194176270155,6.330781205461641,2.5,2.121320343559644,3.0,2.449489742783179,4.0,2.449489742783178,2.9663646278361924,0.0,0.0,0.25,0.5,0.1111111111111111,0.3333333333333335,0.0999320611302555,0.0,0.0,0.0,0.0,0.0,0.0,0.0032872652950318,0.0,0.0,0.25,0.5,0.2222222222222222,0.4409585518440983,0.1408854539784758,0.5,0.7071067811865476,0.25,0.5,0.2222222222222222,0.4409585518440982,0.3088654887998281,-2.7777777777777786,0.7954545454545454,6.078194176270155,0.409090909090909,2.449489742783178,0.0113636363636363,0.3333333333333335,0.0,0.0,0.0227272727272727,0.4409585518440983,0.0227272727272727,0.4409585518440982,5.426273532033235,10.419354838709678,6.645161290322581,3.806451612903226,0.2580645161290322,0.0967741935483871,0.3225806451612903,0.4193548387096774,84.62,101.763907734057,129.95049504950495,89.9,83.6,31.3,19.7,9.3,9.6,4.7,67.8,26.2,14.2,7.4,4.6,1.4,89.9,2026-08-03,4,74.3,29.4,17.8,8.8,8.9,4.1
2026-08-07,2026,Marta Suarez,PHX,CON,A,7.0,,,,,,,,,,,,,,,marta suarez,0,last_good_canonical,,,UNK,,,,2026-08-01,3,0,19,106.0,36.0,26.0,11.0,5.0,5.0,201.0,82.7,30.2,20.2,7.1,6.8,2.7,0.0,0.1828571428571428,0.4345573593073594,8.214285714285714,,7.0,,8.166666666666666,2.7868739954771304,7.842035445225334,,,5.0,,4.666666666666667,3.444802848737017,4.376422269297347,,,2.0,,1.5,1.0488088481701516,1.346497044333138,,,0.0,,0.3333333333333333,0.8164965809277259,0.3058143809469557,,,0.0,,0.3333333333333333,0.816496580927726,0.1984593351564069,,,2.0,,0.3333333333333333,0.816496580927726,0.7031109175782033,,,0.0,,0.0,0.0,0.0,,0.5714285714285715,3.444802848737017,0.1836734693877551,1.0488088481701516,0.0408163265306122,0.8164965809277259,0.0408163265306122,0.816496580927726,0.0408163265306122,0.816496580927726,0.0,0.0,2.7868739954771304,8.214285714285714,3.142857142857143,1.0714285714285714,0.2857142857142857,0.2857142857142857,0.2142857142857142,0.0,,,,87.0,91.3,32.2,21.4,7.8,7.7,5.1,63.1,25.8,14.9,5.6,5.5,3.7,87.0,2026-08-03,4,77.3,27.2,17.2,6.7,6.8,4.5
2026-08-07,2026,Michaela Onyenwere,WAS,ATL,H,30.0,6.0,4.0,2.0,1.0,0.0,0.0,2.0,5.0,2.0,2.0,1.0,1.0,3.0,13.0,michaela onyenwere,1,last_good_canonical,,,UNK,,,,2026-07-28,6,0,25,81.0,42.0,17.0,2.0,1.0,4.0,200.0,82.4,39.5,20.5,6.1,4.7,4.6,0.3933333333333333,0.5010606724079211,0.5149724391320882,30.666666666666668,0.5773502691895055,30.4,2.8809720581775835,30.0,7.601169500660924,30.16980672156544,9.333333333333334,3.0550504633038726,8.4,2.8809720581775933,9.3,8.602971063017188,8.322539485294307,2.6666666666666665,3.785938897200183,3.4,3.049590136395381,3.5,2.2236106773543907,3.7478184182096808,2.6666666666666665,1.5275252316519463,2.8,1.7888543819998322,2.8,1.5491933384829684,3.046319354317728,2.0,1.0,2.0,0.9999999999999992,1.8,1.8737959096740264,1.7299845233771023,1.0,0.0,0.8,0.4472135954999579,0.5,0.5270462766947294,0.7997267069979173,0.0,0.0,0.0,0.0,0.2,0.4216370213557839,0.0341930660689505,0.6666666666666679,0.31,8.602971063017188,0.1166666666666666,2.2236106773543907,0.0933333333333333,1.5491933384829684,0.06,1.8737959096740264,0.0166666666666666,0.5270462766947294,0.0066666666666666,0.4216370213557839,7.601169500660924,24.56,9.16,2.88,1.64,1.32,0.44,0.12,,,,81.6,91.6,30.3,20.7,8.9,7.8,3.8,65.7,26.8,14.9,5.4,5.5,2.6,81.6,2026-07-31,7,85.9,29.5,19.4,8.4,7.4,3.7
2026-08-07,2026,Miela Sowah,GSV,DAL,A,1.5,,,,,,,,,,,,,,,miela sowah,0,last_good_canonical,,,UNK,,,,2026-05-22,7,0,4,79.0,30.0,19.0,8.0,11.0,6.0,199.0,79.9,31.8,16.6,9.4,7.4,5.0,0.0,0.0,0.0,1.0,1.7320508075688772,1.5,1.7320508075688772,1.5,1.7320508075688772,1.8738750000000004,0.0,0.0,0.0,0.0,0.0,0.0,0.0,0.0,0.0,0.0,0.0,0.0,0.0,0.0,0.0,0.0,0.0,0.0,0.0,0.0,0.0,0.0,0.0,0.0,0.0,0.0,0.0,0.0,0.0,0.0,0.0,0.0,0.0,0.0,0.0,0.0,0.0,0.0,0.0,0.0,0.0,0.0,-0.5,0.0,0.0,0.0,0.0,0.0,0.0,0.0,0.0,0.0,0.0,0.0,0.0,1.7320508075688772,1.5,0.0,0.0,0.0,0.0,0.0,0.0,85.44,91.76470588235294,87.33115975780159,73.8,86.3,34.2,19.1,6.7,5.1,3.6,70.3,31.2,17.1,6.7,4.5,4.0,72.9,2026-07-10,28,65.3,27.4,14.7,4.7,4.7,2.5
2026-08-07,2026,Monique Akoa Makani,PHX,CON,A,16.0,4.0,3.0,3.0,0.0,1.0,0.0,2.0,4.0,2.0,0.0,0.0,0.0,3.0,-5.0,monique akoa makani,0,last_good_canonical,,,UNK,,,,2026-07-29,5,0,30,92.0,23.0,21.0,6.0,7.0,2.0,201.0,82.7,31.1,19.7,7.5,7.1,2.7,0.60625,0.5200131578947368,0.5170454714274373,23.666666666666668,8.504900548115383,23.4,6.655824516917494,22.0,6.082762530298214,21.322851873067872,8.333333333333334,7.371114795831993,8.4,7.956129712366434,9.0,6.442049363362561,7.018013940701118,2.333333333333333,3.214550253664318,2.0,2.345207879911715,1.4444444444444444,1.8104634152000367,1.460361798646251,1.3333333333333333,0.5773502691896262,2.4,1.51657508881031,2.111111111111111,1.2692955176439833,1.7728871139384967,1.0,1.0,1.2,1.3038404810405295,1.4444444444444444,1.333333333333333,1.0116923493691448,1.3333333333333333,1.1547005383792517,1.0,1.0,0.7777777777777778,0.8333333333333333,0.8546883642332387,0.6666666666666666,1.1547005383792517,0.4,0.8944271909999159,0.2222222222222222,0.6666666666666666,0.7007483203569349,1.666666666666668,0.4090909090909091,6.442049363362561,0.0656565656565656,1.8104634152000367,0.0959595959595959,1.2692955176439833,0.0656565656565656,1.333333333333333,0.0353535353535353,0.8333333333333333,0.0101010101010101,0.6666666666666666,6.082762530298214,22.615384615384617,9.038461538461538,2.076923076923077,2.269230769230769,1.1538461538461535,1.1538461538461535,0.2307692307692307,,,,87.0,91.3,32.2,21.4,7.8,7.7,5.1,69.7,26.9,18.4,7.9,6.0,3.0,85.6,2026-08-01,6,77.3,27.2,17.2,6.7,6.8,4.5
2026-08-07,2026,Nadia Fingall,GSV,DAL,A,2.0,,,,,,,,,,,,,,,nadia fingall,0,last_good_canonical,,,UNK,,,,2026-07-29,4,0,24,96.0,26.0,26.0,14.0,8.0,5.0,199.0,79.9,29.5,18.6,9.4,8.8,4.0,0.0,0.36,0.18,0.9090909090909092,,2.0,,1.5,1.0,1.7062755476528235,,,3.0,,0.75,1.5000000000000002,1.0888957285992755,,,0.0,,0.0,0.0,0.0194478642996378,,,0.0,,0.0,0.0,0.0,,,1.0,,0.25,0.5,0.3499999999999999,,,0.0,,0.0,0.0,0.0,,,0.0,,0.0,0.0,0.0,,0.5,1.5000000000000002,0.0,0.0,0.0,0.0,0.1666666666666666,0.5,0.0,0.0,0.0,0.0,1.0,0.9090909090909092,0.4545454545454545,0.0909090909090909,0.0,0.0909090909090909,0.0,0.0,85.44,91.76470588235294,87.33115975780159,73.8,86.3,34.2,19.1,6.7,5.1,3.6,79.2,28.6,17.4,8.1,6.8,3.3,73.8,2026-08-02,5,65.3,27.4,14.7,4.7,4.7,2.5
2026-08-07,2026,Natasha Mack,PHX,CON,A,18.0,9.0,3.0,1.0,0.0,0.0,1.0,0.0,5.0,3.0,4.0,3.0,0.0,3.0,-10.0,natasha mack,0,last_good_canonical,,,UNK,,,,2026-08-01,3,0,36,106.0,36.0,26.0,11.0,5.0,5.0,201.0,82.7,30.2,20.2,7.1,6.8,2.7,0.6833333333333332,0.5362222222222222,0.2681111111111111,15.0,3.0000000000000004,16.25,3.5000000000000004,16.25,3.500000000000042,16.067087594276696,7.666666666666667,2.516611478423584,6.75,2.753785273643051,6.75,2.753785273643051,6.169848892397789,3.0,0.0,3.5,1.0,3.5,0.9999999999999998,3.6146556414338034,1.3333333333333333,0.5773502691896258,1.0,0.816496580927726,1.0,0.816496580927726,1.1034633444712407,0.0,0.0,0.0,0.0,0.0,0.0,0.0002744997387688,0.3333333333333333,0.5773502691896257,0.5,0.5773502691896257,0.5,0.5773502691896257,0.4855140619556661,1.0,1.0,1.0,0.816496580927726,1.0,0.816496580927726,0.7871575399937437,-1.25,0.4153846153846154,2.753785273643051,0.2153846153846154,0.9999999999999998,0.0615384615384615,0.816496580927726,0.0,0.0,0.0307692307692307,0.5773502691896257,0.0615384615384615,0.816496580927726,3.500000000000042,24.13793103448276,8.862068965517242,7.482758620689655,1.4827586206896552,0.1034482758620689,0.7586206896551724,1.2758620689655171,,,,87.0,91.3,32.2,21.4,7.8,7.7,5.1,63.1,25.8,14.9,5.6,5.5,3.7,87.0,2026-08-03,4,77.3,27.2,17.2,6.7,6.8,4.5
2026-08-07,2026,Naz Hillmon,ATL,WAS,A,27.0,7.0,1.0,2.0,1.0,2.0,0.0,2.0,6.0,3.0,0.0,0.0,0.0,1.0,-18.0,naz hillmon,0,last_good_canonical,,,UNK,,,,2026-07-31,3,0,32,87.0,34.0,19.0,4.0,5.0,2.0,200.0,91.5,33.7,22.2,7.1,9.9,2.9,0.3962962962962962,0.6099421122994653,0.4798977434471095,27.0,6.244997998398395,27.6,5.128352561983237,25.3,10.011659869039384,26.404908182012207,8.333333333333334,8.504900548115382,11.8,9.121403400793104,8.9,7.781031065639334,11.369085084900432,2.333333333333333,0.5773502691896281,2.6,1.516575088810317,3.3,2.4060109910158083,2.63990381058122,1.6666666666666667,1.1547005383792517,1.4,1.1401754250991385,1.2,0.91893658347268,1.696379370935727,1.0,0.9999999999999996,1.6,1.51657508881031,1.2,1.1352924243950937,1.3925611851847834,0.3333333333333333,0.5773502691896258,0.2,0.4472135954999579,0.6,0.9660917830792956,0.4817006094626849,0.3333333333333333,0.5773502691896258,0.2,0.4472135954999579,0.3,0.4830458915396479,0.4025758570241637,1.6999999999999993,0.3517786561264822,7.781031065639334,0.1304347826086956,2.4060109910158083,0.0474308300395256,0.91893658347268,0.0474308300395256,1.1352924243950937,0.0237154150197628,0.9660917830792956,0.0118577075098814,0.4830458915396479,10.011659869039384,27.451612903225808,8.225806451612904,4.032258064516129,1.3225806451612905,0.967741935483871,0.5806451612903226,0.1935483870967742,84.62,101.763907734057,129.95049504950495,89.9,83.6,31.3,19.7,9.3,9.6,4.7,67.8,26.2,14.2,7.4,4.6,1.4,89.9,2026-08-03,4,74.3,29.4,17.8,8.8,8.9,4.1
2026-08-07,2026,Nell Angloma,CON,PHX,H,10.0,5.0,1.0,0.0,1.0,1.0,0.0,0.0,5.0,2.0,0.0,0.0,0.0,1.0,0.0,nell angloma,1,last_good_canonical,,,UNK,,,,2026-07-30,4,0,27,63.0,31.0,14.0,9.0,6.0,3.0,200.0,82.6,31.6,20.6,5.9,8.5,5.1,0.63,0.532,0.5017537878787879,5.666666666666667,3.785938897200181,6.4,4.277849927241489,8.222222222222221,5.826186097649512,6.027244771681304,1.3333333333333333,1.1547005383792517,2.4,3.286335345030997,3.555555555555556,3.711842908553349,2.0339256925405538,1.3333333333333333,0.5773502691896254,1.4,1.1401754250991376,1.7777777777777777,2.1666666666666665,1.3589919805332296,0.6666666666666666,0.5773502691896258,0.4,0.5477225575051655,0.8888888888888888,1.3642254619787415,0.6919936666026569,0.0,0.0,0.2,0.4472135954999579,0.1111111111111111,0.3333333333333333,0.0961721264942106,0.0,0.0,0.0,0.0,0.2222222222222222,0.4409585518440984,0.0682555574605932,0.0,0.0,0.0,0.0,0.3333333333333333,0.7071067811865476,0.0953488366802563,-2.5555555555555545,0.4324324324324324,3.711842908553349,0.2162162162162162,2.1666666666666665,0.1081081081081081,1.3642254619787415,0.0135135135135135,0.3333333333333333,0.027027027027027,0.4409585518440984,0.0405405405405405,0.7071067811865476,5.826186097649512,9.653846153846152,3.615384615384616,1.3846153846153846,0.5769230769230769,0.0769230769230769,0.3846153846153846,0.2692307692307692,,,,89.1,87.8,34.2,21.6,9.7,6.8,3.9,65.3,27.4,14.7,4.7,4.7,2.5,89.1,2026-08-02,5,70.1,27.8,16.5,8.0,5.6,3.3
2026-08-07,2026,Noemie Brochant,PHX,CON,A,19.0,2.0,2.0,2.0,0.0,0.0,1.0,1.0,5.0,1.0,0.0,0.0,0.0,2.0,-4.0,noemie brochant,0,last_good_canonical,,,UNK,,,,2026-08-01,3,0,37,106.0,36.0,26.0,11.0,5.0,5.0,201.0,82.7,30.2,20.2,7.1,6.8,2.7,0.3052631578947369,0.2835662735433902,0.2437537250069892,22.666666666666668,3.5118845842842465,22.8,2.489979919597753,20.77777777777778,3.1135902820449126,22.750436550162394,3.6666666666666665,1.527525231651947,4.2,1.4832396974191324,3.2222222222222223,2.333333333333326,4.078622677862907,0.6666666666666666,1.1547005383792517,1.0,1.4142135623730951,1.3333333333333333,1.22474487139159,0.800635865948016,0.6666666666666666,0.5773502691896258,1.0,0.7071067811865488,1.0,0.7071067811865469,1.031009298467782,0.3333333333333333,0.5773502691896258,0.6,0.8944271909999156,0.5555555555555556,0.8819171036881963,0.5516364091934108,0.3333333333333333,0.5773502691896258,1.0,1.224744871391589,0.8888888888888888,1.05409255338946,0.8076879246921496,0.3333333333333333,0.5773502691896258,0.2,0.4472135954999579,0.1111111111111111,0.3333333333333333,0.1479104345485713,1.8888888888888893,0.1550802139037433,2.333333333333326,0.0641711229946524,1.22474487139159,0.0481283422459893,0.7071067811865469,0.0267379679144385,0.8819171036881963,0.0427807486631016,1.05409255338946,0.0053475935828877,0.3333333333333333,3.1135902820449126,22.61111111111111,5.611111111111111,2.2222222222222223,1.805555555555556,0.9722222222222222,1.0555555555555556,0.25,,,,87.0,91.3,32.2,21.4,7.8,7.7,5.1,63.1,25.8,14.9,5.6,5.5,3.7,87.0,2026-08-03,4,77.3,27.2,17.2,6.7,6.8,4.5
2026-08-07,2026,Odyssey Sims,DAL,GSV,H,20.0,9.0,2.0,2.0,0.0,2.0,0.0,1.0,5.0,2.0,5.0,5.0,0.0,2.0,14.0,odyssey sims,1,last_good_canonical,,,UNK,,,,2026-07-31,4,0,28,83.0,38.0,22.0,7.0,10.0,4.0,200.0,91.2,34.3,22.2,8.7,5.1,4.1,0.64,0.4251540616246498,0.5350770308123249,4.666666666666667,2.081665999466136,10.4,8.1117199162693,10.2,5.73100728009,7.768038249755024,0.6666666666666666,1.1547005383792532,2.8,3.114482300479488,3.7,3.0930028559098885,1.7241608944289195,0.3333333333333333,0.5773502691896258,0.6,0.8944271909999159,0.6,0.6992058987801044,0.5953509965978702,0.3333333333333333,0.5773502691896258,1.6,2.5099800796022267,1.3,2.057506581601462,0.6910403405824401,0.0,0.0,0.2,0.4472135954999579,0.4,0.6992058987801011,0.1896890793605889,0.3333333333333333,0.5773502691896257,0.4,0.5477225575051661,0.2,0.4216370213557839,0.2109978321942074,0.0,0.0,0.0,0.0,0.2,0.6324555320336759,0.0144983389873326,-5.533333333333332,0.3627450980392157,3.0930028559098885,0.0588235294117647,0.6992058987801044,0.1274509803921568,2.057506581601462,0.0392156862745098,0.6992058987801011,0.0196078431372549,0.4216370213557839,0.0196078431372549,0.6324555320336759,5.73100728009,11.72,4.08,0.64,1.68,0.4,0.4,0.08,,,,86.3,73.8,30.7,17.0,6.5,6.2,3.2,77.3,27.2,17.2,6.7,6.8,4.5,86.3,2026-08-02,5,59.2,25.7,13.9,5.1,5.5,2.7
2026-08-07,2026,Olivia Nelson-Ododa,CON,PHX,H,27.0,8.0,11.0,2.0,0.0,0.0,0.0,3.0,6.0,3.0,4.0,2.0,2.0,9.0,-19.0,olivia nelson-ododa,1,last_good_canonical,,,UNK,,,,2026-07-30,4,0,29,63.0,31.0,14.0,9.0,6.0,3.0,200.0,82.6,31.6,20.6,5.9,8.5,5.1,0.6703703703703704,0.7860924408924409,0.7790311796760072,25.666666666666668,4.041451884327373,24.8,3.563705936241089,25.5,2.798809270624458,25.635156145900677,14.333333333333334,2.8867513459481318,12.2,4.147288270665545,12.4,3.20416395751944,13.93888693093452,6.0,5.0,7.2,4.43846820423443,7.1,3.1073389830457123,7.690752794690704,1.3333333333333333,0.5773502691896256,2.0,0.9999999999999998,2.1,1.1005049346146123,1.5972124230321736,0.0,0.0,0.0,0.0,0.0,0.0,7.473355930345094e-09,1.6666666666666667,2.0816659994661326,1.2,1.6431676725154982,1.0,1.154700538379252,1.8047993025704248,2.6666666666666665,0.5773502691896266,1.6,1.5165750888103102,1.2,1.229272594305718,2.117450856435891,0.1666666666666678,0.4862745098039215,3.20416395751944,0.2784313725490196,3.1073389830457123,0.0823529411764705,1.1005049346146123,0.0,0.0,0.0392156862745098,1.154700538379252,0.0470588235294117,1.229272594305718,2.798809270624458,18.89655172413793,8.862068965517242,5.241379310344827,1.6551724137931034,0.0,0.7931034482758621,0.8620689655172413,,,,89.1,87.8,34.2,21.6,9.7,6.8,3.9,65.3,27.4,14.7,4.7,4.7,2.5,89.1,2026-08-02,5,70.1,27.8,16.5,8.0,5.6,3.3
2026-08-07,2026,Paige Bueckers,DAL,GSV,H,25.0,6.0,3.0,4.0,0.0,0.0,0.0,1.0,9.0,3.0,0.0,0.0,1.0,2.0,21.0,paige bueckers,1,last_good_canonical,,,UNK,,,,2026-07-31,4,0,39,83.0,38.0,22.0,7.0,10.0,4.0,200.0,91.2,34.3,22.2,8.7,5.1,4.1,0.516,0.8864466613672496,0.9744363649866422,32.0,6.244997998398397,33.0,4.949747468305834,34.0,3.972125095937696,33.705093870875714,17.0,5.567764362830021,19.4,5.319774431308155,21.5,6.2048368229954205,19.847751682287072,3.0,2.6457513110645907,3.4,1.949358868961792,4.6,2.1186998109427604,3.944197874062185,5.0,2.6457513110645907,5.0,1.8708286933869709,6.2,2.250925735484552,4.801531785304213,1.6666666666666667,0.5773502691896257,2.2,1.0954451150103326,1.8,0.9189365834726816,1.886499136418792,0.6666666666666666,0.5773502691896258,0.4,0.5477225575051656,0.4,0.6992058987801013,0.4525690572134961,0.6666666666666666,0.5773502691896258,0.4,0.5477225575051662,0.5,0.7071067811865477,0.6584390344751974,-2.0,0.6323529411764706,6.2048368229954205,0.1352941176470588,2.1186998109427604,0.1823529411764706,2.250925735484552,0.0529411764705882,0.9189365834726816,0.0117647058823529,0.6992058987801013,0.0147058823529411,0.7071067811865477,3.972125095937696,32.26315789473684,19.789473684210527,3.947368421052632,6.131578947368421,1.736842105263158,0.7894736842105263,0.3947368421052631,,,,86.3,73.8,30.7,17.0,6.5,6.2,3.2,77.3,27.2,17.2,6.7,6.8,4.5,86.3,2026-08-02,5,59.2,25.7,13.9,5.1,5.5,2.7
2026-08-07,2026,Quionche Carter,PHX,CON,A,5.6,,,,,,,,,,,,,,,quionche carter,0,last_good_canonical,,,UNK,,,,2026-07-02,7,0,28,89.0,27.0,23.0,11.0,4.0,1.0,199.0,82.7,32.4,19.5,8.6,6.8,3.3,0.0,0.1454545454545454,0.0902272727272727,8.0,5.196152422706632,5.6,4.929503017546495,5.333333333333333,4.21307488658818,7.380312237119158,1.0,1.0,0.6,0.8944271909999159,0.3333333333333333,0.7071067811865476,0.818636892532227,0.6666666666666666,0.5773502691896258,0.4,0.5477225575051661,0.3333333333333333,0.5,0.6335871235810531,1.0,1.0,0.6,0.8944271909999159,0.3333333333333333,0.7071067811865476,0.8155824708685835,0.0,0.0,0.0,0.0,0.0,0.0,0.0,0.3333333333333333,0.5773502691896258,0.2,0.4472135954999579,0.2222222222222222,0.4409585518440984,0.2744105282194857,0.0,0.0,0.0,0.0,0.0,0.0,0.0,2.666666666666667,0.0625,0.7071067811865476,0.0625,0.5,0.0625,0.7071067811865476,0.0,0.0,0.0416666666666666,0.4409585518440984,0.0,0.0,4.21307488658818,4.076923076923077,0.7307692307692307,0.5,0.3076923076923077,0.0,0.2692307692307692,0.0,83.31333333333333,100.72284069700008,113.74078361467404,87.0,91.3,32.2,21.4,7.8,7.7,5.1,81.3,25.7,17.0,6.4,6.6,2.4,86.1,2026-07-09,29,77.3,27.2,17.2,6.7,6.8,4.5
2026-08-07,2026,Rayah Marshall,CON,PHX,H,4.0,0.0,1.0,0.0,0.0,0.0,0.0,2.0,2.0,0.0,0.0,0.0,1.0,0.0,-7.0,rayah marshall,1,last_good_canonical,,,UNK,,,,2026-05-03,4,0,1,63.0,31.0,14.0,9.0,6.0,3.0,200.0,82.6,31.6,20.6,5.9,8.5,5.1,0.175,0.2963333333333333,0.2214999999999999,4.0,1.0000000000000004,4.8,4.43846820423443,2.9,3.695342413844157,3.624481514918629,0.6666666666666666,1.1547005383792517,1.2,1.7888543819998317,0.7,1.3374935098492586,0.7317160602197675,0.6666666666666666,0.5773502691896258,1.2,1.6431676725154984,0.7,1.2516655570345725,0.6659802402098732,0.0,0.0,0.2,0.4472135954999579,0.1,0.3162277660168379,0.0624772475608937,0.0,0.0,0.0,0.0,0.0,0.0,0.0,0.3333333333333333,0.5773502691896258,0.4,0.5477225575051661,0.2,0.4216370213557839,0.4125406296994763,0.6666666666666666,0.5773502691896258,0.4,0.5477225575051661,0.2,0.4216370213557839,0.3753750056349971,1.1,0.2413793103448275,1.3374935098492586,0.2413793103448275,1.2516655570345725,0.0344827586206896,0.3162277660168379,0.0,0.0,0.0689655172413793,0.4216370213557839,0.0689655172413793,0.4216370213557839,3.695342413844157,3.0,0.0,0.0,0.0,0.0,1.0,0.0,,,,89.1,87.8,34.2,21.6,9.7,6.8,3.9,65.3,27.4,14.7,4.7,4.7,2.5,89.1,2026-08-02,5,70.1,27.8,16.5,8.0,5.6,3.3
2026-08-07,2026,Rhyne Howard,ATL,WAS,A,33.0,19.0,1.0,2.0,3.0,1.0,1.0,0.0,13.0,7.0,2.0,2.0,1.0,0.0,-22.0,rhyne howard,0,last_good_canonical,,,UNK,,,,2026-07-31,3,0,32,87.0,34.0,19.0,4.0,5.0,2.0,200.0,91.5,33.7,22.2,7.1,9.9,2.9,0.7242424242424242,0.6184055823209049,0.6633568530421684,29.666666666666668,6.806859285554045,31.0,5.338539126015659,33.0,4.521553322083519,32.06358097332158,8.666666666666666,0.577350269189629,9.4,1.1401754250991436,13.0,5.537749241945397,9.762259844388929,3.333333333333333,1.5275252316519472,4.0,1.5811388300841898,3.9,1.3703203194062934,3.557380144813117,4.333333333333333,1.1547005383792517,4.8,1.095445115010332,3.9,1.2866839377079151,4.573941930593016,2.0,0.9999999999999998,1.8,1.3038404810405295,2.7,1.494434118097326,2.225389277034373,3.0,1.0000000000000009,2.0,1.5811388300841898,2.4,1.6465452046971285,2.7456488669587995,1.0,1.7320508075688772,1.2,1.6431676725154984,0.9,1.286683937707919,1.3892762279081,-3.333333333333332,0.3939393939393939,5.537749241945397,0.1181818181818181,1.3703203194062934,0.1181818181818181,1.2866839377079151,0.0818181818181818,1.494434118097326,0.0727272727272727,1.6465452046971285,0.0272727272727272,1.286683937707919,4.521553322083519,33.65625,16.09375,3.6875,3.375,2.84375,2.34375,0.78125,84.62,101.763907734057,129.95049504950495,89.9,83.6,31.3,19.7,9.3,9.6,4.7,67.8,26.2,14.2,7.4,4.6,1.4,89.9,2026-08-03,4,74.3,29.4,17.8,8.8,8.9,4.1
2026-08-07,2026,Rori Harmon,WAS,ATL,H,3.0,,,,,,,,,,,,,,,rori harmon,1,last_good_canonical,,,UNK,,,,2026-07-28,6,0,28,81.0,42.0,17.0,2.0,1.0,4.0,200.0,82.4,39.5,20.5,6.1,4.7,4.6,0.0,0.1333333333333333,0.0666666666666666,6.615384615384615,,3.0,,2.0,1.4142135623730951,1.7296746594431989,,,2.0,,1.0,1.4142135623730951,0.7043221948511124,,,0.0,,0.0,0.0,0.0021516171384823,,,0.0,,0.0,0.0,0.0188776635091597,,,0.0,,0.0,0.0,0.0001816223418377,,,0.0,,0.0,0.0,0.0012536931211581,,,0.0,,0.0,0.0,0.0,,0.5,1.4142135623730951,0.0,0.0,0.0,0.0,0.0,0.0,0.0,0.0,0.0,0.0,1.4142135623730951,6.615384615384615,1.2307692307692308,0.6153846153846154,1.1538461538461535,0.0769230769230769,0.5384615384615384,0.0,,,,81.6,91.6,30.3,20.7,8.9,7.8,3.8,65.7,26.8,14.9,5.4,5.5,2.6,81.6,2026-07-31,7,85.9,29.5,19.4,8.4,7.4,3.7
2026-08-07,2026,Sami Whitcomb,PHX,CON,A,15.0,0.0,1.0,1.0,0.0,0.0,0.0,0.0,1.0,0.0,0.0,0.0,0.0,1.0,-9.0,sami whitcomb,0,last_good_canonical,,,UNK,,,,2026-08-01,3,0,31,106.0,36.0,26.0,11.0,5.0,5.0,201.0,82.7,30.2,20.2,7.1,6.8,2.7,0.1266666666666666,0.3312991452991453,0.345171103750051,15.333333333333334,2.516611478423584,14.75,2.362907813126304,14.285714285714286,3.1997023671109224,14.603887258864024,4.0,4.0,4.0,3.2659863237109046,3.857142857142857,3.579039509354962,3.823403836433825,1.3333333333333333,1.5275252316519468,1.25,1.2583057392117911,1.8571428571428568,1.4638501094227998,1.2283857532717748,1.3333333333333333,1.5275252316519463,1.0,1.4142135623730951,1.4285714285714286,1.2724180205607036,1.496772495045143,1.0,1.0,0.75,0.957427107756338,0.8571428571428571,1.2149857925879115,0.8905722704304009,0.3333333333333333,0.5773502691896258,0.25,0.4999999999999999,0.5714285714285714,0.7867957924694431,0.3074371835267799,0.0,0.0,0.0,0.0,0.0,0.0,7.031830938443449e-06,1.0476190476190474,0.27,3.579039509354962,0.13,1.4638501094227998,0.0999999999999999,1.2724180205607036,0.0599999999999999,1.2149857925879115,0.0399999999999999,0.7867957924694431,0.0,0.0,3.1997023671109224,5.0,1.35,0.65,0.5,0.3,0.2,0.0,,,,87.0,91.3,32.2,21.4,7.8,7.7,5.1,63.1,25.8,14.9,5.6,5.5,3.7,87.0,2026-08-03,4,77.3,27.2,17.2,6.7,6.8,4.5
2026-08-07,2026,Saniya Rivers,CON,PHX,H,17.0,1.0,2.0,2.0,0.0,1.0,0.0,1.0,6.0,0.0,2.0,1.0,1.0,1.0,-13.0,saniya rivers,1,last_good_canonical,,,UNK,,,,2026-07-30,4,0,30,63.0,31.0,14.0,9.0,6.0,3.0,200.0,82.6,31.6,20.6,5.9,8.5,5.1,0.2823529411764706,0.5219047619047619,0.4368177655677655,23.0,3.4641016151377544,20.75,5.315072906367325,17.285714285714285,6.074928962939563,20.527490342512763,9.666666666666666,4.163331998932265,8.75,3.8622100754188224,6.571428571428571,3.952094080237423,7.964019391541848,2.0,1.0,1.5,1.2909944487358056,1.5714285714285714,0.9759000729485326,1.8525148058486685,3.6666666666666665,2.0816659994661326,3.25,1.8929694486000916,2.571428571428572,1.618347187425374,3.0974199436117926,0.3333333333333333,0.5773502691896258,0.25,0.5,0.1428571428571428,0.3779644730092272,0.3616037937453721,1.0,0.0,1.25,0.5,1.1428571428571428,0.6900655593423545,1.140318693908174,0.6666666666666666,0.5773502691896258,0.75,0.5,0.5714285714285714,0.5345224838248487,0.7595819523322171,5.714285714285715,0.3801652892561983,3.952094080237423,0.0909090909090909,0.9759000729485326,0.1487603305785124,1.618347187425374,0.0082644628099173,0.3779644730092272,0.0661157024793388,0.6900655593423545,0.0330578512396694,0.5345224838248487,6.074928962939563,22.423076923076923,7.038461538461538,2.230769230769231,3.1923076923076925,0.3461538461538461,1.0,0.7307692307692307,,,,89.1,87.8,34.2,21.6,9.7,6.8,3.9,65.3,27.4,14.7,4.7,4.7,2.5,89.1,2026-08-02,5,70.1,27.8,16.5,8.0,5.6,3.3
2026-08-07,2026,Shakira Austin,WAS,ATL,H,35.0,28.0,10.0,4.0,1.0,1.0,0.0,2.0,18.0,10.0,9.0,7.0,3.0,7.0,10.0,shakira austin,1,last_good_canonical,,,UNK,,,,2026-07-28,6,0,27,81.0,42.0,17.0,2.0,1.0,4.0,200.0,82.4,39.5,20.5,6.1,4.7,4.6,1.154285714285714,0.9286311389759664,0.8991438139385682,30.666666666666668,1.5275252316519456,31.2,1.483239697419137,31.8,5.977736472389306,30.857032054946004,19.0,5.291502622129181,18.8,3.76828873628335,17.9,5.586690532964138,18.78550819362076,9.0,5.196152422706631,10.4,4.82700735445887,10.1,3.6651512019742536,8.880440206761367,2.0,1.0,2.2,1.3038404810405295,2.3,1.8885620632287057,1.856974875156436,0.3333333333333333,0.5773502691896258,0.2,0.4472135954999581,0.6,0.8432740427115678,0.2370201910860677,1.0,1.0,0.6,0.8944271909999159,0.5,0.7071067811865471,0.9244034518697538,0.3333333333333333,0.5773502691896258,0.8,0.8366600265340751,1.7,1.337493509849259,0.8256009035436938,-1.1333333333333329,0.5628930817610063,5.586690532964138,0.3176100628930817,3.6651512019742536,0.0723270440251572,1.8885620632287057,0.0188679245283018,0.8432740427115678,0.0157232704402515,0.7071067811865471,0.0534591194968553,1.337493509849259,5.977736472389306,29.384615384615383,15.038461538461538,9.384615384615383,2.5384615384615383,0.4615384615384615,0.6538461538461539,1.3461538461538465,,,,81.6,91.6,30.3,20.7,8.9,7.8,3.8,65.7,26.8,14.9,5.4,5.5,2.6,81.6,2026-07-31,7,85.9,29.5,19.4,8.4,7.4,3.7
2026-08-07,2026,Shatori Walker-Kimbrough,ATL,WAS,A,6.0,6.0,1.0,2.0,0.0,1.0,0.0,0.0,4.0,2.0,2.0,2.0,0.0,1.0,-3.0,shatori walker-kimbrough,0,last_good_canonical,,,UNK,,,,2026-07-31,3,0,13,87.0,34.0,19.0,4.0,5.0,2.0,200.0,91.5,33.7,22.2,7.1,9.9,2.9,1.5166666666666666,0.1399999999999999,0.0699999999999999,1.0,,1.0,0.0,1.6,1.341640786500224,1.3086187568993095,0.0,,0.0,0.0,0.0,0.0,0.0375427434206662,1.0,,0.5,0.7071067811865476,0.2,0.4472135954999579,0.4909271585053968,0.0,,0.0,0.0,0.0,0.0,0.0046273456883515,0.0,,0.0,0.0,0.0,0.0,0.0075075499555013,0.0,,0.0,0.0,0.0,0.0,0.0063838798353804,0.0,,0.0,0.0,0.0,0.0,0.0097254984881912,-0.6000000000000001,0.0,0.0,0.125,0.4472135954999579,0.0,0.0,0.0,0.0,0.0,0.0,0.0,0.0,1.341640786500224,3.375,0.625,0.625,0.0,0.125,0.0,0.125,84.62,101.763907734057,129.95049504950495,89.9,83.6,31.3,19.7,9.3,9.6,4.7,67.8,26.2,14.2,7.4,4.6,1.4,89.9,2026-08-03,4,74.3,29.4,17.8,8.8,8.9,4.1
2026-08-07,2026,Shay Ciezki,PHX,CON,A,4.0,,,,,,,,,,,,,,,shay ciezki,0,last_good_canonical,,,UNK,,,,2026-06-27,7,0,3,89.0,27.0,23.0,11.0,4.0,1.0,199.0,82.7,32.4,19.5,8.6,6.8,3.3,0.0,1.2791666666666666,1.2791666666666666,4.0,3.4641016151377544,4.0,3.4641016151377544,4.0,3.4641016151377544,4.1,2.0,1.7320508075688772,2.0,1.7320508075688772,2.0,1.7320508075688772,1.9500000000000004,0.3333333333333333,0.5773502691896258,0.3333333333333333,0.5773502691896258,0.3333333333333333,0.5773502691896258,0.3499999999999999,0.3333333333333333,0.5773502691896258,0.3333333333333333,0.5773502691896258,0.3333333333333333,0.5773502691896258,0.3499999999999999,0.6666666666666666,0.5773502691896258,0.6666666666666666,0.5773502691896258,0.6666666666666666,0.5773502691896258,0.6500000000000001,0.0,0.0,0.0,0.0,0.0,0.0,0.0,0.0,0.0,0.0,0.0,0.0,0.0,0.0,0.0,0.5,1.7320508075688772,0.0833333333333333,0.5773502691896258,0.0833333333333333,0.5773502691896258,0.1666666666666666,0.5773502691896258,0.0,0.0,0.0,0.0,3.4641016151377544,4.0,2.0,0.3333333333333333,0.3333333333333333,0.6666666666666666,0.0,0.0,83.31333333333333,100.72284069700008,113.74078361467404,87.0,91.3,32.2,21.4,7.8,7.7,5.1,81.3,25.7,17.0,6.4,6.6,2.4,86.1,2026-07-09,29,77.3,27.2,17.2,6.7,6.8,4.5
2026-08-07,2026,Sika Kone,ATL,WAS,A,3.0,0.0,1.0,0.0,0.0,0.0,0.0,0.0,0.0,0.0,0.0,0.0,0.0,1.0,-2.0,sika kone,0,last_good_canonical,,,UNK,,,,2026-07-31,3,0,32,87.0,34.0,19.0,4.0,5.0,2.0,200.0,91.5,33.7,22.2,7.1,9.9,2.9,0.2333333333333333,0.0349999999999999,0.2637594268476621,6.285714285714286,,2.5,2.121320343559636,9.428571428571429,5.855400437691201,6.482534398983392,,,0.0,0.0,3.0,4.281744192888377,2.184520220967355,,,0.5,0.7071067811865476,1.4285714285714286,1.8126539343499315,1.1690837766815745,,,0.0,0.0,0.2857142857142857,0.7559289460184546,0.0992373357620305,,,0.0,0.0,0.2857142857142857,0.4879500364742666,0.2105812437323972,,,0.0,0.0,0.1428571428571428,0.3779644730092272,0.0626715488808746,,,0.0,0.0,0.0,0.0,1.9557514767692047e-14,,0.3181818181818182,4.281744192888377,0.1515151515151515,1.8126539343499315,0.0303030303030303,0.7559289460184546,0.0303030303030303,0.4879500364742666,0.0151515151515151,0.3779644730092272,0.0,0.0,5.855400437691201,6.285714285714286,2.2142857142857144,1.2857142857142858,0.3214285714285714,0.1428571428571428,0.0714285714285714,0.0,84.62,101.763907734057,129.95049504950495,89.9,83.6,31.3,19.7,9.3,9.6,4.7,67.8,26.2,14.2,7.4,4.6,1.4,89.9,2026-08-03,4,74.3,29.4,17.8,8.8,8.9,4.1
2026-08-07,2026,Sonia Citron,WAS,ATL,H,36.0,16.0,5.0,5.0,0.0,0.0,3.0,0.0,18.0,3.0,10.0,10.0,3.0,2.0,8.0,sonia citron,1,last_good_canonical,,,UNK,,,,2026-07-28,6,0,28,81.0,42.0,17.0,2.0,1.0,4.0,200.0,82.4,39.5,20.5,6.1,4.7,4.6,0.7083333333333334,0.887611853832442,0.596255449955288,25.666666666666668,12.741009902410928,27.8,9.497368056467009,29.0,7.445036697597372,27.849497920334077,16.666666666666668,7.571877794400367,15.8,5.761944116355172,13.5,7.091242083423348,16.256596438501106,2.6666666666666665,1.5275252316519463,2.2,1.3038404810405295,2.875,1.726888200533795,2.6429095406091943,4.666666666666667,3.055050463303893,4.8,2.280350850198276,4.0,2.20389266007736,4.198013153351785,1.6666666666666667,0.5773502691896257,1.2,0.8366600265340756,0.875,0.8345229603962802,1.4206950034769714,0.6666666666666666,0.5773502691896258,1.0,0.7071067811865474,1.0,1.069044967649697,0.8223822392996949,0.6666666666666666,1.1547005383792517,0.8,0.8366600265340756,0.75,0.8864052604279185,0.9305904498067824,-3.333333333333332,0.4655172413793103,7.091242083423348,0.0991379310344827,1.726888200533795,0.1379310344827586,2.20389266007736,0.0301724137931034,0.8345229603962802,0.0344827586206896,1.069044967649697,0.0258620689655172,0.8864052604279185,7.445036697597372,32.30769230769231,16.576923076923077,3.615384615384616,3.6538461538461537,1.1153846153846154,1.1538461538461535,0.6538461538461539,,,,81.6,91.6,30.3,20.7,8.9,7.8,3.8,65.7,26.8,14.9,5.4,5.5,2.6,81.6,2026-07-31,7,85.9,29.5,19.4,8.4,7.4,3.7
2026-08-07,2026,Sug Sutton,DAL,GSV,H,7.0,0.0,4.0,2.0,0.0,0.0,0.0,1.0,0.0,0.0,0.0,0.0,1.0,3.0,-7.0,sug sutton,1,last_good_canonical,,,UNK,,,,2026-07-31,4,0,25,83.0,38.0,22.0,7.0,10.0,4.0,200.0,91.2,34.3,22.2,8.7,5.1,4.1,0.7428571428571428,0.3592424242424243,0.2973989898989899,4.0,2.000000000000003,8.5,9.146948489341495,6.714285714285714,7.227592630889953,6.54260670022889,0.6666666666666666,1.1547005383792517,1.0,1.1547005383792517,1.1428571428571428,1.573591584938915,0.7063311518333395,0.6666666666666666,0.5773502691896258,0.75,0.5,0.4285714285714285,0.5345224838248509,0.6419467169826016,0.6666666666666666,0.5773502691896272,2.25,3.2015621187164243,1.5714285714285714,2.439750182371338,1.500609377879626,0.0,0.0,0.0,0.0,0.0,0.0,0.012177695910859,0.0,0.0,0.0,0.0,0.0,0.0,0.0146855235892185,0.0,0.0,0.0,0.0,0.0,0.0,0.0022032631908907,-2.7142857142857144,0.1702127659574468,1.573591584938915,0.0638297872340425,0.5345224838248509,0.2340425531914893,2.439750182371338,0.0,0.0,0.0,0.0,0.0,0.0,7.227592630889953,11.5,3.8181818181818175,0.7727272727272727,2.136363636363636,0.3636363636363636,0.3181818181818182,0.1818181818181818,,,,86.3,73.8,30.7,17.0,6.5,6.2,3.2,77.3,27.2,17.2,6.7,6.8,4.5,86.3,2026-08-02,5,59.2,25.7,13.9,5.1,5.5,2.7
2026-08-07,2026,Tiffany Hayes,GSV,DAL,A,20.0,15.0,3.0,4.0,1.0,3.0,0.0,1.0,10.0,4.0,7.0,6.0,0.0,3.0,10.0,tiffany hayes,0,last_good_canonical,,,UNK,,,,2026-07-29,4,0,35,96.0,26.0,26.0,14.0,8.0,5.0,199.0,79.9,29.5,18.6,9.4,8.8,4.0,1.125,0.7016181508176393,0.6596319192316635,15.0,6.999999999999999,16.8,5.805170109479997,17.5,4.503085362035399,17.37358700355054,6.0,5.5677643628300215,8.0,5.000000000000012,7.6,4.22163738639669,7.355337667341573,1.3333333333333333,1.5275252316519463,1.2,1.3038404810405295,1.1,1.1005049346146092,1.486276576548218,2.6666666666666665,2.0816659994661326,3.0,1.8708286933869709,2.8,1.619327706865482,3.138472282277688,0.3333333333333333,0.5773502691896258,0.2,0.4472135954999579,0.5,0.7071067811865478,0.214931652729253,0.0,0.0,0.0,0.0,0.5,0.8498365855987975,0.0975088481493675,0.0,0.0,0.0,0.0,0.3,0.4830458915396479,0.0840215020838941,-2.5,0.4342857142857143,4.22163738639669,0.0628571428571428,1.1005049346146092,0.16,1.619327706865482,0.0285714285714285,0.7071067811865478,0.0285714285714285,0.8498365855987975,0.0171428571428571,0.4830458915396479,4.503085362035399,15.771428571428572,7.285714285714286,1.3428571428571427,2.4,0.4285714285714285,0.4,0.1714285714285714,85.44,91.76470588235294,87.33115975780159,73.8,86.3,34.2,19.1,6.7,5.1,3.6,79.2,28.6,17.4,8.1,6.8,3.3,73.8,2026-08-02,5,65.3,27.4,14.7,4.7,4.7,2.5
2026-08-07,2026,Valeriane Ayayi,PHX,CON,A,22.0,11.0,2.0,1.0,2.0,1.0,0.0,0.0,6.0,4.0,1.0,1.0,1.0,1.0,11.0,valeriane ayayi,0,last_good_canonical,,,UNK,,,,2026-08-01,3,0,35,106.0,36.0,26.0,11.0,5.0,5.0,201.0,82.7,30.2,20.2,7.1,6.8,2.7,0.6727272727272727,0.5940903540903542,0.5607669725734241,19.0,5.2915026221291805,17.8,4.324349662087933,22.3,6.5328231093286,19.85474960744881,6.0,3.6055512754639873,7.2,4.147288270665543,8.2,4.732863826479695,6.655589163363397,3.6666666666666665,3.055050463303893,2.6,2.60768096208106,3.1,2.5582111805799856,2.942688959248434,1.3333333333333333,0.5773502691896258,1.2,0.4472135954999579,1.4,0.966091783079296,1.40056650029219,0.3333333333333333,0.5773502691896257,0.4,0.5477225575051662,0.8,1.0327955589886446,0.2917386724795887,0.6666666666666666,0.5773502691896258,0.8,0.8366600265340756,0.5,0.7071067811865475,0.5931119634582247,0.3333333333333333,0.5773502691896258,0.2,0.4472135954999579,0.1,0.3162277660168379,0.3564551696406985,-3.3000000000000007,0.3677130044843049,4.732863826479695,0.1390134529147982,2.5582111805799856,0.0627802690582959,0.966091783079296,0.0358744394618834,1.0327955589886446,0.0224215246636771,0.7071067811865475,0.0044843049327354,0.3162277660168379,6.5328231093286,14.0,5.71875,2.53125,1.1875,0.46875,0.4375,0.15625,,,,87.0,91.3,32.2,21.4,7.8,7.7,5.1,63.1,25.8,14.9,5.6,5.5,3.7,87.0,2026-08-03,4,77.3,27.2,17.2,6.7,6.8,4.5
2026-08-07,2026,Veronica Burton,GSV,DAL,A,29.0,17.0,2.0,6.0,3.0,2.0,0.0,1.0,10.0,6.0,3.0,2.0,1.0,1.0,15.0,veronica burton,0,last_good_canonical,,,UNK,,,,2026-07-29,4,0,37,96.0,26.0,26.0,14.0,8.0,5.0,199.0,79.9,29.5,18.6,9.4,8.8,4.0,0.9448275862068966,0.7400460715754833,0.7294846356911368,31.0,4.358898943540671,31.2,3.271085446759225,28.0,4.876246279442577,30.45964332304149,12.666666666666666,2.081665999466136,11.8,4.969909455915673,11.1,5.3009433122794265,12.11280063742246,3.333333333333333,1.5275252316519468,3.6,1.3416407864998738,3.1,1.7288403306519922,3.206722934536004,7.666666666666667,3.055050463303893,6.6,2.701851217221259,5.6,2.633122354417534,6.281697838892479,2.0,0.0,1.4,0.8944271909999159,1.1,0.8755950357709128,1.6025818470368132,1.6666666666666667,0.5773502691896258,1.8,0.8366600265340757,1.8,1.1352924243950937,1.6666568204398755,0.0,0.0,0.4,0.8944271909999159,0.3,0.6749485577105534,0.143315666430652,3.0,0.3964285714285714,5.3009433122794265,0.1107142857142857,1.7288403306519922,0.1999999999999999,2.633122354417534,0.0392857142857142,0.8755950357709128,0.0642857142857143,1.1352924243950937,0.0107142857142857,0.6749485577105534,4.876246279442577,28.56756756756757,11.783783783783784,3.4054054054054053,5.513513513513513,1.2432432432432432,1.3783783783783785,0.5405405405405406,85.44,91.76470588235294,87.33115975780159,73.8,86.3,34.2,19.1,6.7,5.1,3.6,79.2,28.6,17.4,8.1,6.8,3.3,73.8,2026-08-02,5,65.3,27.4,14.7,4.7,4.7,2.5
