target,train_rows,valid_rows,mae,rmse,r2,ridge_mae,tree_mae
blocks,6278,1533,0.5270252877976227,0.7395808212269619,0.18287241242687124,0.5304004298795992,0.5260348099571958
steals,6278,1533,0.7548016538093929,0.9752143660371606,0.1317808062590493,0.7599187369973651,0.7576757451935794
threes_made,6278,1533,0.7974549610165018,1.1119482714231188,0.2848790417159951,0.8033768646252702,0.796916592253046
assists,6278,1533,1.2626298793929889,1.7066544581762932,0.5014373096861047,1.258487622969265,1.2816977089924035
rebounds,6278,1533,1.7237192372408845,2.2330498551379163,0.5217619476999595,1.7478869972307507,1.7299320168849852
points,6278,1533,3.6840166019781044,4.795362277802497,0.49880573467528355,3.687941909941337,3.739189718232666
