window_days,graded_predictions,wins,losses,accuracy,brier,log_loss,projection_mae,projection_rmse,primary_failure_source
7,1068,108,82,0.5684210526315789,0.29673330710846807,0.855293246012079,1.7255337078651687,2.8653534630416533,bet_grading_backtest_available
14,2004,239,191,0.5558139534883721,0.34523554628048586,1.1855823970071113,1.8722005988023953,3.1232851023144397,bet_grading_backtest_available
30,3762,521,376,0.5808249721293199,0.3344664997888617,1.1615938778759207,1.9298351940457203,3.2495826174550686,bet_grading_backtest_available
