window_days,graded_predictions,wins,losses,accuracy,brier,log_loss,projection_mae,projection_rmse,primary_failure_source
7,1890,127,134,0.48659003831417624,0.27512395825084696,0.7471686251937206,1.583058201058201,2.6874680162979314,bet_grading_backtest_available
14,2766,253,222,0.5326315789473685,0.3033926726673053,0.9504593019507301,1.7117245119305857,2.903941053852786,bet_grading_backtest_available
30,4722,544,427,0.5602471678681772,0.3206360025818435,1.070297848978825,1.8258449809402795,3.0979038629244235,bet_grading_backtest_available
