window_days,graded_predictions,wins,losses,accuracy,brier,log_loss,projection_mae,projection_rmse,primary_failure_source
7,1944,119,122,0.49377593360995853,0.2792635173861411,0.7631838530994672,1.6478446502057613,2.822610218663225,bet_grading_backtest_available
14,2646,246,210,0.5394736842105263,0.30651786464925435,0.9705030635564005,1.7353061224489799,2.950769158090586,bet_grading_backtest_available
30,4584,562,416,0.5746421267893661,0.3128481605726585,1.0491581843937094,1.838891797556719,3.119863429462759,bet_grading_backtest_available
