target,train_rows,valid_rows,mae,rmse,r2,ridge_mae,tree_mae
blocks,7585,1861,0.5144948338127292,0.7126229871566343,0.20969246828487464,0.5206645745751481,0.5110150438527202
threes_made,7585,1861,0.7145003942876195,1.0198648803181045,0.26720277727855646,0.7075058581748944,0.7342266353664704
steals,7585,1861,0.7211791237039088,0.9259759643516122,0.1290288455977412,0.7350224200469265,0.7186052250473947
assists,7585,1861,1.1423596193802799,1.541759954302543,0.5067477816973436,1.1518760339907483,1.1549662692696978
rebounds,7585,1861,1.5899980994660625,2.092417215921918,0.5558492719388057,1.612848968031124,1.6150389230102014
points,7585,1861,3.4158604807341915,4.553470791096233,0.5905218367088824,3.4805310104271747,3.4572009916356077
