window_days,graded_predictions,wins,losses,accuracy,brier,log_loss,projection_mae,projection_rmse,primary_failure_source
7,1320,114,82,0.5816326530612245,0.26217378351680465,0.7311270733467288,1.6680530303030303,2.7495612735434167,bet_grading_backtest_available
14,2154,247,196,0.5575620767494357,0.3307502681022432,1.1078172264021828,1.7947910863509746,2.9754640408051345,bet_grading_backtest_available
30,4110,545,396,0.5791710945802337,0.33123541924473293,1.141495676183795,1.898978102189781,3.1928173648144718,bet_grading_backtest_available
