target,train_rows,valid_rows,mae,rmse,r2,ridge_mae,tree_mae
blocks,7534,1873,0.5145964440344908,0.7132365030585331,0.2103542213878089,0.5202696851767521,0.5114801801311029
threes_made,7534,1873,0.7181015154054637,1.0244286647888594,0.27127738639993726,0.7108162985574984,0.7380892278979116
steals,7534,1873,0.7243217235375341,0.9276119111095564,0.13375836509232408,0.7398847779680665,0.7187707941175585
assists,7534,1873,1.1543886432903432,1.5543178058117557,0.5098819694784809,1.1611588997314635,1.1705345980275221
rebounds,7534,1873,1.5838191110103714,2.076272917951263,0.5553267872846686,1.600618364349763,1.617998254750489
points,7534,1873,3.4272377140828327,4.561260339362857,0.591629033408987,3.492926856314643,3.4834051205724488
