window_days,graded_predictions,wins,losses,accuracy,brier,log_loss,projection_mae,projection_rmse,primary_failure_source
7,1446,102,102,0.5,0.2767723066871386,0.7592222165030095,1.6515421853388659,2.7683061640614532,bet_grading_backtest_available
14,2286,250,201,0.5543237250554324,0.3068810784349806,1.000832932201872,1.7571828521434818,2.9281992621123263,bet_grading_backtest_available
30,4188,543,421,0.5632780082987552,0.3283095931786061,1.1120958318062786,1.8789517669531994,3.156869576860978,bet_grading_backtest_available
