target,train_rows,valid_rows,mae,rmse,r2,ridge_mae,tree_mae
blocks,7772,1917,0.504677764024257,0.6931985325444682,0.20996450530390054,0.517811383855252,0.49440643406834356
threes_made,7772,1917,0.7067211219857003,1.011223399000227,0.27796081277359663,0.6963429267517637,0.7278390844242119
steals,7772,1917,0.7176101065127614,0.9141000943607385,0.13121394776454953,0.7353818337984198,0.7097939664518552
assists,7772,1917,1.1499197192995882,1.5521281981122457,0.500405838873843,1.1629761365160938,1.164570101580347
rebounds,7772,1917,1.5930492612455336,2.0878309449959267,0.5478639843622848,1.6010284453026313,1.638244170157112
points,7772,1917,3.4166698498634624,4.613921272843254,0.5993432766895597,3.4829415912289967,3.463098626505697
