target,train_rows,valid_rows,mae,rmse,r2,ridge_mae,tree_mae
blocks,7811,1916,0.5026759739612379,0.6885323312086599,0.2111561113926812,0.5131198663755854,0.4945712246215385
threes_made,7811,1916,0.7099021594688193,1.0115492377714634,0.279794322771051,0.6965189208191507,0.7341690005482053
steals,7811,1916,0.7181177531228498,0.9137415542310755,0.13302867919936368,0.7318790294553613,0.7126323368601688
assists,7811,1916,1.1433914129702065,1.5489050108582016,0.5028987794998658,1.1639315069907177,1.1475954405208952
rebounds,7811,1916,1.5814412073819262,2.072015427388256,0.5511205506720022,1.5910466636428262,1.6196538194392558
points,7811,1916,3.4154907801682732,4.618082657153598,0.6012753234706358,3.4872661895380817,3.466001526826053
