window_days,graded_predictions,wins,losses,accuracy,brier,log_loss,projection_mae,projection_rmse,primary_failure_source
7,918,104,88,0.5416666666666666,0.3560780086345042,1.1996680290873727,1.894183006535948,3.166932806153741,bet_grading_backtest_available
14,1650,215,174,0.5526992287917738,0.3568832159070046,1.2409354532939856,1.951818181818182,3.244680719222921,bet_grading_backtest_available
30,3600,514,367,0.583427922814983,0.3380583541178488,1.1831218430095383,1.973075,3.3141421673723586,bet_grading_backtest_available
