slate_date,game_date,player_name,player_id,player_key,team,opponent,projected_minutes,actual_minutes,error,absolute_error,squared_error,source_file,created_at_utc
2025-07-05,2025-07-05,Aliyah Boston,aliyah boston,aliyah boston,IND,CON,30.13,32.0,-1.870000000000001,1.870000000000001,3.4969000000000037,/home/ubuntu/EdgeRanked/sports/wnba/outputs/archive/projections/wnba_projections_20250705.csv,2026-07-13T11:30:43Z
2025-07-05,2025-07-05,Caitlin Clark,caitlin clark,caitlin clark,IND,CON,34.6,0.0,34.6,34.6,1197.16,/home/ubuntu/EdgeRanked/sports/wnba/outputs/archive/projections/wnba_projections_20250705.csv,2026-07-13T11:30:43Z
2025-07-05,2025-07-05,Kelsey Mitchell,kelsey mitchell,kelsey mitchell,IND,CON,31.6,31.0,0.6000000000000014,0.6000000000000014,0.3600000000000017,/home/ubuntu/EdgeRanked/sports/wnba/outputs/archive/projections/wnba_projections_20250705.csv,2026-07-13T11:30:43Z
2025-07-05,2025-07-05,Kelsey Plum,kelsey plum,kelsey plum,LVA,NYL,32.98,37.0,-4.020000000000003,4.020000000000003,16.160400000000024,/home/ubuntu/EdgeRanked/sports/wnba/outputs/archive/projections/wnba_projections_20250705.csv,2026-07-13T11:30:43Z
2026-05-08,2026-05-08,Aneesah Morrow,aneesah morrow,aneesah morrow,CON,NYL,18.35,24.0,-5.649999999999999,5.649999999999999,31.922499999999985,/home/ubuntu/EdgeRanked/sports/wnba/outputs/archive/projections/wnba_projections_20260508.csv,2026-07-13T11:30:43Z
2026-05-08,2026-05-08,Betnijah Laney-Hamilton,betnijah laney-hamilton,betnijah laney-hamilton,NYL,CON,27.1,28.0,-0.8999999999999986,0.8999999999999986,0.8099999999999974,/home/ubuntu/EdgeRanked/sports/wnba/outputs/archive/projections/wnba_projections_20260508.csv,2026-07-13T11:30:43Z
2026-05-08,2026-05-08,Breanna Stewart,breanna stewart,breanna stewart,NYL,CON,29.03,28.0,1.0300000000000011,1.0300000000000011,1.0609000000000024,/home/ubuntu/EdgeRanked/sports/wnba/outputs/archive/projections/wnba_projections_20260508.csv,2026-07-13T11:30:43Z
2026-05-08,2026-05-08,Brittney Griner,brittney griner,brittney griner,CON,NYL,17.94,27.0,-9.059999999999999,9.059999999999999,82.08359999999998,/home/ubuntu/EdgeRanked/sports/wnba/outputs/archive/projections/wnba_projections_20260508.csv,2026-07-13T11:30:43Z
2026-05-08,2026-05-08,Brittney Sykes,brittney sykes,brittney sykes,TOR,WAS,24.61,28.0,-3.3900000000000006,3.3900000000000006,11.492100000000004,/home/ubuntu/EdgeRanked/sports/wnba/outputs/archive/projections/wnba_projections_20260508.csv,2026-07-13T11:30:43Z
2026-05-08,2026-05-08,Georgia Amoore,georgia amoore,georgia amoore,WAS,TOR,36.71,20.0,16.71,16.71,279.2241,/home/ubuntu/EdgeRanked/sports/wnba/outputs/archive/projections/wnba_projections_20260508.csv,2026-07-13T11:30:43Z
2026-05-08,2026-05-08,Jonquel Jones,jonquel jones,jonquel jones,NYL,CON,25.3,25.0,0.3000000000000007,0.3000000000000007,0.09000000000000043,/home/ubuntu/EdgeRanked/sports/wnba/outputs/archive/projections/wnba_projections_20260508.csv,2026-07-13T11:30:43Z
2026-05-08,2026-05-08,Julie Allemand,julie allemand,julie allemand,TOR,WAS,27.33,30.0,-2.6700000000000017,2.6700000000000017,7.128900000000009,/home/ubuntu/EdgeRanked/sports/wnba/outputs/archive/projections/wnba_projections_20260508.csv,2026-07-13T11:30:43Z
2026-05-08,2026-05-08,Kennedy Burke,kennedy burke,kennedy burke,CON,NYL,21.56,24.0,-2.4400000000000013,2.4400000000000013,5.953600000000006,/home/ubuntu/EdgeRanked/sports/wnba/outputs/archive/projections/wnba_projections_20260508.csv,2026-07-13T11:30:43Z
2026-05-08,2026-05-08,Kia Nurse,kia nurse,kia nurse,TOR,WAS,19.66,10.0,9.66,9.66,93.3156,/home/ubuntu/EdgeRanked/sports/wnba/outputs/archive/projections/wnba_projections_20260508.csv,2026-07-13T11:30:43Z
2026-05-08,2026-05-08,Kiki Iriafen,kiki iriafen,kiki iriafen,WAS,TOR,25.69,28.0,-2.3099999999999987,2.3099999999999987,5.336099999999994,/home/ubuntu/EdgeRanked/sports/wnba/outputs/archive/projections/wnba_projections_20260508.csv,2026-07-13T11:30:43Z
2026-05-08,2026-05-08,Lauren Betts,lauren betts,lauren betts,WAS,TOR,30.65,12.0,18.65,18.65,347.82249999999993,/home/ubuntu/EdgeRanked/sports/wnba/outputs/archive/projections/wnba_projections_20260508.csv,2026-07-13T11:30:43Z
2026-05-08,2026-05-08,Marina Mabrey,marina mabrey,marina mabrey,TOR,WAS,29.36,30.0,-0.6400000000000006,0.6400000000000006,0.40960000000000074,/home/ubuntu/EdgeRanked/sports/wnba/outputs/archive/projections/wnba_projections_20260508.csv,2026-07-13T11:30:43Z
2026-05-08,2026-05-08,Marine Johannes,marine johannes,marine johannes,NYL,CON,16.37,28.0,-11.629999999999999,11.629999999999999,135.25689999999997,/home/ubuntu/EdgeRanked/sports/wnba/outputs/archive/projections/wnba_projections_20260508.csv,2026-07-13T11:30:43Z
2026-05-08,2026-05-08,Saniya Rivers,saniya rivers,saniya rivers,CON,NYL,26.31,26.0,0.3099999999999987,0.3099999999999987,0.09609999999999921,/home/ubuntu/EdgeRanked/sports/wnba/outputs/archive/projections/wnba_projections_20260508.csv,2026-07-13T11:30:43Z
2026-05-08,2026-05-08,Shakira Austin,shakira austin,shakira austin,WAS,TOR,24.37,28.0,-3.629999999999999,3.629999999999999,13.176899999999993,/home/ubuntu/EdgeRanked/sports/wnba/outputs/archive/projections/wnba_projections_20260508.csv,2026-07-13T11:30:43Z
2026-05-08,2026-05-08,Sonia Citron,sonia citron,sonia citron,WAS,TOR,29.29,34.0,-4.710000000000001,4.710000000000001,22.184100000000008,/home/ubuntu/EdgeRanked/sports/wnba/outputs/archive/projections/wnba_projections_20260508.csv,2026-07-13T11:30:43Z
2026-05-08,2026-05-08,Temi Fágbénlé,temi fágbénlé,temi fágbénlé,TOR,WAS,21.84,16.0,5.84,5.84,34.105599999999995,/home/ubuntu/EdgeRanked/sports/wnba/outputs/archive/projections/wnba_projections_20260508.csv,2026-07-13T11:30:43Z
2026-05-09,2026-05-09,A'ja Wilson,a'ja wilson,a'ja wilson,LVA,PHX,33.07,24.0,9.07,9.07,82.26490000000001,/home/ubuntu/EdgeRanked/sports/wnba/outputs/archive/projections/wnba_projections_20260509.csv,2026-07-13T11:30:43Z
2026-05-09,2026-05-09,Alanna Smith,alanna smith,alanna smith,DAL,IND,24.76,20.0,4.760000000000002,4.760000000000002,22.657600000000016,/home/ubuntu/EdgeRanked/sports/wnba/outputs/archive/projections/wnba_projections_20260509.csv,2026-07-13T11:30:43Z
2026-05-09,2026-05-09,Aliyah Boston,aliyah boston,aliyah boston,IND,DAL,29.88,26.0,3.879999999999999,3.879999999999999,15.054399999999992,/home/ubuntu/EdgeRanked/sports/wnba/outputs/archive/projections/wnba_projections_20260509.csv,2026-07-13T11:30:43Z
2026-05-09,2026-05-09,Alyssa Thomas,alyssa thomas,alyssa thomas,PHX,LVA,30.02,26.0,4.02,4.02,16.160399999999996,/home/ubuntu/EdgeRanked/sports/wnba/outputs/archive/projections/wnba_projections_20260509.csv,2026-07-13T11:30:43Z
2026-05-09,2026-05-09,Arike Ogunbowale,arike ogunbowale,arike ogunbowale,DAL,IND,31.37,29.0,2.370000000000001,2.370000000000001,5.616900000000005,/home/ubuntu/EdgeRanked/sports/wnba/outputs/archive/projections/wnba_projections_20260509.csv,2026-07-13T11:30:43Z
2026-05-09,2026-05-09,Azzi Fudd,azzi fudd,azzi fudd,DAL,IND,29.91,18.0,11.91,11.91,141.84810000000002,/home/ubuntu/EdgeRanked/sports/wnba/outputs/archive/projections/wnba_projections_20260509.csv,2026-07-13T11:30:43Z
2026-05-09,2026-05-09,Caitlin Clark,caitlin clark,caitlin clark,IND,DAL,34.81,31.0,3.8100000000000023,3.8100000000000023,14.516100000000018,/home/ubuntu/EdgeRanked/sports/wnba/outputs/archive/projections/wnba_projections_20260509.csv,2026-07-13T11:30:43Z
2026-05-09,2026-05-09,Chelsea Gray,chelsea gray,chelsea gray,LVA,PHX,29.29,22.0,7.289999999999999,7.289999999999999,53.14409999999999,/home/ubuntu/EdgeRanked/sports/wnba/outputs/archive/projections/wnba_projections_20260509.csv,2026-07-13T11:30:43Z
2026-05-09,2026-05-09,DeWanna Bonner,dewanna bonner,dewanna bonner,PHX,LVA,25.59,22.0,3.59,3.59,12.8881,/home/ubuntu/EdgeRanked/sports/wnba/outputs/archive/projections/wnba_projections_20260509.csv,2026-07-13T11:30:43Z
2026-05-09,2026-05-09,Jackie Young,jackie young,jackie young,LVA,PHX,30.37,25.0,5.370000000000001,5.370000000000001,28.83690000000001,/home/ubuntu/EdgeRanked/sports/wnba/outputs/archive/projections/wnba_projections_20260509.csv,2026-07-13T11:30:43Z
2026-05-09,2026-05-09,Kahleah Copper,kahleah copper,kahleah copper,PHX,LVA,27.03,28.0,-0.9699999999999989,0.9699999999999989,0.9408999999999978,/home/ubuntu/EdgeRanked/sports/wnba/outputs/archive/projections/wnba_projections_20260509.csv,2026-07-13T11:30:43Z
2026-05-09,2026-05-09,Kelsey Mitchell,kelsey mitchell,kelsey mitchell,IND,DAL,32.29,33.0,-0.7100000000000009,0.7100000000000009,0.5041000000000012,/home/ubuntu/EdgeRanked/sports/wnba/outputs/archive/projections/wnba_projections_20260509.csv,2026-07-13T11:30:43Z
2026-05-09,2026-05-09,Maddy Siegrist,maddy siegrist,maddy siegrist,DAL,IND,27.73,18.0,9.73,9.73,94.67290000000001,/home/ubuntu/EdgeRanked/sports/wnba/outputs/archive/projections/wnba_projections_20260509.csv,2026-07-13T11:30:43Z
2026-05-09,2026-05-09,Monique Billings,monique billings,monique billings,IND,DAL,21.34,0.0,21.34,21.34,455.3956,/home/ubuntu/EdgeRanked/sports/wnba/outputs/archive/projections/wnba_projections_20260509.csv,2026-07-13T11:30:43Z
2026-05-09,2026-05-09,Paige Bueckers,paige bueckers,paige bueckers,DAL,IND,31.71,32.0,-0.28999999999999915,0.28999999999999915,0.08409999999999951,/home/ubuntu/EdgeRanked/sports/wnba/outputs/archive/projections/wnba_projections_20260509.csv,2026-07-13T11:30:43Z
2026-05-10,2026-05-10,A'ja Wilson,a'ja wilson,a'ja wilson,LVA,LAS,34.68,30.0,4.68,4.68,21.902399999999997,/home/ubuntu/EdgeRanked/sports/wnba/outputs/archive/projections/wnba_projections_20260510.csv,2026-07-13T11:30:43Z
2026-05-10,2026-05-10,Aneesah Morrow,aneesah morrow,aneesah morrow,CON,SEA,21.44,31.0,-9.559999999999999,9.559999999999999,91.39359999999998,/home/ubuntu/EdgeRanked/sports/wnba/outputs/archive/projections/wnba_projections_20260510.csv,2026-07-13T11:30:43Z
2026-05-10,2026-05-10,Ariel Atkins,ariel atkins,ariel atkins,LAS,LVA,27.36,32.0,-4.640000000000001,4.640000000000001,21.529600000000006,/home/ubuntu/EdgeRanked/sports/wnba/outputs/archive/projections/wnba_projections_20260510.csv,2026-07-13T11:30:43Z
2026-05-10,2026-05-10,Betnijah Laney-Hamilton,betnijah laney-hamilton,betnijah laney-hamilton,NYL,WAS,27.15,25.0,2.1499999999999986,2.1499999999999986,4.622499999999994,/home/ubuntu/EdgeRanked/sports/wnba/outputs/archive/projections/wnba_projections_20260510.csv,2026-07-13T11:30:43Z
2026-05-10,2026-05-10,Breanna Stewart,breanna stewart,breanna stewart,NYL,WAS,28.23,39.0,-10.77,10.77,115.99289999999999,/home/ubuntu/EdgeRanked/sports/wnba/outputs/archive/projections/wnba_projections_20260510.csv,2026-07-13T11:30:43Z
2026-05-10,2026-05-10,Brittney Griner,brittney griner,brittney griner,CON,SEA,17.82,28.0,-10.18,10.18,103.63239999999999,/home/ubuntu/EdgeRanked/sports/wnba/outputs/archive/projections/wnba_projections_20260510.csv,2026-07-13T11:30:43Z
2026-05-10,2026-05-10,Chelsea Gray,chelsea gray,chelsea gray,LVA,LAS,30.5,32.0,-1.5,1.5,2.25,/home/ubuntu/EdgeRanked/sports/wnba/outputs/archive/projections/wnba_projections_20260510.csv,2026-07-13T11:30:43Z
2026-05-10,2026-05-10,Dearica Hamby,dearica hamby,dearica hamby,LAS,LVA,28.59,27.0,1.5899999999999999,1.5899999999999999,2.5280999999999993,/home/ubuntu/EdgeRanked/sports/wnba/outputs/archive/projections/wnba_projections_20260510.csv,2026-07-13T11:30:43Z
2026-05-10,2026-05-10,Diamond Miller,diamond miller,diamond miller,CON,SEA,12.16,27.0,-14.84,14.84,220.2256,/home/ubuntu/EdgeRanked/sports/wnba/outputs/archive/projections/wnba_projections_20260510.csv,2026-07-13T11:30:43Z
2026-05-10,2026-05-10,Dominique Malonga,dominique malonga,dominique malonga,SEA,CON,16.33,20.0,-3.6700000000000017,3.6700000000000017,13.468900000000012,/home/ubuntu/EdgeRanked/sports/wnba/outputs/archive/projections/wnba_projections_20260510.csv,2026-07-13T11:30:43Z
2026-05-10,2026-05-10,Flau'jae Johnson,flau'jae johnson,flau'jae johnson,SEA,CON,31.18,30.0,1.1799999999999997,1.1799999999999997,1.3923999999999994,/home/ubuntu/EdgeRanked/sports/wnba/outputs/archive/projections/wnba_projections_20260510.csv,2026-07-13T11:30:43Z
2026-05-10,2026-05-10,Georgia Amoore,georgia amoore,georgia amoore,WAS,NYL,32.53,21.0,11.530000000000001,11.530000000000001,132.94090000000003,/home/ubuntu/EdgeRanked/sports/wnba/outputs/archive/projections/wnba_projections_20260510.csv,2026-07-13T11:30:43Z
2026-05-10,2026-05-10,Jackie Young,jackie young,jackie young,LVA,LAS,31.54,31.0,0.5399999999999991,0.5399999999999991,0.2915999999999991,/home/ubuntu/EdgeRanked/sports/wnba/outputs/archive/projections/wnba_projections_20260510.csv,2026-07-13T11:30:43Z
2026-05-10,2026-05-10,Jonquel Jones,jonquel jones,jonquel jones,NYL,WAS,24.53,24.0,0.5300000000000011,0.5300000000000011,0.2809000000000012,/home/ubuntu/EdgeRanked/sports/wnba/outputs/archive/projections/wnba_projections_20260510.csv,2026-07-13T11:30:43Z
2026-05-10,2026-05-10,Kelsey Plum,kelsey plum,kelsey plum,LAS,LVA,32.13,35.0,-2.8699999999999974,2.8699999999999974,8.236899999999986,/home/ubuntu/EdgeRanked/sports/wnba/outputs/archive/projections/wnba_projections_20260510.csv,2026-07-13T11:30:43Z
2026-05-10,2026-05-10,Kennedy Burke,kennedy burke,kennedy burke,CON,SEA,21.09,34.0,-12.91,12.91,166.6681,/home/ubuntu/EdgeRanked/sports/wnba/outputs/archive/projections/wnba_projections_20260510.csv,2026-07-13T11:30:43Z
2026-05-10,2026-05-10,Kiki Iriafen,kiki iriafen,kiki iriafen,WAS,NYL,25.74,28.0,-2.2600000000000016,2.2600000000000016,5.107600000000007,/home/ubuntu/EdgeRanked/sports/wnba/outputs/archive/projections/wnba_projections_20260510.csv,2026-07-13T11:30:43Z
2026-05-10,2026-05-10,Marine Johannes,marine johannes,marine johannes,NYL,WAS,14.96,37.0,-22.04,22.04,485.7616,/home/ubuntu/EdgeRanked/sports/wnba/outputs/archive/projections/wnba_projections_20260510.csv,2026-07-13T11:30:43Z
2026-05-10,2026-05-10,NaLyssa Smith,nalyssa smith,nalyssa smith,LVA,LAS,26.99,16.0,10.989999999999998,10.989999999999998,120.78009999999996,/home/ubuntu/EdgeRanked/sports/wnba/outputs/archive/projections/wnba_projections_20260510.csv,2026-07-13T11:30:43Z
2026-05-10,2026-05-10,Natisha Hiedeman,natisha hiedeman,natisha hiedeman,SEA,CON,21.5,26.0,-4.5,4.5,20.25,/home/ubuntu/EdgeRanked/sports/wnba/outputs/archive/projections/wnba_projections_20260510.csv,2026-07-13T11:30:43Z
2026-05-10,2026-05-10,Nneka Ogwumike,nneka ogwumike,nneka ogwumike,LAS,LVA,28.8,33.0,-4.199999999999999,4.199999999999999,17.639999999999993,/home/ubuntu/EdgeRanked/sports/wnba/outputs/archive/projections/wnba_projections_20260510.csv,2026-07-13T11:30:43Z
2026-05-10,2026-05-10,Saniya Rivers,saniya rivers,saniya rivers,CON,SEA,25.32,20.0,5.32,5.32,28.302400000000002,/home/ubuntu/EdgeRanked/sports/wnba/outputs/archive/projections/wnba_projections_20260510.csv,2026-07-13T11:30:43Z
2026-05-10,2026-05-10,Shakira Austin,shakira austin,shakira austin,WAS,NYL,24.04,33.0,-8.96,8.96,80.28160000000001,/home/ubuntu/EdgeRanked/sports/wnba/outputs/archive/projections/wnba_projections_20260510.csv,2026-07-13T11:30:43Z
2026-05-10,2026-05-10,Sonia Citron,sonia citron,sonia citron,WAS,NYL,28.83,36.0,-7.170000000000002,7.170000000000002,51.408900000000024,/home/ubuntu/EdgeRanked/sports/wnba/outputs/archive/projections/wnba_projections_20260510.csv,2026-07-13T11:30:43Z
2026-05-10,2026-05-10,Stefanie Dolson,stefanie dolson,stefanie dolson,SEA,CON,13.57,21.0,-7.43,7.43,55.204899999999995,/home/ubuntu/EdgeRanked/sports/wnba/outputs/archive/projections/wnba_projections_20260510.csv,2026-07-13T11:30:43Z
2026-05-13,2026-05-13,Brittney Sykes,brittney sykes,brittney sykes,TOR,SEA,25.38,33.0,-7.620000000000001,7.620000000000001,58.06440000000001,/home/ubuntu/EdgeRanked/sports/wnba/outputs/archive/projections/wnba_projections_20260513.csv,2026-07-13T11:30:43Z
2026-05-13,2026-05-13,Dominique Malonga,dominique malonga,dominique malonga,SEA,TOR,16.37,32.0,-15.629999999999999,15.629999999999999,244.29689999999997,/home/ubuntu/EdgeRanked/sports/wnba/outputs/archive/projections/wnba_projections_20260513.csv,2026-07-13T11:30:43Z
2026-05-13,2026-05-13,Flau'jae Johnson,flau'jae johnson,flau'jae johnson,SEA,TOR,32.08,29.0,3.0799999999999983,3.0799999999999983,9.486399999999989,/home/ubuntu/EdgeRanked/sports/wnba/outputs/archive/projections/wnba_projections_20260513.csv,2026-07-13T11:30:43Z
2026-05-13,2026-05-13,Jade Melbourne,jade melbourne,jade melbourne,SEA,TOR,17.86,28.0,-10.14,10.14,102.81960000000001,/home/ubuntu/EdgeRanked/sports/wnba/outputs/archive/projections/wnba_projections_20260513.csv,2026-07-13T11:30:43Z
2026-05-13,2026-05-13,Marina Mabrey,marina mabrey,marina mabrey,TOR,SEA,29.5,29.0,0.5,0.5,0.25,/home/ubuntu/EdgeRanked/sports/wnba/outputs/archive/projections/wnba_projections_20260513.csv,2026-07-13T11:30:43Z
2026-05-13,2026-05-13,Natisha Hiedeman,natisha hiedeman,natisha hiedeman,SEA,TOR,22.52,22.0,0.5199999999999996,0.5199999999999996,0.27039999999999953,/home/ubuntu/EdgeRanked/sports/wnba/outputs/archive/projections/wnba_projections_20260513.csv,2026-07-13T11:30:43Z
2026-05-13,2026-05-13,Nyara Sabally,nyara sabally,nyara sabally,TOR,SEA,15.76,26.0,-10.24,10.24,104.8576,/home/ubuntu/EdgeRanked/sports/wnba/outputs/archive/projections/wnba_projections_20260513.csv,2026-07-13T11:30:43Z
2026-05-15,2026-05-15,A'ja Wilson,a'ja wilson,a'ja wilson,LVA,CON,33.45,32.0,1.4500000000000028,1.4500000000000028,2.102500000000008,/home/ubuntu/EdgeRanked/sports/wnba/outputs/archive/projections/wnba_projections_20260515.csv,2026-07-13T11:30:43Z
2026-05-15,2026-05-15,Aliyah Boston,aliyah boston,aliyah boston,IND,WAS,28.86,21.0,7.859999999999999,7.859999999999999,61.77959999999999,/home/ubuntu/EdgeRanked/sports/wnba/outputs/archive/projections/wnba_projections_20260515.csv,2026-07-13T11:30:43Z
2026-05-15,2026-05-15,Caitlin Clark,caitlin clark,caitlin clark,IND,WAS,34.66,37.0,-2.3400000000000034,2.3400000000000034,5.475600000000016,/home/ubuntu/EdgeRanked/sports/wnba/outputs/archive/projections/wnba_projections_20260515.csv,2026-07-13T11:30:43Z
2026-05-15,2026-05-15,Chelsea Gray,chelsea gray,chelsea gray,LVA,CON,29.63,31.0,-1.370000000000001,1.370000000000001,1.8769000000000027,/home/ubuntu/EdgeRanked/sports/wnba/outputs/archive/projections/wnba_projections_20260515.csv,2026-07-13T11:30:43Z
2026-05-15,2026-05-15,Chennedy Carter,chennedy carter,chennedy carter,LVA,CON,28.65,22.0,6.649999999999999,6.649999999999999,44.22249999999998,/home/ubuntu/EdgeRanked/sports/wnba/outputs/archive/projections/wnba_projections_20260515.csv,2026-07-13T11:30:43Z
2026-05-15,2026-05-15,Diamond Miller,diamond miller,diamond miller,CON,LVA,12.91,15.0,-2.09,2.09,4.368099999999999,/home/ubuntu/EdgeRanked/sports/wnba/outputs/archive/projections/wnba_projections_20260515.csv,2026-07-13T11:30:43Z
2026-05-15,2026-05-15,Jackie Young,jackie young,jackie young,LVA,CON,30.63,31.0,-0.370000000000001,0.370000000000001,0.13690000000000074,/home/ubuntu/EdgeRanked/sports/wnba/outputs/archive/projections/wnba_projections_20260515.csv,2026-07-13T11:30:43Z
2026-05-15,2026-05-15,Jewell Loyd,jewell loyd,jewell loyd,LVA,CON,27.06,27.0,0.05999999999999872,0.05999999999999872,0.0035999999999998464,/home/ubuntu/EdgeRanked/sports/wnba/outputs/archive/projections/wnba_projections_20260515.csv,2026-07-13T11:30:43Z
2026-05-15,2026-05-15,Kelsey Mitchell,kelsey mitchell,kelsey mitchell,IND,WAS,31.69,39.0,-7.309999999999999,7.309999999999999,53.43609999999998,/home/ubuntu/EdgeRanked/sports/wnba/outputs/archive/projections/wnba_projections_20260515.csv,2026-07-13T11:30:43Z
2026-05-15,2026-05-15,Kiki Iriafen,kiki iriafen,kiki iriafen,WAS,IND,27.17,36.0,-8.829999999999998,8.829999999999998,77.96889999999998,/home/ubuntu/EdgeRanked/sports/wnba/outputs/archive/projections/wnba_projections_20260515.csv,2026-07-13T11:30:43Z
2026-05-15,2026-05-15,Monique Billings,monique billings,monique billings,IND,WAS,20.4,36.0,-15.600000000000001,15.600000000000001,243.36000000000004,/home/ubuntu/EdgeRanked/sports/wnba/outputs/archive/projections/wnba_projections_20260515.csv,2026-07-13T11:30:43Z
2026-05-15,2026-05-15,NaLyssa Smith,nalyssa smith,nalyssa smith,LVA,CON,25.6,17.0,8.600000000000001,8.600000000000001,73.96000000000002,/home/ubuntu/EdgeRanked/sports/wnba/outputs/archive/projections/wnba_projections_20260515.csv,2026-07-13T11:30:43Z
2026-05-15,2026-05-15,Saniya Rivers,saniya rivers,saniya rivers,CON,LVA,25.21,28.0,-2.789999999999999,2.789999999999999,7.784099999999995,/home/ubuntu/EdgeRanked/sports/wnba/outputs/archive/projections/wnba_projections_20260515.csv,2026-07-13T11:30:43Z
2026-05-15,2026-05-15,Shakira Austin,shakira austin,shakira austin,WAS,IND,24.69,34.0,-9.309999999999999,9.309999999999999,86.67609999999998,/home/ubuntu/EdgeRanked/sports/wnba/outputs/archive/projections/wnba_projections_20260515.csv,2026-07-13T11:30:43Z
2026-05-15,2026-05-15,Sonia Citron,sonia citron,sonia citron,WAS,IND,29.34,38.0,-8.66,8.66,74.9956,/home/ubuntu/EdgeRanked/sports/wnba/outputs/archive/projections/wnba_projections_20260515.csv,2026-07-13T11:30:43Z
2026-05-15,2026-05-15,Sophie Cunningham,sophie cunningham,sophie cunningham,IND,WAS,26.83,20.0,6.829999999999998,6.829999999999998,46.648899999999976,/home/ubuntu/EdgeRanked/sports/wnba/outputs/archive/projections/wnba_projections_20260515.csv,2026-07-13T11:30:43Z
2026-05-17,2026-05-17,A'ja Wilson,a'ja wilson,a'ja wilson,LVA,ATL,34.98,31.0,3.979999999999997,3.979999999999997,15.840399999999976,/home/ubuntu/EdgeRanked/sports/wnba/outputs/archive/projections/wnba_projections_20260517.csv,2026-07-13T11:30:43Z
2026-05-17,2026-05-17,Aliyah Boston,aliyah boston,aliyah boston,IND,SEA,29.44,0.0,29.44,29.44,866.7136,/home/ubuntu/EdgeRanked/sports/wnba/outputs/archive/projections/wnba_projections_20260517.csv,2026-07-13T11:30:43Z
2026-05-17,2026-05-17,Allisha Gray,allisha gray,allisha gray,ATL,LVA,31.0,37.0,-6.0,6.0,36.0,/home/ubuntu/EdgeRanked/sports/wnba/outputs/archive/projections/wnba_projections_20260517.csv,2026-07-13T11:30:43Z
2026-05-17,2026-05-17,Angel Reese,angel reese,angel reese,ATL,LVA,31.4,29.0,2.3999999999999986,2.3999999999999986,5.759999999999994,/home/ubuntu/EdgeRanked/sports/wnba/outputs/archive/projections/wnba_projections_20260517.csv,2026-07-13T11:30:43Z
2026-05-17,2026-05-17,Brittney Sykes,brittney sykes,brittney sykes,TOR,LAS,25.3,38.0,-12.7,12.7,161.29,/home/ubuntu/EdgeRanked/sports/wnba/outputs/archive/projections/wnba_projections_20260517.csv,2026-07-13T11:30:43Z
2026-05-17,2026-05-17,Caitlin Clark,caitlin clark,caitlin clark,IND,SEA,34.84,24.0,10.840000000000003,10.840000000000003,117.50560000000007,/home/ubuntu/EdgeRanked/sports/wnba/outputs/archive/projections/wnba_projections_20260517.csv,2026-07-13T11:30:43Z
2026-05-17,2026-05-17,Cameron Brink,cameron brink,cameron brink,LAS,TOR,12.71,18.0,-5.289999999999999,5.289999999999999,27.98409999999999,/home/ubuntu/EdgeRanked/sports/wnba/outputs/archive/projections/wnba_projections_20260517.csv,2026-07-13T11:30:43Z
2026-05-17,2026-05-17,Chelsea Gray,chelsea gray,chelsea gray,LVA,ATL,30.58,33.0,-2.4200000000000017,2.4200000000000017,5.856400000000008,/home/ubuntu/EdgeRanked/sports/wnba/outputs/archive/projections/wnba_projections_20260517.csv,2026-07-13T11:30:43Z
2026-05-17,2026-05-17,Chennedy Carter,chennedy carter,chennedy carter,LVA,ATL,29.25,21.0,8.25,8.25,68.0625,/home/ubuntu/EdgeRanked/sports/wnba/outputs/archive/projections/wnba_projections_20260517.csv,2026-07-13T11:30:43Z
2026-05-17,2026-05-17,Courtney Williams,courtney williams,courtney williams,MIN,CHI,26.89,30.0,-3.1099999999999994,3.1099999999999994,9.672099999999997,/home/ubuntu/EdgeRanked/sports/wnba/outputs/archive/projections/wnba_projections_20260517.csv,2026-07-13T11:30:43Z
2026-05-17,2026-05-17,Dearica Hamby,dearica hamby,dearica hamby,LAS,TOR,28.75,31.0,-2.25,2.25,5.0625,/home/ubuntu/EdgeRanked/sports/wnba/outputs/archive/projections/wnba_projections_20260517.csv,2026-07-13T11:30:43Z
2026-05-17,2026-05-17,Erica Wheeler,erica wheeler,erica wheeler,LAS,TOR,23.58,30.0,-6.420000000000002,6.420000000000002,41.21640000000002,/home/ubuntu/EdgeRanked/sports/wnba/outputs/archive/projections/wnba_projections_20260517.csv,2026-07-13T11:30:43Z
2026-05-17,2026-05-17,Flau'jae Johnson,flau'jae johnson,flau'jae johnson,SEA,IND,31.43,28.0,3.4299999999999997,3.4299999999999997,11.764899999999997,/home/ubuntu/EdgeRanked/sports/wnba/outputs/archive/projections/wnba_projections_20260517.csv,2026-07-13T11:30:43Z
2026-05-17,2026-05-17,Jackie Young,jackie young,jackie young,LVA,ATL,31.48,34.0,-2.5199999999999996,2.5199999999999996,6.350399999999998,/home/ubuntu/EdgeRanked/sports/wnba/outputs/archive/projections/wnba_projections_20260517.csv,2026-07-13T11:30:43Z
2026-05-17,2026-05-17,Jade Melbourne,jade melbourne,jade melbourne,SEA,IND,19.41,29.0,-9.59,9.59,91.96809999999999,/home/ubuntu/EdgeRanked/sports/wnba/outputs/archive/projections/wnba_projections_20260517.csv,2026-07-13T11:30:43Z
2026-05-17,2026-05-17,Jewell Loyd,jewell loyd,jewell loyd,LVA,ATL,27.98,29.0,-1.0199999999999996,1.0199999999999996,1.040399999999999,/home/ubuntu/EdgeRanked/sports/wnba/outputs/archive/projections/wnba_projections_20260517.csv,2026-07-13T11:30:43Z
2026-05-17,2026-05-17,Jordin Canada,jordin canada,jordin canada,ATL,LVA,29.28,33.0,-3.719999999999999,3.719999999999999,13.838399999999991,/home/ubuntu/EdgeRanked/sports/wnba/outputs/archive/projections/wnba_projections_20260517.csv,2026-07-13T11:30:43Z
2026-05-17,2026-05-17,Kamilla Cardoso,kamilla cardoso,kamilla cardoso,CHI,MIN,29.58,26.0,3.5799999999999983,3.5799999999999983,12.816399999999987,/home/ubuntu/EdgeRanked/sports/wnba/outputs/archive/projections/wnba_projections_20260517.csv,2026-07-13T11:30:43Z
2026-05-17,2026-05-17,Kayla McBride,kayla mcbride,kayla mcbride,MIN,CHI,28.09,40.0,-11.91,11.91,141.84810000000002,/home/ubuntu/EdgeRanked/sports/wnba/outputs/archive/projections/wnba_projections_20260517.csv,2026-07-13T11:30:43Z
2026-05-17,2026-05-17,Kelsey Mitchell,kelsey mitchell,kelsey mitchell,IND,SEA,31.8,28.0,3.8000000000000007,3.8000000000000007,14.440000000000005,/home/ubuntu/EdgeRanked/sports/wnba/outputs/archive/projections/wnba_projections_20260517.csv,2026-07-13T11:30:43Z
2026-05-17,2026-05-17,Kelsey Plum,kelsey plum,kelsey plum,LAS,TOR,31.41,36.0,-4.59,4.59,21.068099999999998,/home/ubuntu/EdgeRanked/sports/wnba/outputs/archive/projections/wnba_projections_20260517.csv,2026-07-13T11:30:43Z
2026-05-17,2026-05-17,Marina Mabrey,marina mabrey,marina mabrey,TOR,LAS,29.03,26.0,3.030000000000001,3.030000000000001,9.180900000000007,/home/ubuntu/EdgeRanked/sports/wnba/outputs/archive/projections/wnba_projections_20260517.csv,2026-07-13T11:30:43Z
2026-05-17,2026-05-17,Monique Billings,monique billings,monique billings,IND,SEA,20.01,20.0,0.010000000000001563,0.010000000000001563,0.00010000000000003127,/home/ubuntu/EdgeRanked/sports/wnba/outputs/archive/projections/wnba_projections_20260517.csv,2026-07-13T11:30:43Z
2026-05-17,2026-05-17,NaLyssa Smith,nalyssa smith,nalyssa smith,LVA,ATL,26.68,20.0,6.68,6.68,44.6224,/home/ubuntu/EdgeRanked/sports/wnba/outputs/archive/projections/wnba_projections_20260517.csv,2026-07-13T11:30:43Z
2026-05-17,2026-05-17,Natasha Howard,natasha howard,natasha howard,MIN,CHI,23.65,29.0,-5.350000000000001,5.350000000000001,28.622500000000016,/home/ubuntu/EdgeRanked/sports/wnba/outputs/archive/projections/wnba_projections_20260517.csv,2026-07-13T11:30:43Z
2026-05-17,2026-05-17,Natisha Hiedeman,natisha hiedeman,natisha hiedeman,SEA,IND,23.31,31.0,-7.690000000000001,7.690000000000001,59.13610000000002,/home/ubuntu/EdgeRanked/sports/wnba/outputs/archive/projections/wnba_projections_20260517.csv,2026-07-13T11:30:43Z
2026-05-17,2026-05-17,Naz Hillmon,naz hillmon,naz hillmon,ATL,LVA,27.36,30.0,-2.6400000000000006,2.6400000000000006,6.969600000000003,/home/ubuntu/EdgeRanked/sports/wnba/outputs/archive/projections/wnba_projections_20260517.csv,2026-07-13T11:30:43Z
2026-05-17,2026-05-17,Nia Coffey,nia coffey,nia coffey,MIN,CHI,9.12,25.0,-15.88,15.88,252.17440000000002,/home/ubuntu/EdgeRanked/sports/wnba/outputs/archive/projections/wnba_projections_20260517.csv,2026-07-13T11:30:43Z
2026-05-17,2026-05-17,Nneka Ogwumike,nneka ogwumike,nneka ogwumike,LAS,TOR,28.74,31.0,-2.2600000000000016,2.2600000000000016,5.107600000000007,/home/ubuntu/EdgeRanked/sports/wnba/outputs/archive/projections/wnba_projections_20260517.csv,2026-07-13T11:30:43Z
2026-05-17,2026-05-17,Nyara Sabally,nyara sabally,nyara sabally,TOR,LAS,15.81,20.0,-4.1899999999999995,4.1899999999999995,17.556099999999997,/home/ubuntu/EdgeRanked/sports/wnba/outputs/archive/projections/wnba_projections_20260517.csv,2026-07-13T11:30:43Z
2026-05-17,2026-05-17,Olivia Miles,olivia miles,olivia miles,MIN,CHI,31.95,35.0,-3.0500000000000007,3.0500000000000007,9.302500000000004,/home/ubuntu/EdgeRanked/sports/wnba/outputs/archive/projections/wnba_projections_20260517.csv,2026-07-13T11:30:43Z
2026-05-17,2026-05-17,Rickea Jackson,rickea jackson,rickea jackson,CHI,MIN,30.06,11.0,19.06,19.06,363.2836,/home/ubuntu/EdgeRanked/sports/wnba/outputs/archive/projections/wnba_projections_20260517.csv,2026-07-13T11:30:43Z
2026-05-17,2026-05-17,Skylar Diggins,skylar diggins,skylar diggins,CHI,MIN,31.81,0.0,31.81,31.81,1011.8761,/home/ubuntu/EdgeRanked/sports/wnba/outputs/archive/projections/wnba_projections_20260517.csv,2026-07-13T11:30:43Z
2026-05-17,2026-05-17,Sophie Cunningham,sophie cunningham,sophie cunningham,IND,SEA,27.91,25.0,2.91,2.91,8.468100000000002,/home/ubuntu/EdgeRanked/sports/wnba/outputs/archive/projections/wnba_projections_20260517.csv,2026-07-13T11:30:43Z
2026-05-17,2026-05-17,Stefanie Dolson,stefanie dolson,stefanie dolson,SEA,IND,13.59,30.0,-16.41,16.41,269.2881,/home/ubuntu/EdgeRanked/sports/wnba/outputs/archive/projections/wnba_projections_20260517.csv,2026-07-13T11:30:43Z
2026-05-20,2026-05-20,Aliyah Boston,aliyah boston,aliyah boston,IND,POR,28.52,21.0,7.52,7.52,56.550399999999996,/home/ubuntu/EdgeRanked/sports/wnba/outputs/archive/projections/wnba_projections_20260520.csv,2026-07-13T11:30:43Z
2026-05-20,2026-05-20,Bridget Carleton,bridget carleton,bridget carleton,POR,IND,25.54,25.0,0.5399999999999991,0.5399999999999991,0.2915999999999991,/home/ubuntu/EdgeRanked/sports/wnba/outputs/archive/projections/wnba_projections_20260520.csv,2026-07-13T11:30:43Z
2026-05-20,2026-05-20,Carla Leite,carla leite,carla leite,POR,IND,14.2,14.0,0.1999999999999993,0.1999999999999993,0.039999999999999716,/home/ubuntu/EdgeRanked/sports/wnba/outputs/archive/projections/wnba_projections_20260520.csv,2026-07-13T11:30:43Z
2026-05-20,2026-05-20,Emily Engstler,emily engstler,emily engstler,POR,IND,14.27,21.0,-6.73,6.73,45.2929,/home/ubuntu/EdgeRanked/sports/wnba/outputs/archive/projections/wnba_projections_20260520.csv,2026-07-13T11:30:43Z
2026-05-20,2026-05-20,Kelsey Mitchell,kelsey mitchell,kelsey mitchell,IND,POR,30.68,28.0,2.6799999999999997,2.6799999999999997,7.182399999999999,/home/ubuntu/EdgeRanked/sports/wnba/outputs/archive/projections/wnba_projections_20260520.csv,2026-07-13T11:30:43Z
2026-05-20,2026-05-20,Luisa Geiselsöder,luisa geiselsöder,luisa geiselsöder,POR,IND,22.49,22.0,0.48999999999999844,0.48999999999999844,0.24009999999999848,/home/ubuntu/EdgeRanked/sports/wnba/outputs/archive/projections/wnba_projections_20260520.csv,2026-07-13T11:30:43Z
2026-05-20,2026-05-20,Monique Billings,monique billings,monique billings,IND,POR,19.53,21.0,-1.4699999999999989,1.4699999999999989,2.1608999999999967,/home/ubuntu/EdgeRanked/sports/wnba/outputs/archive/projections/wnba_projections_20260520.csv,2026-07-13T11:30:43Z
2026-05-20,2026-05-20,Myisha Hines-Allen,myisha hines-allen,myisha hines-allen,IND,POR,24.69,18.0,6.690000000000001,6.690000000000001,44.75610000000002,/home/ubuntu/EdgeRanked/sports/wnba/outputs/archive/projections/wnba_projections_20260520.csv,2026-07-13T11:30:43Z
2026-05-22,2026-05-22,Alanna Smith,alanna smith,alanna smith,DAL,ATL,24.2,10.0,14.2,14.2,201.64,/home/ubuntu/EdgeRanked/sports/wnba/outputs/archive/projections/wnba_projections_20260522.csv,2026-07-13T11:30:43Z
2026-05-22,2026-05-22,Aliyah Boston,aliyah boston,aliyah boston,IND,GSV,29.19,29.0,0.19000000000000128,0.19000000000000128,0.036100000000000486,/home/ubuntu/EdgeRanked/sports/wnba/outputs/archive/projections/wnba_projections_20260522.csv,2026-07-13T11:30:43Z
2026-05-22,2026-05-22,Allisha Gray,allisha gray,allisha gray,ATL,DAL,32.4,34.0,-1.6000000000000014,1.6000000000000014,2.5600000000000045,/home/ubuntu/EdgeRanked/sports/wnba/outputs/archive/projections/wnba_projections_20260522.csv,2026-07-13T11:30:43Z
2026-05-22,2026-05-22,Angel Reese,angel reese,angel reese,ATL,DAL,32.44,32.0,0.4399999999999977,0.4399999999999977,0.193599999999998,/home/ubuntu/EdgeRanked/sports/wnba/outputs/archive/projections/wnba_projections_20260522.csv,2026-07-13T11:30:43Z
2026-05-22,2026-05-22,Arike Ogunbowale,arike ogunbowale,arike ogunbowale,DAL,ATL,31.37,25.0,6.370000000000001,6.370000000000001,40.576900000000016,/home/ubuntu/EdgeRanked/sports/wnba/outputs/archive/projections/wnba_projections_20260522.csv,2026-07-13T11:30:43Z
2026-05-22,2026-05-22,Azzi Fudd,azzi fudd,azzi fudd,DAL,ATL,28.58,21.0,7.579999999999998,7.579999999999998,57.456399999999974,/home/ubuntu/EdgeRanked/sports/wnba/outputs/archive/projections/wnba_projections_20260522.csv,2026-07-13T11:30:43Z
2026-05-22,2026-05-22,Caitlin Clark,caitlin clark,caitlin clark,IND,GSV,34.36,32.0,2.3599999999999994,2.3599999999999994,5.569599999999998,/home/ubuntu/EdgeRanked/sports/wnba/outputs/archive/projections/wnba_projections_20260522.csv,2026-07-13T11:30:43Z
2026-05-22,2026-05-22,Gabby Williams,gabby williams,gabby williams,GSV,IND,29.55,22.0,7.550000000000001,7.550000000000001,57.00250000000001,/home/ubuntu/EdgeRanked/sports/wnba/outputs/archive/projections/wnba_projections_20260522.csv,2026-07-13T11:30:43Z
2026-05-22,2026-05-22,Janelle Salaün,janelle salaün,janelle salaün,GSV,IND,26.58,21.0,5.579999999999998,5.579999999999998,31.13639999999998,/home/ubuntu/EdgeRanked/sports/wnba/outputs/archive/projections/wnba_projections_20260522.csv,2026-07-13T11:30:43Z
2026-05-22,2026-05-22,Jessica Shepard,jessica shepard,jessica shepard,DAL,ATL,23.11,31.0,-7.890000000000001,7.890000000000001,62.252100000000006,/home/ubuntu/EdgeRanked/sports/wnba/outputs/archive/projections/wnba_projections_20260522.csv,2026-07-13T11:30:43Z
2026-05-22,2026-05-22,Jordin Canada,jordin canada,jordin canada,ATL,DAL,30.39,30.0,0.39000000000000057,0.39000000000000057,0.15210000000000046,/home/ubuntu/EdgeRanked/sports/wnba/outputs/archive/projections/wnba_projections_20260522.csv,2026-07-13T11:30:43Z
2026-05-22,2026-05-22,Kayla Thornton,kayla thornton,kayla thornton,GSV,IND,28.44,27.0,1.4400000000000013,1.4400000000000013,2.073600000000004,/home/ubuntu/EdgeRanked/sports/wnba/outputs/archive/projections/wnba_projections_20260522.csv,2026-07-13T11:30:43Z
2026-05-22,2026-05-22,Kelsey Mitchell,kelsey mitchell,kelsey mitchell,IND,GSV,31.1,31.0,0.10000000000000142,0.10000000000000142,0.010000000000000285,/home/ubuntu/EdgeRanked/sports/wnba/outputs/archive/projections/wnba_projections_20260522.csv,2026-07-13T11:30:43Z
2026-05-22,2026-05-22,Lexie Hull,lexie hull,lexie hull,IND,GSV,24.91,24.0,0.9100000000000001,0.9100000000000001,0.8281000000000003,/home/ubuntu/EdgeRanked/sports/wnba/outputs/archive/projections/wnba_projections_20260522.csv,2026-07-13T11:30:43Z
2026-05-22,2026-05-22,Monique Billings,monique billings,monique billings,IND,GSV,19.2,11.0,8.2,8.2,67.24,/home/ubuntu/EdgeRanked/sports/wnba/outputs/archive/projections/wnba_projections_20260522.csv,2026-07-13T11:30:43Z
2026-05-22,2026-05-22,Naz Hillmon,naz hillmon,naz hillmon,ATL,DAL,29.56,36.0,-6.440000000000001,6.440000000000001,41.47360000000002,/home/ubuntu/EdgeRanked/sports/wnba/outputs/archive/projections/wnba_projections_20260522.csv,2026-07-13T11:30:43Z
2026-05-22,2026-05-22,Paige Bueckers,paige bueckers,paige bueckers,DAL,ATL,32.15,31.0,1.1499999999999986,1.1499999999999986,1.3224999999999967,/home/ubuntu/EdgeRanked/sports/wnba/outputs/archive/projections/wnba_projections_20260522.csv,2026-07-13T11:30:43Z
2026-05-22,2026-05-22,Rhyne Howard,rhyne howard,rhyne howard,ATL,DAL,36.85,35.0,1.8500000000000014,1.8500000000000014,3.422500000000005,/home/ubuntu/EdgeRanked/sports/wnba/outputs/archive/projections/wnba_projections_20260522.csv,2026-07-13T11:30:43Z
2026-05-22,2026-05-22,Sophie Cunningham,sophie cunningham,sophie cunningham,IND,GSV,26.94,28.0,-1.0599999999999987,1.0599999999999987,1.1235999999999973,/home/ubuntu/EdgeRanked/sports/wnba/outputs/archive/projections/wnba_projections_20260522.csv,2026-07-13T11:30:43Z
2026-05-22,2026-05-22,Veronica Burton,veronica burton,veronica burton,GSV,IND,29.54,29.0,0.5399999999999991,0.5399999999999991,0.2915999999999991,/home/ubuntu/EdgeRanked/sports/wnba/outputs/archive/projections/wnba_projections_20260522.csv,2026-07-13T11:30:43Z
2026-05-23,2026-05-23,Bridget Carleton,bridget carleton,bridget carleton,POR,TOR,24.53,28.0,-3.469999999999999,3.469999999999999,12.040899999999992,/home/ubuntu/EdgeRanked/sports/wnba/outputs/archive/projections/wnba_projections_20260523.csv,2026-07-13T11:30:43Z
2026-05-23,2026-05-23,Brittney Sykes,brittney sykes,brittney sykes,TOR,POR,24.81,34.0,-9.190000000000001,9.190000000000001,84.45610000000002,/home/ubuntu/EdgeRanked/sports/wnba/outputs/archive/projections/wnba_projections_20260523.csv,2026-07-13T11:30:43Z
2026-05-23,2026-05-23,Carla Leite,carla leite,carla leite,POR,TOR,13.66,22.0,-8.34,8.34,69.5556,/home/ubuntu/EdgeRanked/sports/wnba/outputs/archive/projections/wnba_projections_20260523.csv,2026-07-13T11:30:43Z
2026-05-23,2026-05-23,Courtney Williams,courtney williams,courtney williams,MIN,CHI,27.26,33.0,-5.739999999999998,5.739999999999998,32.94759999999998,/home/ubuntu/EdgeRanked/sports/wnba/outputs/archive/projections/wnba_projections_20260523.csv,2026-07-13T11:30:43Z
2026-05-23,2026-05-23,Emily Engstler,emily engstler,emily engstler,POR,TOR,12.61,22.0,-9.39,9.39,88.17210000000001,/home/ubuntu/EdgeRanked/sports/wnba/outputs/archive/projections/wnba_projections_20260523.csv,2026-07-13T11:30:43Z
2026-05-23,2026-05-23,Gabriela Jaquez,gabriela jaquez,gabriela jaquez,CHI,MIN,26.56,23.0,3.5599999999999987,3.5599999999999987,12.673599999999992,/home/ubuntu/EdgeRanked/sports/wnba/outputs/archive/projections/wnba_projections_20260523.csv,2026-07-13T11:30:43Z
2026-05-23,2026-05-23,Jacy Sheldon,jacy sheldon,jacy sheldon,CHI,MIN,24.71,19.0,5.710000000000001,5.710000000000001,32.60410000000001,/home/ubuntu/EdgeRanked/sports/wnba/outputs/archive/projections/wnba_projections_20260523.csv,2026-07-13T11:30:43Z
2026-05-23,2026-05-23,Julie Allemand,julie allemand,julie allemand,TOR,POR,27.8,0.0,27.8,27.8,772.84,/home/ubuntu/EdgeRanked/sports/wnba/outputs/archive/projections/wnba_projections_20260523.csv,2026-07-13T11:30:43Z
2026-05-23,2026-05-23,Kamilla Cardoso,kamilla cardoso,kamilla cardoso,CHI,MIN,28.79,23.0,5.789999999999999,5.789999999999999,33.52409999999999,/home/ubuntu/EdgeRanked/sports/wnba/outputs/archive/projections/wnba_projections_20260523.csv,2026-07-13T11:30:43Z
2026-05-23,2026-05-23,Karlie Samuelson,karlie samuelson,karlie samuelson,POR,TOR,13.09,0.0,13.09,13.09,171.3481,/home/ubuntu/EdgeRanked/sports/wnba/outputs/archive/projections/wnba_projections_20260523.csv,2026-07-13T11:30:43Z
2026-05-23,2026-05-23,Kayla McBride,kayla mcbride,kayla mcbride,MIN,CHI,27.35,35.0,-7.649999999999999,7.649999999999999,58.52249999999998,/home/ubuntu/EdgeRanked/sports/wnba/outputs/archive/projections/wnba_projections_20260523.csv,2026-07-13T11:30:43Z
2026-05-23,2026-05-23,Kia Nurse,kia nurse,kia nurse,TOR,POR,20.96,12.0,8.96,8.96,80.28160000000001,/home/ubuntu/EdgeRanked/sports/wnba/outputs/archive/projections/wnba_projections_20260523.csv,2026-07-13T11:30:43Z
2026-05-23,2026-05-23,Kiki Rice,kiki rice,kiki rice,TOR,POR,28.21,30.0,-1.7899999999999991,1.7899999999999991,3.204099999999997,/home/ubuntu/EdgeRanked/sports/wnba/outputs/archive/projections/wnba_projections_20260523.csv,2026-07-13T11:30:43Z
2026-05-23,2026-05-23,Luisa Geiselsöder,luisa geiselsöder,luisa geiselsöder,POR,TOR,21.95,20.0,1.9499999999999993,1.9499999999999993,3.802499999999997,/home/ubuntu/EdgeRanked/sports/wnba/outputs/archive/projections/wnba_projections_20260523.csv,2026-07-13T11:30:43Z
2026-05-23,2026-05-23,Marina Mabrey,marina mabrey,marina mabrey,TOR,POR,29.25,28.0,1.25,1.25,1.5625,/home/ubuntu/EdgeRanked/sports/wnba/outputs/archive/projections/wnba_projections_20260523.csv,2026-07-13T11:30:43Z
2026-05-23,2026-05-23,Megan Gustafson,megan gustafson,megan gustafson,POR,TOR,12.99,20.0,-7.01,7.01,49.1401,/home/ubuntu/EdgeRanked/sports/wnba/outputs/archive/projections/wnba_projections_20260523.csv,2026-07-13T11:30:43Z
2026-05-23,2026-05-23,Natasha Cloud,natasha cloud,natasha cloud,CHI,MIN,29.36,32.0,-2.6400000000000006,2.6400000000000006,6.969600000000003,/home/ubuntu/EdgeRanked/sports/wnba/outputs/archive/projections/wnba_projections_20260523.csv,2026-07-13T11:30:43Z
2026-05-23,2026-05-23,Natasha Howard,natasha howard,natasha howard,MIN,CHI,23.95,33.0,-9.05,9.05,81.90250000000002,/home/ubuntu/EdgeRanked/sports/wnba/outputs/archive/projections/wnba_projections_20260523.csv,2026-07-13T11:30:43Z
2026-05-23,2026-05-23,Nia Coffey,nia coffey,nia coffey,MIN,CHI,9.28,25.0,-15.72,15.72,247.1184,/home/ubuntu/EdgeRanked/sports/wnba/outputs/archive/projections/wnba_projections_20260523.csv,2026-07-13T11:30:43Z
2026-05-23,2026-05-23,Nyara Sabally,nyara sabally,nyara sabally,TOR,POR,17.07,23.0,-5.93,5.93,35.164899999999996,/home/ubuntu/EdgeRanked/sports/wnba/outputs/archive/projections/wnba_projections_20260523.csv,2026-07-13T11:30:43Z
2026-05-23,2026-05-23,Olivia Miles,olivia miles,olivia miles,MIN,CHI,32.05,33.0,-0.9500000000000028,0.9500000000000028,0.9025000000000054,/home/ubuntu/EdgeRanked/sports/wnba/outputs/archive/projections/wnba_projections_20260523.csv,2026-07-13T11:30:43Z
2026-05-23,2026-05-23,Rickea Jackson,rickea jackson,rickea jackson,CHI,MIN,29.67,0.0,29.67,29.67,880.3089000000001,/home/ubuntu/EdgeRanked/sports/wnba/outputs/archive/projections/wnba_projections_20260523.csv,2026-07-13T11:30:43Z
2026-05-23,2026-05-23,Skylar Diggins,skylar diggins,skylar diggins,CHI,MIN,30.62,32.0,-1.379999999999999,1.379999999999999,1.9043999999999972,/home/ubuntu/EdgeRanked/sports/wnba/outputs/archive/projections/wnba_projections_20260523.csv,2026-07-13T11:30:43Z
2026-05-23,2026-05-23,Temi Fágbénlé,temi fágbénlé,temi fágbénlé,TOR,POR,21.71,0.0,21.71,21.71,471.32410000000004,/home/ubuntu/EdgeRanked/sports/wnba/outputs/archive/projections/wnba_projections_20260523.csv,2026-07-13T11:30:43Z
2026-05-24,2026-05-24,Alanna Smith,alanna smith,alanna smith,DAL,NYL,23.52,15.0,8.52,8.52,72.59039999999999,/home/ubuntu/EdgeRanked/sports/wnba/outputs/archive/projections/wnba_projections_20260524.csv,2026-07-13T11:30:43Z
2026-05-24,2026-05-24,Allisha Gray,allisha gray,allisha gray,ATL,PHX,31.23,36.0,-4.77,4.77,22.752899999999997,/home/ubuntu/EdgeRanked/sports/wnba/outputs/archive/projections/wnba_projections_20260524.csv,2026-07-13T11:30:43Z
2026-05-24,2026-05-24,Alyssa Thomas,alyssa thomas,alyssa thomas,PHX,ATL,30.83,36.0,-5.170000000000002,5.170000000000002,26.728900000000017,/home/ubuntu/EdgeRanked/sports/wnba/outputs/archive/projections/wnba_projections_20260524.csv,2026-07-13T11:30:43Z
2026-05-24,2026-05-24,Angel Reese,angel reese,angel reese,ATL,PHX,31.41,32.0,-0.5899999999999999,0.5899999999999999,0.34809999999999985,/home/ubuntu/EdgeRanked/sports/wnba/outputs/archive/projections/wnba_projections_20260524.csv,2026-07-13T11:30:43Z
2026-05-24,2026-05-24,Arike Ogunbowale,arike ogunbowale,arike ogunbowale,DAL,NYL,30.59,38.0,-7.41,7.41,54.908100000000005,/home/ubuntu/EdgeRanked/sports/wnba/outputs/archive/projections/wnba_projections_20260524.csv,2026-07-13T11:30:43Z
2026-05-24,2026-05-24,Azzi Fudd,azzi fudd,azzi fudd,DAL,NYL,27.94,32.0,-4.059999999999999,4.059999999999999,16.48359999999999,/home/ubuntu/EdgeRanked/sports/wnba/outputs/archive/projections/wnba_projections_20260524.csv,2026-07-13T11:30:43Z
2026-05-24,2026-05-24,Breanna Stewart,breanna stewart,breanna stewart,NYL,DAL,28.43,34.0,-5.57,5.57,31.024900000000002,/home/ubuntu/EdgeRanked/sports/wnba/outputs/archive/projections/wnba_projections_20260524.csv,2026-07-13T11:30:43Z
2026-05-24,2026-05-24,DeWanna Bonner,dewanna bonner,dewanna bonner,PHX,ATL,24.77,24.0,0.7699999999999996,0.7699999999999996,0.5928999999999993,/home/ubuntu/EdgeRanked/sports/wnba/outputs/archive/projections/wnba_projections_20260524.csv,2026-07-13T11:30:43Z
2026-05-24,2026-05-24,Dominique Malonga,dominique malonga,dominique malonga,SEA,WAS,16.15,0.0,16.15,16.15,260.82249999999993,/home/ubuntu/EdgeRanked/sports/wnba/outputs/archive/projections/wnba_projections_20260524.csv,2026-07-13T11:30:43Z
2026-05-24,2026-05-24,Flau'jae Johnson,flau'jae johnson,flau'jae johnson,SEA,WAS,31.28,25.0,6.280000000000001,6.280000000000001,39.438400000000016,/home/ubuntu/EdgeRanked/sports/wnba/outputs/archive/projections/wnba_projections_20260524.csv,2026-07-13T11:30:43Z
2026-05-24,2026-05-24,Georgia Amoore,georgia amoore,georgia amoore,WAS,SEA,33.46,26.0,7.460000000000001,7.460000000000001,55.651600000000016,/home/ubuntu/EdgeRanked/sports/wnba/outputs/archive/projections/wnba_projections_20260524.csv,2026-07-13T11:30:43Z
2026-05-24,2026-05-24,Han Xu,han xu,han xu,NYL,DAL,8.18,12.0,-3.8200000000000003,3.8200000000000003,14.592400000000001,/home/ubuntu/EdgeRanked/sports/wnba/outputs/archive/projections/wnba_projections_20260524.csv,2026-07-13T11:30:43Z
2026-05-24,2026-05-24,Jade Melbourne,jade melbourne,jade melbourne,SEA,WAS,18.45,25.0,-6.550000000000001,6.550000000000001,42.90250000000001,/home/ubuntu/EdgeRanked/sports/wnba/outputs/archive/projections/wnba_projections_20260524.csv,2026-07-13T11:30:43Z
2026-05-24,2026-05-24,Jessica Shepard,jessica shepard,jessica shepard,DAL,NYL,22.25,33.0,-10.75,10.75,115.5625,/home/ubuntu/EdgeRanked/sports/wnba/outputs/archive/projections/wnba_projections_20260524.csv,2026-07-13T11:30:43Z
2026-05-24,2026-05-24,Jonquel Jones,jonquel jones,jonquel jones,NYL,DAL,24.33,29.0,-4.670000000000002,4.670000000000002,21.808900000000015,/home/ubuntu/EdgeRanked/sports/wnba/outputs/archive/projections/wnba_projections_20260524.csv,2026-07-13T11:30:43Z
2026-05-24,2026-05-24,Jordin Canada,jordin canada,jordin canada,ATL,PHX,29.61,31.0,-1.3900000000000006,1.3900000000000006,1.9321000000000015,/home/ubuntu/EdgeRanked/sports/wnba/outputs/archive/projections/wnba_projections_20260524.csv,2026-07-13T11:30:43Z
2026-05-24,2026-05-24,Kahleah Copper,kahleah copper,kahleah copper,PHX,ATL,26.03,30.0,-3.969999999999999,3.969999999999999,15.76089999999999,/home/ubuntu/EdgeRanked/sports/wnba/outputs/archive/projections/wnba_projections_20260524.csv,2026-07-13T11:30:43Z
2026-05-24,2026-05-24,Kiki Iriafen,kiki iriafen,kiki iriafen,WAS,SEA,26.5,26.0,0.5,0.5,0.25,/home/ubuntu/EdgeRanked/sports/wnba/outputs/archive/projections/wnba_projections_20260524.csv,2026-07-13T11:30:43Z
2026-05-24,2026-05-24,Lauren Betts,lauren betts,lauren betts,WAS,SEA,29.89,13.0,16.89,16.89,285.2721,/home/ubuntu/EdgeRanked/sports/wnba/outputs/archive/projections/wnba_projections_20260524.csv,2026-07-13T11:30:43Z
2026-05-24,2026-05-24,Maddy Siegrist,maddy siegrist,maddy siegrist,DAL,NYL,27.53,6.0,21.53,21.53,463.5409,/home/ubuntu/EdgeRanked/sports/wnba/outputs/archive/projections/wnba_projections_20260524.csv,2026-07-13T11:30:43Z
2026-05-24,2026-05-24,Marine Johannes,marine johannes,marine johannes,NYL,DAL,14.07,22.0,-7.93,7.93,62.884899999999995,/home/ubuntu/EdgeRanked/sports/wnba/outputs/archive/projections/wnba_projections_20260524.csv,2026-07-13T11:30:43Z
2026-05-24,2026-05-24,Natasha Mack,natasha mack,natasha mack,PHX,ATL,19.51,16.0,3.5100000000000016,3.5100000000000016,12.32010000000001,/home/ubuntu/EdgeRanked/sports/wnba/outputs/archive/projections/wnba_projections_20260524.csv,2026-07-13T11:30:43Z
2026-05-24,2026-05-24,Natisha Hiedeman,natisha hiedeman,natisha hiedeman,SEA,WAS,23.86,28.0,-4.140000000000001,4.140000000000001,17.139600000000005,/home/ubuntu/EdgeRanked/sports/wnba/outputs/archive/projections/wnba_projections_20260524.csv,2026-07-13T11:30:43Z
2026-05-24,2026-05-24,Naz Hillmon,naz hillmon,naz hillmon,ATL,PHX,28.88,23.0,5.879999999999999,5.879999999999999,34.57439999999999,/home/ubuntu/EdgeRanked/sports/wnba/outputs/archive/projections/wnba_projections_20260524.csv,2026-07-13T11:30:43Z
2026-05-24,2026-05-24,Odyssey Sims,odyssey sims,odyssey sims,DAL,NYL,23.69,8.0,15.690000000000001,15.690000000000001,246.17610000000005,/home/ubuntu/EdgeRanked/sports/wnba/outputs/archive/projections/wnba_projections_20260524.csv,2026-07-13T11:30:43Z
2026-05-24,2026-05-24,Paige Bueckers,paige bueckers,paige bueckers,DAL,NYL,31.39,36.0,-4.609999999999999,4.609999999999999,21.252099999999995,/home/ubuntu/EdgeRanked/sports/wnba/outputs/archive/projections/wnba_projections_20260524.csv,2026-07-13T11:30:43Z
2026-05-24,2026-05-24,Rhyne Howard,rhyne howard,rhyne howard,ATL,PHX,35.73,34.0,1.7299999999999969,1.7299999999999969,2.992899999999989,/home/ubuntu/EdgeRanked/sports/wnba/outputs/archive/projections/wnba_projections_20260524.csv,2026-07-13T11:30:43Z
2026-05-24,2026-05-24,Sabrina Ionescu,sabrina ionescu,sabrina ionescu,NYL,DAL,31.49,31.0,0.48999999999999844,0.48999999999999844,0.24009999999999848,/home/ubuntu/EdgeRanked/sports/wnba/outputs/archive/projections/wnba_projections_20260524.csv,2026-07-13T11:30:43Z
2026-05-24,2026-05-24,Satou Sabally,satou sabally,satou sabally,NYL,DAL,26.01,25.0,1.0100000000000016,1.0100000000000016,1.0201000000000031,/home/ubuntu/EdgeRanked/sports/wnba/outputs/archive/projections/wnba_projections_20260524.csv,2026-07-13T11:30:43Z
2026-05-24,2026-05-24,Shakira Austin,shakira austin,shakira austin,WAS,SEA,24.53,29.0,-4.469999999999999,4.469999999999999,19.98089999999999,/home/ubuntu/EdgeRanked/sports/wnba/outputs/archive/projections/wnba_projections_20260524.csv,2026-07-13T11:30:43Z
2026-05-24,2026-05-24,Sonia Citron,sonia citron,sonia citron,WAS,SEA,29.58,32.0,-2.4200000000000017,2.4200000000000017,5.856400000000008,/home/ubuntu/EdgeRanked/sports/wnba/outputs/archive/projections/wnba_projections_20260524.csv,2026-07-13T11:30:43Z
2026-05-24,2026-05-24,Stefanie Dolson,stefanie dolson,stefanie dolson,SEA,WAS,13.7,26.0,-12.3,12.3,151.29000000000002,/home/ubuntu/EdgeRanked/sports/wnba/outputs/archive/projections/wnba_projections_20260524.csv,2026-07-13T11:30:43Z
2026-05-27,2026-05-27,Alyssa Thomas,alyssa thomas,alyssa thomas,PHX,NYL,30.02,32.0,-1.9800000000000004,1.9800000000000004,3.9204000000000017,/home/ubuntu/EdgeRanked/sports/wnba/outputs/archive/projections/wnba_projections_20260527.csv,2026-07-13T11:30:43Z
2026-05-27,2026-05-27,Breanna Stewart,breanna stewart,breanna stewart,NYL,PHX,27.22,34.0,-6.780000000000001,6.780000000000001,45.96840000000002,/home/ubuntu/EdgeRanked/sports/wnba/outputs/archive/projections/wnba_projections_20260527.csv,2026-07-13T11:30:43Z
2026-05-27,2026-05-27,Jonquel Jones,jonquel jones,jonquel jones,NYL,PHX,23.59,31.0,-7.41,7.41,54.908100000000005,/home/ubuntu/EdgeRanked/sports/wnba/outputs/archive/projections/wnba_projections_20260527.csv,2026-07-13T11:30:43Z
2026-05-27,2026-05-27,Kahleah Copper,kahleah copper,kahleah copper,PHX,NYL,25.74,36.0,-10.260000000000002,10.260000000000002,105.26760000000003,/home/ubuntu/EdgeRanked/sports/wnba/outputs/archive/projections/wnba_projections_20260527.csv,2026-07-13T11:30:43Z
2026-05-27,2026-05-27,Marine Johannes,marine johannes,marine johannes,NYL,PHX,14.37,24.0,-9.63,9.63,92.73690000000002,/home/ubuntu/EdgeRanked/sports/wnba/outputs/archive/projections/wnba_projections_20260527.csv,2026-07-13T11:30:43Z
2026-05-27,2026-05-27,Natasha Mack,natasha mack,natasha mack,PHX,NYL,18.6,28.0,-9.399999999999999,9.399999999999999,88.35999999999997,/home/ubuntu/EdgeRanked/sports/wnba/outputs/archive/projections/wnba_projections_20260527.csv,2026-07-13T11:30:43Z
2026-05-29,2026-05-29,Alyssa Thomas,alyssa thomas,alyssa thomas,PHX,NYL,30.02,36.0,-5.98,5.98,35.760400000000004,/home/ubuntu/EdgeRanked/sports/wnba/outputs/archive/projections/wnba_projections_20260529.csv,2026-07-13T11:30:43Z
2026-05-29,2026-05-29,Ariel Atkins,ariel atkins,ariel atkins,LAS,WAS,28.46,29.0,-0.5399999999999991,0.5399999999999991,0.2915999999999991,/home/ubuntu/EdgeRanked/sports/wnba/outputs/archive/projections/wnba_projections_20260529.csv,2026-07-13T11:30:43Z
2026-05-29,2026-05-29,Breanna Stewart,breanna stewart,breanna stewart,NYL,PHX,27.22,29.0,-1.7800000000000011,1.7800000000000011,3.168400000000004,/home/ubuntu/EdgeRanked/sports/wnba/outputs/archive/projections/wnba_projections_20260529.csv,2026-07-13T11:30:43Z
2026-05-29,2026-05-29,Cameron Brink,cameron brink,cameron brink,LAS,WAS,12.82,17.0,-4.18,4.18,17.472399999999997,/home/ubuntu/EdgeRanked/sports/wnba/outputs/archive/projections/wnba_projections_20260529.csv,2026-07-13T11:30:43Z
2026-05-29,2026-05-29,Courtney Williams,courtney williams,courtney williams,MIN,CHI,27.16,29.0,-1.8399999999999999,1.8399999999999999,3.3855999999999993,/home/ubuntu/EdgeRanked/sports/wnba/outputs/archive/projections/wnba_projections_20260529.csv,2026-07-13T11:30:43Z
2026-05-29,2026-05-29,Dearica Hamby,dearica hamby,dearica hamby,LAS,WAS,28.87,30.0,-1.129999999999999,1.129999999999999,1.2768999999999977,/home/ubuntu/EdgeRanked/sports/wnba/outputs/archive/projections/wnba_projections_20260529.csv,2026-07-13T11:30:43Z
2026-05-29,2026-05-29,Jonquel Jones,jonquel jones,jonquel jones,NYL,PHX,23.59,31.0,-7.41,7.41,54.908100000000005,/home/ubuntu/EdgeRanked/sports/wnba/outputs/archive/projections/wnba_projections_20260529.csv,2026-07-13T11:30:43Z
2026-05-29,2026-05-29,Kahleah Copper,kahleah copper,kahleah copper,PHX,NYL,25.74,37.0,-11.260000000000002,11.260000000000002,126.78760000000004,/home/ubuntu/EdgeRanked/sports/wnba/outputs/archive/projections/wnba_projections_20260529.csv,2026-07-13T11:30:43Z
2026-05-29,2026-05-29,Kamilla Cardoso,kamilla cardoso,kamilla cardoso,CHI,MIN,28.19,28.0,0.19000000000000128,0.19000000000000128,0.036100000000000486,/home/ubuntu/EdgeRanked/sports/wnba/outputs/archive/projections/wnba_projections_20260529.csv,2026-07-13T11:30:43Z
2026-05-29,2026-05-29,Kayla McBride,kayla mcbride,kayla mcbride,MIN,CHI,27.01,31.0,-3.9899999999999984,3.9899999999999984,15.920099999999987,/home/ubuntu/EdgeRanked/sports/wnba/outputs/archive/projections/wnba_projections_20260529.csv,2026-07-13T11:30:43Z
2026-05-29,2026-05-29,Kiki Iriafen,kiki iriafen,kiki iriafen,WAS,LAS,26.15,27.0,-0.8500000000000014,0.8500000000000014,0.7225000000000024,/home/ubuntu/EdgeRanked/sports/wnba/outputs/archive/projections/wnba_projections_20260529.csv,2026-07-13T11:30:43Z
2026-05-29,2026-05-29,Marine Johannes,marine johannes,marine johannes,NYL,PHX,14.37,19.0,-4.630000000000001,4.630000000000001,21.43690000000001,/home/ubuntu/EdgeRanked/sports/wnba/outputs/archive/projections/wnba_projections_20260529.csv,2026-07-13T11:30:43Z
2026-05-29,2026-05-29,Natasha Cloud,natasha cloud,natasha cloud,CHI,MIN,29.41,31.0,-1.5899999999999999,1.5899999999999999,2.5280999999999993,/home/ubuntu/EdgeRanked/sports/wnba/outputs/archive/projections/wnba_projections_20260529.csv,2026-07-13T11:30:43Z
2026-05-29,2026-05-29,Natasha Howard,natasha howard,natasha howard,MIN,CHI,23.9,29.0,-5.100000000000001,5.100000000000001,26.010000000000016,/home/ubuntu/EdgeRanked/sports/wnba/outputs/archive/projections/wnba_projections_20260529.csv,2026-07-13T11:30:43Z
2026-05-29,2026-05-29,Natasha Mack,natasha mack,natasha mack,PHX,NYL,18.6,28.0,-9.399999999999999,9.399999999999999,88.35999999999997,/home/ubuntu/EdgeRanked/sports/wnba/outputs/archive/projections/wnba_projections_20260529.csv,2026-07-13T11:30:43Z
2026-05-29,2026-05-29,Nneka Ogwumike,nneka ogwumike,nneka ogwumike,LAS,WAS,29.59,33.0,-3.41,3.41,11.628100000000002,/home/ubuntu/EdgeRanked/sports/wnba/outputs/archive/projections/wnba_projections_20260529.csv,2026-07-13T11:30:43Z
2026-05-29,2026-05-29,Olivia Miles,olivia miles,olivia miles,MIN,CHI,32.41,32.0,0.4099999999999966,0.4099999999999966,0.1680999999999972,/home/ubuntu/EdgeRanked/sports/wnba/outputs/archive/projections/wnba_projections_20260529.csv,2026-07-13T11:30:43Z
2026-05-29,2026-05-29,Satou Sabally,satou sabally,satou sabally,NYL,PHX,24.99,10.0,14.989999999999998,14.989999999999998,224.70009999999996,/home/ubuntu/EdgeRanked/sports/wnba/outputs/archive/projections/wnba_projections_20260529.csv,2026-07-13T11:30:43Z
2026-05-29,2026-05-29,Shakira Austin,shakira austin,shakira austin,WAS,LAS,24.41,25.0,-0.5899999999999999,0.5899999999999999,0.34809999999999985,/home/ubuntu/EdgeRanked/sports/wnba/outputs/archive/projections/wnba_projections_20260529.csv,2026-07-13T11:30:43Z
2026-05-29,2026-05-29,Skylar Diggins,skylar diggins,skylar diggins,CHI,MIN,30.67,29.0,1.6700000000000017,1.6700000000000017,2.7889000000000057,/home/ubuntu/EdgeRanked/sports/wnba/outputs/archive/projections/wnba_projections_20260529.csv,2026-07-13T11:30:43Z
2026-05-29,2026-05-29,Sonia Citron,sonia citron,sonia citron,WAS,LAS,29.3,37.0,-7.699999999999999,7.699999999999999,59.28999999999999,/home/ubuntu/EdgeRanked/sports/wnba/outputs/archive/projections/wnba_projections_20260529.csv,2026-07-13T11:30:43Z
2026-05-30,2026-05-30,Aneesah Morrow,aneesah morrow,aneesah morrow,CON,LAS,19.58,32.0,-12.420000000000002,12.420000000000002,154.25640000000004,/home/ubuntu/EdgeRanked/sports/wnba/outputs/archive/projections/wnba_projections_20260530.csv,2026-07-13T11:30:43Z
2026-05-30,2026-05-30,Bridget Carleton,bridget carleton,bridget carleton,POR,IND,25.09,0.0,25.09,25.09,629.5081,/home/ubuntu/EdgeRanked/sports/wnba/outputs/archive/projections/wnba_projections_20260530.csv,2026-07-13T11:30:43Z
2026-05-30,2026-05-30,Brittney Griner,brittney griner,brittney griner,CON,LAS,17.89,15.0,2.8900000000000006,2.8900000000000006,8.352100000000004,/home/ubuntu/EdgeRanked/sports/wnba/outputs/archive/projections/wnba_projections_20260530.csv,2026-07-13T11:30:43Z
2026-05-30,2026-05-30,Brittney Sykes,brittney sykes,brittney sykes,TOR,SEA,25.37,29.0,-3.629999999999999,3.629999999999999,13.176899999999993,/home/ubuntu/EdgeRanked/sports/wnba/outputs/archive/projections/wnba_projections_20260530.csv,2026-07-13T11:30:43Z
2026-05-30,2026-05-30,Carla Leite,carla leite,carla leite,POR,IND,14.09,24.0,-9.91,9.91,98.2081,/home/ubuntu/EdgeRanked/sports/wnba/outputs/archive/projections/wnba_projections_20260530.csv,2026-07-13T11:30:43Z
2026-05-30,2026-05-30,Dearica Hamby,dearica hamby,dearica hamby,LAS,CON,28.81,30.0,-1.1900000000000013,1.1900000000000013,1.416100000000003,/home/ubuntu/EdgeRanked/sports/wnba/outputs/archive/projections/wnba_projections_20260530.csv,2026-07-13T11:30:43Z
2026-05-30,2026-05-30,Erica Wheeler,erica wheeler,erica wheeler,LAS,CON,24.38,30.0,-5.620000000000001,5.620000000000001,31.584400000000013,/home/ubuntu/EdgeRanked/sports/wnba/outputs/archive/projections/wnba_projections_20260530.csv,2026-07-13T11:30:43Z
2026-05-30,2026-05-30,Flau'jae Johnson,flau'jae johnson,flau'jae johnson,SEA,TOR,32.28,24.0,8.280000000000001,8.280000000000001,68.55840000000002,/home/ubuntu/EdgeRanked/sports/wnba/outputs/archive/projections/wnba_projections_20260530.csv,2026-07-13T11:30:43Z
2026-05-30,2026-05-30,Jade Melbourne,jade melbourne,jade melbourne,SEA,TOR,17.65,27.0,-9.350000000000001,9.350000000000001,87.42250000000003,/home/ubuntu/EdgeRanked/sports/wnba/outputs/archive/projections/wnba_projections_20260530.csv,2026-07-13T11:30:43Z
2026-05-30,2026-05-30,Kiki Rice,kiki rice,kiki rice,TOR,SEA,27.53,28.0,-0.46999999999999886,0.46999999999999886,0.22089999999999893,/home/ubuntu/EdgeRanked/sports/wnba/outputs/archive/projections/wnba_projections_20260530.csv,2026-07-13T11:30:43Z
2026-05-30,2026-05-30,Marina Mabrey,marina mabrey,marina mabrey,TOR,SEA,28.8,29.0,-0.1999999999999993,0.1999999999999993,0.039999999999999716,/home/ubuntu/EdgeRanked/sports/wnba/outputs/archive/projections/wnba_projections_20260530.csv,2026-07-13T11:30:43Z
2026-05-30,2026-05-30,Natisha Hiedeman,natisha hiedeman,natisha hiedeman,SEA,TOR,24.1,23.0,1.1000000000000014,1.1000000000000014,1.210000000000003,/home/ubuntu/EdgeRanked/sports/wnba/outputs/archive/projections/wnba_projections_20260530.csv,2026-07-13T11:30:43Z
2026-05-30,2026-05-30,Nneka Ogwumike,nneka ogwumike,nneka ogwumike,LAS,CON,29.31,33.0,-3.6900000000000013,3.6900000000000013,13.61610000000001,/home/ubuntu/EdgeRanked/sports/wnba/outputs/archive/projections/wnba_projections_20260530.csv,2026-07-13T11:30:43Z
2026-05-30,2026-05-30,Nyara Sabally,nyara sabally,nyara sabally,TOR,SEA,17.54,26.0,-8.46,8.46,71.57160000000002,/home/ubuntu/EdgeRanked/sports/wnba/outputs/archive/projections/wnba_projections_20260530.csv,2026-07-13T11:30:43Z
2026-05-31,2026-05-31,A'ja Wilson,a'ja wilson,a'ja wilson,LVA,GSV,34.57,36.0,-1.4299999999999997,1.4299999999999997,2.0448999999999993,/home/ubuntu/EdgeRanked/sports/wnba/outputs/archive/projections/wnba_projections_20260531.csv,2026-07-13T11:30:43Z
2026-05-31,2026-05-31,Chelsea Gray,chelsea gray,chelsea gray,LVA,GSV,30.06,36.0,-5.940000000000001,5.940000000000001,35.283600000000014,/home/ubuntu/EdgeRanked/sports/wnba/outputs/archive/projections/wnba_projections_20260531.csv,2026-07-13T11:30:43Z
2026-05-31,2026-05-31,Chennedy Carter,chennedy carter,chennedy carter,LVA,GSV,28.53,9.0,19.53,19.53,381.4209,/home/ubuntu/EdgeRanked/sports/wnba/outputs/archive/projections/wnba_projections_20260531.csv,2026-07-13T11:30:43Z
2026-05-31,2026-05-31,Gabby Williams,gabby williams,gabby williams,GSV,LVA,28.87,26.0,2.870000000000001,2.870000000000001,8.236900000000006,/home/ubuntu/EdgeRanked/sports/wnba/outputs/archive/projections/wnba_projections_20260531.csv,2026-07-13T11:30:43Z
2026-05-31,2026-05-31,Jackie Young,jackie young,jackie young,LVA,GSV,30.87,37.0,-6.129999999999999,6.129999999999999,37.57689999999999,/home/ubuntu/EdgeRanked/sports/wnba/outputs/archive/projections/wnba_projections_20260531.csv,2026-07-13T11:30:43Z
2026-05-31,2026-05-31,Janelle Salaün,janelle salaün,janelle salaün,GSV,LVA,25.96,21.0,4.960000000000001,4.960000000000001,24.60160000000001,/home/ubuntu/EdgeRanked/sports/wnba/outputs/archive/projections/wnba_projections_20260531.csv,2026-07-13T11:30:43Z
2026-05-31,2026-05-31,Kayla Thornton,kayla thornton,kayla thornton,GSV,LVA,27.42,27.0,0.4200000000000017,0.4200000000000017,0.17640000000000144,/home/ubuntu/EdgeRanked/sports/wnba/outputs/archive/projections/wnba_projections_20260531.csv,2026-07-13T11:30:43Z
2026-05-31,2026-05-31,Kiah Stokes,kiah stokes,kiah stokes,GSV,LVA,10.11,24.0,-13.89,13.89,192.93210000000002,/home/ubuntu/EdgeRanked/sports/wnba/outputs/archive/projections/wnba_projections_20260531.csv,2026-07-13T11:30:43Z
2026-05-31,2026-05-31,Tiffany Hayes,tiffany hayes,tiffany hayes,GSV,LVA,24.36,14.0,10.36,10.36,107.32959999999999,/home/ubuntu/EdgeRanked/sports/wnba/outputs/archive/projections/wnba_projections_20260531.csv,2026-07-13T11:30:43Z
2026-05-31,2026-05-31,Veronica Burton,veronica burton,veronica burton,GSV,LVA,28.5,28.0,0.5,0.5,0.25,/home/ubuntu/EdgeRanked/sports/wnba/outputs/archive/projections/wnba_projections_20260531.csv,2026-07-13T11:30:43Z
2026-06-02,2026-06-02,A'ja Wilson,a'ja wilson,a'ja wilson,LVA,LAS,34.87,34.0,0.8699999999999974,0.8699999999999974,0.7568999999999956,/home/ubuntu/EdgeRanked/sports/wnba/outputs/archive/projections/wnba_projections_20260602.csv,2026-07-13T11:30:43Z
2026-06-02,2026-06-02,Allisha Gray,allisha gray,allisha gray,ATL,CON,31.66,36.0,-4.34,4.34,18.8356,/home/ubuntu/EdgeRanked/sports/wnba/outputs/archive/projections/wnba_projections_20260602.csv,2026-07-13T11:30:43Z
2026-06-02,2026-06-02,Aneesah Morrow,aneesah morrow,aneesah morrow,CON,ATL,18.92,30.0,-11.079999999999998,11.079999999999998,122.76639999999996,/home/ubuntu/EdgeRanked/sports/wnba/outputs/archive/projections/wnba_projections_20260602.csv,2026-07-13T11:30:43Z
2026-06-02,2026-06-02,Angel Reese,angel reese,angel reese,ATL,CON,31.58,29.0,2.5799999999999983,2.5799999999999983,6.656399999999991,/home/ubuntu/EdgeRanked/sports/wnba/outputs/archive/projections/wnba_projections_20260602.csv,2026-07-13T11:30:43Z
2026-06-02,2026-06-02,Ariel Atkins,ariel atkins,ariel atkins,LAS,LVA,28.39,29.0,-0.6099999999999994,0.6099999999999994,0.3720999999999993,/home/ubuntu/EdgeRanked/sports/wnba/outputs/archive/projections/wnba_projections_20260602.csv,2026-07-13T11:30:43Z
2026-06-02,2026-06-02,Azurá Stevens,azurá stevens,azurá stevens,CHI,WAS,27.23,19.0,8.23,8.23,67.7329,/home/ubuntu/EdgeRanked/sports/wnba/outputs/archive/projections/wnba_projections_20260602.csv,2026-07-13T11:30:43Z
2026-06-02,2026-06-02,Bridget Carleton,bridget carleton,bridget carleton,POR,GSV,24.7,30.0,-5.300000000000001,5.300000000000001,28.090000000000007,/home/ubuntu/EdgeRanked/sports/wnba/outputs/archive/projections/wnba_projections_20260602.csv,2026-07-13T11:30:43Z
2026-06-02,2026-06-02,Brittney Griner,brittney griner,brittney griner,CON,ATL,18.4,29.0,-10.600000000000001,10.600000000000001,112.36000000000003,/home/ubuntu/EdgeRanked/sports/wnba/outputs/archive/projections/wnba_projections_20260602.csv,2026-07-13T11:30:43Z
2026-06-02,2026-06-02,Cameron Brink,cameron brink,cameron brink,LAS,LVA,12.68,25.0,-12.32,12.32,151.7824,/home/ubuntu/EdgeRanked/sports/wnba/outputs/archive/projections/wnba_projections_20260602.csv,2026-07-13T11:30:43Z
2026-06-02,2026-06-02,Carla Leite,carla leite,carla leite,POR,GSV,14.86,24.0,-9.14,9.14,83.53960000000001,/home/ubuntu/EdgeRanked/sports/wnba/outputs/archive/projections/wnba_projections_20260602.csv,2026-07-13T11:30:43Z
2026-06-02,2026-06-02,Cecilia Zandalasini,cecilia zandalasini,cecilia zandalasini,GSV,POR,23.53,23.0,0.5300000000000011,0.5300000000000011,0.2809000000000012,/home/ubuntu/EdgeRanked/sports/wnba/outputs/archive/projections/wnba_projections_20260602.csv,2026-07-13T11:30:43Z
2026-06-02,2026-06-02,Chelsea Gray,chelsea gray,chelsea gray,LVA,LAS,30.12,34.0,-3.879999999999999,3.879999999999999,15.054399999999992,/home/ubuntu/EdgeRanked/sports/wnba/outputs/archive/projections/wnba_projections_20260602.csv,2026-07-13T11:30:43Z
2026-06-02,2026-06-02,Dearica Hamby,dearica hamby,dearica hamby,LAS,LVA,28.57,24.0,4.57,4.57,20.884900000000002,/home/ubuntu/EdgeRanked/sports/wnba/outputs/archive/projections/wnba_projections_20260602.csv,2026-07-13T11:30:43Z
2026-06-02,2026-06-02,Emily Engstler,emily engstler,emily engstler,POR,GSV,13.78,29.0,-15.22,15.22,231.6484,/home/ubuntu/EdgeRanked/sports/wnba/outputs/archive/projections/wnba_projections_20260602.csv,2026-07-13T11:30:43Z
2026-06-02,2026-06-02,Erica Wheeler,erica wheeler,erica wheeler,LAS,LVA,23.72,26.0,-2.280000000000001,2.280000000000001,5.198400000000005,/home/ubuntu/EdgeRanked/sports/wnba/outputs/archive/projections/wnba_projections_20260602.csv,2026-07-13T11:30:43Z
2026-06-02,2026-06-02,Gabby Williams,gabby williams,gabby williams,GSV,POR,29.33,27.0,2.3299999999999983,2.3299999999999983,5.428899999999992,/home/ubuntu/EdgeRanked/sports/wnba/outputs/archive/projections/wnba_projections_20260602.csv,2026-07-13T11:30:43Z
2026-06-02,2026-06-02,Georgia Amoore,georgia amoore,georgia amoore,WAS,CHI,32.79,21.0,11.79,11.79,139.0041,/home/ubuntu/EdgeRanked/sports/wnba/outputs/archive/projections/wnba_projections_20260602.csv,2026-07-13T11:30:43Z
2026-06-02,2026-06-02,Jackie Young,jackie young,jackie young,LVA,LAS,30.87,36.0,-5.129999999999999,5.129999999999999,26.31689999999999,/home/ubuntu/EdgeRanked/sports/wnba/outputs/archive/projections/wnba_projections_20260602.csv,2026-07-13T11:30:43Z
2026-06-02,2026-06-02,Jacy Sheldon,jacy sheldon,jacy sheldon,CHI,WAS,23.58,31.0,-7.420000000000002,7.420000000000002,55.056400000000025,/home/ubuntu/EdgeRanked/sports/wnba/outputs/archive/projections/wnba_projections_20260602.csv,2026-07-13T11:30:43Z
2026-06-02,2026-06-02,Janelle Salaün,janelle salaün,janelle salaün,GSV,POR,26.25,23.0,3.25,3.25,10.5625,/home/ubuntu/EdgeRanked/sports/wnba/outputs/archive/projections/wnba_projections_20260602.csv,2026-07-13T11:30:43Z
2026-06-02,2026-06-02,Jordin Canada,jordin canada,jordin canada,ATL,CON,29.65,36.0,-6.350000000000001,6.350000000000001,40.32250000000002,/home/ubuntu/EdgeRanked/sports/wnba/outputs/archive/projections/wnba_projections_20260602.csv,2026-07-13T11:30:43Z
2026-06-02,2026-06-02,Kamilla Cardoso,kamilla cardoso,kamilla cardoso,CHI,WAS,27.85,33.0,-5.149999999999999,5.149999999999999,26.522499999999987,/home/ubuntu/EdgeRanked/sports/wnba/outputs/archive/projections/wnba_projections_20260602.csv,2026-07-13T11:30:43Z
2026-06-02,2026-06-02,Kayla Thornton,kayla thornton,kayla thornton,GSV,POR,27.46,26.0,1.4600000000000009,1.4600000000000009,2.1316000000000024,/home/ubuntu/EdgeRanked/sports/wnba/outputs/archive/projections/wnba_projections_20260602.csv,2026-07-13T11:30:43Z
2026-06-02,2026-06-02,Kiki Iriafen,kiki iriafen,kiki iriafen,WAS,CHI,25.27,27.0,-1.7300000000000004,1.7300000000000004,2.9929000000000014,/home/ubuntu/EdgeRanked/sports/wnba/outputs/archive/projections/wnba_projections_20260602.csv,2026-07-13T11:30:43Z
2026-06-02,2026-06-02,Leila Lacan,leila lacan,leila lacan,CON,ATL,28.04,28.0,0.03999999999999915,0.03999999999999915,0.0015999999999999318,/home/ubuntu/EdgeRanked/sports/wnba/outputs/archive/projections/wnba_projections_20260602.csv,2026-07-13T11:30:43Z
2026-06-02,2026-06-02,Megan Gustafson,megan gustafson,megan gustafson,POR,GSV,13.73,24.0,-10.27,10.27,105.4729,/home/ubuntu/EdgeRanked/sports/wnba/outputs/archive/projections/wnba_projections_20260602.csv,2026-07-13T11:30:43Z
2026-06-02,2026-06-02,Michaela Onyenwere,michaela onyenwere,michaela onyenwere,WAS,CHI,19.8,22.0,-2.1999999999999993,2.1999999999999993,4.839999999999997,/home/ubuntu/EdgeRanked/sports/wnba/outputs/archive/projections/wnba_projections_20260602.csv,2026-07-13T11:30:43Z
2026-06-02,2026-06-02,NaLyssa Smith,nalyssa smith,nalyssa smith,LVA,LAS,26.23,21.0,5.23,5.23,27.352900000000005,/home/ubuntu/EdgeRanked/sports/wnba/outputs/archive/projections/wnba_projections_20260602.csv,2026-07-13T11:30:43Z
2026-06-02,2026-06-02,Natasha Cloud,natasha cloud,natasha cloud,CHI,WAS,28.49,24.0,4.489999999999998,4.489999999999998,20.160099999999986,/home/ubuntu/EdgeRanked/sports/wnba/outputs/archive/projections/wnba_projections_20260602.csv,2026-07-13T11:30:43Z
2026-06-02,2026-06-02,Naz Hillmon,naz hillmon,naz hillmon,ATL,CON,29.19,35.0,-5.809999999999999,5.809999999999999,33.75609999999998,/home/ubuntu/EdgeRanked/sports/wnba/outputs/archive/projections/wnba_projections_20260602.csv,2026-07-13T11:30:43Z
2026-06-02,2026-06-02,Nneka Ogwumike,nneka ogwumike,nneka ogwumike,LAS,LVA,29.33,31.0,-1.6700000000000017,1.6700000000000017,2.7889000000000057,/home/ubuntu/EdgeRanked/sports/wnba/outputs/archive/projections/wnba_projections_20260602.csv,2026-07-13T11:30:43Z
2026-06-02,2026-06-02,Rae Burrell,rae burrell,rae burrell,LAS,LVA,20.01,33.0,-12.989999999999998,12.989999999999998,168.74009999999996,/home/ubuntu/EdgeRanked/sports/wnba/outputs/archive/projections/wnba_projections_20260602.csv,2026-07-13T11:30:43Z
2026-06-02,2026-06-02,Rhyne Howard,rhyne howard,rhyne howard,ATL,CON,35.06,37.0,-1.9399999999999977,1.9399999999999977,3.7635999999999914,/home/ubuntu/EdgeRanked/sports/wnba/outputs/archive/projections/wnba_projections_20260602.csv,2026-07-13T11:30:43Z
2026-06-02,2026-06-02,Shakira Austin,shakira austin,shakira austin,WAS,CHI,24.49,25.0,-0.5100000000000016,0.5100000000000016,0.2601000000000016,/home/ubuntu/EdgeRanked/sports/wnba/outputs/archive/projections/wnba_projections_20260602.csv,2026-07-13T11:30:43Z
2026-06-02,2026-06-02,Skylar Diggins,skylar diggins,skylar diggins,CHI,WAS,30.93,27.0,3.9299999999999997,3.9299999999999997,15.444899999999997,/home/ubuntu/EdgeRanked/sports/wnba/outputs/archive/projections/wnba_projections_20260602.csv,2026-07-13T11:30:43Z
2026-06-02,2026-06-02,Veronica Burton,veronica burton,veronica burton,GSV,POR,29.48,23.0,6.48,6.48,41.99040000000001,/home/ubuntu/EdgeRanked/sports/wnba/outputs/archive/projections/wnba_projections_20260602.csv,2026-07-13T11:30:43Z
2026-06-03,2026-06-03,Alyssa Thomas,alyssa thomas,alyssa thomas,PHX,SEA,31.51,34.0,-2.4899999999999984,2.4899999999999984,6.200099999999992,/home/ubuntu/EdgeRanked/sports/wnba/outputs/archive/projections/wnba_projections_20260603.csv,2026-07-13T11:30:43Z
2026-06-03,2026-06-03,Breanna Stewart,breanna stewart,breanna stewart,NYL,TOR,28.76,30.0,-1.2399999999999984,1.2399999999999984,1.537599999999996,/home/ubuntu/EdgeRanked/sports/wnba/outputs/archive/projections/wnba_projections_20260603.csv,2026-07-13T11:30:43Z
2026-06-03,2026-06-03,Brittney Sykes,brittney sykes,brittney sykes,TOR,NYL,25.08,34.0,-8.920000000000002,8.920000000000002,79.56640000000003,/home/ubuntu/EdgeRanked/sports/wnba/outputs/archive/projections/wnba_projections_20260603.csv,2026-07-13T11:30:43Z
2026-06-03,2026-06-03,Flau'jae Johnson,flau'jae johnson,flau'jae johnson,SEA,PHX,31.04,29.0,2.039999999999999,2.039999999999999,4.161599999999996,/home/ubuntu/EdgeRanked/sports/wnba/outputs/archive/projections/wnba_projections_20260603.csv,2026-07-13T11:30:43Z
2026-06-03,2026-06-03,Jade Melbourne,jade melbourne,jade melbourne,SEA,PHX,18.41,13.0,5.41,5.41,29.2681,/home/ubuntu/EdgeRanked/sports/wnba/outputs/archive/projections/wnba_projections_20260603.csv,2026-07-13T11:30:43Z
2026-06-03,2026-06-03,Jonquel Jones,jonquel jones,jonquel jones,NYL,TOR,24.09,34.0,-9.91,9.91,98.2081,/home/ubuntu/EdgeRanked/sports/wnba/outputs/archive/projections/wnba_projections_20260603.csv,2026-07-13T11:30:43Z
2026-06-03,2026-06-03,Kahleah Copper,kahleah copper,kahleah copper,PHX,SEA,24.67,35.0,-10.329999999999998,10.329999999999998,106.70889999999997,/home/ubuntu/EdgeRanked/sports/wnba/outputs/archive/projections/wnba_projections_20260603.csv,2026-07-13T11:30:43Z
2026-06-03,2026-06-03,Kiki Rice,kiki rice,kiki rice,TOR,NYL,26.88,23.0,3.879999999999999,3.879999999999999,15.054399999999992,/home/ubuntu/EdgeRanked/sports/wnba/outputs/archive/projections/wnba_projections_20260603.csv,2026-07-13T11:30:43Z
2026-06-03,2026-06-03,Leonie Fiebich,leonie fiebich,leonie fiebich,NYL,TOR,24.86,26.0,-1.1400000000000006,1.1400000000000006,1.2996000000000012,/home/ubuntu/EdgeRanked/sports/wnba/outputs/archive/projections/wnba_projections_20260603.csv,2026-07-13T11:30:43Z
2026-06-03,2026-06-03,Marina Mabrey,marina mabrey,marina mabrey,TOR,NYL,28.89,26.0,2.8900000000000006,2.8900000000000006,8.352100000000004,/home/ubuntu/EdgeRanked/sports/wnba/outputs/archive/projections/wnba_projections_20260603.csv,2026-07-13T11:30:43Z
2026-06-03,2026-06-03,Marine Johannes,marine johannes,marine johannes,NYL,TOR,13.67,27.0,-13.33,13.33,177.6889,/home/ubuntu/EdgeRanked/sports/wnba/outputs/archive/projections/wnba_projections_20260603.csv,2026-07-13T11:30:43Z
2026-06-03,2026-06-03,Monique Akoa Makani,monique akoa makani,monique akoa makani,PHX,SEA,19.63,28.0,-8.370000000000001,8.370000000000001,70.05690000000001,/home/ubuntu/EdgeRanked/sports/wnba/outputs/archive/projections/wnba_projections_20260603.csv,2026-07-13T11:30:43Z
2026-06-03,2026-06-03,Natasha Mack,natasha mack,natasha mack,PHX,SEA,18.38,26.0,-7.620000000000001,7.620000000000001,58.06440000000001,/home/ubuntu/EdgeRanked/sports/wnba/outputs/archive/projections/wnba_projections_20260603.csv,2026-07-13T11:30:43Z
2026-06-03,2026-06-03,Natisha Hiedeman,natisha hiedeman,natisha hiedeman,SEA,PHX,23.66,30.0,-6.34,6.34,40.1956,/home/ubuntu/EdgeRanked/sports/wnba/outputs/archive/projections/wnba_projections_20260603.csv,2026-07-13T11:30:43Z
2026-06-03,2026-06-03,Nyara Sabally,nyara sabally,nyara sabally,TOR,NYL,15.93,29.0,-13.07,13.07,170.8249,/home/ubuntu/EdgeRanked/sports/wnba/outputs/archive/projections/wnba_projections_20260603.csv,2026-07-13T11:30:43Z
2026-06-03,2026-06-03,Satou Sabally,satou sabally,satou sabally,NYL,TOR,25.37,14.0,11.370000000000001,11.370000000000001,129.2769,/home/ubuntu/EdgeRanked/sports/wnba/outputs/archive/projections/wnba_projections_20260603.csv,2026-07-13T11:30:43Z
2026-06-04,2026-06-04,Aliyah Boston,aliyah boston,aliyah boston,IND,ATL,29.32,31.0,-1.6799999999999997,1.6799999999999997,2.822399999999999,/home/ubuntu/EdgeRanked/sports/wnba/outputs/archive/projections/wnba_projections_20260604.csv,2026-07-13T11:30:43Z
2026-06-04,2026-06-04,Allisha Gray,allisha gray,allisha gray,ATL,IND,32.42,36.0,-3.5799999999999983,3.5799999999999983,12.816399999999987,/home/ubuntu/EdgeRanked/sports/wnba/outputs/archive/projections/wnba_projections_20260604.csv,2026-07-13T11:30:43Z
2026-06-04,2026-06-04,Angel Reese,angel reese,angel reese,ATL,IND,31.66,31.0,0.6600000000000001,0.6600000000000001,0.4356000000000002,/home/ubuntu/EdgeRanked/sports/wnba/outputs/archive/projections/wnba_projections_20260604.csv,2026-07-13T11:30:43Z
2026-06-04,2026-06-04,Caitlin Clark,caitlin clark,caitlin clark,IND,ATL,34.38,31.0,3.3800000000000026,3.3800000000000026,11.424400000000018,/home/ubuntu/EdgeRanked/sports/wnba/outputs/archive/projections/wnba_projections_20260604.csv,2026-07-13T11:30:43Z
2026-06-04,2026-06-04,Cecilia Zandalasini,cecilia zandalasini,cecilia zandalasini,GSV,MIN,24.07,27.0,-2.9299999999999997,2.9299999999999997,8.584899999999998,/home/ubuntu/EdgeRanked/sports/wnba/outputs/archive/projections/wnba_projections_20260604.csv,2026-07-13T11:30:43Z
2026-06-04,2026-06-04,Courtney Williams,courtney williams,courtney williams,MIN,GSV,27.64,34.0,-6.359999999999999,6.359999999999999,40.44959999999999,/home/ubuntu/EdgeRanked/sports/wnba/outputs/archive/projections/wnba_projections_20260604.csv,2026-07-13T11:30:43Z
2026-06-04,2026-06-04,Gabby Williams,gabby williams,gabby williams,GSV,MIN,29.53,25.0,4.530000000000001,4.530000000000001,20.52090000000001,/home/ubuntu/EdgeRanked/sports/wnba/outputs/archive/projections/wnba_projections_20260604.csv,2026-07-13T11:30:43Z
2026-06-04,2026-06-04,Janelle Salaün,janelle salaün,janelle salaün,GSV,MIN,26.58,19.0,7.579999999999998,7.579999999999998,57.456399999999974,/home/ubuntu/EdgeRanked/sports/wnba/outputs/archive/projections/wnba_projections_20260604.csv,2026-07-13T11:30:43Z
2026-06-04,2026-06-04,Jordin Canada,jordin canada,jordin canada,ATL,IND,29.92,32.0,-2.0799999999999983,2.0799999999999983,4.3263999999999925,/home/ubuntu/EdgeRanked/sports/wnba/outputs/archive/projections/wnba_projections_20260604.csv,2026-07-13T11:30:43Z
2026-06-04,2026-06-04,Kayla McBride,kayla mcbride,kayla mcbride,MIN,GSV,27.57,32.0,-4.43,4.43,19.624899999999997,/home/ubuntu/EdgeRanked/sports/wnba/outputs/archive/projections/wnba_projections_20260604.csv,2026-07-13T11:30:43Z
2026-06-04,2026-06-04,Kayla Thornton,kayla thornton,kayla thornton,GSV,MIN,27.66,21.0,6.66,6.66,44.3556,/home/ubuntu/EdgeRanked/sports/wnba/outputs/archive/projections/wnba_projections_20260604.csv,2026-07-13T11:30:43Z
2026-06-04,2026-06-04,Kelsey Mitchell,kelsey mitchell,kelsey mitchell,IND,ATL,31.34,33.0,-1.6600000000000001,1.6600000000000001,2.7556000000000003,/home/ubuntu/EdgeRanked/sports/wnba/outputs/archive/projections/wnba_projections_20260604.csv,2026-07-13T11:30:43Z
2026-06-04,2026-06-04,Natasha Howard,natasha howard,natasha howard,MIN,GSV,23.49,30.0,-6.510000000000002,6.510000000000002,42.38010000000002,/home/ubuntu/EdgeRanked/sports/wnba/outputs/archive/projections/wnba_projections_20260604.csv,2026-07-13T11:30:43Z
2026-06-04,2026-06-04,Naz Hillmon,naz hillmon,naz hillmon,ATL,IND,28.9,28.0,0.8999999999999986,0.8999999999999986,0.8099999999999974,/home/ubuntu/EdgeRanked/sports/wnba/outputs/archive/projections/wnba_projections_20260604.csv,2026-07-13T11:30:43Z
2026-06-04,2026-06-04,Nia Coffey,nia coffey,nia coffey,MIN,GSV,9.52,35.0,-25.48,25.48,649.2304,/home/ubuntu/EdgeRanked/sports/wnba/outputs/archive/projections/wnba_projections_20260604.csv,2026-07-13T11:30:43Z
2026-06-04,2026-06-04,Olivia Miles,olivia miles,olivia miles,MIN,GSV,32.3,28.0,4.299999999999997,4.299999999999997,18.489999999999977,/home/ubuntu/EdgeRanked/sports/wnba/outputs/archive/projections/wnba_projections_20260604.csv,2026-07-13T11:30:43Z
2026-06-04,2026-06-04,Rhyne Howard,rhyne howard,rhyne howard,ATL,IND,35.72,37.0,-1.2800000000000011,1.2800000000000011,1.638400000000003,/home/ubuntu/EdgeRanked/sports/wnba/outputs/archive/projections/wnba_projections_20260604.csv,2026-07-13T11:30:43Z
2026-06-04,2026-06-04,Sophie Cunningham,sophie cunningham,sophie cunningham,IND,ATL,27.42,19.0,8.420000000000002,8.420000000000002,70.89640000000003,/home/ubuntu/EdgeRanked/sports/wnba/outputs/archive/projections/wnba_projections_20260604.csv,2026-07-13T11:30:43Z
2026-06-04,2026-06-04,Veronica Burton,veronica burton,veronica burton,GSV,MIN,29.83,26.0,3.8299999999999983,3.8299999999999983,14.668899999999987,/home/ubuntu/EdgeRanked/sports/wnba/outputs/archive/projections/wnba_projections_20260604.csv,2026-07-13T11:30:43Z
2026-06-06,2026-06-06,A'ja Wilson,a'ja wilson,a'ja wilson,LVA,GSV,34.02,35.0,-0.9799999999999969,0.9799999999999969,0.9603999999999939,/home/ubuntu/EdgeRanked/sports/wnba/outputs/archive/projections/wnba_projections_20260606.csv,2026-07-13T11:30:43Z
2026-06-06,2026-06-06,Aliyah Boston,aliyah boston,aliyah boston,IND,NYL,28.79,29.0,-0.21000000000000085,0.21000000000000085,0.04410000000000036,/home/ubuntu/EdgeRanked/sports/wnba/outputs/archive/projections/wnba_projections_20260606.csv,2026-07-13T11:30:43Z
2026-06-06,2026-06-06,Allisha Gray,allisha gray,allisha gray,ATL,WAS,32.44,25.0,7.439999999999998,7.439999999999998,55.353599999999965,/home/ubuntu/EdgeRanked/sports/wnba/outputs/archive/projections/wnba_projections_20260606.csv,2026-07-13T11:30:43Z
2026-06-06,2026-06-06,Alysha Clark,alysha clark,alysha clark,LVA,GSV,24.7,2.0,22.7,22.7,515.29,/home/ubuntu/EdgeRanked/sports/wnba/outputs/archive/projections/wnba_projections_20260606.csv,2026-07-13T11:30:43Z
2026-06-06,2026-06-06,Angel Reese,angel reese,angel reese,ATL,WAS,31.73,25.0,6.73,6.73,45.2929,/home/ubuntu/EdgeRanked/sports/wnba/outputs/archive/projections/wnba_projections_20260606.csv,2026-07-13T11:30:43Z
2026-06-06,2026-06-06,Betnijah Laney-Hamilton,betnijah laney-hamilton,betnijah laney-hamilton,NYL,IND,27.2,12.0,15.2,15.2,231.04,/home/ubuntu/EdgeRanked/sports/wnba/outputs/archive/projections/wnba_projections_20260606.csv,2026-07-13T11:30:43Z
2026-06-06,2026-06-06,Breanna Stewart,breanna stewart,breanna stewart,NYL,IND,28.16,33.0,-4.84,4.84,23.4256,/home/ubuntu/EdgeRanked/sports/wnba/outputs/archive/projections/wnba_projections_20260606.csv,2026-07-13T11:30:43Z
2026-06-06,2026-06-06,Caitlin Clark,caitlin clark,caitlin clark,IND,NYL,34.14,34.0,0.14000000000000057,0.14000000000000057,0.01960000000000016,/home/ubuntu/EdgeRanked/sports/wnba/outputs/archive/projections/wnba_projections_20260606.csv,2026-07-13T11:30:43Z
2026-06-06,2026-06-06,Cecilia Zandalasini,cecilia zandalasini,cecilia zandalasini,GSV,LVA,23.48,16.0,7.48,7.48,55.95040000000001,/home/ubuntu/EdgeRanked/sports/wnba/outputs/archive/projections/wnba_projections_20260606.csv,2026-07-13T11:30:43Z
2026-06-06,2026-06-06,Chelsea Gray,chelsea gray,chelsea gray,LVA,GSV,30.14,36.0,-5.859999999999999,5.859999999999999,34.33959999999999,/home/ubuntu/EdgeRanked/sports/wnba/outputs/archive/projections/wnba_projections_20260606.csv,2026-07-13T11:30:43Z
2026-06-06,2026-06-06,Courtney Williams,courtney williams,courtney williams,MIN,SEA,27.7,27.0,0.6999999999999993,0.6999999999999993,0.489999999999999,/home/ubuntu/EdgeRanked/sports/wnba/outputs/archive/projections/wnba_projections_20260606.csv,2026-07-13T11:30:43Z
2026-06-06,2026-06-06,Dominique Malonga,dominique malonga,dominique malonga,SEA,MIN,16.6,14.0,2.6000000000000014,2.6000000000000014,6.760000000000008,/home/ubuntu/EdgeRanked/sports/wnba/outputs/archive/projections/wnba_projections_20260606.csv,2026-07-13T11:30:43Z
2026-06-06,2026-06-06,Erica Wheeler,erica wheeler,erica wheeler,IND,NYL,24.02,33.0,-8.98,8.98,80.64040000000001,/home/ubuntu/EdgeRanked/sports/wnba/outputs/archive/projections/wnba_projections_20260606.csv,2026-07-13T11:30:43Z
2026-06-06,2026-06-06,Flau'jae Johnson,flau'jae johnson,flau'jae johnson,SEA,MIN,31.61,26.0,5.609999999999999,5.609999999999999,31.472099999999994,/home/ubuntu/EdgeRanked/sports/wnba/outputs/archive/projections/wnba_projections_20260606.csv,2026-07-13T11:30:43Z
2026-06-06,2026-06-06,Gabby Williams,gabby williams,gabby williams,GSV,LVA,29.51,28.0,1.5100000000000016,1.5100000000000016,2.280100000000005,/home/ubuntu/EdgeRanked/sports/wnba/outputs/archive/projections/wnba_projections_20260606.csv,2026-07-13T11:30:43Z
2026-06-06,2026-06-06,Georgia Amoore,georgia amoore,georgia amoore,WAS,ATL,32.54,23.0,9.54,9.54,91.01159999999999,/home/ubuntu/EdgeRanked/sports/wnba/outputs/archive/projections/wnba_projections_20260606.csv,2026-07-13T11:30:43Z
2026-06-06,2026-06-06,Han Xu,han xu,han xu,NYL,IND,9.27,8.0,1.2699999999999996,1.2699999999999996,1.612899999999999,/home/ubuntu/EdgeRanked/sports/wnba/outputs/archive/projections/wnba_projections_20260606.csv,2026-07-13T11:30:43Z
2026-06-06,2026-06-06,Jackie Young,jackie young,jackie young,LVA,GSV,30.99,36.0,-5.010000000000002,5.010000000000002,25.100100000000015,/home/ubuntu/EdgeRanked/sports/wnba/outputs/archive/projections/wnba_projections_20260606.csv,2026-07-13T11:30:43Z
2026-06-06,2026-06-06,Jade Melbourne,jade melbourne,jade melbourne,SEA,MIN,19.19,20.0,-0.8099999999999987,0.8099999999999987,0.6560999999999979,/home/ubuntu/EdgeRanked/sports/wnba/outputs/archive/projections/wnba_projections_20260606.csv,2026-07-13T11:30:43Z
2026-06-06,2026-06-06,Janelle Salaün,janelle salaün,janelle salaün,GSV,LVA,26.36,28.0,-1.6400000000000006,1.6400000000000006,2.6896000000000018,/home/ubuntu/EdgeRanked/sports/wnba/outputs/archive/projections/wnba_projections_20260606.csv,2026-07-13T11:30:43Z
2026-06-06,2026-06-06,Jewell Loyd,jewell loyd,jewell loyd,LVA,GSV,27.8,28.0,-0.1999999999999993,0.1999999999999993,0.039999999999999716,/home/ubuntu/EdgeRanked/sports/wnba/outputs/archive/projections/wnba_projections_20260606.csv,2026-07-13T11:30:43Z
2026-06-06,2026-06-06,Jonquel Jones,jonquel jones,jonquel jones,NYL,IND,24.15,28.0,-3.8500000000000014,3.8500000000000014,14.82250000000001,/home/ubuntu/EdgeRanked/sports/wnba/outputs/archive/projections/wnba_projections_20260606.csv,2026-07-13T11:30:43Z
2026-06-06,2026-06-06,Jordin Canada,jordin canada,jordin canada,ATL,WAS,29.54,25.0,4.539999999999999,4.539999999999999,20.611599999999992,/home/ubuntu/EdgeRanked/sports/wnba/outputs/archive/projections/wnba_projections_20260606.csv,2026-07-13T11:30:43Z
2026-06-06,2026-06-06,Kayla McBride,kayla mcbride,kayla mcbride,MIN,SEA,27.1,23.0,4.100000000000001,4.100000000000001,16.810000000000013,/home/ubuntu/EdgeRanked/sports/wnba/outputs/archive/projections/wnba_projections_20260606.csv,2026-07-13T11:30:43Z
2026-06-06,2026-06-06,Kayla Thornton,kayla thornton,kayla thornton,GSV,LVA,27.06,35.0,-7.940000000000001,7.940000000000001,63.04360000000002,/home/ubuntu/EdgeRanked/sports/wnba/outputs/archive/projections/wnba_projections_20260606.csv,2026-07-13T11:30:43Z
2026-06-06,2026-06-06,Kelsey Mitchell,kelsey mitchell,kelsey mitchell,IND,NYL,30.58,32.0,-1.4200000000000017,1.4200000000000017,2.016400000000005,/home/ubuntu/EdgeRanked/sports/wnba/outputs/archive/projections/wnba_projections_20260606.csv,2026-07-13T11:30:43Z
2026-06-06,2026-06-06,Kiah Stokes,kiah stokes,kiah stokes,GSV,LVA,10.04,17.0,-6.960000000000001,6.960000000000001,48.441600000000015,/home/ubuntu/EdgeRanked/sports/wnba/outputs/archive/projections/wnba_projections_20260606.csv,2026-07-13T11:30:43Z
2026-06-06,2026-06-06,Kiki Iriafen,kiki iriafen,kiki iriafen,WAS,ATL,25.25,27.0,-1.75,1.75,3.0625,/home/ubuntu/EdgeRanked/sports/wnba/outputs/archive/projections/wnba_projections_20260606.csv,2026-07-13T11:30:43Z
2026-06-06,2026-06-06,Lauren Betts,lauren betts,lauren betts,WAS,ATL,29.58,16.0,13.579999999999998,13.579999999999998,184.41639999999995,/home/ubuntu/EdgeRanked/sports/wnba/outputs/archive/projections/wnba_projections_20260606.csv,2026-07-13T11:30:43Z
2026-06-06,2026-06-06,Leonie Fiebich,leonie fiebich,leonie fiebich,NYL,IND,25.13,30.0,-4.870000000000001,4.870000000000001,23.71690000000001,/home/ubuntu/EdgeRanked/sports/wnba/outputs/archive/projections/wnba_projections_20260606.csv,2026-07-13T11:30:43Z
2026-06-06,2026-06-06,Lexie Hull,lexie hull,lexie hull,IND,NYL,24.68,19.0,5.68,5.68,32.2624,/home/ubuntu/EdgeRanked/sports/wnba/outputs/archive/projections/wnba_projections_20260606.csv,2026-07-13T11:30:43Z
2026-06-06,2026-06-06,Marine Johannes,marine johannes,marine johannes,NYL,IND,13.94,25.0,-11.06,11.06,122.32360000000001,/home/ubuntu/EdgeRanked/sports/wnba/outputs/archive/projections/wnba_projections_20260606.csv,2026-07-13T11:30:43Z
2026-06-06,2026-06-06,Michaela Onyenwere,michaela onyenwere,michaela onyenwere,WAS,ATL,19.64,21.0,-1.3599999999999994,1.3599999999999994,1.8495999999999984,/home/ubuntu/EdgeRanked/sports/wnba/outputs/archive/projections/wnba_projections_20260606.csv,2026-07-13T11:30:43Z
2026-06-06,2026-06-06,Monique Billings,monique billings,monique billings,IND,NYL,18.9,35.0,-16.1,16.1,259.21000000000004,/home/ubuntu/EdgeRanked/sports/wnba/outputs/archive/projections/wnba_projections_20260606.csv,2026-07-13T11:30:43Z
2026-06-06,2026-06-06,Myisha Hines-Allen,myisha hines-allen,myisha hines-allen,IND,NYL,23.85,13.0,10.850000000000001,10.850000000000001,117.72250000000003,/home/ubuntu/EdgeRanked/sports/wnba/outputs/archive/projections/wnba_projections_20260606.csv,2026-07-13T11:30:43Z
2026-06-06,2026-06-06,NaLyssa Smith,nalyssa smith,nalyssa smith,IND,NYL,25.81,29.0,-3.1900000000000013,3.1900000000000013,10.176100000000009,/home/ubuntu/EdgeRanked/sports/wnba/outputs/archive/projections/wnba_projections_20260606.csv,2026-07-13T11:30:43Z
2026-06-06,2026-06-06,Natasha Howard,natasha howard,natasha howard,MIN,SEA,23.31,30.0,-6.690000000000001,6.690000000000001,44.75610000000002,/home/ubuntu/EdgeRanked/sports/wnba/outputs/archive/projections/wnba_projections_20260606.csv,2026-07-13T11:30:43Z
2026-06-06,2026-06-06,Natisha Hiedeman,natisha hiedeman,natisha hiedeman,SEA,MIN,24.49,26.0,-1.5100000000000016,1.5100000000000016,2.280100000000005,/home/ubuntu/EdgeRanked/sports/wnba/outputs/archive/projections/wnba_projections_20260606.csv,2026-07-13T11:30:43Z
2026-06-06,2026-06-06,Naz Hillmon,naz hillmon,naz hillmon,ATL,WAS,29.28,25.0,4.280000000000001,4.280000000000001,18.31840000000001,/home/ubuntu/EdgeRanked/sports/wnba/outputs/archive/projections/wnba_projections_20260606.csv,2026-07-13T11:30:43Z
2026-06-06,2026-06-06,Nia Coffey,nia coffey,nia coffey,MIN,SEA,9.09,27.0,-17.91,17.91,320.7681,/home/ubuntu/EdgeRanked/sports/wnba/outputs/archive/projections/wnba_projections_20260606.csv,2026-07-13T11:30:43Z
2026-06-06,2026-06-06,Olivia Miles,olivia miles,olivia miles,MIN,SEA,32.6,33.0,-0.3999999999999986,0.3999999999999986,0.15999999999999887,/home/ubuntu/EdgeRanked/sports/wnba/outputs/archive/projections/wnba_projections_20260606.csv,2026-07-13T11:30:43Z
2026-06-06,2026-06-06,Rhyne Howard,rhyne howard,rhyne howard,ATL,WAS,35.65,21.0,14.649999999999999,14.649999999999999,214.62249999999995,/home/ubuntu/EdgeRanked/sports/wnba/outputs/archive/projections/wnba_projections_20260606.csv,2026-07-13T11:30:43Z
2026-06-06,2026-06-06,Satou Sabally,satou sabally,satou sabally,NYL,IND,25.73,22.0,3.7300000000000004,3.7300000000000004,13.912900000000004,/home/ubuntu/EdgeRanked/sports/wnba/outputs/archive/projections/wnba_projections_20260606.csv,2026-07-13T11:30:43Z
2026-06-06,2026-06-06,Shakira Austin,shakira austin,shakira austin,WAS,ATL,24.21,22.0,2.210000000000001,2.210000000000001,4.884100000000004,/home/ubuntu/EdgeRanked/sports/wnba/outputs/archive/projections/wnba_projections_20260606.csv,2026-07-13T11:30:43Z
2026-06-06,2026-06-06,Sonia Citron,sonia citron,sonia citron,WAS,ATL,29.03,29.0,0.030000000000001137,0.030000000000001137,0.0009000000000000682,/home/ubuntu/EdgeRanked/sports/wnba/outputs/archive/projections/wnba_projections_20260606.csv,2026-07-13T11:30:43Z
2026-06-06,2026-06-06,Sophie Cunningham,sophie cunningham,sophie cunningham,IND,NYL,26.92,17.0,9.920000000000002,9.920000000000002,98.40640000000003,/home/ubuntu/EdgeRanked/sports/wnba/outputs/archive/projections/wnba_projections_20260606.csv,2026-07-13T11:30:43Z
2026-06-06,2026-06-06,Stefanie Dolson,stefanie dolson,stefanie dolson,SEA,MIN,13.69,20.0,-6.3100000000000005,6.3100000000000005,39.816100000000006,/home/ubuntu/EdgeRanked/sports/wnba/outputs/archive/projections/wnba_projections_20260606.csv,2026-07-13T11:30:43Z
2026-06-06,2026-06-06,Tiffany Hayes,tiffany hayes,tiffany hayes,GSV,LVA,24.11,16.0,8.11,8.11,65.7721,/home/ubuntu/EdgeRanked/sports/wnba/outputs/archive/projections/wnba_projections_20260606.csv,2026-07-13T11:30:43Z
2026-06-06,2026-06-06,Veronica Burton,veronica burton,veronica burton,GSV,LVA,28.41,34.0,-5.59,5.59,31.248099999999997,/home/ubuntu/EdgeRanked/sports/wnba/outputs/archive/projections/wnba_projections_20260606.csv,2026-07-13T11:30:43Z
2026-06-07,2026-06-07,Ariel Atkins,ariel atkins,ariel atkins,LAS,POR,27.03,18.0,9.030000000000001,9.030000000000001,81.54090000000002,/home/ubuntu/EdgeRanked/sports/wnba/outputs/archive/projections/wnba_projections_20260607.csv,2026-07-13T11:30:43Z
2026-06-07,2026-06-07,Azura Stevens,azura stevens,azura stevens,CHI,TOR,19.93,24.0,-4.07,4.07,16.5649,/home/ubuntu/EdgeRanked/sports/wnba/outputs/archive/projections/wnba_projections_20260607.csv,2026-07-13T11:30:43Z
2026-06-07,2026-06-07,Bridget Carleton,bridget carleton,bridget carleton,POR,LAS,29.84,26.0,3.84,3.84,14.7456,/home/ubuntu/EdgeRanked/sports/wnba/outputs/archive/projections/wnba_projections_20260607.csv,2026-07-13T11:30:43Z
2026-06-07,2026-06-07,Brittney Sykes,brittney sykes,brittney sykes,TOR,CHI,30.84,30.0,0.8399999999999999,0.8399999999999999,0.7055999999999998,/home/ubuntu/EdgeRanked/sports/wnba/outputs/archive/projections/wnba_projections_20260607.csv,2026-07-13T11:30:43Z
2026-06-07,2026-06-07,Cameron Brink,cameron brink,cameron brink,LAS,POR,20.21,10.0,10.21,10.21,104.24410000000002,/home/ubuntu/EdgeRanked/sports/wnba/outputs/archive/projections/wnba_projections_20260607.csv,2026-07-13T11:30:43Z
2026-06-07,2026-06-07,Carla Leite,carla leite,carla leite,POR,LAS,25.62,25.0,0.620000000000001,0.620000000000001,0.38440000000000124,/home/ubuntu/EdgeRanked/sports/wnba/outputs/archive/projections/wnba_projections_20260607.csv,2026-07-13T11:30:43Z
2026-06-07,2026-06-07,Chance Gray,chance gray,chance gray,LAS,POR,15.26,15.0,0.2599999999999998,0.2599999999999998,0.06759999999999988,/home/ubuntu/EdgeRanked/sports/wnba/outputs/archive/projections/wnba_projections_20260607.csv,2026-07-13T11:30:43Z
2026-06-07,2026-06-07,Dearica Hamby,dearica hamby,dearica hamby,LAS,POR,29.17,30.0,-0.8299999999999983,0.8299999999999983,0.6888999999999972,/home/ubuntu/EdgeRanked/sports/wnba/outputs/archive/projections/wnba_projections_20260607.csv,2026-07-13T11:30:43Z
2026-06-07,2026-06-07,Elizabeth Williams,elizabeth williams,elizabeth williams,CHI,TOR,19.58,22.0,-2.4200000000000017,2.4200000000000017,5.856400000000008,/home/ubuntu/EdgeRanked/sports/wnba/outputs/archive/projections/wnba_projections_20260607.csv,2026-07-13T11:30:43Z
2026-06-07,2026-06-07,Emily Engstler,emily engstler,emily engstler,POR,LAS,25.63,25.0,0.629999999999999,0.629999999999999,0.39689999999999875,/home/ubuntu/EdgeRanked/sports/wnba/outputs/archive/projections/wnba_projections_20260607.csv,2026-07-13T11:30:43Z
2026-06-07,2026-06-07,Erica Wheeler,erica wheeler,erica wheeler,LAS,POR,27.84,27.0,0.8399999999999999,0.8399999999999999,0.7055999999999998,/home/ubuntu/EdgeRanked/sports/wnba/outputs/archive/projections/wnba_projections_20260607.csv,2026-07-13T11:30:43Z
2026-06-07,2026-06-07,Frieda Buhner,frieda buhner,frieda buhner,POR,LAS,13.59,15.0,-1.4100000000000001,1.4100000000000001,1.9881000000000004,/home/ubuntu/EdgeRanked/sports/wnba/outputs/archive/projections/wnba_projections_20260607.csv,2026-07-13T11:30:43Z
2026-06-07,2026-06-07,Gabriela Jaquez,gabriela jaquez,gabriela jaquez,CHI,TOR,27.45,19.0,8.45,8.45,71.40249999999999,/home/ubuntu/EdgeRanked/sports/wnba/outputs/archive/projections/wnba_projections_20260607.csv,2026-07-13T11:30:43Z
2026-06-07,2026-06-07,Isabelle Harrison,isabelle harrison,isabelle harrison,TOR,CHI,25.04,17.0,8.04,8.04,64.64159999999998,/home/ubuntu/EdgeRanked/sports/wnba/outputs/archive/projections/wnba_projections_20260607.csv,2026-07-13T11:30:43Z
2026-06-07,2026-06-07,Jacy Sheldon,jacy sheldon,jacy sheldon,CHI,TOR,23.56,21.0,2.5599999999999987,2.5599999999999987,6.553599999999993,/home/ubuntu/EdgeRanked/sports/wnba/outputs/archive/projections/wnba_projections_20260607.csv,2026-07-13T11:30:43Z
2026-06-07,2026-06-07,Julie Allemand,julie allemand,julie allemand,TOR,CHI,22.93,26.0,-3.0700000000000003,3.0700000000000003,9.424900000000001,/home/ubuntu/EdgeRanked/sports/wnba/outputs/archive/projections/wnba_projections_20260607.csv,2026-07-13T11:30:43Z
2026-06-07,2026-06-07,Kamilla Cardoso,kamilla cardoso,kamilla cardoso,CHI,TOR,27.85,23.0,4.850000000000001,4.850000000000001,23.522500000000015,/home/ubuntu/EdgeRanked/sports/wnba/outputs/archive/projections/wnba_projections_20260607.csv,2026-07-13T11:30:43Z
2026-06-07,2026-06-07,Karlie Samuelson,karlie samuelson,karlie samuelson,POR,LAS,14.13,11.0,3.130000000000001,3.130000000000001,9.796900000000004,/home/ubuntu/EdgeRanked/sports/wnba/outputs/archive/projections/wnba_projections_20260607.csv,2026-07-13T11:30:43Z
2026-06-07,2026-06-07,Kate Martin,kate martin,kate martin,LAS,POR,12.28,8.0,4.279999999999999,4.279999999999999,18.318399999999993,/home/ubuntu/EdgeRanked/sports/wnba/outputs/archive/projections/wnba_projections_20260607.csv,2026-07-13T11:30:43Z
2026-06-07,2026-06-07,Kelsey Plum,kelsey plum,kelsey plum,LAS,POR,35.67,35.0,0.6700000000000017,0.6700000000000017,0.4489000000000023,/home/ubuntu/EdgeRanked/sports/wnba/outputs/archive/projections/wnba_projections_20260607.csv,2026-07-13T11:30:43Z
2026-06-07,2026-06-07,Kia Nurse,kia nurse,kia nurse,TOR,CHI,14.9,9.0,5.9,5.9,34.81,/home/ubuntu/EdgeRanked/sports/wnba/outputs/archive/projections/wnba_projections_20260607.csv,2026-07-13T11:30:43Z
2026-06-07,2026-06-07,Laura Juskaite,laura juskaite,laura juskaite,TOR,CHI,22.5,22.0,0.5,0.5,0.25,/home/ubuntu/EdgeRanked/sports/wnba/outputs/archive/projections/wnba_projections_20260607.csv,2026-07-13T11:30:43Z
2026-06-07,2026-06-07,Luisa Geiselsoder,luisa geiselsoder,luisa geiselsoder,POR,LAS,16.01,15.0,1.0100000000000016,1.0100000000000016,1.0201000000000031,/home/ubuntu/EdgeRanked/sports/wnba/outputs/archive/projections/wnba_projections_20260607.csv,2026-07-13T11:30:43Z
2026-06-07,2026-06-07,Maria Conde,maria conde,maria conde,TOR,CHI,22.89,24.0,-1.1099999999999994,1.1099999999999994,1.2320999999999986,/home/ubuntu/EdgeRanked/sports/wnba/outputs/archive/projections/wnba_projections_20260607.csv,2026-07-13T11:30:43Z
2026-06-07,2026-06-07,Marina Mabrey,marina mabrey,marina mabrey,TOR,CHI,29.49,30.0,-0.5100000000000016,0.5100000000000016,0.2601000000000016,/home/ubuntu/EdgeRanked/sports/wnba/outputs/archive/projections/wnba_projections_20260607.csv,2026-07-13T11:30:43Z
2026-06-07,2026-06-07,Megan Gustafson,megan gustafson,megan gustafson,POR,LAS,22.02,25.0,-2.9800000000000004,2.9800000000000004,8.880400000000003,/home/ubuntu/EdgeRanked/sports/wnba/outputs/archive/projections/wnba_projections_20260607.csv,2026-07-13T11:30:43Z
2026-06-07,2026-06-07,Natasha Cloud,natasha cloud,natasha cloud,CHI,TOR,26.15,27.0,-0.8500000000000014,0.8500000000000014,0.7225000000000024,/home/ubuntu/EdgeRanked/sports/wnba/outputs/archive/projections/wnba_projections_20260607.csv,2026-07-13T11:30:43Z
2026-06-07,2026-06-07,Nneka Ogwumike,nneka ogwumike,nneka ogwumike,LAS,POR,29.75,32.0,-2.25,2.25,5.0625,/home/ubuntu/EdgeRanked/sports/wnba/outputs/archive/projections/wnba_projections_20260607.csv,2026-07-13T11:30:43Z
2026-06-07,2026-06-07,Nyadiew Puoch,nyadiew puoch,nyadiew puoch,POR,LAS,15.64,14.0,1.6400000000000006,1.6400000000000006,2.6896000000000018,/home/ubuntu/EdgeRanked/sports/wnba/outputs/archive/projections/wnba_projections_20260607.csv,2026-07-13T11:30:43Z
2026-06-07,2026-06-07,Nyara Sabally,nyara sabally,nyara sabally,TOR,CHI,25.04,25.0,0.03999999999999915,0.03999999999999915,0.0015999999999999318,/home/ubuntu/EdgeRanked/sports/wnba/outputs/archive/projections/wnba_projections_20260607.csv,2026-07-13T11:30:43Z
2026-06-07,2026-06-07,Rachel Banham,rachel banham,rachel banham,CHI,TOR,19.33,22.0,-2.6700000000000017,2.6700000000000017,7.128900000000009,/home/ubuntu/EdgeRanked/sports/wnba/outputs/archive/projections/wnba_projections_20260607.csv,2026-07-13T11:30:43Z
2026-06-07,2026-06-07,Rae Burrell,rae burrell,rae burrell,LAS,POR,26.04,26.0,0.03999999999999915,0.03999999999999915,0.0015999999999999318,/home/ubuntu/EdgeRanked/sports/wnba/outputs/archive/projections/wnba_projections_20260607.csv,2026-07-13T11:30:43Z
2026-06-07,2026-06-07,Sarah Ashlee Barker,sarah ashlee barker,sarah ashlee barker,POR,LAS,22.93,28.0,-5.07,5.07,25.704900000000002,/home/ubuntu/EdgeRanked/sports/wnba/outputs/archive/projections/wnba_projections_20260607.csv,2026-07-13T11:30:43Z
2026-06-07,2026-06-07,Saylor Poffenbarger,saylor poffenbarger,saylor poffenbarger,CHI,TOR,8.0,8.0,0.0,0.0,0.0,/home/ubuntu/EdgeRanked/sports/wnba/outputs/archive/projections/wnba_projections_20260607.csv,2026-07-13T11:30:43Z
2026-06-07,2026-06-07,Skylar Diggins,skylar diggins,skylar diggins,CHI,TOR,29.69,27.0,2.6900000000000013,2.6900000000000013,7.236100000000007,/home/ubuntu/EdgeRanked/sports/wnba/outputs/archive/projections/wnba_projections_20260607.csv,2026-07-13T11:30:43Z
2026-06-07,2026-06-07,Sydney Taylor,sydney taylor,sydney taylor,CHI,TOR,19.45,8.0,11.45,11.45,131.1025,/home/ubuntu/EdgeRanked/sports/wnba/outputs/archive/projections/wnba_projections_20260607.csv,2026-07-13T11:30:43Z
2026-06-07,2026-06-07,Teja Oblak,teja oblak,teja oblak,POR,LAS,15.25,17.0,-1.75,1.75,3.0625,/home/ubuntu/EdgeRanked/sports/wnba/outputs/archive/projections/wnba_projections_20260607.csv,2026-07-13T11:30:43Z
2026-06-07,2026-06-07,Teonni Key,teonni key,teonni key,TOR,CHI,10.35,12.0,-1.6500000000000004,1.6500000000000004,2.722500000000001,/home/ubuntu/EdgeRanked/sports/wnba/outputs/archive/projections/wnba_projections_20260607.csv,2026-07-13T11:30:43Z
2026-06-07,2026-06-07,Tima Pouye,tima pouye,tima pouye,TOR,CHI,10.09,3.0,7.09,7.09,50.2681,/home/ubuntu/EdgeRanked/sports/wnba/outputs/archive/projections/wnba_projections_20260607.csv,2026-07-13T11:30:43Z
2026-06-08,2026-06-08,A'ja Wilson,a'ja wilson,a'ja wilson,LVA,SEA,34.33,36.0,-1.6700000000000017,1.6700000000000017,2.7889000000000057,/home/ubuntu/EdgeRanked/sports/wnba/outputs/archive/projections/wnba_projections_20260608.csv,2026-07-13T11:30:43Z
2026-06-08,2026-06-08,Aaliyah Edwards,aaliyah edwards,aaliyah edwards,CON,NYL,15.73,28.0,-12.27,12.27,150.5529,/home/ubuntu/EdgeRanked/sports/wnba/outputs/archive/projections/wnba_projections_20260608.csv,2026-07-13T11:30:43Z
2026-06-08,2026-06-08,Aliyah Boston,aliyah boston,aliyah boston,IND,WAS,27.81,24.0,3.8099999999999987,3.8099999999999987,14.516099999999991,/home/ubuntu/EdgeRanked/sports/wnba/outputs/archive/projections/wnba_projections_20260608.csv,2026-07-13T11:30:43Z
2026-06-08,2026-06-08,Angela Dugalic,angela dugalic,angela dugalic,WAS,IND,15.73,18.0,-2.2699999999999996,2.2699999999999996,5.152899999999998,/home/ubuntu/EdgeRanked/sports/wnba/outputs/archive/projections/wnba_projections_20260608.csv,2026-07-13T11:30:43Z
2026-06-08,2026-06-08,Awa Fam,awa fam,awa fam,SEA,LVA,26.13,29.0,-2.870000000000001,2.870000000000001,8.236900000000006,/home/ubuntu/EdgeRanked/sports/wnba/outputs/archive/projections/wnba_projections_20260608.csv,2026-07-13T11:30:43Z
2026-06-08,2026-06-08,Betnijah Laney-Hamilton,betnijah laney-hamilton,betnijah laney-hamilton,NYL,CON,18.91,18.0,0.9100000000000001,0.9100000000000001,0.8281000000000003,/home/ubuntu/EdgeRanked/sports/wnba/outputs/archive/projections/wnba_projections_20260608.csv,2026-07-13T11:30:43Z
2026-06-08,2026-06-08,Breanna Stewart,breanna stewart,breanna stewart,NYL,CON,30.02,34.0,-3.9800000000000004,3.9800000000000004,15.840400000000004,/home/ubuntu/EdgeRanked/sports/wnba/outputs/archive/projections/wnba_projections_20260608.csv,2026-07-13T11:30:43Z
2026-06-08,2026-06-08,Brianna Turner,brianna turner,brianna turner,LVA,SEA,12.75,6.0,6.75,6.75,45.5625,/home/ubuntu/EdgeRanked/sports/wnba/outputs/archive/projections/wnba_projections_20260608.csv,2026-07-13T11:30:43Z
2026-06-08,2026-06-08,Caitlin Clark,caitlin clark,caitlin clark,IND,WAS,30.7,31.0,-0.3000000000000007,0.3000000000000007,0.09000000000000043,/home/ubuntu/EdgeRanked/sports/wnba/outputs/archive/projections/wnba_projections_20260608.csv,2026-07-13T11:30:43Z
2026-06-08,2026-06-08,Cassandre Prosper,cassandre prosper,cassandre prosper,WAS,IND,16.2,6.0,10.2,10.2,104.03999999999999,/home/ubuntu/EdgeRanked/sports/wnba/outputs/archive/projections/wnba_projections_20260608.csv,2026-07-13T11:30:43Z
2026-06-08,2026-06-08,Charlisse Leger-Walker,charlisse leger-walker,charlisse leger-walker,CON,NYL,19.44,14.0,5.440000000000001,5.440000000000001,29.593600000000013,/home/ubuntu/EdgeRanked/sports/wnba/outputs/archive/projections/wnba_projections_20260608.csv,2026-07-13T11:30:43Z
2026-06-08,2026-06-08,Chelsea Gray,chelsea gray,chelsea gray,LVA,SEA,31.95,35.0,-3.0500000000000007,3.0500000000000007,9.302500000000004,/home/ubuntu/EdgeRanked/sports/wnba/outputs/archive/projections/wnba_projections_20260608.csv,2026-07-13T11:30:43Z
2026-06-08,2026-06-08,Cheyenne Parker-Tyus,cheyenne parker-tyus,cheyenne parker-tyus,LVA,SEA,11.93,10.0,1.9299999999999997,1.9299999999999997,3.724899999999999,/home/ubuntu/EdgeRanked/sports/wnba/outputs/archive/projections/wnba_projections_20260608.csv,2026-07-13T11:30:43Z
2026-06-08,2026-06-08,Cotie McMahon,cotie mcmahon,cotie mcmahon,WAS,IND,18.99,22.0,-3.0100000000000016,3.0100000000000016,9.06010000000001,/home/ubuntu/EdgeRanked/sports/wnba/outputs/archive/projections/wnba_projections_20260608.csv,2026-07-13T11:30:43Z
2026-06-08,2026-06-08,Damiris Dantas,damiris dantas,damiris dantas,IND,WAS,10.67,12.0,-1.33,1.33,1.7689000000000001,/home/ubuntu/EdgeRanked/sports/wnba/outputs/archive/projections/wnba_projections_20260608.csv,2026-07-13T11:30:43Z
2026-06-08,2026-06-08,Diamond Miller,diamond miller,diamond miller,CON,NYL,20.31,23.0,-2.6900000000000013,2.6900000000000013,7.236100000000007,/home/ubuntu/EdgeRanked/sports/wnba/outputs/archive/projections/wnba_projections_20260608.csv,2026-07-13T11:30:43Z
2026-06-08,2026-06-08,Dominique Malonga,dominique malonga,dominique malonga,SEA,LVA,28.47,17.0,11.469999999999999,11.469999999999999,131.56089999999998,/home/ubuntu/EdgeRanked/sports/wnba/outputs/archive/projections/wnba_projections_20260608.csv,2026-07-13T11:30:43Z
2026-06-08,2026-06-08,Flau'jae Johnson,flau'jae johnson,flau'jae johnson,SEA,LVA,26.06,24.0,2.0599999999999987,2.0599999999999987,4.2435999999999945,/home/ubuntu/EdgeRanked/sports/wnba/outputs/archive/projections/wnba_projections_20260608.csv,2026-07-13T11:30:43Z
2026-06-08,2026-06-08,Georgia Amoore,georgia amoore,georgia amoore,WAS,IND,22.97,29.0,-6.030000000000001,6.030000000000001,36.360900000000015,/home/ubuntu/EdgeRanked/sports/wnba/outputs/archive/projections/wnba_projections_20260608.csv,2026-07-13T11:30:43Z
2026-06-08,2026-06-08,Gianna Kneepkens,gianna kneepkens,gianna kneepkens,CON,NYL,10.98,13.0,-2.0199999999999996,2.0199999999999996,4.080399999999998,/home/ubuntu/EdgeRanked/sports/wnba/outputs/archive/projections/wnba_projections_20260608.csv,2026-07-13T11:30:43Z
2026-06-08,2026-06-08,Han Xu,han xu,han xu,NYL,CON,13.47,22.0,-8.53,8.53,72.76089999999999,/home/ubuntu/EdgeRanked/sports/wnba/outputs/archive/projections/wnba_projections_20260608.csv,2026-07-13T11:30:43Z
2026-06-08,2026-06-08,Jackie Young,jackie young,jackie young,LVA,SEA,31.72,34.0,-2.280000000000001,2.280000000000001,5.198400000000005,/home/ubuntu/EdgeRanked/sports/wnba/outputs/archive/projections/wnba_projections_20260608.csv,2026-07-13T11:30:43Z
2026-06-08,2026-06-08,Jade Melbourne,jade melbourne,jade melbourne,SEA,LVA,22.21,23.0,-0.7899999999999991,0.7899999999999991,0.6240999999999987,/home/ubuntu/EdgeRanked/sports/wnba/outputs/archive/projections/wnba_projections_20260608.csv,2026-07-13T11:30:43Z
2026-06-08,2026-06-08,Jewell Loyd,jewell loyd,jewell loyd,LVA,SEA,25.83,28.0,-2.1700000000000017,2.1700000000000017,4.708900000000007,/home/ubuntu/EdgeRanked/sports/wnba/outputs/archive/projections/wnba_projections_20260608.csv,2026-07-13T11:30:43Z
2026-06-08,2026-06-08,Jordan Horston,jordan horston,jordan horston,SEA,LVA,20.7,18.0,2.6999999999999993,2.6999999999999993,7.2899999999999965,/home/ubuntu/EdgeRanked/sports/wnba/outputs/archive/projections/wnba_projections_20260608.csv,2026-07-13T11:30:43Z
2026-06-08,2026-06-08,Katie Lou Samuelson,katie lou samuelson,katie lou samuelson,SEA,LVA,16.55,20.0,-3.4499999999999993,3.4499999999999993,11.902499999999995,/home/ubuntu/EdgeRanked/sports/wnba/outputs/archive/projections/wnba_projections_20260608.csv,2026-07-13T11:30:43Z
2026-06-08,2026-06-08,Kelsey Mitchell,kelsey mitchell,kelsey mitchell,IND,WAS,29.8,31.0,-1.1999999999999993,1.1999999999999993,1.4399999999999984,/home/ubuntu/EdgeRanked/sports/wnba/outputs/archive/projections/wnba_projections_20260608.csv,2026-07-13T11:30:43Z
2026-06-08,2026-06-08,Kennedy Burke,kennedy burke,kennedy burke,CON,NYL,21.33,15.0,6.329999999999998,6.329999999999998,40.06889999999998,/home/ubuntu/EdgeRanked/sports/wnba/outputs/archive/projections/wnba_projections_20260608.csv,2026-07-13T11:30:43Z
2026-06-08,2026-06-08,Kierstan Bell,kierstan bell,kierstan bell,LVA,SEA,14.41,8.0,6.41,6.41,41.088100000000004,/home/ubuntu/EdgeRanked/sports/wnba/outputs/archive/projections/wnba_projections_20260608.csv,2026-07-13T11:30:43Z
2026-06-08,2026-06-08,Kiki Iriafen,kiki iriafen,kiki iriafen,WAS,IND,27.07,8.0,19.07,19.07,363.6649,/home/ubuntu/EdgeRanked/sports/wnba/outputs/archive/projections/wnba_projections_20260608.csv,2026-07-13T11:30:43Z
2026-06-08,2026-06-08,Lauren Betts,lauren betts,lauren betts,WAS,IND,14.64,12.0,2.6400000000000006,2.6400000000000006,6.969600000000003,/home/ubuntu/EdgeRanked/sports/wnba/outputs/archive/projections/wnba_projections_20260608.csv,2026-07-13T11:30:43Z
2026-06-08,2026-06-08,Leila Lacan,leila lacan,leila lacan,CON,NYL,25.15,26.0,-0.8500000000000014,0.8500000000000014,0.7225000000000024,/home/ubuntu/EdgeRanked/sports/wnba/outputs/archive/projections/wnba_projections_20260608.csv,2026-07-13T11:30:43Z
2026-06-08,2026-06-08,Leonie Fiebich,leonie fiebich,leonie fiebich,NYL,CON,27.9,28.0,-0.10000000000000142,0.10000000000000142,0.010000000000000285,/home/ubuntu/EdgeRanked/sports/wnba/outputs/archive/projections/wnba_projections_20260608.csv,2026-07-13T11:30:43Z
2026-06-08,2026-06-08,Lexie Hull,lexie hull,lexie hull,IND,WAS,19.88,22.0,-2.120000000000001,2.120000000000001,4.494400000000004,/home/ubuntu/EdgeRanked/sports/wnba/outputs/archive/projections/wnba_projections_20260608.csv,2026-07-13T11:30:43Z
2026-06-08,2026-06-08,Mackenzie Holmes,mackenzie holmes,mackenzie holmes,SEA,LVA,16.65,12.0,4.649999999999999,4.649999999999999,21.622499999999988,/home/ubuntu/EdgeRanked/sports/wnba/outputs/archive/projections/wnba_projections_20260608.csv,2026-07-13T11:30:43Z
2026-06-08,2026-06-08,Makayla Timpson,makayla timpson,makayla timpson,IND,WAS,15.75,2.0,13.75,13.75,189.0625,/home/ubuntu/EdgeRanked/sports/wnba/outputs/archive/projections/wnba_projections_20260608.csv,2026-07-13T11:30:43Z
2026-06-08,2026-06-08,Marine Fauthoux,marine fauthoux,marine fauthoux,NYL,CON,25.24,6.0,19.24,19.24,370.1775999999999,/home/ubuntu/EdgeRanked/sports/wnba/outputs/archive/projections/wnba_projections_20260608.csv,2026-07-13T11:30:43Z
2026-06-08,2026-06-08,Marine Johannes,marine johannes,marine johannes,NYL,CON,26.67,24.0,2.6700000000000017,2.6700000000000017,7.128900000000009,/home/ubuntu/EdgeRanked/sports/wnba/outputs/archive/projections/wnba_projections_20260608.csv,2026-07-13T11:30:43Z
2026-06-08,2026-06-08,Michaela Onyenwere,michaela onyenwere,michaela onyenwere,WAS,IND,23.25,24.0,-0.75,0.75,0.5625,/home/ubuntu/EdgeRanked/sports/wnba/outputs/archive/projections/wnba_projections_20260608.csv,2026-07-13T11:30:43Z
2026-06-08,2026-06-08,Monique Billings,monique billings,monique billings,IND,WAS,15.94,19.0,-3.0600000000000005,3.0600000000000005,9.363600000000003,/home/ubuntu/EdgeRanked/sports/wnba/outputs/archive/projections/wnba_projections_20260608.csv,2026-07-13T11:30:43Z
2026-06-08,2026-06-08,Myisha Hines-Allen,myisha hines-allen,myisha hines-allen,IND,WAS,17.48,18.0,-0.5199999999999996,0.5199999999999996,0.27039999999999953,/home/ubuntu/EdgeRanked/sports/wnba/outputs/archive/projections/wnba_projections_20260608.csv,2026-07-13T11:30:43Z
2026-06-08,2026-06-08,NaLyssa Smith,nalyssa smith,nalyssa smith,LVA,SEA,22.85,26.0,-3.1499999999999986,3.1499999999999986,9.92249999999999,/home/ubuntu/EdgeRanked/sports/wnba/outputs/archive/projections/wnba_projections_20260608.csv,2026-07-13T11:30:43Z
2026-06-08,2026-06-08,Natisha Hiedeman,natisha hiedeman,natisha hiedeman,SEA,LVA,26.08,28.0,-1.9200000000000017,1.9200000000000017,3.6864000000000066,/home/ubuntu/EdgeRanked/sports/wnba/outputs/archive/projections/wnba_projections_20260608.csv,2026-07-13T11:30:43Z
2026-06-08,2026-06-08,Nell Angloma,nell angloma,nell angloma,CON,NYL,12.44,12.0,0.4399999999999995,0.4399999999999995,0.19359999999999955,/home/ubuntu/EdgeRanked/sports/wnba/outputs/archive/projections/wnba_projections_20260608.csv,2026-07-13T11:30:43Z
2026-06-08,2026-06-08,Olivia Nelson-Ododa,olivia nelson-ododa,olivia nelson-ododa,CON,NYL,16.96,26.0,-9.04,9.04,81.72159999999998,/home/ubuntu/EdgeRanked/sports/wnba/outputs/archive/projections/wnba_projections_20260608.csv,2026-07-13T11:30:43Z
2026-06-08,2026-06-08,Pauline Astier,pauline astier,pauline astier,NYL,CON,25.25,26.0,-0.75,0.75,0.5625,/home/ubuntu/EdgeRanked/sports/wnba/outputs/archive/projections/wnba_projections_20260608.csv,2026-07-13T11:30:43Z
2026-06-08,2026-06-08,Raegan Beers,raegan beers,raegan beers,CON,NYL,14.02,14.0,0.019999999999999574,0.019999999999999574,0.00039999999999998294,/home/ubuntu/EdgeRanked/sports/wnba/outputs/archive/projections/wnba_projections_20260608.csv,2026-07-13T11:30:43Z
2026-06-08,2026-06-08,Raquel Carrera,raquel carrera,raquel carrera,NYL,CON,8.0,13.0,-5.0,5.0,25.0,/home/ubuntu/EdgeRanked/sports/wnba/outputs/archive/projections/wnba_projections_20260608.csv,2026-07-13T11:30:43Z
2026-06-08,2026-06-08,Raven Johnson,raven johnson,raven johnson,IND,WAS,16.32,7.0,9.32,9.32,86.86240000000001,/home/ubuntu/EdgeRanked/sports/wnba/outputs/archive/projections/wnba_projections_20260608.csv,2026-07-13T11:30:43Z
2026-06-08,2026-06-08,Rebekah Gardner,rebekah gardner,rebekah gardner,NYL,CON,16.72,8.0,8.719999999999999,8.719999999999999,76.03839999999998,/home/ubuntu/EdgeRanked/sports/wnba/outputs/archive/projections/wnba_projections_20260608.csv,2026-07-13T11:30:43Z
2026-06-08,2026-06-08,Saniya Rivers,saniya rivers,saniya rivers,CON,NYL,23.58,29.0,-5.420000000000002,5.420000000000002,29.376400000000018,/home/ubuntu/EdgeRanked/sports/wnba/outputs/archive/projections/wnba_projections_20260608.csv,2026-07-13T11:30:43Z
2026-06-08,2026-06-08,Satou Sabally,satou sabally,satou sabally,NYL,CON,15.5,19.0,-3.5,3.5,12.25,/home/ubuntu/EdgeRanked/sports/wnba/outputs/archive/projections/wnba_projections_20260608.csv,2026-07-13T11:30:43Z
2026-06-08,2026-06-08,Shakira Austin,shakira austin,shakira austin,WAS,IND,28.4,34.0,-5.600000000000001,5.600000000000001,31.360000000000017,/home/ubuntu/EdgeRanked/sports/wnba/outputs/archive/projections/wnba_projections_20260608.csv,2026-07-13T11:30:43Z
2026-06-08,2026-06-08,Sonia Citron,sonia citron,sonia citron,WAS,IND,31.93,38.0,-6.07,6.07,36.8449,/home/ubuntu/EdgeRanked/sports/wnba/outputs/archive/projections/wnba_projections_20260608.csv,2026-07-13T11:30:43Z
2026-06-08,2026-06-08,Sophie Cunningham,sophie cunningham,sophie cunningham,IND,WAS,22.43,23.0,-0.5700000000000003,0.5700000000000003,0.3249000000000003,/home/ubuntu/EdgeRanked/sports/wnba/outputs/archive/projections/wnba_projections_20260608.csv,2026-07-13T11:30:43Z
2026-06-08,2026-06-08,Stefanie Dolson,stefanie dolson,stefanie dolson,SEA,LVA,21.62,16.0,5.620000000000001,5.620000000000001,31.584400000000013,/home/ubuntu/EdgeRanked/sports/wnba/outputs/archive/projections/wnba_projections_20260608.csv,2026-07-13T11:30:43Z
2026-06-08,2026-06-08,Stephanie Talbot,stephanie talbot,stephanie talbot,LVA,SEA,20.53,17.0,3.530000000000001,3.530000000000001,12.460900000000008,/home/ubuntu/EdgeRanked/sports/wnba/outputs/archive/projections/wnba_projections_20260608.csv,2026-07-13T11:30:43Z
2026-06-08,2026-06-08,Tyasha Harris,tyasha harris,tyasha harris,IND,WAS,14.13,11.0,3.130000000000001,3.130000000000001,9.796900000000004,/home/ubuntu/EdgeRanked/sports/wnba/outputs/archive/projections/wnba_projections_20260608.csv,2026-07-13T11:30:43Z
2026-06-08,2026-06-08,Zia Cooke,zia cooke,zia cooke,SEA,LVA,16.91,13.0,3.91,3.91,15.288100000000002,/home/ubuntu/EdgeRanked/sports/wnba/outputs/archive/projections/wnba_projections_20260608.csv,2026-07-13T11:30:43Z
2026-06-09,2026-06-09,Aaliyah Nye,aaliyah nye,aaliyah nye,ATL,CHI,8.0,1.0,7.0,7.0,49.0,/home/ubuntu/EdgeRanked/sports/wnba/outputs/archive/projections/wnba_projections_20260609.csv,2026-07-13T11:30:43Z
2026-06-09,2026-06-09,Alanna Smith,alanna smith,alanna smith,DAL,MIN,16.59,9.0,7.59,7.59,57.6081,/home/ubuntu/EdgeRanked/sports/wnba/outputs/archive/projections/wnba_projections_20260609.csv,2026-07-13T11:30:43Z
2026-06-09,2026-06-09,Allisha Gray,allisha gray,allisha gray,ATL,CHI,33.27,35.0,-1.7299999999999969,1.7299999999999969,2.992899999999989,/home/ubuntu/EdgeRanked/sports/wnba/outputs/archive/projections/wnba_projections_20260609.csv,2026-07-13T11:30:43Z
2026-06-09,2026-06-09,Alysha Clark,alysha clark,alysha clark,DAL,MIN,14.44,14.0,0.4399999999999995,0.4399999999999995,0.19359999999999955,/home/ubuntu/EdgeRanked/sports/wnba/outputs/archive/projections/wnba_projections_20260609.csv,2026-07-13T11:30:43Z
2026-06-09,2026-06-09,Alyssa Thomas,alyssa thomas,alyssa thomas,PHX,GSV,30.89,32.0,-1.1099999999999994,1.1099999999999994,1.2320999999999986,/home/ubuntu/EdgeRanked/sports/wnba/outputs/archive/projections/wnba_projections_20260609.csv,2026-07-13T11:30:43Z
2026-06-09,2026-06-09,Anastasiia Olairi Kosu,anastasiia olairi kosu,anastasiia olairi kosu,MIN,DAL,12.68,20.0,-7.32,7.32,53.58240000000001,/home/ubuntu/EdgeRanked/sports/wnba/outputs/archive/projections/wnba_projections_20260609.csv,2026-07-13T11:30:43Z
2026-06-09,2026-06-09,Angel Reese,angel reese,angel reese,ATL,CHI,30.76,35.0,-4.239999999999998,4.239999999999998,17.97759999999999,/home/ubuntu/EdgeRanked/sports/wnba/outputs/archive/projections/wnba_projections_20260609.csv,2026-07-13T11:30:43Z
2026-06-09,2026-06-09,Antonia Delaere,antonia delaere,antonia delaere,MIN,DAL,15.95,14.0,1.9499999999999993,1.9499999999999993,3.802499999999997,/home/ubuntu/EdgeRanked/sports/wnba/outputs/archive/projections/wnba_projections_20260609.csv,2026-07-13T11:30:43Z
2026-06-09,2026-06-09,Arike Ogunbowale,arike ogunbowale,arike ogunbowale,DAL,MIN,25.7,28.0,-2.3000000000000007,2.3000000000000007,5.290000000000004,/home/ubuntu/EdgeRanked/sports/wnba/outputs/archive/projections/wnba_projections_20260609.csv,2026-07-13T11:30:43Z
2026-06-09,2026-06-09,Aziaha James,aziaha james,aziaha james,DAL,MIN,13.44,16.0,-2.5600000000000005,2.5600000000000005,6.553600000000003,/home/ubuntu/EdgeRanked/sports/wnba/outputs/archive/projections/wnba_projections_20260609.csv,2026-07-13T11:30:43Z
2026-06-09,2026-06-09,Azura Stevens,azura stevens,azura stevens,CHI,ATL,21.68,23.0,-1.3200000000000003,1.3200000000000003,1.7424000000000008,/home/ubuntu/EdgeRanked/sports/wnba/outputs/archive/projections/wnba_projections_20260609.csv,2026-07-13T11:30:43Z
2026-06-09,2026-06-09,Azzi Fudd,azzi fudd,azzi fudd,DAL,MIN,26.64,30.0,-3.3599999999999994,3.3599999999999994,11.289599999999997,/home/ubuntu/EdgeRanked/sports/wnba/outputs/archive/projections/wnba_projections_20260609.csv,2026-07-13T11:30:43Z
2026-06-09,2026-06-09,Cecilia Zandalasini,cecilia zandalasini,cecilia zandalasini,GSV,PHX,20.59,17.0,3.59,3.59,12.8881,/home/ubuntu/EdgeRanked/sports/wnba/outputs/archive/projections/wnba_projections_20260609.csv,2026-07-13T11:30:43Z
2026-06-09,2026-06-09,Costanza Verona,costanza verona,costanza verona,DAL,MIN,20.41,6.0,14.41,14.41,207.6481,/home/ubuntu/EdgeRanked/sports/wnba/outputs/archive/projections/wnba_projections_20260609.csv,2026-07-13T11:30:43Z
2026-06-09,2026-06-09,Courtney Williams,courtney williams,courtney williams,MIN,DAL,30.7,31.0,-0.3000000000000007,0.3000000000000007,0.09000000000000043,/home/ubuntu/EdgeRanked/sports/wnba/outputs/archive/projections/wnba_projections_20260609.csv,2026-07-13T11:30:43Z
2026-06-09,2026-06-09,DeWanna Bonner,dewanna bonner,dewanna bonner,PHX,GSV,21.07,28.0,-6.93,6.93,48.024899999999995,/home/ubuntu/EdgeRanked/sports/wnba/outputs/archive/projections/wnba_projections_20260609.csv,2026-07-13T11:30:43Z
2026-06-09,2026-06-09,Elizabeth Williams,elizabeth williams,elizabeth williams,CHI,ATL,20.36,20.0,0.35999999999999943,0.35999999999999943,0.1295999999999996,/home/ubuntu/EdgeRanked/sports/wnba/outputs/archive/projections/wnba_projections_20260609.csv,2026-07-13T11:30:43Z
2026-06-09,2026-06-09,Gabby Williams,gabby williams,gabby williams,GSV,PHX,25.88,30.0,-4.120000000000001,4.120000000000001,16.97440000000001,/home/ubuntu/EdgeRanked/sports/wnba/outputs/archive/projections/wnba_projections_20260609.csv,2026-07-13T11:30:43Z
2026-06-09,2026-06-09,Gabriela Jaquez,gabriela jaquez,gabriela jaquez,CHI,ATL,27.81,19.0,8.809999999999999,8.809999999999999,77.61609999999997,/home/ubuntu/EdgeRanked/sports/wnba/outputs/archive/projections/wnba_projections_20260609.csv,2026-07-13T11:30:43Z
2026-06-09,2026-06-09,Indya Nivar,indya nivar,indya nivar,ATL,CHI,8.0,0.0,8.0,8.0,64.0,/home/ubuntu/EdgeRanked/sports/wnba/outputs/archive/projections/wnba_projections_20260609.csv,2026-07-13T11:30:43Z
2026-06-09,2026-06-09,Isobel Borlase,isobel borlase,isobel borlase,ATL,CHI,11.95,10.0,1.9499999999999993,1.9499999999999993,3.802499999999997,/home/ubuntu/EdgeRanked/sports/wnba/outputs/archive/projections/wnba_projections_20260609.csv,2026-07-13T11:30:43Z
2026-06-09,2026-06-09,Jacy Sheldon,jacy sheldon,jacy sheldon,CHI,ATL,24.66,25.0,-0.33999999999999986,0.33999999999999986,0.1155999999999999,/home/ubuntu/EdgeRanked/sports/wnba/outputs/archive/projections/wnba_projections_20260609.csv,2026-07-13T11:30:43Z
2026-06-09,2026-06-09,Janelle Salaun,janelle salaun,janelle salaun,GSV,PHX,23.57,25.0,-1.4299999999999997,1.4299999999999997,2.0448999999999993,/home/ubuntu/EdgeRanked/sports/wnba/outputs/archive/projections/wnba_projections_20260609.csv,2026-07-13T11:30:43Z
2026-06-09,2026-06-09,Jessica Shepard,jessica shepard,jessica shepard,DAL,MIN,28.5,29.0,-0.5,0.5,0.25,/home/ubuntu/EdgeRanked/sports/wnba/outputs/archive/projections/wnba_projections_20260609.csv,2026-07-13T11:30:43Z
2026-06-09,2026-06-09,JJ Quinerly,jj quinerly,jj quinerly,DAL,MIN,24.96,10.0,14.96,14.96,223.80160000000004,/home/ubuntu/EdgeRanked/sports/wnba/outputs/archive/projections/wnba_projections_20260609.csv,2026-07-13T11:30:43Z
2026-06-09,2026-06-09,Jordin Canada,jordin canada,jordin canada,ATL,CHI,31.31,33.0,-1.6900000000000013,1.6900000000000013,2.8561000000000045,/home/ubuntu/EdgeRanked/sports/wnba/outputs/archive/projections/wnba_projections_20260609.csv,2026-07-13T11:30:43Z
2026-06-09,2026-06-09,Jovana Nogic,jovana nogic,jovana nogic,PHX,GSV,20.18,9.0,11.18,11.18,124.99239999999999,/home/ubuntu/EdgeRanked/sports/wnba/outputs/archive/projections/wnba_projections_20260609.csv,2026-07-13T11:30:43Z
2026-06-09,2026-06-09,Kahleah Copper,kahleah copper,kahleah copper,PHX,GSV,30.82,26.0,4.82,4.82,23.232400000000002,/home/ubuntu/EdgeRanked/sports/wnba/outputs/archive/projections/wnba_projections_20260609.csv,2026-07-13T11:30:43Z
2026-06-09,2026-06-09,Kaila Charles,kaila charles,kaila charles,GSV,PHX,14.41,20.0,-5.59,5.59,31.248099999999997,/home/ubuntu/EdgeRanked/sports/wnba/outputs/archive/projections/wnba_projections_20260609.csv,2026-07-13T11:30:43Z
2026-06-09,2026-06-09,Kaitlyn Chen,kaitlyn chen,kaitlyn chen,GSV,PHX,15.55,3.0,12.55,12.55,157.50250000000003,/home/ubuntu/EdgeRanked/sports/wnba/outputs/archive/projections/wnba_projections_20260609.csv,2026-07-13T11:30:43Z
2026-06-09,2026-06-09,Kamilla Cardoso,kamilla cardoso,kamilla cardoso,CHI,ATL,28.04,35.0,-6.960000000000001,6.960000000000001,48.441600000000015,/home/ubuntu/EdgeRanked/sports/wnba/outputs/archive/projections/wnba_projections_20260609.csv,2026-07-13T11:30:43Z
2026-06-09,2026-06-09,Kayla McBride,kayla mcbride,kayla mcbride,MIN,DAL,29.7,30.0,-0.3000000000000007,0.3000000000000007,0.09000000000000043,/home/ubuntu/EdgeRanked/sports/wnba/outputs/archive/projections/wnba_projections_20260609.csv,2026-07-13T11:30:43Z
2026-06-09,2026-06-09,Kayla Thornton,kayla thornton,kayla thornton,GSV,PHX,23.92,35.0,-11.079999999999998,11.079999999999998,122.76639999999996,/home/ubuntu/EdgeRanked/sports/wnba/outputs/archive/projections/wnba_projections_20260609.csv,2026-07-13T11:30:43Z
2026-06-09,2026-06-09,Kiah Stokes,kiah stokes,kiah stokes,GSV,PHX,20.18,20.0,0.17999999999999972,0.17999999999999972,0.0323999999999999,/home/ubuntu/EdgeRanked/sports/wnba/outputs/archive/projections/wnba_projections_20260609.csv,2026-07-13T11:30:43Z
2026-06-09,2026-06-09,Lexi Held,lexi held,lexi held,PHX,GSV,13.8,15.0,-1.1999999999999993,1.1999999999999993,1.4399999999999984,/home/ubuntu/EdgeRanked/sports/wnba/outputs/archive/projections/wnba_projections_20260609.csv,2026-07-13T11:30:43Z
2026-06-09,2026-06-09,Li Yueru,li yueru,li yueru,DAL,MIN,8.45,6.0,2.4499999999999993,2.4499999999999993,6.002499999999997,/home/ubuntu/EdgeRanked/sports/wnba/outputs/archive/projections/wnba_projections_20260609.csv,2026-07-13T11:30:43Z
2026-06-09,2026-06-09,Maddy Siegrist,maddy siegrist,maddy siegrist,DAL,MIN,16.68,22.0,-5.32,5.32,28.302400000000002,/home/ubuntu/EdgeRanked/sports/wnba/outputs/archive/projections/wnba_projections_20260609.csv,2026-07-13T11:30:43Z
2026-06-09,2026-06-09,Madina Okot,madina okot,madina okot,ATL,CHI,10.26,5.0,5.26,5.26,27.667599999999997,/home/ubuntu/EdgeRanked/sports/wnba/outputs/archive/projections/wnba_projections_20260609.csv,2026-07-13T11:30:43Z
2026-06-09,2026-06-09,Maya Caldwell,maya caldwell,maya caldwell,MIN,DAL,14.87,15.0,-0.13000000000000078,0.13000000000000078,0.016900000000000203,/home/ubuntu/EdgeRanked/sports/wnba/outputs/archive/projections/wnba_projections_20260609.csv,2026-07-13T11:30:43Z
2026-06-09,2026-06-09,Monique Akoa Makani,monique akoa makani,monique akoa makani,PHX,GSV,26.2,32.0,-5.800000000000001,5.800000000000001,33.64000000000001,/home/ubuntu/EdgeRanked/sports/wnba/outputs/archive/projections/wnba_projections_20260609.csv,2026-07-13T11:30:43Z
2026-06-09,2026-06-09,Natasha Cloud,natasha cloud,natasha cloud,CHI,ATL,27.25,30.0,-2.75,2.75,7.5625,/home/ubuntu/EdgeRanked/sports/wnba/outputs/archive/projections/wnba_projections_20260609.csv,2026-07-13T11:30:43Z
2026-06-09,2026-06-09,Natasha Howard,natasha howard,natasha howard,MIN,DAL,28.38,29.0,-0.620000000000001,0.620000000000001,0.38440000000000124,/home/ubuntu/EdgeRanked/sports/wnba/outputs/archive/projections/wnba_projections_20260609.csv,2026-07-13T11:30:43Z
2026-06-09,2026-06-09,Natasha Mack,natasha mack,natasha mack,PHX,GSV,23.96,25.0,-1.0399999999999991,1.0399999999999991,1.0815999999999981,/home/ubuntu/EdgeRanked/sports/wnba/outputs/archive/projections/wnba_projections_20260609.csv,2026-07-13T11:30:43Z
2026-06-09,2026-06-09,Naz Hillmon,naz hillmon,naz hillmon,ATL,CHI,31.18,38.0,-6.82,6.82,46.51240000000001,/home/ubuntu/EdgeRanked/sports/wnba/outputs/archive/projections/wnba_projections_20260609.csv,2026-07-13T11:30:43Z
2026-06-09,2026-06-09,Nia Coffey,nia coffey,nia coffey,MIN,DAL,25.84,25.0,0.8399999999999999,0.8399999999999999,0.7055999999999998,/home/ubuntu/EdgeRanked/sports/wnba/outputs/archive/projections/wnba_projections_20260609.csv,2026-07-13T11:30:43Z
2026-06-09,2026-06-09,Noemie Brochant,noemie brochant,noemie brochant,PHX,GSV,22.33,29.0,-6.670000000000002,6.670000000000002,44.48890000000002,/home/ubuntu/EdgeRanked/sports/wnba/outputs/archive/projections/wnba_projections_20260609.csv,2026-07-13T11:30:43Z
2026-06-09,2026-06-09,Olivia Miles,olivia miles,olivia miles,MIN,DAL,32.31,31.0,1.3100000000000023,1.3100000000000023,1.716100000000006,/home/ubuntu/EdgeRanked/sports/wnba/outputs/archive/projections/wnba_projections_20260609.csv,2026-07-13T11:30:43Z
2026-06-09,2026-06-09,Paige Bueckers,paige bueckers,paige bueckers,DAL,MIN,30.6,30.0,0.6000000000000014,0.6000000000000014,0.3600000000000017,/home/ubuntu/EdgeRanked/sports/wnba/outputs/archive/projections/wnba_projections_20260609.csv,2026-07-13T11:30:43Z
2026-06-09,2026-06-09,Quionche Carter,quionche carter,quionche carter,PHX,GSV,15.48,3.0,12.48,12.48,155.7504,/home/ubuntu/EdgeRanked/sports/wnba/outputs/archive/projections/wnba_projections_20260609.csv,2026-07-13T11:30:43Z
2026-06-09,2026-06-09,Rachel Banham,rachel banham,rachel banham,CHI,ATL,20.46,14.0,6.460000000000001,6.460000000000001,41.731600000000014,/home/ubuntu/EdgeRanked/sports/wnba/outputs/archive/projections/wnba_projections_20260609.csv,2026-07-13T11:30:43Z
2026-06-09,2026-06-09,Rhyne Howard,rhyne howard,rhyne howard,ATL,CHI,36.3,36.0,0.29999999999999716,0.29999999999999716,0.08999999999999829,/home/ubuntu/EdgeRanked/sports/wnba/outputs/archive/projections/wnba_projections_20260609.csv,2026-07-13T11:30:43Z
2026-06-09,2026-06-09,Sika Kone,sika kone,sika kone,ATL,CHI,9.74,1.0,8.74,8.74,76.3876,/home/ubuntu/EdgeRanked/sports/wnba/outputs/archive/projections/wnba_projections_20260609.csv,2026-07-13T11:30:43Z
2026-06-09,2026-06-09,Skylar Diggins,skylar diggins,skylar diggins,CHI,ATL,30.48,32.0,-1.5199999999999996,1.5199999999999996,2.3103999999999987,/home/ubuntu/EdgeRanked/sports/wnba/outputs/archive/projections/wnba_projections_20260609.csv,2026-07-13T11:30:43Z
2026-06-09,2026-06-09,Sydney Taylor,sydney taylor,sydney taylor,CHI,ATL,19.06,3.0,16.06,16.06,257.92359999999996,/home/ubuntu/EdgeRanked/sports/wnba/outputs/archive/projections/wnba_projections_20260609.csv,2026-07-13T11:30:43Z
2026-06-09,2026-06-09,Te-Hina Paopao,te-hina paopao,te-hina paopao,ATL,CHI,14.89,7.0,7.890000000000001,7.890000000000001,62.252100000000006,/home/ubuntu/EdgeRanked/sports/wnba/outputs/archive/projections/wnba_projections_20260609.csv,2026-07-13T11:30:43Z
2026-06-09,2026-06-09,Teaira McCowan,teaira mccowan,teaira mccowan,MIN,DAL,9.31,6.0,3.3100000000000005,3.3100000000000005,10.956100000000003,/home/ubuntu/EdgeRanked/sports/wnba/outputs/archive/projections/wnba_projections_20260609.csv,2026-07-13T11:30:43Z
2026-06-09,2026-06-09,Tiffany Hayes,tiffany hayes,tiffany hayes,GSV,PHX,16.78,13.0,3.780000000000001,3.780000000000001,14.288400000000008,/home/ubuntu/EdgeRanked/sports/wnba/outputs/archive/projections/wnba_projections_20260609.csv,2026-07-13T11:30:43Z
2026-06-09,2026-06-09,Veronica Burton,veronica burton,veronica burton,GSV,PHX,25.74,37.0,-11.260000000000002,11.260000000000002,126.78760000000004,/home/ubuntu/EdgeRanked/sports/wnba/outputs/archive/projections/wnba_projections_20260609.csv,2026-07-13T11:30:43Z
2026-06-10,2026-06-10,Aaliyah Edwards,aaliyah edwards,aaliyah edwards,CON,TOR,18.34,30.0,-11.66,11.66,135.9556,/home/ubuntu/EdgeRanked/sports/wnba/outputs/archive/projections/wnba_projections_20260610.csv,2026-07-13T11:30:43Z
2026-06-10,2026-06-10,Ariel Atkins,ariel atkins,ariel atkins,LAS,SEA,27.52,25.0,2.5199999999999996,2.5199999999999996,6.350399999999998,/home/ubuntu/EdgeRanked/sports/wnba/outputs/archive/projections/wnba_projections_20260610.csv,2026-07-13T11:30:43Z
2026-06-10,2026-06-10,Awa Fam,awa fam,awa fam,SEA,LAS,26.52,30.0,-3.4800000000000004,3.4800000000000004,12.110400000000004,/home/ubuntu/EdgeRanked/sports/wnba/outputs/archive/projections/wnba_projections_20260610.csv,2026-07-13T11:30:43Z
2026-06-10,2026-06-10,Brittney Sykes,brittney sykes,brittney sykes,TOR,CON,31.39,41.0,-9.61,9.61,92.3521,/home/ubuntu/EdgeRanked/sports/wnba/outputs/archive/projections/wnba_projections_20260610.csv,2026-07-13T11:30:43Z
2026-06-10,2026-06-10,Cameron Brink,cameron brink,cameron brink,LAS,SEA,19.6,18.0,1.6000000000000014,1.6000000000000014,2.5600000000000045,/home/ubuntu/EdgeRanked/sports/wnba/outputs/archive/projections/wnba_projections_20260610.csv,2026-07-13T11:30:43Z
2026-06-10,2026-06-10,Chance Gray,chance gray,chance gray,LAS,SEA,12.83,7.0,5.83,5.83,33.9889,/home/ubuntu/EdgeRanked/sports/wnba/outputs/archive/projections/wnba_projections_20260610.csv,2026-07-13T11:30:43Z
2026-06-10,2026-06-10,Charlisse Leger-Walker,charlisse leger-walker,charlisse leger-walker,CON,TOR,14.12,18.0,-3.880000000000001,3.880000000000001,15.054400000000006,/home/ubuntu/EdgeRanked/sports/wnba/outputs/archive/projections/wnba_projections_20260610.csv,2026-07-13T11:30:43Z
2026-06-10,2026-06-10,Dearica Hamby,dearica hamby,dearica hamby,LAS,SEA,27.76,28.0,-0.23999999999999844,0.23999999999999844,0.05759999999999925,/home/ubuntu/EdgeRanked/sports/wnba/outputs/archive/projections/wnba_projections_20260610.csv,2026-07-13T11:30:43Z
2026-06-10,2026-06-10,Diamond Miller,diamond miller,diamond miller,CON,TOR,21.05,30.0,-8.95,8.95,80.10249999999999,/home/ubuntu/EdgeRanked/sports/wnba/outputs/archive/projections/wnba_projections_20260610.csv,2026-07-13T11:30:43Z
2026-06-10,2026-06-10,Dominique Malonga,dominique malonga,dominique malonga,SEA,LAS,24.82,24.0,0.8200000000000003,0.8200000000000003,0.6724000000000004,/home/ubuntu/EdgeRanked/sports/wnba/outputs/archive/projections/wnba_projections_20260610.csv,2026-07-13T11:30:43Z
2026-06-10,2026-06-10,Erica Wheeler,erica wheeler,erica wheeler,LAS,SEA,27.34,26.0,1.3399999999999999,1.3399999999999999,1.7955999999999996,/home/ubuntu/EdgeRanked/sports/wnba/outputs/archive/projections/wnba_projections_20260610.csv,2026-07-13T11:30:43Z
2026-06-10,2026-06-10,Flau'jae Johnson,flau'jae johnson,flau'jae johnson,SEA,LAS,25.21,30.0,-4.789999999999999,4.789999999999999,22.94409999999999,/home/ubuntu/EdgeRanked/sports/wnba/outputs/archive/projections/wnba_projections_20260610.csv,2026-07-13T11:30:43Z
2026-06-10,2026-06-10,Gianna Kneepkens,gianna kneepkens,gianna kneepkens,CON,TOR,8.15,0.0,8.15,8.15,66.4225,/home/ubuntu/EdgeRanked/sports/wnba/outputs/archive/projections/wnba_projections_20260610.csv,2026-07-13T11:30:43Z
2026-06-10,2026-06-10,Isabelle Harrison,isabelle harrison,isabelle harrison,TOR,CON,23.35,13.0,10.350000000000001,10.350000000000001,107.12250000000003,/home/ubuntu/EdgeRanked/sports/wnba/outputs/archive/projections/wnba_projections_20260610.csv,2026-07-13T11:30:43Z
2026-06-10,2026-06-10,Jade Melbourne,jade melbourne,jade melbourne,SEA,LAS,21.06,16.0,5.059999999999999,5.059999999999999,25.603599999999986,/home/ubuntu/EdgeRanked/sports/wnba/outputs/archive/projections/wnba_projections_20260610.csv,2026-07-13T11:30:43Z
2026-06-10,2026-06-10,Jihyun Park,jihyun park,jihyun park,LAS,SEA,9.15,2.0,7.15,7.15,51.1225,/home/ubuntu/EdgeRanked/sports/wnba/outputs/archive/projections/wnba_projections_20260610.csv,2026-07-13T11:30:43Z
2026-06-10,2026-06-10,Jordan Horston,jordan horston,jordan horston,SEA,LAS,19.82,26.0,-6.18,6.18,38.1924,/home/ubuntu/EdgeRanked/sports/wnba/outputs/archive/projections/wnba_projections_20260610.csv,2026-07-13T11:30:43Z
2026-06-10,2026-06-10,Julie Allemand,julie allemand,julie allemand,TOR,CON,22.72,36.0,-13.280000000000001,13.280000000000001,176.35840000000002,/home/ubuntu/EdgeRanked/sports/wnba/outputs/archive/projections/wnba_projections_20260610.csv,2026-07-13T11:30:43Z
2026-06-10,2026-06-10,Katie Lou Samuelson,katie lou samuelson,katie lou samuelson,SEA,LAS,16.95,9.0,7.949999999999999,7.949999999999999,63.202499999999986,/home/ubuntu/EdgeRanked/sports/wnba/outputs/archive/projections/wnba_projections_20260610.csv,2026-07-13T11:30:43Z
2026-06-10,2026-06-10,Kelsey Plum,kelsey plum,kelsey plum,LAS,SEA,34.04,33.0,1.0399999999999991,1.0399999999999991,1.0815999999999981,/home/ubuntu/EdgeRanked/sports/wnba/outputs/archive/projections/wnba_projections_20260610.csv,2026-07-13T11:30:43Z
2026-06-10,2026-06-10,Kennedy Burke,kennedy burke,kennedy burke,CON,TOR,21.11,29.0,-7.890000000000001,7.890000000000001,62.252100000000006,/home/ubuntu/EdgeRanked/sports/wnba/outputs/archive/projections/wnba_projections_20260610.csv,2026-07-13T11:30:43Z
2026-06-10,2026-06-10,Kia Nurse,kia nurse,kia nurse,TOR,CON,13.12,3.0,10.12,10.12,102.41439999999999,/home/ubuntu/EdgeRanked/sports/wnba/outputs/archive/projections/wnba_projections_20260610.csv,2026-07-13T11:30:43Z
2026-06-10,2026-06-10,Laura Juskaite,laura juskaite,laura juskaite,TOR,CON,22.06,37.0,-14.940000000000001,14.940000000000001,223.20360000000005,/home/ubuntu/EdgeRanked/sports/wnba/outputs/archive/projections/wnba_projections_20260610.csv,2026-07-13T11:30:43Z
2026-06-10,2026-06-10,Leila Lacan,leila lacan,leila lacan,CON,TOR,24.14,32.0,-7.859999999999999,7.859999999999999,61.77959999999999,/home/ubuntu/EdgeRanked/sports/wnba/outputs/archive/projections/wnba_projections_20260610.csv,2026-07-13T11:30:43Z
2026-06-10,2026-06-10,Mackenzie Holmes,mackenzie holmes,mackenzie holmes,SEA,LAS,15.16,7.0,8.16,8.16,66.5856,/home/ubuntu/EdgeRanked/sports/wnba/outputs/archive/projections/wnba_projections_20260610.csv,2026-07-13T11:30:43Z
2026-06-10,2026-06-10,Maria Conde,maria conde,maria conde,TOR,CON,21.42,15.0,6.420000000000002,6.420000000000002,41.21640000000002,/home/ubuntu/EdgeRanked/sports/wnba/outputs/archive/projections/wnba_projections_20260610.csv,2026-07-13T11:30:43Z
2026-06-10,2026-06-10,Marina Mabrey,marina mabrey,marina mabrey,TOR,CON,28.6,34.0,-5.399999999999999,5.399999999999999,29.159999999999986,/home/ubuntu/EdgeRanked/sports/wnba/outputs/archive/projections/wnba_projections_20260610.csv,2026-07-13T11:30:43Z
2026-06-10,2026-06-10,Natisha Hiedeman,natisha hiedeman,natisha hiedeman,SEA,LAS,27.22,29.0,-1.7800000000000011,1.7800000000000011,3.168400000000004,/home/ubuntu/EdgeRanked/sports/wnba/outputs/archive/projections/wnba_projections_20260610.csv,2026-07-13T11:30:43Z
2026-06-10,2026-06-10,Nell Angloma,nell angloma,nell angloma,CON,TOR,12.97,11.0,1.9700000000000006,1.9700000000000006,3.8809000000000027,/home/ubuntu/EdgeRanked/sports/wnba/outputs/archive/projections/wnba_projections_20260610.csv,2026-07-13T11:30:43Z
2026-06-10,2026-06-10,Nneka Ogwumike,nneka ogwumike,nneka ogwumike,LAS,SEA,29.85,33.0,-3.1499999999999986,3.1499999999999986,9.92249999999999,/home/ubuntu/EdgeRanked/sports/wnba/outputs/archive/projections/wnba_projections_20260610.csv,2026-07-13T11:30:43Z
2026-06-10,2026-06-10,Nyara Sabally,nyara sabally,nyara sabally,TOR,CON,26.32,30.0,-3.6799999999999997,3.6799999999999997,13.542399999999997,/home/ubuntu/EdgeRanked/sports/wnba/outputs/archive/projections/wnba_projections_20260610.csv,2026-07-13T11:30:43Z
2026-06-10,2026-06-10,Olivia Nelson-Ododa,olivia nelson-ododa,olivia nelson-ododa,CON,TOR,13.15,29.0,-15.85,15.85,251.2225,/home/ubuntu/EdgeRanked/sports/wnba/outputs/archive/projections/wnba_projections_20260610.csv,2026-07-13T11:30:43Z
2026-06-10,2026-06-10,Rae Burrell,rae burrell,rae burrell,LAS,SEA,23.72,27.0,-3.280000000000001,3.280000000000001,10.758400000000007,/home/ubuntu/EdgeRanked/sports/wnba/outputs/archive/projections/wnba_projections_20260610.csv,2026-07-13T11:30:43Z
2026-06-10,2026-06-10,Raegan Beers,raegan beers,raegan beers,CON,TOR,9.89,9.0,0.8900000000000006,0.8900000000000006,0.792100000000001,/home/ubuntu/EdgeRanked/sports/wnba/outputs/archive/projections/wnba_projections_20260610.csv,2026-07-13T11:30:43Z
2026-06-10,2026-06-10,Saniya Rivers,saniya rivers,saniya rivers,CON,TOR,22.45,35.0,-12.55,12.55,157.50250000000003,/home/ubuntu/EdgeRanked/sports/wnba/outputs/archive/projections/wnba_projections_20260610.csv,2026-07-13T11:30:43Z
2026-06-10,2026-06-10,Stefanie Dolson,stefanie dolson,stefanie dolson,SEA,LAS,21.1,19.0,2.1000000000000014,2.1000000000000014,4.410000000000006,/home/ubuntu/EdgeRanked/sports/wnba/outputs/archive/projections/wnba_projections_20260610.csv,2026-07-13T11:30:43Z
2026-06-10,2026-06-10,Teonni Key,teonni key,teonni key,TOR,CON,10.08,9.0,1.08,1.08,1.1664,/home/ubuntu/EdgeRanked/sports/wnba/outputs/archive/projections/wnba_projections_20260610.csv,2026-07-13T11:30:43Z
2026-06-10,2026-06-10,Tima Pouye,tima pouye,tima pouye,TOR,CON,8.0,8.0,0.0,0.0,0.0,/home/ubuntu/EdgeRanked/sports/wnba/outputs/archive/projections/wnba_projections_20260610.csv,2026-07-13T11:30:43Z
2026-06-10,2026-06-10,Zia Cooke,zia cooke,zia cooke,SEA,LAS,16.58,10.0,6.579999999999998,6.579999999999998,43.29639999999998,/home/ubuntu/EdgeRanked/sports/wnba/outputs/archive/projections/wnba_projections_20260610.csv,2026-07-13T11:30:43Z
2026-06-11,2026-06-11,A'ja Wilson,a'ja wilson,a'ja wilson,LVA,POR,31.57,36.0,-4.43,4.43,19.624899999999997,/home/ubuntu/EdgeRanked/sports/wnba/outputs/archive/projections/wnba_projections_20260611.csv,2026-07-13T11:30:43Z
2026-06-11,2026-06-11,Aaliyah Nye,aaliyah nye,aaliyah nye,ATL,NYL,8.84,1.0,7.84,7.84,61.465599999999995,/home/ubuntu/EdgeRanked/sports/wnba/outputs/archive/projections/wnba_projections_20260611.csv,2026-07-13T11:30:43Z
2026-06-11,2026-06-11,Aicha Coulibaly,aicha coulibaly,aicha coulibaly,CHI,IND,17.69,15.0,2.6900000000000013,2.6900000000000013,7.236100000000007,/home/ubuntu/EdgeRanked/sports/wnba/outputs/archive/projections/wnba_projections_20260611.csv,2026-07-13T11:30:43Z
2026-06-11,2026-06-11,Alanna Smith,alanna smith,alanna smith,DAL,PHX,17.08,16.0,1.0799999999999983,1.0799999999999983,1.1663999999999963,/home/ubuntu/EdgeRanked/sports/wnba/outputs/archive/projections/wnba_projections_20260611.csv,2026-07-13T11:30:43Z
2026-06-11,2026-06-11,Aliyah Boston,aliyah boston,aliyah boston,IND,CHI,27.8,32.0,-4.199999999999999,4.199999999999999,17.639999999999993,/home/ubuntu/EdgeRanked/sports/wnba/outputs/archive/projections/wnba_projections_20260611.csv,2026-07-13T11:30:43Z
2026-06-11,2026-06-11,Allisha Gray,allisha gray,allisha gray,ATL,NYL,32.0,31.0,1.0,1.0,1.0,/home/ubuntu/EdgeRanked/sports/wnba/outputs/archive/projections/wnba_projections_20260611.csv,2026-07-13T11:30:43Z
2026-06-11,2026-06-11,Alysha Clark,alysha clark,alysha clark,DAL,PHX,12.51,5.0,7.51,7.51,56.400099999999995,/home/ubuntu/EdgeRanked/sports/wnba/outputs/archive/projections/wnba_projections_20260611.csv,2026-07-13T11:30:43Z
2026-06-11,2026-06-11,Alyssa Thomas,alyssa thomas,alyssa thomas,PHX,DAL,30.85,32.0,-1.1499999999999986,1.1499999999999986,1.3224999999999967,/home/ubuntu/EdgeRanked/sports/wnba/outputs/archive/projections/wnba_projections_20260611.csv,2026-07-13T11:30:43Z
2026-06-11,2026-06-11,Angel Reese,angel reese,angel reese,ATL,NYL,31.1,33.0,-1.8999999999999986,1.8999999999999986,3.6099999999999945,/home/ubuntu/EdgeRanked/sports/wnba/outputs/archive/projections/wnba_projections_20260611.csv,2026-07-13T11:30:43Z
2026-06-11,2026-06-11,Arike Ogunbowale,arike ogunbowale,arike ogunbowale,DAL,PHX,28.36,29.0,-0.6400000000000006,0.6400000000000006,0.40960000000000074,/home/ubuntu/EdgeRanked/sports/wnba/outputs/archive/projections/wnba_projections_20260611.csv,2026-07-13T11:30:43Z
2026-06-11,2026-06-11,Awak Kuier,awak kuier,awak kuier,DAL,PHX,17.69,15.0,2.6900000000000013,2.6900000000000013,7.236100000000007,/home/ubuntu/EdgeRanked/sports/wnba/outputs/archive/projections/wnba_projections_20260611.csv,2026-07-13T11:30:43Z
2026-06-11,2026-06-11,Aziaha James,aziaha james,aziaha james,DAL,PHX,13.43,17.0,-3.5700000000000003,3.5700000000000003,12.744900000000001,/home/ubuntu/EdgeRanked/sports/wnba/outputs/archive/projections/wnba_projections_20260611.csv,2026-07-13T11:30:43Z
2026-06-11,2026-06-11,Azura Stevens,azura stevens,azura stevens,CHI,IND,23.93,26.0,-2.0700000000000003,2.0700000000000003,4.284900000000001,/home/ubuntu/EdgeRanked/sports/wnba/outputs/archive/projections/wnba_projections_20260611.csv,2026-07-13T11:30:43Z
2026-06-11,2026-06-11,Azzi Fudd,azzi fudd,azzi fudd,DAL,PHX,26.67,34.0,-7.329999999999998,7.329999999999998,53.728899999999975,/home/ubuntu/EdgeRanked/sports/wnba/outputs/archive/projections/wnba_projections_20260611.csv,2026-07-13T11:30:43Z
2026-06-11,2026-06-11,Betnijah Laney-Hamilton,betnijah laney-hamilton,betnijah laney-hamilton,NYL,ATL,17.29,14.0,3.289999999999999,3.289999999999999,10.824099999999994,/home/ubuntu/EdgeRanked/sports/wnba/outputs/archive/projections/wnba_projections_20260611.csv,2026-07-13T11:30:43Z
2026-06-11,2026-06-11,Breanna Stewart,breanna stewart,breanna stewart,NYL,ATL,29.73,35.0,-5.27,5.27,27.772899999999996,/home/ubuntu/EdgeRanked/sports/wnba/outputs/archive/projections/wnba_projections_20260611.csv,2026-07-13T11:30:43Z
2026-06-11,2026-06-11,Brianna Turner,brianna turner,brianna turner,LVA,POR,10.6,2.0,8.6,8.6,73.96,/home/ubuntu/EdgeRanked/sports/wnba/outputs/archive/projections/wnba_projections_20260611.csv,2026-07-13T11:30:43Z
2026-06-11,2026-06-11,Bridget Carleton,bridget carleton,bridget carleton,POR,LVA,27.28,33.0,-5.719999999999999,5.719999999999999,32.71839999999999,/home/ubuntu/EdgeRanked/sports/wnba/outputs/archive/projections/wnba_projections_20260611.csv,2026-07-13T11:30:43Z
2026-06-11,2026-06-11,Caitlin Clark,caitlin clark,caitlin clark,IND,CHI,30.59,40.0,-9.41,9.41,88.5481,/home/ubuntu/EdgeRanked/sports/wnba/outputs/archive/projections/wnba_projections_20260611.csv,2026-07-13T11:30:43Z
2026-06-11,2026-06-11,Carla Leite,carla leite,carla leite,POR,LVA,23.59,28.0,-4.41,4.41,19.4481,/home/ubuntu/EdgeRanked/sports/wnba/outputs/archive/projections/wnba_projections_20260611.csv,2026-07-13T11:30:43Z
2026-06-11,2026-06-11,Chelsea Gray,chelsea gray,chelsea gray,LVA,POR,31.01,37.0,-5.989999999999998,5.989999999999998,35.880099999999985,/home/ubuntu/EdgeRanked/sports/wnba/outputs/archive/projections/wnba_projections_20260611.csv,2026-07-13T11:30:43Z
2026-06-11,2026-06-11,Chennedy Carter,chennedy carter,chennedy carter,LVA,POR,22.64,8.0,14.64,14.64,214.32960000000003,/home/ubuntu/EdgeRanked/sports/wnba/outputs/archive/projections/wnba_projections_20260611.csv,2026-07-13T11:30:43Z
2026-06-11,2026-06-11,Cheyenne Parker-Tyus,cheyenne parker-tyus,cheyenne parker-tyus,LVA,POR,11.24,8.0,3.24,3.24,10.497600000000002,/home/ubuntu/EdgeRanked/sports/wnba/outputs/archive/projections/wnba_projections_20260611.csv,2026-07-13T11:30:43Z
2026-06-11,2026-06-11,Damiris Dantas,damiris dantas,damiris dantas,IND,CHI,11.79,5.0,6.789999999999999,6.789999999999999,46.10409999999999,/home/ubuntu/EdgeRanked/sports/wnba/outputs/archive/projections/wnba_projections_20260611.csv,2026-07-13T11:30:43Z
2026-06-11,2026-06-11,DeWanna Bonner,dewanna bonner,dewanna bonner,PHX,DAL,25.75,29.0,-3.25,3.25,10.5625,/home/ubuntu/EdgeRanked/sports/wnba/outputs/archive/projections/wnba_projections_20260611.csv,2026-07-13T11:30:43Z
2026-06-11,2026-06-11,Elizabeth Williams,elizabeth williams,elizabeth williams,CHI,IND,20.42,24.0,-3.5799999999999983,3.5799999999999983,12.816399999999987,/home/ubuntu/EdgeRanked/sports/wnba/outputs/archive/projections/wnba_projections_20260611.csv,2026-07-13T11:30:43Z
2026-06-11,2026-06-11,Emily Engstler,emily engstler,emily engstler,POR,LVA,22.93,24.0,-1.0700000000000003,1.0700000000000003,1.1449000000000007,/home/ubuntu/EdgeRanked/sports/wnba/outputs/archive/projections/wnba_projections_20260611.csv,2026-07-13T11:30:43Z
2026-06-11,2026-06-11,Frieda Buhner,frieda buhner,frieda buhner,POR,LVA,12.91,10.0,2.91,2.91,8.468100000000002,/home/ubuntu/EdgeRanked/sports/wnba/outputs/archive/projections/wnba_projections_20260611.csv,2026-07-13T11:30:43Z
2026-06-11,2026-06-11,Gabriela Jaquez,gabriela jaquez,gabriela jaquez,CHI,IND,25.19,22.0,3.1900000000000013,3.1900000000000013,10.176100000000009,/home/ubuntu/EdgeRanked/sports/wnba/outputs/archive/projections/wnba_projections_20260611.csv,2026-07-13T11:30:43Z
2026-06-11,2026-06-11,Han Xu,han xu,han xu,NYL,ATL,12.42,7.0,5.42,5.42,29.3764,/home/ubuntu/EdgeRanked/sports/wnba/outputs/archive/projections/wnba_projections_20260611.csv,2026-07-13T11:30:43Z
2026-06-11,2026-06-11,Indya Nivar,indya nivar,indya nivar,ATL,NYL,8.0,1.0,7.0,7.0,49.0,/home/ubuntu/EdgeRanked/sports/wnba/outputs/archive/projections/wnba_projections_20260611.csv,2026-07-13T11:30:43Z
2026-06-11,2026-06-11,Isobel Borlase,isobel borlase,isobel borlase,ATL,NYL,14.73,19.0,-4.27,4.27,18.232899999999997,/home/ubuntu/EdgeRanked/sports/wnba/outputs/archive/projections/wnba_projections_20260611.csv,2026-07-13T11:30:43Z
2026-06-11,2026-06-11,Jackie Young,jackie young,jackie young,LVA,POR,31.5,35.0,-3.5,3.5,12.25,/home/ubuntu/EdgeRanked/sports/wnba/outputs/archive/projections/wnba_projections_20260611.csv,2026-07-13T11:30:43Z
2026-06-11,2026-06-11,Jacy Sheldon,jacy sheldon,jacy sheldon,CHI,IND,24.98,26.0,-1.0199999999999996,1.0199999999999996,1.040399999999999,/home/ubuntu/EdgeRanked/sports/wnba/outputs/archive/projections/wnba_projections_20260611.csv,2026-07-13T11:30:43Z
2026-06-11,2026-06-11,Jessica Shepard,jessica shepard,jessica shepard,DAL,PHX,29.47,32.0,-2.530000000000001,2.530000000000001,6.400900000000005,/home/ubuntu/EdgeRanked/sports/wnba/outputs/archive/projections/wnba_projections_20260611.csv,2026-07-13T11:30:43Z
2026-06-11,2026-06-11,Jewell Loyd,jewell loyd,jewell loyd,LVA,POR,24.86,25.0,-0.14000000000000057,0.14000000000000057,0.01960000000000016,/home/ubuntu/EdgeRanked/sports/wnba/outputs/archive/projections/wnba_projections_20260611.csv,2026-07-13T11:30:43Z
2026-06-11,2026-06-11,JJ Quinerly,jj quinerly,jj quinerly,DAL,PHX,21.72,3.0,18.72,18.72,350.43839999999994,/home/ubuntu/EdgeRanked/sports/wnba/outputs/archive/projections/wnba_projections_20260611.csv,2026-07-13T11:30:43Z
2026-06-11,2026-06-11,Jonquel Jones,jonquel jones,jonquel jones,NYL,ATL,29.37,26.0,3.370000000000001,3.370000000000001,11.356900000000007,/home/ubuntu/EdgeRanked/sports/wnba/outputs/archive/projections/wnba_projections_20260611.csv,2026-07-13T11:30:43Z
2026-06-11,2026-06-11,Jordin Canada,jordin canada,jordin canada,ATL,NYL,30.72,29.0,1.7199999999999989,1.7199999999999989,2.958399999999996,/home/ubuntu/EdgeRanked/sports/wnba/outputs/archive/projections/wnba_projections_20260611.csv,2026-07-13T11:30:43Z
2026-06-11,2026-06-11,Jovana Nogic,jovana nogic,jovana nogic,PHX,DAL,21.86,16.0,5.859999999999999,5.859999999999999,34.33959999999999,/home/ubuntu/EdgeRanked/sports/wnba/outputs/archive/projections/wnba_projections_20260611.csv,2026-07-13T11:30:43Z
2026-06-11,2026-06-11,Kahleah Copper,kahleah copper,kahleah copper,PHX,DAL,30.7,29.0,1.6999999999999993,1.6999999999999993,2.8899999999999975,/home/ubuntu/EdgeRanked/sports/wnba/outputs/archive/projections/wnba_projections_20260611.csv,2026-07-13T11:30:43Z
2026-06-11,2026-06-11,Kamilla Cardoso,kamilla cardoso,kamilla cardoso,CHI,IND,24.84,21.0,3.84,3.84,14.7456,/home/ubuntu/EdgeRanked/sports/wnba/outputs/archive/projections/wnba_projections_20260611.csv,2026-07-13T11:30:43Z
2026-06-11,2026-06-11,Karlie Samuelson,karlie samuelson,karlie samuelson,POR,LVA,18.07,12.0,6.07,6.07,36.8449,/home/ubuntu/EdgeRanked/sports/wnba/outputs/archive/projections/wnba_projections_20260611.csv,2026-07-13T11:30:43Z
2026-06-11,2026-06-11,Kelsey Mitchell,kelsey mitchell,kelsey mitchell,IND,CHI,31.01,39.0,-7.989999999999998,7.989999999999998,63.84009999999998,/home/ubuntu/EdgeRanked/sports/wnba/outputs/archive/projections/wnba_projections_20260611.csv,2026-07-13T11:30:43Z
2026-06-11,2026-06-11,Leonie Fiebich,leonie fiebich,leonie fiebich,NYL,ATL,27.67,27.0,0.6700000000000017,0.6700000000000017,0.4489000000000023,/home/ubuntu/EdgeRanked/sports/wnba/outputs/archive/projections/wnba_projections_20260611.csv,2026-07-13T11:30:43Z
2026-06-11,2026-06-11,Lexi Held,lexi held,lexi held,PHX,DAL,15.31,23.0,-7.6899999999999995,7.6899999999999995,59.13609999999999,/home/ubuntu/EdgeRanked/sports/wnba/outputs/archive/projections/wnba_projections_20260611.csv,2026-07-13T11:30:43Z
2026-06-11,2026-06-11,Lexie Hull,lexie hull,lexie hull,IND,CHI,19.07,32.0,-12.93,12.93,167.1849,/home/ubuntu/EdgeRanked/sports/wnba/outputs/archive/projections/wnba_projections_20260611.csv,2026-07-13T11:30:43Z
2026-06-11,2026-06-11,Li Yueru,li yueru,li yueru,DAL,PHX,9.56,2.0,7.5600000000000005,7.5600000000000005,57.153600000000004,/home/ubuntu/EdgeRanked/sports/wnba/outputs/archive/projections/wnba_projections_20260611.csv,2026-07-13T11:30:43Z
2026-06-11,2026-06-11,Luisa Geiselsoder,luisa geiselsoder,luisa geiselsoder,POR,LVA,15.32,12.0,3.3200000000000003,3.3200000000000003,11.022400000000001,/home/ubuntu/EdgeRanked/sports/wnba/outputs/archive/projections/wnba_projections_20260611.csv,2026-07-13T11:30:43Z
2026-06-11,2026-06-11,Maddy Siegrist,maddy siegrist,maddy siegrist,DAL,PHX,19.67,14.0,5.670000000000002,5.670000000000002,32.14890000000002,/home/ubuntu/EdgeRanked/sports/wnba/outputs/archive/projections/wnba_projections_20260611.csv,2026-07-13T11:30:43Z
2026-06-11,2026-06-11,Madina Okot,madina okot,madina okot,ATL,NYL,11.97,7.0,4.970000000000001,4.970000000000001,24.700900000000008,/home/ubuntu/EdgeRanked/sports/wnba/outputs/archive/projections/wnba_projections_20260611.csv,2026-07-13T11:30:43Z
2026-06-11,2026-06-11,Makayla Timpson,makayla timpson,makayla timpson,IND,CHI,13.12,20.0,-6.880000000000001,6.880000000000001,47.33440000000001,/home/ubuntu/EdgeRanked/sports/wnba/outputs/archive/projections/wnba_projections_20260611.csv,2026-07-13T11:30:43Z
2026-06-11,2026-06-11,Marine Fauthoux,marine fauthoux,marine fauthoux,NYL,ATL,8.0,5.0,3.0,3.0,9.0,/home/ubuntu/EdgeRanked/sports/wnba/outputs/archive/projections/wnba_projections_20260611.csv,2026-07-13T11:30:43Z
2026-06-11,2026-06-11,Marine Johannes,marine johannes,marine johannes,NYL,ATL,25.27,22.0,3.2699999999999996,3.2699999999999996,10.692899999999998,/home/ubuntu/EdgeRanked/sports/wnba/outputs/archive/projections/wnba_projections_20260611.csv,2026-07-13T11:30:43Z
2026-06-11,2026-06-11,Megan Gustafson,megan gustafson,megan gustafson,POR,LVA,20.13,28.0,-7.870000000000001,7.870000000000001,61.936900000000016,/home/ubuntu/EdgeRanked/sports/wnba/outputs/archive/projections/wnba_projections_20260611.csv,2026-07-13T11:30:43Z
2026-06-11,2026-06-11,Monique Akoa Makani,monique akoa makani,monique akoa makani,PHX,DAL,26.7,24.0,2.6999999999999993,2.6999999999999993,7.2899999999999965,/home/ubuntu/EdgeRanked/sports/wnba/outputs/archive/projections/wnba_projections_20260611.csv,2026-07-13T11:30:43Z
2026-06-11,2026-06-11,Monique Billings,monique billings,monique billings,IND,CHI,20.93,10.0,10.93,10.93,119.4649,/home/ubuntu/EdgeRanked/sports/wnba/outputs/archive/projections/wnba_projections_20260611.csv,2026-07-13T11:30:43Z
2026-06-11,2026-06-11,Myisha Hines-Allen,myisha hines-allen,myisha hines-allen,IND,CHI,16.36,23.0,-6.640000000000001,6.640000000000001,44.089600000000004,/home/ubuntu/EdgeRanked/sports/wnba/outputs/archive/projections/wnba_projections_20260611.csv,2026-07-13T11:30:43Z
2026-06-11,2026-06-11,NaLyssa Smith,nalyssa smith,nalyssa smith,LVA,POR,20.65,25.0,-4.350000000000001,4.350000000000001,18.922500000000014,/home/ubuntu/EdgeRanked/sports/wnba/outputs/archive/projections/wnba_projections_20260611.csv,2026-07-13T11:30:43Z
2026-06-11,2026-06-11,Natasha Cloud,natasha cloud,natasha cloud,CHI,IND,26.1,34.0,-7.899999999999999,7.899999999999999,62.409999999999975,/home/ubuntu/EdgeRanked/sports/wnba/outputs/archive/projections/wnba_projections_20260611.csv,2026-07-13T11:30:43Z
2026-06-11,2026-06-11,Natasha Mack,natasha mack,natasha mack,PHX,DAL,24.38,22.0,2.379999999999999,2.379999999999999,5.664399999999995,/home/ubuntu/EdgeRanked/sports/wnba/outputs/archive/projections/wnba_projections_20260611.csv,2026-07-13T11:30:43Z
2026-06-11,2026-06-11,Naz Hillmon,naz hillmon,naz hillmon,ATL,NYL,29.4,30.0,-0.6000000000000014,0.6000000000000014,0.3600000000000017,/home/ubuntu/EdgeRanked/sports/wnba/outputs/archive/projections/wnba_projections_20260611.csv,2026-07-13T11:30:43Z
2026-06-11,2026-06-11,Noemie Brochant,noemie brochant,noemie brochant,PHX,DAL,23.09,22.0,1.0899999999999999,1.0899999999999999,1.1880999999999997,/home/ubuntu/EdgeRanked/sports/wnba/outputs/archive/projections/wnba_projections_20260611.csv,2026-07-13T11:30:43Z
2026-06-11,2026-06-11,Nyadiew Puoch,nyadiew puoch,nyadiew puoch,POR,LVA,13.56,7.0,6.5600000000000005,6.5600000000000005,43.03360000000001,/home/ubuntu/EdgeRanked/sports/wnba/outputs/archive/projections/wnba_projections_20260611.csv,2026-07-13T11:30:43Z
2026-06-11,2026-06-11,Paige Bueckers,paige bueckers,paige bueckers,DAL,PHX,29.43,32.0,-2.5700000000000003,2.5700000000000003,6.6049000000000015,/home/ubuntu/EdgeRanked/sports/wnba/outputs/archive/projections/wnba_projections_20260611.csv,2026-07-13T11:30:43Z
2026-06-11,2026-06-11,Pauline Astier,pauline astier,pauline astier,NYL,ATL,25.4,26.0,-0.6000000000000014,0.6000000000000014,0.3600000000000017,/home/ubuntu/EdgeRanked/sports/wnba/outputs/archive/projections/wnba_projections_20260611.csv,2026-07-13T11:30:43Z
2026-06-11,2026-06-11,Quionche Carter,quionche carter,quionche carter,PHX,DAL,14.76,3.0,11.76,11.76,138.2976,/home/ubuntu/EdgeRanked/sports/wnba/outputs/archive/projections/wnba_projections_20260611.csv,2026-07-13T11:30:43Z
2026-06-11,2026-06-11,Rachel Banham,rachel banham,rachel banham,CHI,IND,19.39,5.0,14.39,14.39,207.0721,/home/ubuntu/EdgeRanked/sports/wnba/outputs/archive/projections/wnba_projections_20260611.csv,2026-07-13T11:30:43Z
2026-06-11,2026-06-11,Raquel Carrera,raquel carrera,raquel carrera,NYL,ATL,8.0,8.0,0.0,0.0,0.0,/home/ubuntu/EdgeRanked/sports/wnba/outputs/archive/projections/wnba_projections_20260611.csv,2026-07-13T11:30:43Z
2026-06-11,2026-06-11,Raven Johnson,raven johnson,raven johnson,IND,CHI,16.78,13.0,3.780000000000001,3.780000000000001,14.288400000000008,/home/ubuntu/EdgeRanked/sports/wnba/outputs/archive/projections/wnba_projections_20260611.csv,2026-07-13T11:30:43Z
2026-06-11,2026-06-11,Rebekah Gardner,rebekah gardner,rebekah gardner,NYL,ATL,14.93,13.0,1.9299999999999997,1.9299999999999997,3.724899999999999,/home/ubuntu/EdgeRanked/sports/wnba/outputs/archive/projections/wnba_projections_20260611.csv,2026-07-13T11:30:43Z
2026-06-11,2026-06-11,Rhyne Howard,rhyne howard,rhyne howard,ATL,NYL,34.88,36.0,-1.1199999999999974,1.1199999999999974,1.2543999999999942,/home/ubuntu/EdgeRanked/sports/wnba/outputs/archive/projections/wnba_projections_20260611.csv,2026-07-13T11:30:43Z
2026-06-11,2026-06-11,Sarah Ashlee Barker,sarah ashlee barker,sarah ashlee barker,POR,LVA,23.43,30.0,-6.57,6.57,43.1649,/home/ubuntu/EdgeRanked/sports/wnba/outputs/archive/projections/wnba_projections_20260611.csv,2026-07-13T11:30:43Z
2026-06-11,2026-06-11,Satou Sabally,satou sabally,satou sabally,NYL,ATL,18.72,17.0,1.7199999999999989,1.7199999999999989,2.958399999999996,/home/ubuntu/EdgeRanked/sports/wnba/outputs/archive/projections/wnba_projections_20260611.csv,2026-07-13T11:30:43Z
2026-06-11,2026-06-11,Serah Williams,serah williams,serah williams,POR,LVA,11.6,5.0,6.6,6.6,43.559999999999995,/home/ubuntu/EdgeRanked/sports/wnba/outputs/archive/projections/wnba_projections_20260611.csv,2026-07-13T11:30:43Z
2026-06-11,2026-06-11,Sika Kone,sika kone,sika kone,ATL,NYL,10.1,3.0,7.1,7.1,50.41,/home/ubuntu/EdgeRanked/sports/wnba/outputs/archive/projections/wnba_projections_20260611.csv,2026-07-13T11:30:43Z
2026-06-11,2026-06-11,Skylar Diggins,skylar diggins,skylar diggins,CHI,IND,28.62,32.0,-3.379999999999999,3.379999999999999,11.424399999999993,/home/ubuntu/EdgeRanked/sports/wnba/outputs/archive/projections/wnba_projections_20260611.csv,2026-07-13T11:30:43Z
2026-06-11,2026-06-11,Stephanie Talbot,stephanie talbot,stephanie talbot,LVA,POR,20.16,24.0,-3.84,3.84,14.7456,/home/ubuntu/EdgeRanked/sports/wnba/outputs/archive/projections/wnba_projections_20260611.csv,2026-07-13T11:30:43Z
2026-06-11,2026-06-11,Sydney Taylor,sydney taylor,sydney taylor,CHI,IND,15.37,21.0,-5.630000000000001,5.630000000000001,31.69690000000001,/home/ubuntu/EdgeRanked/sports/wnba/outputs/archive/projections/wnba_projections_20260611.csv,2026-07-13T11:30:43Z
2026-06-11,2026-06-11,Te-Hina Paopao,te-hina paopao,te-hina paopao,ATL,NYL,15.01,11.0,4.01,4.01,16.080099999999998,/home/ubuntu/EdgeRanked/sports/wnba/outputs/archive/projections/wnba_projections_20260611.csv,2026-07-13T11:30:43Z
2026-06-11,2026-06-11,Teja Oblak,teja oblak,teja oblak,POR,LVA,16.53,12.0,4.530000000000001,4.530000000000001,20.52090000000001,/home/ubuntu/EdgeRanked/sports/wnba/outputs/archive/projections/wnba_projections_20260611.csv,2026-07-13T11:30:43Z
2026-06-11,2026-06-11,Tyasha Harris,tyasha harris,tyasha harris,IND,CHI,14.41,11.0,3.41,3.41,11.628100000000002,/home/ubuntu/EdgeRanked/sports/wnba/outputs/archive/projections/wnba_projections_20260611.csv,2026-07-13T11:30:43Z
2026-06-12,2026-06-12,Alicia Florez,alicia florez,alicia florez,WAS,TOR,21.94,14.0,7.940000000000001,7.940000000000001,63.04360000000002,/home/ubuntu/EdgeRanked/sports/wnba/outputs/archive/projections/wnba_projections_20260612.csv,2026-07-13T11:30:43Z
2026-06-12,2026-06-12,Angela Dugalic,angela dugalic,angela dugalic,WAS,TOR,13.87,18.0,-4.130000000000001,4.130000000000001,17.056900000000006,/home/ubuntu/EdgeRanked/sports/wnba/outputs/archive/projections/wnba_projections_20260612.csv,2026-07-13T11:30:43Z
2026-06-12,2026-06-12,Awa Fam,awa fam,awa fam,SEA,GSV,26.43,35.0,-8.57,8.57,73.4449,/home/ubuntu/EdgeRanked/sports/wnba/outputs/archive/projections/wnba_projections_20260612.csv,2026-07-13T11:30:43Z
2026-06-12,2026-06-12,Brittney Sykes,brittney sykes,brittney sykes,TOR,WAS,30.04,31.0,-0.9600000000000009,0.9600000000000009,0.9216000000000016,/home/ubuntu/EdgeRanked/sports/wnba/outputs/archive/projections/wnba_projections_20260612.csv,2026-07-13T11:30:43Z
2026-06-12,2026-06-12,Cassandre Prosper,cassandre prosper,cassandre prosper,WAS,TOR,13.55,3.0,10.55,10.55,111.30250000000001,/home/ubuntu/EdgeRanked/sports/wnba/outputs/archive/projections/wnba_projections_20260612.csv,2026-07-13T11:30:43Z
2026-06-12,2026-06-12,Cecilia Zandalasini,cecilia zandalasini,cecilia zandalasini,GSV,SEA,19.9,13.0,6.899999999999999,6.899999999999999,47.60999999999998,/home/ubuntu/EdgeRanked/sports/wnba/outputs/archive/projections/wnba_projections_20260612.csv,2026-07-13T11:30:43Z
2026-06-12,2026-06-12,Cotie McMahon,cotie mcmahon,cotie mcmahon,WAS,TOR,16.88,23.0,-6.120000000000001,6.120000000000001,37.454400000000014,/home/ubuntu/EdgeRanked/sports/wnba/outputs/archive/projections/wnba_projections_20260612.csv,2026-07-13T11:30:43Z
2026-06-12,2026-06-12,Dominique Malonga,dominique malonga,dominique malonga,SEA,GSV,26.84,25.0,1.8399999999999999,1.8399999999999999,3.3855999999999993,/home/ubuntu/EdgeRanked/sports/wnba/outputs/archive/projections/wnba_projections_20260612.csv,2026-07-13T11:30:43Z
2026-06-12,2026-06-12,Flau'jae Johnson,flau'jae johnson,flau'jae johnson,SEA,GSV,26.0,29.0,-3.0,3.0,9.0,/home/ubuntu/EdgeRanked/sports/wnba/outputs/archive/projections/wnba_projections_20260612.csv,2026-07-13T11:30:43Z
2026-06-12,2026-06-12,Gabby Williams,gabby williams,gabby williams,GSV,SEA,26.56,32.0,-5.440000000000001,5.440000000000001,29.593600000000013,/home/ubuntu/EdgeRanked/sports/wnba/outputs/archive/projections/wnba_projections_20260612.csv,2026-07-13T11:30:43Z
2026-06-12,2026-06-12,Georgia Amoore,georgia amoore,georgia amoore,WAS,TOR,20.43,26.0,-5.57,5.57,31.024900000000002,/home/ubuntu/EdgeRanked/sports/wnba/outputs/archive/projections/wnba_projections_20260612.csv,2026-07-13T11:30:43Z
2026-06-12,2026-06-12,Isabelle Harrison,isabelle harrison,isabelle harrison,TOR,WAS,24.2,28.0,-3.8000000000000007,3.8000000000000007,14.440000000000005,/home/ubuntu/EdgeRanked/sports/wnba/outputs/archive/projections/wnba_projections_20260612.csv,2026-07-13T11:30:43Z
2026-06-12,2026-06-12,Jade Melbourne,jade melbourne,jade melbourne,SEA,GSV,20.98,27.0,-6.02,6.02,36.240399999999994,/home/ubuntu/EdgeRanked/sports/wnba/outputs/archive/projections/wnba_projections_20260612.csv,2026-07-13T11:30:43Z
2026-06-12,2026-06-12,Janelle Salaun,janelle salaun,janelle salaun,GSV,SEA,23.52,33.0,-9.48,9.48,89.8704,/home/ubuntu/EdgeRanked/sports/wnba/outputs/archive/projections/wnba_projections_20260612.csv,2026-07-13T11:30:43Z
2026-06-12,2026-06-12,Jordan Horston,jordan horston,jordan horston,SEA,GSV,19.27,26.0,-6.73,6.73,45.2929,/home/ubuntu/EdgeRanked/sports/wnba/outputs/archive/projections/wnba_projections_20260612.csv,2026-07-13T11:30:43Z
2026-06-12,2026-06-12,Julie Allemand,julie allemand,julie allemand,TOR,WAS,24.81,26.0,-1.1900000000000013,1.1900000000000013,1.416100000000003,/home/ubuntu/EdgeRanked/sports/wnba/outputs/archive/projections/wnba_projections_20260612.csv,2026-07-13T11:30:43Z
2026-06-12,2026-06-12,Kaila Charles,kaila charles,kaila charles,GSV,SEA,16.33,11.0,5.329999999999998,5.329999999999998,28.40889999999998,/home/ubuntu/EdgeRanked/sports/wnba/outputs/archive/projections/wnba_projections_20260612.csv,2026-07-13T11:30:43Z
2026-06-12,2026-06-12,Kaitlyn Chen,kaitlyn chen,kaitlyn chen,GSV,SEA,13.2,10.0,3.1999999999999993,3.1999999999999993,10.239999999999995,/home/ubuntu/EdgeRanked/sports/wnba/outputs/archive/projections/wnba_projections_20260612.csv,2026-07-13T11:30:43Z
2026-06-12,2026-06-12,Katie Lou Samuelson,katie lou samuelson,katie lou samuelson,SEA,GSV,18.37,12.0,6.370000000000001,6.370000000000001,40.576900000000016,/home/ubuntu/EdgeRanked/sports/wnba/outputs/archive/projections/wnba_projections_20260612.csv,2026-07-13T11:30:43Z
2026-06-12,2026-06-12,Kayla Thornton,kayla thornton,kayla thornton,GSV,SEA,23.95,24.0,-0.05000000000000071,0.05000000000000071,0.002500000000000071,/home/ubuntu/EdgeRanked/sports/wnba/outputs/archive/projections/wnba_projections_20260612.csv,2026-07-13T11:30:43Z
2026-06-12,2026-06-12,Kia Nurse,kia nurse,kia nurse,TOR,WAS,11.67,3.0,8.67,8.67,75.1689,/home/ubuntu/EdgeRanked/sports/wnba/outputs/archive/projections/wnba_projections_20260612.csv,2026-07-13T11:30:43Z
2026-06-12,2026-06-12,Kiah Stokes,kiah stokes,kiah stokes,GSV,SEA,18.95,23.0,-4.050000000000001,4.050000000000001,16.402500000000007,/home/ubuntu/EdgeRanked/sports/wnba/outputs/archive/projections/wnba_projections_20260612.csv,2026-07-13T11:30:43Z
2026-06-12,2026-06-12,Laura Juskaite,laura juskaite,laura juskaite,TOR,WAS,22.21,23.0,-0.7899999999999991,0.7899999999999991,0.6240999999999987,/home/ubuntu/EdgeRanked/sports/wnba/outputs/archive/projections/wnba_projections_20260612.csv,2026-07-13T11:30:43Z
2026-06-12,2026-06-12,Lauren Betts,lauren betts,lauren betts,WAS,TOR,13.0,21.0,-8.0,8.0,64.0,/home/ubuntu/EdgeRanked/sports/wnba/outputs/archive/projections/wnba_projections_20260612.csv,2026-07-13T11:30:43Z
2026-06-12,2026-06-12,Mackenzie Holmes,mackenzie holmes,mackenzie holmes,SEA,GSV,14.03,4.0,10.03,10.03,100.60089999999998,/home/ubuntu/EdgeRanked/sports/wnba/outputs/archive/projections/wnba_projections_20260612.csv,2026-07-13T11:30:43Z
2026-06-12,2026-06-12,Maria Conde,maria conde,maria conde,TOR,WAS,21.29,22.0,-0.7100000000000009,0.7100000000000009,0.5041000000000012,/home/ubuntu/EdgeRanked/sports/wnba/outputs/archive/projections/wnba_projections_20260612.csv,2026-07-13T11:30:43Z
2026-06-12,2026-06-12,Marina Mabrey,marina mabrey,marina mabrey,TOR,WAS,28.44,28.0,0.4400000000000013,0.4400000000000013,0.19360000000000113,/home/ubuntu/EdgeRanked/sports/wnba/outputs/archive/projections/wnba_projections_20260612.csv,2026-07-13T11:30:43Z
2026-06-12,2026-06-12,Michaela Onyenwere,michaela onyenwere,michaela onyenwere,WAS,TOR,21.04,29.0,-7.960000000000001,7.960000000000001,63.36160000000002,/home/ubuntu/EdgeRanked/sports/wnba/outputs/archive/projections/wnba_projections_20260612.csv,2026-07-13T11:30:43Z
2026-06-12,2026-06-12,Natisha Hiedeman,natisha hiedeman,natisha hiedeman,SEA,GSV,28.09,33.0,-4.91,4.91,24.1081,/home/ubuntu/EdgeRanked/sports/wnba/outputs/archive/projections/wnba_projections_20260612.csv,2026-07-13T11:30:43Z
2026-06-12,2026-06-12,Shakira Austin,shakira austin,shakira austin,WAS,TOR,24.58,32.0,-7.420000000000002,7.420000000000002,55.056400000000025,/home/ubuntu/EdgeRanked/sports/wnba/outputs/archive/projections/wnba_projections_20260612.csv,2026-07-13T11:30:43Z
2026-06-12,2026-06-12,Sonia Citron,sonia citron,sonia citron,WAS,TOR,29.78,34.0,-4.219999999999999,4.219999999999999,17.808399999999992,/home/ubuntu/EdgeRanked/sports/wnba/outputs/archive/projections/wnba_projections_20260612.csv,2026-07-13T11:30:43Z
2026-06-12,2026-06-12,Stefanie Dolson,stefanie dolson,stefanie dolson,SEA,GSV,20.16,8.0,12.16,12.16,147.8656,/home/ubuntu/EdgeRanked/sports/wnba/outputs/archive/projections/wnba_projections_20260612.csv,2026-07-13T11:30:43Z
2026-06-12,2026-06-12,Temi Fagbenle,temi fagbenle,temi fagbenle,TOR,WAS,20.17,8.0,12.170000000000002,12.170000000000002,148.10890000000003,/home/ubuntu/EdgeRanked/sports/wnba/outputs/archive/projections/wnba_projections_20260612.csv,2026-07-13T11:30:43Z
2026-06-12,2026-06-12,Teonni Key,teonni key,teonni key,TOR,WAS,9.89,15.0,-5.109999999999999,5.109999999999999,26.112099999999995,/home/ubuntu/EdgeRanked/sports/wnba/outputs/archive/projections/wnba_projections_20260612.csv,2026-07-13T11:30:43Z
2026-06-12,2026-06-12,Tiffany Hayes,tiffany hayes,tiffany hayes,GSV,SEA,16.24,24.0,-7.760000000000002,7.760000000000002,60.217600000000026,/home/ubuntu/EdgeRanked/sports/wnba/outputs/archive/projections/wnba_projections_20260612.csv,2026-07-13T11:30:43Z
2026-06-12,2026-06-12,Tima Pouye,tima pouye,tima pouye,TOR,WAS,8.14,17.0,-8.86,8.86,78.49959999999999,/home/ubuntu/EdgeRanked/sports/wnba/outputs/archive/projections/wnba_projections_20260612.csv,2026-07-13T11:30:43Z
2026-06-12,2026-06-12,Veronica Burton,veronica burton,veronica burton,GSV,SEA,26.48,30.0,-3.5199999999999996,3.5199999999999996,12.390399999999998,/home/ubuntu/EdgeRanked/sports/wnba/outputs/archive/projections/wnba_projections_20260612.csv,2026-07-13T11:30:43Z
2026-06-12,2026-06-12,Zia Cooke,zia cooke,zia cooke,SEA,GSV,16.53,4.0,12.530000000000001,12.530000000000001,157.00090000000003,/home/ubuntu/EdgeRanked/sports/wnba/outputs/archive/projections/wnba_projections_20260612.csv,2026-07-13T11:30:43Z
2026-06-13,2026-06-13,A'ja Wilson,a'ja wilson,a'ja wilson,LVA,MIN,33.97,32.0,1.9699999999999989,1.9699999999999989,3.8808999999999956,/home/ubuntu/EdgeRanked/sports/wnba/outputs/archive/projections/wnba_projections_20260613.csv,2026-07-13T11:30:43Z
2026-06-13,2026-06-13,Aaliyah Edwards,aaliyah edwards,aaliyah edwards,CON,IND,26.21,14.0,12.21,12.21,149.08410000000003,/home/ubuntu/EdgeRanked/sports/wnba/outputs/archive/projections/wnba_projections_20260613.csv,2026-07-13T11:30:43Z
2026-06-13,2026-06-13,Alanna Smith,alanna smith,alanna smith,DAL,POR,15.12,11.0,4.119999999999999,4.119999999999999,16.974399999999992,/home/ubuntu/EdgeRanked/sports/wnba/outputs/archive/projections/wnba_projections_20260613.csv,2026-07-13T11:30:43Z
2026-06-13,2026-06-13,Aliyah Boston,aliyah boston,aliyah boston,IND,CON,28.13,32.0,-3.870000000000001,3.870000000000001,14.976900000000008,/home/ubuntu/EdgeRanked/sports/wnba/outputs/archive/projections/wnba_projections_20260613.csv,2026-07-13T11:30:43Z
2026-06-13,2026-06-13,Alysha Clark,alysha clark,alysha clark,DAL,POR,11.25,16.0,-4.75,4.75,22.5625,/home/ubuntu/EdgeRanked/sports/wnba/outputs/archive/projections/wnba_projections_20260613.csv,2026-07-13T11:30:43Z
2026-06-13,2026-06-13,Alyssa Thomas,alyssa thomas,alyssa thomas,PHX,LAS,32.43,41.0,-8.57,8.57,73.4449,/home/ubuntu/EdgeRanked/sports/wnba/outputs/archive/projections/wnba_projections_20260613.csv,2026-07-13T11:30:43Z
2026-06-13,2026-06-13,Anastasiia Olairi Kosu,anastasiia olairi kosu,anastasiia olairi kosu,MIN,LVA,12.97,10.0,2.9700000000000006,2.9700000000000006,8.820900000000004,/home/ubuntu/EdgeRanked/sports/wnba/outputs/archive/projections/wnba_projections_20260613.csv,2026-07-13T11:30:43Z
2026-06-13,2026-06-13,Aneesah Morrow,aneesah morrow,aneesah morrow,CON,IND,26.77,21.0,5.77,5.77,33.292899999999996,/home/ubuntu/EdgeRanked/sports/wnba/outputs/archive/projections/wnba_projections_20260613.csv,2026-07-13T11:30:43Z
2026-06-13,2026-06-13,Antonia Delaere,antonia delaere,antonia delaere,MIN,LVA,15.85,13.0,2.8499999999999996,2.8499999999999996,8.122499999999999,/home/ubuntu/EdgeRanked/sports/wnba/outputs/archive/projections/wnba_projections_20260613.csv,2026-07-13T11:30:43Z
2026-06-13,2026-06-13,Ariel Atkins,ariel atkins,ariel atkins,LAS,PHX,25.62,31.0,-5.379999999999999,5.379999999999999,28.94439999999999,/home/ubuntu/EdgeRanked/sports/wnba/outputs/archive/projections/wnba_projections_20260613.csv,2026-07-13T11:30:43Z
2026-06-13,2026-06-13,Arike Ogunbowale,arike ogunbowale,arike ogunbowale,DAL,POR,28.58,35.0,-6.420000000000002,6.420000000000002,41.21640000000002,/home/ubuntu/EdgeRanked/sports/wnba/outputs/archive/projections/wnba_projections_20260613.csv,2026-07-13T11:30:43Z
2026-06-13,2026-06-13,Awak Kuier,awak kuier,awak kuier,DAL,POR,19.82,24.0,-4.18,4.18,17.472399999999997,/home/ubuntu/EdgeRanked/sports/wnba/outputs/archive/projections/wnba_projections_20260613.csv,2026-07-13T11:30:43Z
2026-06-13,2026-06-13,Aziaha James,aziaha james,aziaha james,DAL,POR,14.51,34.0,-19.490000000000002,19.490000000000002,379.8601000000001,/home/ubuntu/EdgeRanked/sports/wnba/outputs/archive/projections/wnba_projections_20260613.csv,2026-07-13T11:30:43Z
2026-06-13,2026-06-13,Azzi Fudd,azzi fudd,azzi fudd,DAL,POR,24.68,32.0,-7.32,7.32,53.58240000000001,/home/ubuntu/EdgeRanked/sports/wnba/outputs/archive/projections/wnba_projections_20260613.csv,2026-07-13T11:30:43Z
2026-06-13,2026-06-13,Brianna Turner,brianna turner,brianna turner,LVA,MIN,10.83,2.0,8.83,8.83,77.9689,/home/ubuntu/EdgeRanked/sports/wnba/outputs/archive/projections/wnba_projections_20260613.csv,2026-07-13T11:30:43Z
2026-06-13,2026-06-13,Bridget Carleton,bridget carleton,bridget carleton,POR,DAL,28.11,31.0,-2.8900000000000006,2.8900000000000006,8.352100000000004,/home/ubuntu/EdgeRanked/sports/wnba/outputs/archive/projections/wnba_projections_20260613.csv,2026-07-13T11:30:43Z
2026-06-13,2026-06-13,Brittney Griner,brittney griner,brittney griner,CON,IND,28.04,22.0,6.039999999999999,6.039999999999999,36.48159999999999,/home/ubuntu/EdgeRanked/sports/wnba/outputs/archive/projections/wnba_projections_20260613.csv,2026-07-13T11:30:43Z
2026-06-13,2026-06-13,Caitlin Clark,caitlin clark,caitlin clark,IND,CON,31.99,36.0,-4.010000000000002,4.010000000000002,16.080100000000012,/home/ubuntu/EdgeRanked/sports/wnba/outputs/archive/projections/wnba_projections_20260613.csv,2026-07-13T11:30:43Z
2026-06-13,2026-06-13,Cameron Brink,cameron brink,cameron brink,LAS,PHX,16.84,22.0,-5.16,5.16,26.625600000000002,/home/ubuntu/EdgeRanked/sports/wnba/outputs/archive/projections/wnba_projections_20260613.csv,2026-07-13T11:30:43Z
2026-06-13,2026-06-13,Carla Leite,carla leite,carla leite,POR,DAL,24.88,27.0,-2.120000000000001,2.120000000000001,4.494400000000004,/home/ubuntu/EdgeRanked/sports/wnba/outputs/archive/projections/wnba_projections_20260613.csv,2026-07-13T11:30:43Z
2026-06-13,2026-06-13,Chance Gray,chance gray,chance gray,LAS,PHX,12.67,8.0,4.67,4.67,21.808899999999998,/home/ubuntu/EdgeRanked/sports/wnba/outputs/archive/projections/wnba_projections_20260613.csv,2026-07-13T11:30:43Z
2026-06-13,2026-06-13,Charlisse Leger-Walker,charlisse leger-walker,charlisse leger-walker,CON,IND,15.74,14.0,1.7400000000000002,1.7400000000000002,3.027600000000001,/home/ubuntu/EdgeRanked/sports/wnba/outputs/archive/projections/wnba_projections_20260613.csv,2026-07-13T11:30:43Z
2026-06-13,2026-06-13,Chelsea Gray,chelsea gray,chelsea gray,LVA,MIN,31.44,34.0,-2.5599999999999987,2.5599999999999987,6.553599999999993,/home/ubuntu/EdgeRanked/sports/wnba/outputs/archive/projections/wnba_projections_20260613.csv,2026-07-13T11:30:43Z
2026-06-13,2026-06-13,Chennedy Carter,chennedy carter,chennedy carter,LVA,MIN,22.51,8.0,14.510000000000002,14.510000000000002,210.54010000000005,/home/ubuntu/EdgeRanked/sports/wnba/outputs/archive/projections/wnba_projections_20260613.csv,2026-07-13T11:30:43Z
2026-06-13,2026-06-13,Cheyenne Parker-Tyus,cheyenne parker-tyus,cheyenne parker-tyus,LVA,MIN,12.12,12.0,0.11999999999999922,0.11999999999999922,0.014399999999999812,/home/ubuntu/EdgeRanked/sports/wnba/outputs/archive/projections/wnba_projections_20260613.csv,2026-07-13T11:30:43Z
2026-06-13,2026-06-13,Courtney Williams,courtney williams,courtney williams,MIN,LVA,29.34,33.0,-3.66,3.66,13.395600000000002,/home/ubuntu/EdgeRanked/sports/wnba/outputs/archive/projections/wnba_projections_20260613.csv,2026-07-13T11:30:43Z
2026-06-13,2026-06-13,Dearica Hamby,dearica hamby,dearica hamby,LAS,PHX,28.32,28.0,0.3200000000000003,0.3200000000000003,0.10240000000000019,/home/ubuntu/EdgeRanked/sports/wnba/outputs/archive/projections/wnba_projections_20260613.csv,2026-07-13T11:30:43Z
2026-06-13,2026-06-13,DeWanna Bonner,dewanna bonner,dewanna bonner,PHX,LAS,25.99,14.0,11.989999999999998,11.989999999999998,143.76009999999997,/home/ubuntu/EdgeRanked/sports/wnba/outputs/archive/projections/wnba_projections_20260613.csv,2026-07-13T11:30:43Z
2026-06-13,2026-06-13,Diamond Miller,diamond miller,diamond miller,CON,IND,22.2,17.0,5.199999999999999,5.199999999999999,27.039999999999992,/home/ubuntu/EdgeRanked/sports/wnba/outputs/archive/projections/wnba_projections_20260613.csv,2026-07-13T11:30:43Z
2026-06-13,2026-06-13,Emily Engstler,emily engstler,emily engstler,POR,DAL,23.2,24.0,-0.8000000000000007,0.8000000000000007,0.6400000000000011,/home/ubuntu/EdgeRanked/sports/wnba/outputs/archive/projections/wnba_projections_20260613.csv,2026-07-13T11:30:43Z
2026-06-13,2026-06-13,Erica Wheeler,erica wheeler,erica wheeler,LAS,PHX,27.03,29.0,-1.9699999999999989,1.9699999999999989,3.8808999999999956,/home/ubuntu/EdgeRanked/sports/wnba/outputs/archive/projections/wnba_projections_20260613.csv,2026-07-13T11:30:43Z
2026-06-13,2026-06-13,Frieda Buhner,frieda buhner,frieda buhner,POR,DAL,14.16,13.0,1.1600000000000001,1.1600000000000001,1.3456000000000004,/home/ubuntu/EdgeRanked/sports/wnba/outputs/archive/projections/wnba_projections_20260613.csv,2026-07-13T11:30:43Z
2026-06-13,2026-06-13,Jackie Young,jackie young,jackie young,LVA,MIN,32.16,37.0,-4.840000000000003,4.840000000000003,23.42560000000003,/home/ubuntu/EdgeRanked/sports/wnba/outputs/archive/projections/wnba_projections_20260613.csv,2026-07-13T11:30:43Z
2026-06-13,2026-06-13,Jessica Shepard,jessica shepard,jessica shepard,DAL,POR,27.76,35.0,-7.239999999999998,7.239999999999998,52.41759999999998,/home/ubuntu/EdgeRanked/sports/wnba/outputs/archive/projections/wnba_projections_20260613.csv,2026-07-13T11:30:43Z
2026-06-13,2026-06-13,Jewell Loyd,jewell loyd,jewell loyd,LVA,MIN,25.12,26.0,-0.879999999999999,0.879999999999999,0.7743999999999982,/home/ubuntu/EdgeRanked/sports/wnba/outputs/archive/projections/wnba_projections_20260613.csv,2026-07-13T11:30:43Z
2026-06-13,2026-06-13,Jihyun Park,jihyun park,jihyun park,LAS,PHX,8.21,4.0,4.210000000000001,4.210000000000001,17.724100000000007,/home/ubuntu/EdgeRanked/sports/wnba/outputs/archive/projections/wnba_projections_20260613.csv,2026-07-13T11:30:43Z
2026-06-13,2026-06-13,Jovana Nogic,jovana nogic,jovana nogic,PHX,LAS,19.58,15.0,4.579999999999998,4.579999999999998,20.976399999999984,/home/ubuntu/EdgeRanked/sports/wnba/outputs/archive/projections/wnba_projections_20260613.csv,2026-07-13T11:30:43Z
2026-06-13,2026-06-13,Kahleah Copper,kahleah copper,kahleah copper,PHX,LAS,30.52,38.0,-7.48,7.48,55.95040000000001,/home/ubuntu/EdgeRanked/sports/wnba/outputs/archive/projections/wnba_projections_20260613.csv,2026-07-13T11:30:43Z
2026-06-13,2026-06-13,Karlie Samuelson,karlie samuelson,karlie samuelson,POR,DAL,16.83,14.0,2.8299999999999983,2.8299999999999983,8.00889999999999,/home/ubuntu/EdgeRanked/sports/wnba/outputs/archive/projections/wnba_projections_20260613.csv,2026-07-13T11:30:43Z
2026-06-13,2026-06-13,Kate Martin,kate martin,kate martin,LAS,PHX,10.39,4.0,6.390000000000001,6.390000000000001,40.832100000000004,/home/ubuntu/EdgeRanked/sports/wnba/outputs/archive/projections/wnba_projections_20260613.csv,2026-07-13T11:30:43Z
2026-06-13,2026-06-13,Kayla McBride,kayla mcbride,kayla mcbride,MIN,LVA,27.53,34.0,-6.469999999999999,6.469999999999999,41.86089999999999,/home/ubuntu/EdgeRanked/sports/wnba/outputs/archive/projections/wnba_projections_20260613.csv,2026-07-13T11:30:43Z
2026-06-13,2026-06-13,Kelsey Mitchell,kelsey mitchell,kelsey mitchell,IND,CON,30.73,37.0,-6.27,6.27,39.31289999999999,/home/ubuntu/EdgeRanked/sports/wnba/outputs/archive/projections/wnba_projections_20260613.csv,2026-07-13T11:30:43Z
2026-06-13,2026-06-13,Kelsey Plum,kelsey plum,kelsey plum,LAS,PHX,35.26,37.0,-1.740000000000002,1.740000000000002,3.0276000000000067,/home/ubuntu/EdgeRanked/sports/wnba/outputs/archive/projections/wnba_projections_20260613.csv,2026-07-13T11:30:43Z
2026-06-13,2026-06-13,Kennedy Burke,kennedy burke,kennedy burke,CON,IND,20.66,24.0,-3.34,3.34,11.1556,/home/ubuntu/EdgeRanked/sports/wnba/outputs/archive/projections/wnba_projections_20260613.csv,2026-07-13T11:30:43Z
2026-06-13,2026-06-13,Kierstan Bell,kierstan bell,kierstan bell,LVA,MIN,13.22,2.0,11.22,11.22,125.88840000000002,/home/ubuntu/EdgeRanked/sports/wnba/outputs/archive/projections/wnba_projections_20260613.csv,2026-07-13T11:30:43Z
2026-06-13,2026-06-13,Leila Lacan,leila lacan,leila lacan,CON,IND,25.73,30.0,-4.27,4.27,18.232899999999997,/home/ubuntu/EdgeRanked/sports/wnba/outputs/archive/projections/wnba_projections_20260613.csv,2026-07-13T11:30:43Z
2026-06-13,2026-06-13,Lexi Held,lexi held,lexi held,PHX,LAS,15.55,29.0,-13.45,13.45,180.90249999999997,/home/ubuntu/EdgeRanked/sports/wnba/outputs/archive/projections/wnba_projections_20260613.csv,2026-07-13T11:30:43Z
2026-06-13,2026-06-13,Lexie Hull,lexie hull,lexie hull,IND,CON,21.21,22.0,-0.7899999999999991,0.7899999999999991,0.6240999999999987,/home/ubuntu/EdgeRanked/sports/wnba/outputs/archive/projections/wnba_projections_20260613.csv,2026-07-13T11:30:43Z
2026-06-13,2026-06-13,Liatu King,liatu king,liatu king,MIN,LVA,12.0,9.0,3.0,3.0,9.0,/home/ubuntu/EdgeRanked/sports/wnba/outputs/archive/projections/wnba_projections_20260613.csv,2026-07-13T11:30:43Z
2026-06-13,2026-06-13,Luisa Geiselsoder,luisa geiselsoder,luisa geiselsoder,POR,DAL,16.13,14.0,2.129999999999999,2.129999999999999,4.536899999999996,/home/ubuntu/EdgeRanked/sports/wnba/outputs/archive/projections/wnba_projections_20260613.csv,2026-07-13T11:30:43Z
2026-06-13,2026-06-13,Maddy Siegrist,maddy siegrist,maddy siegrist,DAL,POR,20.04,14.0,6.039999999999999,6.039999999999999,36.48159999999999,/home/ubuntu/EdgeRanked/sports/wnba/outputs/archive/projections/wnba_projections_20260613.csv,2026-07-13T11:30:43Z
2026-06-13,2026-06-13,Makayla Timpson,makayla timpson,makayla timpson,IND,CON,11.28,11.0,0.27999999999999936,0.27999999999999936,0.07839999999999964,/home/ubuntu/EdgeRanked/sports/wnba/outputs/archive/projections/wnba_projections_20260613.csv,2026-07-13T11:30:43Z
2026-06-13,2026-06-13,Maya Caldwell,maya caldwell,maya caldwell,MIN,LVA,15.93,6.0,9.93,9.93,98.6049,/home/ubuntu/EdgeRanked/sports/wnba/outputs/archive/projections/wnba_projections_20260613.csv,2026-07-13T11:30:43Z
2026-06-13,2026-06-13,Megan Gustafson,megan gustafson,megan gustafson,POR,DAL,21.45,26.0,-4.550000000000001,4.550000000000001,20.702500000000008,/home/ubuntu/EdgeRanked/sports/wnba/outputs/archive/projections/wnba_projections_20260613.csv,2026-07-13T11:30:43Z
2026-06-13,2026-06-13,Monique Akoa Makani,monique akoa makani,monique akoa makani,PHX,LAS,28.66,24.0,4.66,4.66,21.715600000000002,/home/ubuntu/EdgeRanked/sports/wnba/outputs/archive/projections/wnba_projections_20260613.csv,2026-07-13T11:30:43Z
2026-06-13,2026-06-13,Monique Billings,monique billings,monique billings,IND,CON,21.37,27.0,-5.629999999999999,5.629999999999999,31.69689999999999,/home/ubuntu/EdgeRanked/sports/wnba/outputs/archive/projections/wnba_projections_20260613.csv,2026-07-13T11:30:43Z
2026-06-13,2026-06-13,Myisha Hines-Allen,myisha hines-allen,myisha hines-allen,IND,CON,16.88,10.0,6.879999999999999,6.879999999999999,47.33439999999999,/home/ubuntu/EdgeRanked/sports/wnba/outputs/archive/projections/wnba_projections_20260613.csv,2026-07-13T11:30:43Z
2026-06-13,2026-06-13,NaLyssa Smith,nalyssa smith,nalyssa smith,LVA,MIN,23.98,27.0,-3.0199999999999996,3.0199999999999996,9.120399999999998,/home/ubuntu/EdgeRanked/sports/wnba/outputs/archive/projections/wnba_projections_20260613.csv,2026-07-13T11:30:43Z
2026-06-13,2026-06-13,Natasha Howard,natasha howard,natasha howard,MIN,LVA,27.11,32.0,-4.890000000000001,4.890000000000001,23.912100000000006,/home/ubuntu/EdgeRanked/sports/wnba/outputs/archive/projections/wnba_projections_20260613.csv,2026-07-13T11:30:43Z
2026-06-13,2026-06-13,Natasha Mack,natasha mack,natasha mack,PHX,LAS,25.59,35.0,-9.41,9.41,88.5481,/home/ubuntu/EdgeRanked/sports/wnba/outputs/archive/projections/wnba_projections_20260613.csv,2026-07-13T11:30:43Z
2026-06-13,2026-06-13,Nell Angloma,nell angloma,nell angloma,CON,IND,13.63,9.0,4.630000000000001,4.630000000000001,21.43690000000001,/home/ubuntu/EdgeRanked/sports/wnba/outputs/archive/projections/wnba_projections_20260613.csv,2026-07-13T11:30:43Z
2026-06-13,2026-06-13,Nia Coffey,nia coffey,nia coffey,MIN,LVA,25.78,26.0,-0.21999999999999886,0.21999999999999886,0.0483999999999995,/home/ubuntu/EdgeRanked/sports/wnba/outputs/archive/projections/wnba_projections_20260613.csv,2026-07-13T11:30:43Z
2026-06-13,2026-06-13,Nneka Ogwumike,nneka ogwumike,nneka ogwumike,LAS,PHX,30.22,36.0,-5.780000000000001,5.780000000000001,33.408400000000015,/home/ubuntu/EdgeRanked/sports/wnba/outputs/archive/projections/wnba_projections_20260613.csv,2026-07-13T11:30:43Z
2026-06-13,2026-06-13,Noemie Brochant,noemie brochant,noemie brochant,PHX,LAS,23.97,23.0,0.9699999999999989,0.9699999999999989,0.9408999999999978,/home/ubuntu/EdgeRanked/sports/wnba/outputs/archive/projections/wnba_projections_20260613.csv,2026-07-13T11:30:43Z
2026-06-13,2026-06-13,Olivia Miles,olivia miles,olivia miles,MIN,LVA,30.87,34.0,-3.129999999999999,3.129999999999999,9.796899999999994,/home/ubuntu/EdgeRanked/sports/wnba/outputs/archive/projections/wnba_projections_20260613.csv,2026-07-13T11:30:43Z
2026-06-13,2026-06-13,Olivia Nelson-Ododa,olivia nelson-ododa,olivia nelson-ododa,CON,IND,19.03,21.0,-1.9699999999999989,1.9699999999999989,3.8808999999999956,/home/ubuntu/EdgeRanked/sports/wnba/outputs/archive/projections/wnba_projections_20260613.csv,2026-07-13T11:30:43Z
2026-06-13,2026-06-13,Quionche Carter,quionche carter,quionche carter,PHX,LAS,13.22,8.0,5.220000000000001,5.220000000000001,27.248400000000007,/home/ubuntu/EdgeRanked/sports/wnba/outputs/archive/projections/wnba_projections_20260613.csv,2026-07-13T11:30:43Z
2026-06-13,2026-06-13,Rae Burrell,rae burrell,rae burrell,LAS,PHX,24.12,27.0,-2.879999999999999,2.879999999999999,8.294399999999994,/home/ubuntu/EdgeRanked/sports/wnba/outputs/archive/projections/wnba_projections_20260613.csv,2026-07-13T11:30:43Z
2026-06-13,2026-06-13,Raegan Beers,raegan beers,raegan beers,CON,IND,11.86,2.0,9.86,9.86,97.21959999999999,/home/ubuntu/EdgeRanked/sports/wnba/outputs/archive/projections/wnba_projections_20260613.csv,2026-07-13T11:30:43Z
2026-06-13,2026-06-13,Raven Johnson,raven johnson,raven johnson,IND,CON,15.41,3.0,12.41,12.41,154.0081,/home/ubuntu/EdgeRanked/sports/wnba/outputs/archive/projections/wnba_projections_20260613.csv,2026-07-13T11:30:43Z
2026-06-13,2026-06-13,Saniya Rivers,saniya rivers,saniya rivers,CON,IND,24.79,27.0,-2.210000000000001,2.210000000000001,4.884100000000004,/home/ubuntu/EdgeRanked/sports/wnba/outputs/archive/projections/wnba_projections_20260613.csv,2026-07-13T11:30:43Z
2026-06-13,2026-06-13,Sarah Ashlee Barker,sarah ashlee barker,sarah ashlee barker,POR,DAL,23.76,32.0,-8.239999999999998,8.239999999999998,67.89759999999997,/home/ubuntu/EdgeRanked/sports/wnba/outputs/archive/projections/wnba_projections_20260613.csv,2026-07-13T11:30:43Z
2026-06-13,2026-06-13,Serah Williams,serah williams,serah williams,POR,DAL,11.85,6.0,5.85,5.85,34.2225,/home/ubuntu/EdgeRanked/sports/wnba/outputs/archive/projections/wnba_projections_20260613.csv,2026-07-13T11:30:43Z
2026-06-13,2026-06-13,Sophie Cunningham,sophie cunningham,sophie cunningham,IND,CON,21.69,18.0,3.6900000000000013,3.6900000000000013,13.61610000000001,/home/ubuntu/EdgeRanked/sports/wnba/outputs/archive/projections/wnba_projections_20260613.csv,2026-07-13T11:30:43Z
2026-06-13,2026-06-13,Stephanie Talbot,stephanie talbot,stephanie talbot,LVA,MIN,19.84,20.0,-0.16000000000000014,0.16000000000000014,0.025600000000000046,/home/ubuntu/EdgeRanked/sports/wnba/outputs/archive/projections/wnba_projections_20260613.csv,2026-07-13T11:30:43Z
2026-06-13,2026-06-13,Teaira McCowan,teaira mccowan,teaira mccowan,MIN,LVA,8.59,2.0,6.59,6.59,43.4281,/home/ubuntu/EdgeRanked/sports/wnba/outputs/archive/projections/wnba_projections_20260613.csv,2026-07-13T11:30:43Z
2026-06-13,2026-06-13,Teja Oblak,teja oblak,teja oblak,POR,DAL,15.91,13.0,2.91,2.91,8.468100000000002,/home/ubuntu/EdgeRanked/sports/wnba/outputs/archive/projections/wnba_projections_20260613.csv,2026-07-13T11:30:43Z
2026-06-13,2026-06-13,Tyasha Harris,tyasha harris,tyasha harris,IND,CON,14.74,4.0,10.74,10.74,115.3476,/home/ubuntu/EdgeRanked/sports/wnba/outputs/archive/projections/wnba_projections_20260613.csv,2026-07-13T11:30:43Z
2026-06-14,2026-06-14,Aaliyah Nye,aaliyah nye,aaliyah nye,ATL,TOR,8.0,1.0,7.0,7.0,49.0,/home/ubuntu/EdgeRanked/sports/wnba/outputs/archive/projections/wnba_projections_20260614.csv,2026-07-13T11:30:43Z
2026-06-14,2026-06-14,Alicia Florez,alicia florez,alicia florez,WAS,NYL,17.92,22.0,-4.079999999999998,4.079999999999998,16.646399999999986,/home/ubuntu/EdgeRanked/sports/wnba/outputs/archive/projections/wnba_projections_20260614.csv,2026-07-13T11:30:43Z
2026-06-14,2026-06-14,Allisha Gray,allisha gray,allisha gray,ATL,TOR,31.29,35.0,-3.710000000000001,3.710000000000001,13.764100000000006,/home/ubuntu/EdgeRanked/sports/wnba/outputs/archive/projections/wnba_projections_20260614.csv,2026-07-13T11:30:43Z
2026-06-14,2026-06-14,Angel Reese,angel reese,angel reese,ATL,TOR,30.68,27.0,3.6799999999999997,3.6799999999999997,13.542399999999997,/home/ubuntu/EdgeRanked/sports/wnba/outputs/archive/projections/wnba_projections_20260614.csv,2026-07-13T11:30:43Z
2026-06-14,2026-06-14,Angela Dugalic,angela dugalic,angela dugalic,WAS,NYL,16.21,26.0,-9.79,9.79,95.84409999999998,/home/ubuntu/EdgeRanked/sports/wnba/outputs/archive/projections/wnba_projections_20260614.csv,2026-07-13T11:30:43Z
2026-06-14,2026-06-14,Betnijah Laney-Hamilton,betnijah laney-hamilton,betnijah laney-hamilton,NYL,WAS,17.98,11.0,6.98,6.98,48.720400000000005,/home/ubuntu/EdgeRanked/sports/wnba/outputs/archive/projections/wnba_projections_20260614.csv,2026-07-13T11:30:43Z
2026-06-14,2026-06-14,Breanna Stewart,breanna stewart,breanna stewart,NYL,WAS,30.99,30.0,0.9899999999999984,0.9899999999999984,0.9800999999999969,/home/ubuntu/EdgeRanked/sports/wnba/outputs/archive/projections/wnba_projections_20260614.csv,2026-07-13T11:30:43Z
2026-06-14,2026-06-14,Brittney Sykes,brittney sykes,brittney sykes,TOR,ATL,32.32,35.0,-2.6799999999999997,2.6799999999999997,7.182399999999999,/home/ubuntu/EdgeRanked/sports/wnba/outputs/archive/projections/wnba_projections_20260614.csv,2026-07-13T11:30:43Z
2026-06-14,2026-06-14,Cassandre Prosper,cassandre prosper,cassandre prosper,WAS,NYL,15.1,4.0,11.1,11.1,123.21,/home/ubuntu/EdgeRanked/sports/wnba/outputs/archive/projections/wnba_projections_20260614.csv,2026-07-13T11:30:43Z
2026-06-14,2026-06-14,Cotie McMahon,cotie mcmahon,cotie mcmahon,WAS,NYL,20.86,21.0,-0.14000000000000057,0.14000000000000057,0.01960000000000016,/home/ubuntu/EdgeRanked/sports/wnba/outputs/archive/projections/wnba_projections_20260614.csv,2026-07-13T11:30:43Z
2026-06-14,2026-06-14,Georgia Amoore,georgia amoore,georgia amoore,WAS,NYL,24.17,16.0,8.170000000000002,8.170000000000002,66.74890000000003,/home/ubuntu/EdgeRanked/sports/wnba/outputs/archive/projections/wnba_projections_20260614.csv,2026-07-13T11:30:43Z
2026-06-14,2026-06-14,Han Xu,han xu,han xu,NYL,WAS,15.23,13.0,2.2300000000000004,2.2300000000000004,4.972900000000002,/home/ubuntu/EdgeRanked/sports/wnba/outputs/archive/projections/wnba_projections_20260614.csv,2026-07-13T11:30:43Z
2026-06-14,2026-06-14,Indya Nivar,indya nivar,indya nivar,ATL,TOR,8.0,1.0,7.0,7.0,49.0,/home/ubuntu/EdgeRanked/sports/wnba/outputs/archive/projections/wnba_projections_20260614.csv,2026-07-13T11:30:43Z
2026-06-14,2026-06-14,Isabelle Harrison,isabelle harrison,isabelle harrison,TOR,ATL,21.19,19.0,2.1900000000000013,2.1900000000000013,4.796100000000005,/home/ubuntu/EdgeRanked/sports/wnba/outputs/archive/projections/wnba_projections_20260614.csv,2026-07-13T11:30:43Z
2026-06-14,2026-06-14,Isobel Borlase,isobel borlase,isobel borlase,ATL,TOR,12.43,18.0,-5.57,5.57,31.024900000000002,/home/ubuntu/EdgeRanked/sports/wnba/outputs/archive/projections/wnba_projections_20260614.csv,2026-07-13T11:30:43Z
2026-06-14,2026-06-14,Jonquel Jones,jonquel jones,jonquel jones,NYL,WAS,29.77,27.0,2.7699999999999996,2.7699999999999996,7.672899999999998,/home/ubuntu/EdgeRanked/sports/wnba/outputs/archive/projections/wnba_projections_20260614.csv,2026-07-13T11:30:43Z
2026-06-14,2026-06-14,Jordin Canada,jordin canada,jordin canada,ATL,TOR,29.68,28.0,1.6799999999999997,1.6799999999999997,2.822399999999999,/home/ubuntu/EdgeRanked/sports/wnba/outputs/archive/projections/wnba_projections_20260614.csv,2026-07-13T11:30:43Z
2026-06-14,2026-06-14,Julie Allemand,julie allemand,julie allemand,TOR,ATL,26.45,34.0,-7.550000000000001,7.550000000000001,57.00250000000001,/home/ubuntu/EdgeRanked/sports/wnba/outputs/archive/projections/wnba_projections_20260614.csv,2026-07-13T11:30:43Z
2026-06-14,2026-06-14,Kia Nurse,kia nurse,kia nurse,TOR,ATL,10.99,8.0,2.99,2.99,8.940100000000001,/home/ubuntu/EdgeRanked/sports/wnba/outputs/archive/projections/wnba_projections_20260614.csv,2026-07-13T11:30:43Z
2026-06-14,2026-06-14,Laura Juskaite,laura juskaite,laura juskaite,TOR,ATL,24.31,26.0,-1.6900000000000013,1.6900000000000013,2.8561000000000045,/home/ubuntu/EdgeRanked/sports/wnba/outputs/archive/projections/wnba_projections_20260614.csv,2026-07-13T11:30:43Z
2026-06-14,2026-06-14,Lauren Betts,lauren betts,lauren betts,WAS,NYL,14.15,24.0,-9.85,9.85,97.0225,/home/ubuntu/EdgeRanked/sports/wnba/outputs/archive/projections/wnba_projections_20260614.csv,2026-07-13T11:30:43Z
2026-06-14,2026-06-14,Leonie Fiebich,leonie fiebich,leonie fiebich,NYL,WAS,26.55,24.0,2.5500000000000007,2.5500000000000007,6.502500000000004,/home/ubuntu/EdgeRanked/sports/wnba/outputs/archive/projections/wnba_projections_20260614.csv,2026-07-13T11:30:43Z
2026-06-14,2026-06-14,Lucy Olsen,lucy olsen,lucy olsen,WAS,NYL,15.01,4.0,11.01,11.01,121.2201,/home/ubuntu/EdgeRanked/sports/wnba/outputs/archive/projections/wnba_projections_20260614.csv,2026-07-13T11:30:43Z
2026-06-14,2026-06-14,Madina Okot,madina okot,madina okot,ATL,TOR,8.89,6.0,2.8900000000000006,2.8900000000000006,8.352100000000004,/home/ubuntu/EdgeRanked/sports/wnba/outputs/archive/projections/wnba_projections_20260614.csv,2026-07-13T11:30:43Z
2026-06-14,2026-06-14,Maria Conde,maria conde,maria conde,TOR,ATL,21.05,25.0,-3.9499999999999993,3.9499999999999993,15.602499999999994,/home/ubuntu/EdgeRanked/sports/wnba/outputs/archive/projections/wnba_projections_20260614.csv,2026-07-13T11:30:43Z
2026-06-14,2026-06-14,Marina Mabrey,marina mabrey,marina mabrey,TOR,ATL,29.38,27.0,2.379999999999999,2.379999999999999,5.664399999999995,/home/ubuntu/EdgeRanked/sports/wnba/outputs/archive/projections/wnba_projections_20260614.csv,2026-07-13T11:30:43Z
2026-06-14,2026-06-14,Marine Johannes,marine johannes,marine johannes,NYL,WAS,25.23,17.0,8.23,8.23,67.7329,/home/ubuntu/EdgeRanked/sports/wnba/outputs/archive/projections/wnba_projections_20260614.csv,2026-07-13T11:30:43Z
2026-06-14,2026-06-14,Michaela Onyenwere,michaela onyenwere,michaela onyenwere,WAS,NYL,23.82,21.0,2.8200000000000003,2.8200000000000003,7.952400000000002,/home/ubuntu/EdgeRanked/sports/wnba/outputs/archive/projections/wnba_projections_20260614.csv,2026-07-13T11:30:43Z
2026-06-14,2026-06-14,Naz Hillmon,naz hillmon,naz hillmon,ATL,TOR,28.95,32.0,-3.0500000000000007,3.0500000000000007,9.302500000000004,/home/ubuntu/EdgeRanked/sports/wnba/outputs/archive/projections/wnba_projections_20260614.csv,2026-07-13T11:30:43Z
2026-06-14,2026-06-14,Pauline Astier,pauline astier,pauline astier,NYL,WAS,24.49,20.0,4.489999999999998,4.489999999999998,20.160099999999986,/home/ubuntu/EdgeRanked/sports/wnba/outputs/archive/projections/wnba_projections_20260614.csv,2026-07-13T11:30:43Z
2026-06-14,2026-06-14,Raquel Carrera,raquel carrera,raquel carrera,NYL,WAS,13.3,2.0,11.3,11.3,127.69000000000001,/home/ubuntu/EdgeRanked/sports/wnba/outputs/archive/projections/wnba_projections_20260614.csv,2026-07-13T11:30:43Z
2026-06-14,2026-06-14,Rebekah Gardner,rebekah gardner,rebekah gardner,NYL,WAS,13.49,11.0,2.49,2.49,6.200100000000001,/home/ubuntu/EdgeRanked/sports/wnba/outputs/archive/projections/wnba_projections_20260614.csv,2026-07-13T11:30:43Z
2026-06-14,2026-06-14,Rhyne Howard,rhyne howard,rhyne howard,ATL,TOR,33.7,38.0,-4.299999999999997,4.299999999999997,18.489999999999977,/home/ubuntu/EdgeRanked/sports/wnba/outputs/archive/projections/wnba_projections_20260614.csv,2026-07-13T11:30:43Z
2026-06-14,2026-06-14,Rori Harmon,rori harmon,rori harmon,WAS,NYL,9.12,2.0,7.119999999999999,7.119999999999999,50.69439999999999,/home/ubuntu/EdgeRanked/sports/wnba/outputs/archive/projections/wnba_projections_20260614.csv,2026-07-13T11:30:43Z
2026-06-14,2026-06-14,Sabrina Ionescu,sabrina ionescu,sabrina ionescu,NYL,WAS,32.34,26.0,6.340000000000003,6.340000000000003,40.19560000000004,/home/ubuntu/EdgeRanked/sports/wnba/outputs/archive/projections/wnba_projections_20260614.csv,2026-07-13T11:30:43Z
2026-06-14,2026-06-14,Satou Sabally,satou sabally,satou sabally,NYL,WAS,18.65,19.0,-0.3500000000000014,0.3500000000000014,0.122500000000001,/home/ubuntu/EdgeRanked/sports/wnba/outputs/archive/projections/wnba_projections_20260614.csv,2026-07-13T11:30:43Z
2026-06-14,2026-06-14,Shakira Austin,shakira austin,shakira austin,WAS,NYL,28.91,30.0,-1.0899999999999999,1.0899999999999999,1.1880999999999997,/home/ubuntu/EdgeRanked/sports/wnba/outputs/archive/projections/wnba_projections_20260614.csv,2026-07-13T11:30:43Z
2026-06-14,2026-06-14,Sika Kone,sika kone,sika kone,ATL,TOR,8.0,2.0,6.0,6.0,36.0,/home/ubuntu/EdgeRanked/sports/wnba/outputs/archive/projections/wnba_projections_20260614.csv,2026-07-13T11:30:43Z
2026-06-14,2026-06-14,Sonia Citron,sonia citron,sonia citron,WAS,NYL,32.13,31.0,1.1300000000000026,1.1300000000000026,1.2769000000000057,/home/ubuntu/EdgeRanked/sports/wnba/outputs/archive/projections/wnba_projections_20260614.csv,2026-07-13T11:30:43Z
2026-06-14,2026-06-14,Te-Hina Paopao,te-hina paopao,te-hina paopao,ATL,TOR,13.69,12.0,1.6899999999999995,1.6899999999999995,2.8560999999999983,/home/ubuntu/EdgeRanked/sports/wnba/outputs/archive/projections/wnba_projections_20260614.csv,2026-07-13T11:30:43Z
2026-06-14,2026-06-14,Temi Fagbenle,temi fagbenle,temi fagbenle,TOR,ATL,18.34,17.0,1.3399999999999999,1.3399999999999999,1.7955999999999996,/home/ubuntu/EdgeRanked/sports/wnba/outputs/archive/projections/wnba_projections_20260614.csv,2026-07-13T11:30:43Z
2026-06-14,2026-06-14,Teonni Key,teonni key,teonni key,TOR,ATL,9.39,6.0,3.3900000000000006,3.3900000000000006,11.492100000000004,/home/ubuntu/EdgeRanked/sports/wnba/outputs/archive/projections/wnba_projections_20260614.csv,2026-07-13T11:30:43Z
2026-06-14,2026-06-14,Tima Pouye,tima pouye,tima pouye,TOR,ATL,8.29,4.0,4.289999999999999,4.289999999999999,18.404099999999993,/home/ubuntu/EdgeRanked/sports/wnba/outputs/archive/projections/wnba_projections_20260614.csv,2026-07-13T11:30:43Z
2026-06-15,2026-06-15,A'ja Wilson,a'ja wilson,a'ja wilson,LVA,DAL,33.85,26.0,7.850000000000001,7.850000000000001,61.622500000000024,/home/ubuntu/EdgeRanked/sports/wnba/outputs/archive/projections/wnba_projections_20260615.csv,2026-07-13T11:30:43Z
2026-06-15,2026-06-15,Alanna Smith,alanna smith,alanna smith,DAL,LVA,14.58,9.0,5.58,5.58,31.136400000000002,/home/ubuntu/EdgeRanked/sports/wnba/outputs/archive/projections/wnba_projections_20260615.csv,2026-07-13T11:30:43Z
2026-06-15,2026-06-15,Alysha Clark,alysha clark,alysha clark,DAL,LVA,11.83,5.0,6.83,6.83,46.6489,/home/ubuntu/EdgeRanked/sports/wnba/outputs/archive/projections/wnba_projections_20260615.csv,2026-07-13T11:30:43Z
2026-06-15,2026-06-15,Anastasiia Olairi Kosu,anastasiia olairi kosu,anastasiia olairi kosu,MIN,POR,14.92,19.0,-4.08,4.08,16.6464,/home/ubuntu/EdgeRanked/sports/wnba/outputs/archive/projections/wnba_projections_20260615.csv,2026-07-13T11:30:43Z
2026-06-15,2026-06-15,Antonia Delaere,antonia delaere,antonia delaere,MIN,POR,14.9,29.0,-14.1,14.1,198.81,/home/ubuntu/EdgeRanked/sports/wnba/outputs/archive/projections/wnba_projections_20260615.csv,2026-07-13T11:30:43Z
2026-06-15,2026-06-15,Ariel Atkins,ariel atkins,ariel atkins,LAS,GSV,25.87,21.0,4.870000000000001,4.870000000000001,23.71690000000001,/home/ubuntu/EdgeRanked/sports/wnba/outputs/archive/projections/wnba_projections_20260615.csv,2026-07-13T11:30:43Z
2026-06-15,2026-06-15,Arike Ogunbowale,arike ogunbowale,arike ogunbowale,DAL,LVA,29.35,30.0,-0.6499999999999986,0.6499999999999986,0.42249999999999815,/home/ubuntu/EdgeRanked/sports/wnba/outputs/archive/projections/wnba_projections_20260615.csv,2026-07-13T11:30:43Z
2026-06-15,2026-06-15,Awak Kuier,awak kuier,awak kuier,DAL,LVA,16.98,27.0,-10.02,10.02,100.40039999999999,/home/ubuntu/EdgeRanked/sports/wnba/outputs/archive/projections/wnba_projections_20260615.csv,2026-07-13T11:30:43Z
2026-06-15,2026-06-15,Aziaha James,aziaha james,aziaha james,DAL,LVA,17.04,12.0,5.039999999999999,5.039999999999999,25.40159999999999,/home/ubuntu/EdgeRanked/sports/wnba/outputs/archive/projections/wnba_projections_20260615.csv,2026-07-13T11:30:43Z
2026-06-15,2026-06-15,Azzi Fudd,azzi fudd,azzi fudd,DAL,LVA,27.47,28.0,-0.5300000000000011,0.5300000000000011,0.2809000000000012,/home/ubuntu/EdgeRanked/sports/wnba/outputs/archive/projections/wnba_projections_20260615.csv,2026-07-13T11:30:43Z
2026-06-15,2026-06-15,Brianna Turner,brianna turner,brianna turner,LVA,DAL,9.0,11.0,-2.0,2.0,4.0,/home/ubuntu/EdgeRanked/sports/wnba/outputs/archive/projections/wnba_projections_20260615.csv,2026-07-13T11:30:43Z
2026-06-15,2026-06-15,Bridget Carleton,bridget carleton,bridget carleton,POR,MIN,28.17,26.0,2.1700000000000017,2.1700000000000017,4.708900000000007,/home/ubuntu/EdgeRanked/sports/wnba/outputs/archive/projections/wnba_projections_20260615.csv,2026-07-13T11:30:43Z
2026-06-15,2026-06-15,Cameron Brink,cameron brink,cameron brink,LAS,GSV,18.34,15.0,3.34,3.34,11.1556,/home/ubuntu/EdgeRanked/sports/wnba/outputs/archive/projections/wnba_projections_20260615.csv,2026-07-13T11:30:43Z
2026-06-15,2026-06-15,Carla Leite,carla leite,carla leite,POR,MIN,25.18,19.0,6.18,6.18,38.1924,/home/ubuntu/EdgeRanked/sports/wnba/outputs/archive/projections/wnba_projections_20260615.csv,2026-07-13T11:30:43Z
2026-06-15,2026-06-15,Cecilia Zandalasini,cecilia zandalasini,cecilia zandalasini,GSV,LAS,19.15,18.0,1.1499999999999986,1.1499999999999986,1.3224999999999967,/home/ubuntu/EdgeRanked/sports/wnba/outputs/archive/projections/wnba_projections_20260615.csv,2026-07-13T11:30:43Z
2026-06-15,2026-06-15,Chance Gray,chance gray,chance gray,LAS,GSV,12.72,8.0,4.720000000000001,4.720000000000001,22.278400000000005,/home/ubuntu/EdgeRanked/sports/wnba/outputs/archive/projections/wnba_projections_20260615.csv,2026-07-13T11:30:43Z
2026-06-15,2026-06-15,Chelsea Gray,chelsea gray,chelsea gray,LVA,DAL,33.87,29.0,4.869999999999997,4.869999999999997,23.716899999999974,/home/ubuntu/EdgeRanked/sports/wnba/outputs/archive/projections/wnba_projections_20260615.csv,2026-07-13T11:30:43Z
2026-06-15,2026-06-15,Cheyenne Parker-Tyus,cheyenne parker-tyus,cheyenne parker-tyus,LVA,DAL,12.24,18.0,-5.76,5.76,33.1776,/home/ubuntu/EdgeRanked/sports/wnba/outputs/archive/projections/wnba_projections_20260615.csv,2026-07-13T11:30:43Z
2026-06-15,2026-06-15,Courtney Williams,courtney williams,courtney williams,MIN,POR,30.32,24.0,6.32,6.32,39.942400000000006,/home/ubuntu/EdgeRanked/sports/wnba/outputs/archive/projections/wnba_projections_20260615.csv,2026-07-13T11:30:43Z
2026-06-15,2026-06-15,Dearica Hamby,dearica hamby,dearica hamby,LAS,GSV,29.05,27.0,2.0500000000000007,2.0500000000000007,4.202500000000003,/home/ubuntu/EdgeRanked/sports/wnba/outputs/archive/projections/wnba_projections_20260615.csv,2026-07-13T11:30:43Z
2026-06-15,2026-06-15,Eliska Hamzova,eliska hamzova,eliska hamzova,MIN,POR,8.0,10.0,-2.0,2.0,4.0,/home/ubuntu/EdgeRanked/sports/wnba/outputs/archive/projections/wnba_projections_20260615.csv,2026-07-13T11:30:43Z
2026-06-15,2026-06-15,Emily Engstler,emily engstler,emily engstler,POR,MIN,22.75,20.0,2.75,2.75,7.5625,/home/ubuntu/EdgeRanked/sports/wnba/outputs/archive/projections/wnba_projections_20260615.csv,2026-07-13T11:30:43Z
2026-06-15,2026-06-15,Erica Wheeler,erica wheeler,erica wheeler,LAS,GSV,27.19,28.0,-0.8099999999999987,0.8099999999999987,0.6560999999999979,/home/ubuntu/EdgeRanked/sports/wnba/outputs/archive/projections/wnba_projections_20260615.csv,2026-07-13T11:30:43Z
2026-06-15,2026-06-15,Frieda Buhner,frieda buhner,frieda buhner,POR,MIN,13.78,20.0,-6.220000000000001,6.220000000000001,38.68840000000001,/home/ubuntu/EdgeRanked/sports/wnba/outputs/archive/projections/wnba_projections_20260615.csv,2026-07-13T11:30:43Z
2026-06-15,2026-06-15,Gabby Williams,gabby williams,gabby williams,GSV,LAS,27.94,28.0,-0.05999999999999872,0.05999999999999872,0.0035999999999998464,/home/ubuntu/EdgeRanked/sports/wnba/outputs/archive/projections/wnba_projections_20260615.csv,2026-07-13T11:30:43Z
2026-06-15,2026-06-15,Holly Winterburn,holly winterburn,holly winterburn,POR,MIN,12.53,8.0,4.529999999999999,4.529999999999999,20.520899999999994,/home/ubuntu/EdgeRanked/sports/wnba/outputs/archive/projections/wnba_projections_20260615.csv,2026-07-13T11:30:43Z
2026-06-15,2026-06-15,Jackie Young,jackie young,jackie young,LVA,DAL,32.44,24.0,8.439999999999998,8.439999999999998,71.23359999999997,/home/ubuntu/EdgeRanked/sports/wnba/outputs/archive/projections/wnba_projections_20260615.csv,2026-07-13T11:30:43Z
2026-06-15,2026-06-15,Janelle Salaun,janelle salaun,janelle salaun,GSV,LAS,23.73,25.0,-1.2699999999999996,1.2699999999999996,1.612899999999999,/home/ubuntu/EdgeRanked/sports/wnba/outputs/archive/projections/wnba_projections_20260615.csv,2026-07-13T11:30:43Z
2026-06-15,2026-06-15,Jessica Shepard,jessica shepard,jessica shepard,DAL,LVA,29.27,31.0,-1.7300000000000004,1.7300000000000004,2.9929000000000014,/home/ubuntu/EdgeRanked/sports/wnba/outputs/archive/projections/wnba_projections_20260615.csv,2026-07-13T11:30:43Z
2026-06-15,2026-06-15,Jewell Loyd,jewell loyd,jewell loyd,LVA,DAL,25.3,31.0,-5.699999999999999,5.699999999999999,32.489999999999995,/home/ubuntu/EdgeRanked/sports/wnba/outputs/archive/projections/wnba_projections_20260615.csv,2026-07-13T11:30:43Z
2026-06-15,2026-06-15,Jihyun Park,jihyun park,jihyun park,LAS,GSV,9.36,4.0,5.359999999999999,5.359999999999999,28.729599999999994,/home/ubuntu/EdgeRanked/sports/wnba/outputs/archive/projections/wnba_projections_20260615.csv,2026-07-13T11:30:43Z
2026-06-15,2026-06-15,Juste Jocyte,juste jocyte,juste jocyte,GSV,LAS,10.91,2.0,8.91,8.91,79.38810000000001,/home/ubuntu/EdgeRanked/sports/wnba/outputs/archive/projections/wnba_projections_20260615.csv,2026-07-13T11:30:43Z
2026-06-15,2026-06-15,Kaila Charles,kaila charles,kaila charles,GSV,LAS,18.73,22.0,-3.2699999999999996,3.2699999999999996,10.692899999999998,/home/ubuntu/EdgeRanked/sports/wnba/outputs/archive/projections/wnba_projections_20260615.csv,2026-07-13T11:30:43Z
2026-06-15,2026-06-15,Kaitlyn Chen,kaitlyn chen,kaitlyn chen,GSV,LAS,11.35,10.0,1.3499999999999996,1.3499999999999996,1.8224999999999991,/home/ubuntu/EdgeRanked/sports/wnba/outputs/archive/projections/wnba_projections_20260615.csv,2026-07-13T11:30:43Z
2026-06-15,2026-06-15,Kate Martin,kate martin,kate martin,LAS,GSV,9.97,11.0,-1.0299999999999994,1.0299999999999994,1.0608999999999986,/home/ubuntu/EdgeRanked/sports/wnba/outputs/archive/projections/wnba_projections_20260615.csv,2026-07-13T11:30:43Z
2026-06-15,2026-06-15,Kayla McBride,kayla mcbride,kayla mcbride,MIN,POR,29.04,25.0,4.039999999999999,4.039999999999999,16.321599999999993,/home/ubuntu/EdgeRanked/sports/wnba/outputs/archive/projections/wnba_projections_20260615.csv,2026-07-13T11:30:43Z
2026-06-15,2026-06-15,Kayla Thornton,kayla thornton,kayla thornton,GSV,LAS,26.93,23.0,3.9299999999999997,3.9299999999999997,15.444899999999997,/home/ubuntu/EdgeRanked/sports/wnba/outputs/archive/projections/wnba_projections_20260615.csv,2026-07-13T11:30:43Z
2026-06-15,2026-06-15,Kelsey Plum,kelsey plum,kelsey plum,LAS,GSV,36.45,29.0,7.450000000000003,7.450000000000003,55.50250000000004,/home/ubuntu/EdgeRanked/sports/wnba/outputs/archive/projections/wnba_projections_20260615.csv,2026-07-13T11:30:43Z
2026-06-15,2026-06-15,Kiah Stokes,kiah stokes,kiah stokes,GSV,LAS,18.67,30.0,-11.329999999999998,11.329999999999998,128.36889999999997,/home/ubuntu/EdgeRanked/sports/wnba/outputs/archive/projections/wnba_projections_20260615.csv,2026-07-13T11:30:43Z
2026-06-15,2026-06-15,Kierstan Bell,kierstan bell,kierstan bell,LVA,DAL,12.6,18.0,-5.4,5.4,29.160000000000004,/home/ubuntu/EdgeRanked/sports/wnba/outputs/archive/projections/wnba_projections_20260615.csv,2026-07-13T11:30:43Z
2026-06-15,2026-06-15,Laeticia Amihere,laeticia amihere,laeticia amihere,GSV,LAS,11.45,2.0,9.45,9.45,89.30249999999998,/home/ubuntu/EdgeRanked/sports/wnba/outputs/archive/projections/wnba_projections_20260615.csv,2026-07-13T11:30:43Z
2026-06-15,2026-06-15,Li Yueru,li yueru,li yueru,DAL,LVA,9.36,4.0,5.359999999999999,5.359999999999999,28.729599999999994,/home/ubuntu/EdgeRanked/sports/wnba/outputs/archive/projections/wnba_projections_20260615.csv,2026-07-13T11:30:43Z
2026-06-15,2026-06-15,Luisa Geiselsoder,luisa geiselsoder,luisa geiselsoder,POR,MIN,16.28,15.0,1.2800000000000011,1.2800000000000011,1.638400000000003,/home/ubuntu/EdgeRanked/sports/wnba/outputs/archive/projections/wnba_projections_20260615.csv,2026-07-13T11:30:43Z
2026-06-15,2026-06-15,Maddy Siegrist,maddy siegrist,maddy siegrist,DAL,LVA,18.32,9.0,9.32,9.32,86.86240000000001,/home/ubuntu/EdgeRanked/sports/wnba/outputs/archive/projections/wnba_projections_20260615.csv,2026-07-13T11:30:43Z
2026-06-15,2026-06-15,Maya Caldwell,maya caldwell,maya caldwell,MIN,POR,14.0,15.0,-1.0,1.0,1.0,/home/ubuntu/EdgeRanked/sports/wnba/outputs/archive/projections/wnba_projections_20260615.csv,2026-07-13T11:30:43Z
2026-06-15,2026-06-15,Megan Gustafson,megan gustafson,megan gustafson,POR,MIN,21.94,17.0,4.940000000000001,4.940000000000001,24.40360000000001,/home/ubuntu/EdgeRanked/sports/wnba/outputs/archive/projections/wnba_projections_20260615.csv,2026-07-13T11:30:43Z
2026-06-15,2026-06-15,NaLyssa Smith,nalyssa smith,nalyssa smith,LVA,DAL,24.78,23.0,1.7800000000000011,1.7800000000000011,3.168400000000004,/home/ubuntu/EdgeRanked/sports/wnba/outputs/archive/projections/wnba_projections_20260615.csv,2026-07-13T11:30:43Z
2026-06-15,2026-06-15,Natasha Howard,natasha howard,natasha howard,MIN,POR,28.07,26.0,2.0700000000000003,2.0700000000000003,4.284900000000001,/home/ubuntu/EdgeRanked/sports/wnba/outputs/archive/projections/wnba_projections_20260615.csv,2026-07-13T11:30:43Z
2026-06-15,2026-06-15,Nia Coffey,nia coffey,nia coffey,MIN,POR,25.17,21.0,4.170000000000002,4.170000000000002,17.388900000000014,/home/ubuntu/EdgeRanked/sports/wnba/outputs/archive/projections/wnba_projections_20260615.csv,2026-07-13T11:30:43Z
2026-06-15,2026-06-15,Nneka Ogwumike,nneka ogwumike,nneka ogwumike,LAS,GSV,31.29,29.0,2.289999999999999,2.289999999999999,5.244099999999996,/home/ubuntu/EdgeRanked/sports/wnba/outputs/archive/projections/wnba_projections_20260615.csv,2026-07-13T11:30:43Z
2026-06-15,2026-06-15,Nyadiew Puoch,nyadiew puoch,nyadiew puoch,POR,MIN,13.37,21.0,-7.630000000000001,7.630000000000001,58.21690000000001,/home/ubuntu/EdgeRanked/sports/wnba/outputs/archive/projections/wnba_projections_20260615.csv,2026-07-13T11:30:43Z
2026-06-15,2026-06-15,Olivia Miles,olivia miles,olivia miles,MIN,POR,30.99,23.0,7.989999999999998,7.989999999999998,63.84009999999998,/home/ubuntu/EdgeRanked/sports/wnba/outputs/archive/projections/wnba_projections_20260615.csv,2026-07-13T11:30:43Z
2026-06-15,2026-06-15,Paige Bueckers,paige bueckers,paige bueckers,DAL,LVA,30.99,24.0,6.989999999999998,6.989999999999998,48.86009999999998,/home/ubuntu/EdgeRanked/sports/wnba/outputs/archive/projections/wnba_projections_20260615.csv,2026-07-13T11:30:43Z
2026-06-15,2026-06-15,Rae Burrell,rae burrell,rae burrell,LAS,GSV,24.05,22.0,2.0500000000000007,2.0500000000000007,4.202500000000003,/home/ubuntu/EdgeRanked/sports/wnba/outputs/archive/projections/wnba_projections_20260615.csv,2026-07-13T11:30:43Z
2026-06-15,2026-06-15,Sania Feagin,sania feagin,sania feagin,LAS,GSV,8.0,1.0,7.0,7.0,49.0,/home/ubuntu/EdgeRanked/sports/wnba/outputs/archive/projections/wnba_projections_20260615.csv,2026-07-13T11:30:43Z
2026-06-15,2026-06-15,Sarah Ashlee Barker,sarah ashlee barker,sarah ashlee barker,POR,MIN,24.74,25.0,-0.26000000000000156,0.26000000000000156,0.06760000000000081,/home/ubuntu/EdgeRanked/sports/wnba/outputs/archive/projections/wnba_projections_20260615.csv,2026-07-13T11:30:43Z
2026-06-15,2026-06-15,Serah Williams,serah williams,serah williams,POR,MIN,10.68,13.0,-2.3200000000000003,2.3200000000000003,5.382400000000001,/home/ubuntu/EdgeRanked/sports/wnba/outputs/archive/projections/wnba_projections_20260615.csv,2026-07-13T11:30:43Z
2026-06-15,2026-06-15,Stephanie Talbot,stephanie talbot,stephanie talbot,LVA,DAL,19.63,20.0,-0.370000000000001,0.370000000000001,0.13690000000000074,/home/ubuntu/EdgeRanked/sports/wnba/outputs/archive/projections/wnba_projections_20260615.csv,2026-07-13T11:30:43Z
2026-06-15,2026-06-15,Sug Sutton,sug sutton,sug sutton,POR,MIN,20.16,21.0,-0.8399999999999999,0.8399999999999999,0.7055999999999998,/home/ubuntu/EdgeRanked/sports/wnba/outputs/archive/projections/wnba_projections_20260615.csv,2026-07-13T11:30:43Z
2026-06-15,2026-06-15,Ta'Niya Latson,ta'niya latson,ta'niya latson,LAS,GSV,10.23,4.0,6.23,6.23,38.812900000000006,/home/ubuntu/EdgeRanked/sports/wnba/outputs/archive/projections/wnba_projections_20260615.csv,2026-07-13T11:30:43Z
2026-06-15,2026-06-15,Teaira McCowan,teaira mccowan,teaira mccowan,MIN,POR,8.0,8.0,0.0,0.0,0.0,/home/ubuntu/EdgeRanked/sports/wnba/outputs/archive/projections/wnba_projections_20260615.csv,2026-07-13T11:30:43Z
2026-06-15,2026-06-15,Teja Oblak,teja oblak,teja oblak,POR,MIN,16.27,17.0,-0.7300000000000004,0.7300000000000004,0.5329000000000006,/home/ubuntu/EdgeRanked/sports/wnba/outputs/archive/projections/wnba_projections_20260615.csv,2026-07-13T11:30:43Z
2026-06-15,2026-06-15,Tiffany Hayes,tiffany hayes,tiffany hayes,GSV,LAS,16.69,10.0,6.690000000000001,6.690000000000001,44.75610000000002,/home/ubuntu/EdgeRanked/sports/wnba/outputs/archive/projections/wnba_projections_20260615.csv,2026-07-13T11:30:43Z
2026-06-15,2026-06-15,Veronica Burton,veronica burton,veronica burton,GSV,LAS,28.4,30.0,-1.6000000000000014,1.6000000000000014,2.5600000000000045,/home/ubuntu/EdgeRanked/sports/wnba/outputs/archive/projections/wnba_projections_20260615.csv,2026-07-13T11:30:43Z
2026-06-16,2026-06-16,Aliyah Boston,aliyah boston,aliyah boston,IND,TOR,28.64,26.0,2.6400000000000006,2.6400000000000006,6.969600000000003,/home/ubuntu/EdgeRanked/sports/wnba/outputs/archive/projections/wnba_projections_20260616.csv,2026-07-13T11:30:43Z
2026-06-16,2026-06-16,Brittney Sykes,brittney sykes,brittney sykes,TOR,IND,31.29,19.0,12.29,12.29,151.0441,/home/ubuntu/EdgeRanked/sports/wnba/outputs/archive/projections/wnba_projections_20260616.csv,2026-07-13T11:30:43Z
2026-06-16,2026-06-16,Caitlin Clark,caitlin clark,caitlin clark,IND,TOR,32.76,32.0,0.759999999999998,0.759999999999998,0.577599999999997,/home/ubuntu/EdgeRanked/sports/wnba/outputs/archive/projections/wnba_projections_20260616.csv,2026-07-13T11:30:43Z
2026-06-16,2026-06-16,Damiris Dantas,damiris dantas,damiris dantas,IND,TOR,10.77,2.0,8.77,8.77,76.9129,/home/ubuntu/EdgeRanked/sports/wnba/outputs/archive/projections/wnba_projections_20260616.csv,2026-07-13T11:30:43Z
2026-06-16,2026-06-16,Grace VanSlooten,grace vanslooten,grace vanslooten,IND,TOR,11.14,1.0,10.14,10.14,102.81960000000001,/home/ubuntu/EdgeRanked/sports/wnba/outputs/archive/projections/wnba_projections_20260616.csv,2026-07-13T11:30:43Z
2026-06-16,2026-06-16,Isabelle Harrison,isabelle harrison,isabelle harrison,TOR,IND,25.14,26.0,-0.8599999999999994,0.8599999999999994,0.739599999999999,/home/ubuntu/EdgeRanked/sports/wnba/outputs/archive/projections/wnba_projections_20260616.csv,2026-07-13T11:30:43Z
2026-06-16,2026-06-16,Julie Allemand,julie allemand,julie allemand,TOR,IND,27.0,11.0,16.0,16.0,256.0,/home/ubuntu/EdgeRanked/sports/wnba/outputs/archive/projections/wnba_projections_20260616.csv,2026-07-13T11:30:43Z
2026-06-16,2026-06-16,Kelsey Mitchell,kelsey mitchell,kelsey mitchell,IND,TOR,30.57,32.0,-1.4299999999999997,1.4299999999999997,2.0448999999999993,/home/ubuntu/EdgeRanked/sports/wnba/outputs/archive/projections/wnba_projections_20260616.csv,2026-07-13T11:30:43Z
2026-06-16,2026-06-16,Kia Nurse,kia nurse,kia nurse,TOR,IND,10.71,15.0,-4.289999999999999,4.289999999999999,18.404099999999993,/home/ubuntu/EdgeRanked/sports/wnba/outputs/archive/projections/wnba_projections_20260616.csv,2026-07-13T11:30:43Z
2026-06-16,2026-06-16,Laura Juskaite,laura juskaite,laura juskaite,TOR,IND,24.35,25.0,-0.6499999999999986,0.6499999999999986,0.42249999999999815,/home/ubuntu/EdgeRanked/sports/wnba/outputs/archive/projections/wnba_projections_20260616.csv,2026-07-13T11:30:43Z
2026-06-16,2026-06-16,Lexie Hull,lexie hull,lexie hull,IND,TOR,22.03,20.0,2.030000000000001,2.030000000000001,4.120900000000004,/home/ubuntu/EdgeRanked/sports/wnba/outputs/archive/projections/wnba_projections_20260616.csv,2026-07-13T11:30:43Z
2026-06-16,2026-06-16,Makayla Timpson,makayla timpson,makayla timpson,IND,TOR,11.44,23.0,-11.56,11.56,133.6336,/home/ubuntu/EdgeRanked/sports/wnba/outputs/archive/projections/wnba_projections_20260616.csv,2026-07-13T11:30:43Z
2026-06-16,2026-06-16,Maria Conde,maria conde,maria conde,TOR,IND,21.52,31.0,-9.48,9.48,89.8704,/home/ubuntu/EdgeRanked/sports/wnba/outputs/archive/projections/wnba_projections_20260616.csv,2026-07-13T11:30:43Z
2026-06-16,2026-06-16,Marina Mabrey,marina mabrey,marina mabrey,TOR,IND,29.29,31.0,-1.7100000000000009,1.7100000000000009,2.924100000000003,/home/ubuntu/EdgeRanked/sports/wnba/outputs/archive/projections/wnba_projections_20260616.csv,2026-07-13T11:30:43Z
2026-06-16,2026-06-16,Monique Billings,monique billings,monique billings,IND,TOR,18.24,20.0,-1.7600000000000016,1.7600000000000016,3.0976000000000057,/home/ubuntu/EdgeRanked/sports/wnba/outputs/archive/projections/wnba_projections_20260616.csv,2026-07-13T11:30:43Z
2026-06-16,2026-06-16,Myisha Hines-Allen,myisha hines-allen,myisha hines-allen,IND,TOR,17.47,7.0,10.469999999999999,10.469999999999999,109.62089999999998,/home/ubuntu/EdgeRanked/sports/wnba/outputs/archive/projections/wnba_projections_20260616.csv,2026-07-13T11:30:43Z
2026-06-16,2026-06-16,Raven Johnson,raven johnson,raven johnson,IND,TOR,12.58,14.0,-1.42,1.42,2.0164,/home/ubuntu/EdgeRanked/sports/wnba/outputs/archive/projections/wnba_projections_20260616.csv,2026-07-13T11:30:43Z
2026-06-16,2026-06-16,Sophie Cunningham,sophie cunningham,sophie cunningham,IND,TOR,21.03,24.0,-2.969999999999999,2.969999999999999,8.820899999999993,/home/ubuntu/EdgeRanked/sports/wnba/outputs/archive/projections/wnba_projections_20260616.csv,2026-07-13T11:30:43Z
2026-06-16,2026-06-16,Temi Fagbenle,temi fagbenle,temi fagbenle,TOR,IND,11.83,18.0,-6.17,6.17,38.0689,/home/ubuntu/EdgeRanked/sports/wnba/outputs/archive/projections/wnba_projections_20260616.csv,2026-07-13T11:30:43Z
2026-06-16,2026-06-16,Teonni Key,teonni key,teonni key,TOR,IND,11.81,11.0,0.8100000000000005,0.8100000000000005,0.6561000000000008,/home/ubuntu/EdgeRanked/sports/wnba/outputs/archive/projections/wnba_projections_20260616.csv,2026-07-13T11:30:43Z
2026-06-16,2026-06-16,Tima Pouye,tima pouye,tima pouye,TOR,IND,11.15,13.0,-1.8499999999999996,1.8499999999999996,3.4224999999999985,/home/ubuntu/EdgeRanked/sports/wnba/outputs/archive/projections/wnba_projections_20260616.csv,2026-07-13T11:30:43Z
2026-06-17,2026-06-17,A'ja Wilson,a'ja wilson,a'ja wilson,LVA,PHX,32.26,37.0,-4.740000000000002,4.740000000000002,22.46760000000002,/home/ubuntu/EdgeRanked/sports/wnba/outputs/archive/projections/wnba_projections_20260617.csv,2026-07-13T11:30:43Z
2026-06-17,2026-06-17,Aaliyah Edwards,aaliyah edwards,aaliyah edwards,CON,WAS,26.27,18.0,8.27,8.27,68.3929,/home/ubuntu/EdgeRanked/sports/wnba/outputs/archive/projections/wnba_projections_20260617.csv,2026-07-13T11:30:43Z
2026-06-17,2026-06-17,Aicha Coulibaly,aicha coulibaly,aicha coulibaly,CHI,NYL,16.16,11.0,5.16,5.16,26.625600000000002,/home/ubuntu/EdgeRanked/sports/wnba/outputs/archive/projections/wnba_projections_20260617.csv,2026-07-13T11:30:43Z
2026-06-17,2026-06-17,Alanna Smith,alanna smith,alanna smith,DAL,GSV,14.18,16.0,-1.8200000000000003,1.8200000000000003,3.312400000000001,/home/ubuntu/EdgeRanked/sports/wnba/outputs/archive/projections/wnba_projections_20260617.csv,2026-07-13T11:30:43Z
2026-06-17,2026-06-17,Alyssa Thomas,alyssa thomas,alyssa thomas,PHX,LVA,31.33,35.0,-3.6700000000000017,3.6700000000000017,13.468900000000012,/home/ubuntu/EdgeRanked/sports/wnba/outputs/archive/projections/wnba_projections_20260617.csv,2026-07-13T11:30:43Z
2026-06-17,2026-06-17,Anastasiia Olairi Kosu,anastasiia olairi kosu,anastasiia olairi kosu,MIN,LAS,14.9,10.0,4.9,4.9,24.010000000000005,/home/ubuntu/EdgeRanked/sports/wnba/outputs/archive/projections/wnba_projections_20260617.csv,2026-07-13T11:30:43Z
2026-06-17,2026-06-17,Aneesah Morrow,aneesah morrow,aneesah morrow,CON,WAS,28.74,21.0,7.739999999999998,7.739999999999998,59.907599999999974,/home/ubuntu/EdgeRanked/sports/wnba/outputs/archive/projections/wnba_projections_20260617.csv,2026-07-13T11:30:43Z
2026-06-17,2026-06-17,Angela Dugalic,angela dugalic,angela dugalic,WAS,CON,16.26,27.0,-10.739999999999998,10.739999999999998,115.34759999999997,/home/ubuntu/EdgeRanked/sports/wnba/outputs/archive/projections/wnba_projections_20260617.csv,2026-07-13T11:30:43Z
2026-06-17,2026-06-17,Antonia Delaere,antonia delaere,antonia delaere,MIN,LAS,15.81,15.0,0.8100000000000005,0.8100000000000005,0.6561000000000008,/home/ubuntu/EdgeRanked/sports/wnba/outputs/archive/projections/wnba_projections_20260617.csv,2026-07-13T11:30:43Z
2026-06-17,2026-06-17,Ariel Atkins,ariel atkins,ariel atkins,LAS,MIN,26.43,30.0,-3.5700000000000003,3.5700000000000003,12.744900000000001,/home/ubuntu/EdgeRanked/sports/wnba/outputs/archive/projections/wnba_projections_20260617.csv,2026-07-13T11:30:43Z
2026-06-17,2026-06-17,Arike Ogunbowale,arike ogunbowale,arike ogunbowale,DAL,GSV,30.55,28.0,2.5500000000000007,2.5500000000000007,6.502500000000004,/home/ubuntu/EdgeRanked/sports/wnba/outputs/archive/projections/wnba_projections_20260617.csv,2026-07-13T11:30:43Z
2026-06-17,2026-06-17,Awa Fam,awa fam,awa fam,SEA,POR,26.23,29.0,-2.7699999999999996,2.7699999999999996,7.672899999999998,/home/ubuntu/EdgeRanked/sports/wnba/outputs/archive/projections/wnba_projections_20260617.csv,2026-07-13T11:30:43Z
2026-06-17,2026-06-17,Awak Kuier,awak kuier,awak kuier,DAL,GSV,19.7,24.0,-4.300000000000001,4.300000000000001,18.490000000000006,/home/ubuntu/EdgeRanked/sports/wnba/outputs/archive/projections/wnba_projections_20260617.csv,2026-07-13T11:30:43Z
2026-06-17,2026-06-17,Aziaha James,aziaha james,aziaha james,DAL,GSV,21.35,6.0,15.350000000000001,15.350000000000001,235.62250000000003,/home/ubuntu/EdgeRanked/sports/wnba/outputs/archive/projections/wnba_projections_20260617.csv,2026-07-13T11:30:43Z
2026-06-17,2026-06-17,Azura Stevens,azura stevens,azura stevens,CHI,NYL,23.04,20.0,3.039999999999999,3.039999999999999,9.241599999999995,/home/ubuntu/EdgeRanked/sports/wnba/outputs/archive/projections/wnba_projections_20260617.csv,2026-07-13T11:30:43Z
2026-06-17,2026-06-17,Azzi Fudd,azzi fudd,azzi fudd,DAL,GSV,28.79,37.0,-8.21,8.21,67.40410000000001,/home/ubuntu/EdgeRanked/sports/wnba/outputs/archive/projections/wnba_projections_20260617.csv,2026-07-13T11:30:43Z
2026-06-17,2026-06-17,Breanna Stewart,breanna stewart,breanna stewart,NYL,CHI,31.75,35.0,-3.25,3.25,10.5625,/home/ubuntu/EdgeRanked/sports/wnba/outputs/archive/projections/wnba_projections_20260617.csv,2026-07-13T11:30:43Z
2026-06-17,2026-06-17,Brianna Turner,brianna turner,brianna turner,LVA,PHX,8.0,8.0,0.0,0.0,0.0,/home/ubuntu/EdgeRanked/sports/wnba/outputs/archive/projections/wnba_projections_20260617.csv,2026-07-13T11:30:43Z
2026-06-17,2026-06-17,Bridget Carleton,bridget carleton,bridget carleton,POR,SEA,29.3,29.0,0.3000000000000007,0.3000000000000007,0.09000000000000043,/home/ubuntu/EdgeRanked/sports/wnba/outputs/archive/projections/wnba_projections_20260617.csv,2026-07-13T11:30:43Z
2026-06-17,2026-06-17,Brittney Griner,brittney griner,brittney griner,CON,WAS,27.34,23.0,4.34,4.34,18.8356,/home/ubuntu/EdgeRanked/sports/wnba/outputs/archive/projections/wnba_projections_20260617.csv,2026-07-13T11:30:43Z
2026-06-17,2026-06-17,Carla Leite,carla leite,carla leite,POR,SEA,25.86,29.0,-3.1400000000000006,3.1400000000000006,9.859600000000004,/home/ubuntu/EdgeRanked/sports/wnba/outputs/archive/projections/wnba_projections_20260617.csv,2026-07-13T11:30:43Z
2026-06-17,2026-06-17,Cassandre Prosper,cassandre prosper,cassandre prosper,WAS,CON,14.27,10.0,4.27,4.27,18.232899999999997,/home/ubuntu/EdgeRanked/sports/wnba/outputs/archive/projections/wnba_projections_20260617.csv,2026-07-13T11:30:43Z
2026-06-17,2026-06-17,Cecilia Zandalasini,cecilia zandalasini,cecilia zandalasini,GSV,DAL,18.29,9.0,9.29,9.29,86.30409999999999,/home/ubuntu/EdgeRanked/sports/wnba/outputs/archive/projections/wnba_projections_20260617.csv,2026-07-13T11:30:43Z
2026-06-17,2026-06-17,Chance Gray,chance gray,chance gray,LAS,MIN,11.54,13.0,-1.4600000000000009,1.4600000000000009,2.1316000000000024,/home/ubuntu/EdgeRanked/sports/wnba/outputs/archive/projections/wnba_projections_20260617.csv,2026-07-13T11:30:43Z
2026-06-17,2026-06-17,Charlisse Leger-Walker,charlisse leger-walker,charlisse leger-walker,CON,WAS,14.85,19.0,-4.15,4.15,17.222500000000004,/home/ubuntu/EdgeRanked/sports/wnba/outputs/archive/projections/wnba_projections_20260617.csv,2026-07-13T11:30:43Z
2026-06-17,2026-06-17,Chelsea Gray,chelsea gray,chelsea gray,LVA,PHX,33.23,35.0,-1.7700000000000031,1.7700000000000031,3.132900000000011,/home/ubuntu/EdgeRanked/sports/wnba/outputs/archive/projections/wnba_projections_20260617.csv,2026-07-13T11:30:43Z
2026-06-17,2026-06-17,Cheyenne Parker-Tyus,cheyenne parker-tyus,cheyenne parker-tyus,LVA,PHX,12.04,4.0,8.04,8.04,64.64159999999998,/home/ubuntu/EdgeRanked/sports/wnba/outputs/archive/projections/wnba_projections_20260617.csv,2026-07-13T11:30:43Z
2026-06-17,2026-06-17,Cotie McMahon,cotie mcmahon,cotie mcmahon,WAS,CON,21.21,21.0,0.21000000000000085,0.21000000000000085,0.04410000000000036,/home/ubuntu/EdgeRanked/sports/wnba/outputs/archive/projections/wnba_projections_20260617.csv,2026-07-13T11:30:43Z
2026-06-17,2026-06-17,Courtney Williams,courtney williams,courtney williams,MIN,LAS,30.28,26.0,4.280000000000001,4.280000000000001,18.31840000000001,/home/ubuntu/EdgeRanked/sports/wnba/outputs/archive/projections/wnba_projections_20260617.csv,2026-07-13T11:30:43Z
2026-06-17,2026-06-17,Dearica Hamby,dearica hamby,dearica hamby,LAS,MIN,27.48,25.0,2.4800000000000004,2.4800000000000004,6.150400000000002,/home/ubuntu/EdgeRanked/sports/wnba/outputs/archive/projections/wnba_projections_20260617.csv,2026-07-13T11:30:43Z
2026-06-17,2026-06-17,DeWanna Bonner,dewanna bonner,dewanna bonner,PHX,LVA,26.14,20.0,6.140000000000001,6.140000000000001,37.699600000000004,/home/ubuntu/EdgeRanked/sports/wnba/outputs/archive/projections/wnba_projections_20260617.csv,2026-07-13T11:30:43Z
2026-06-17,2026-06-17,Diamond Miller,diamond miller,diamond miller,CON,WAS,22.46,12.0,10.46,10.46,109.41160000000002,/home/ubuntu/EdgeRanked/sports/wnba/outputs/archive/projections/wnba_projections_20260617.csv,2026-07-13T11:30:43Z
2026-06-17,2026-06-17,Dominique Malonga,dominique malonga,dominique malonga,SEA,POR,25.3,35.0,-9.7,9.7,94.08999999999999,/home/ubuntu/EdgeRanked/sports/wnba/outputs/archive/projections/wnba_projections_20260617.csv,2026-07-13T11:30:43Z
2026-06-17,2026-06-17,Eliska Hamzova,eliska hamzova,eliska hamzova,MIN,LAS,9.05,11.0,-1.9499999999999993,1.9499999999999993,3.802499999999997,/home/ubuntu/EdgeRanked/sports/wnba/outputs/archive/projections/wnba_projections_20260617.csv,2026-07-13T11:30:43Z
2026-06-17,2026-06-17,Elizabeth Williams,elizabeth williams,elizabeth williams,CHI,NYL,19.43,16.0,3.4299999999999997,3.4299999999999997,11.764899999999997,/home/ubuntu/EdgeRanked/sports/wnba/outputs/archive/projections/wnba_projections_20260617.csv,2026-07-13T11:30:43Z
2026-06-17,2026-06-17,Emily Engstler,emily engstler,emily engstler,POR,SEA,23.36,27.0,-3.6400000000000006,3.6400000000000006,13.249600000000004,/home/ubuntu/EdgeRanked/sports/wnba/outputs/archive/projections/wnba_projections_20260617.csv,2026-07-13T11:30:43Z
2026-06-17,2026-06-17,Emma Cannon,emma cannon,emma cannon,LAS,MIN,8.0,4.0,4.0,4.0,16.0,/home/ubuntu/EdgeRanked/sports/wnba/outputs/archive/projections/wnba_projections_20260617.csv,2026-07-13T11:30:43Z
2026-06-17,2026-06-17,Erica Wheeler,erica wheeler,erica wheeler,LAS,MIN,26.89,25.0,1.8900000000000006,1.8900000000000006,3.572100000000002,/home/ubuntu/EdgeRanked/sports/wnba/outputs/archive/projections/wnba_projections_20260617.csv,2026-07-13T11:30:43Z
2026-06-17,2026-06-17,Flau'jae Johnson,flau'jae johnson,flau'jae johnson,SEA,POR,25.37,22.0,3.370000000000001,3.370000000000001,11.356900000000007,/home/ubuntu/EdgeRanked/sports/wnba/outputs/archive/projections/wnba_projections_20260617.csv,2026-07-13T11:30:43Z
2026-06-17,2026-06-17,Frieda Buhner,frieda buhner,frieda buhner,POR,SEA,13.26,13.0,0.2599999999999998,0.2599999999999998,0.06759999999999988,/home/ubuntu/EdgeRanked/sports/wnba/outputs/archive/projections/wnba_projections_20260617.csv,2026-07-13T11:30:43Z
2026-06-17,2026-06-17,Gabby Williams,gabby williams,gabby williams,GSV,DAL,28.19,29.0,-0.8099999999999987,0.8099999999999987,0.6560999999999979,/home/ubuntu/EdgeRanked/sports/wnba/outputs/archive/projections/wnba_projections_20260617.csv,2026-07-13T11:30:43Z
2026-06-17,2026-06-17,Gabriela Jaquez,gabriela jaquez,gabriela jaquez,CHI,NYL,25.2,29.0,-3.8000000000000007,3.8000000000000007,14.440000000000005,/home/ubuntu/EdgeRanked/sports/wnba/outputs/archive/projections/wnba_projections_20260617.csv,2026-07-13T11:30:43Z
2026-06-17,2026-06-17,Georgia Amoore,georgia amoore,georgia amoore,WAS,CON,23.92,19.0,4.920000000000002,4.920000000000002,24.206400000000016,/home/ubuntu/EdgeRanked/sports/wnba/outputs/archive/projections/wnba_projections_20260617.csv,2026-07-13T11:30:43Z
2026-06-17,2026-06-17,Gianna Kneepkens,gianna kneepkens,gianna kneepkens,CON,WAS,10.36,5.0,5.359999999999999,5.359999999999999,28.729599999999994,/home/ubuntu/EdgeRanked/sports/wnba/outputs/archive/projections/wnba_projections_20260617.csv,2026-07-13T11:30:43Z
2026-06-17,2026-06-17,Han Xu,han xu,han xu,NYL,CHI,13.24,11.0,2.24,2.24,5.017600000000001,/home/ubuntu/EdgeRanked/sports/wnba/outputs/archive/projections/wnba_projections_20260617.csv,2026-07-13T11:30:43Z
2026-06-17,2026-06-17,Jackie Young,jackie young,jackie young,LVA,PHX,31.83,38.0,-6.170000000000002,6.170000000000002,38.06890000000002,/home/ubuntu/EdgeRanked/sports/wnba/outputs/archive/projections/wnba_projections_20260617.csv,2026-07-13T11:30:43Z
2026-06-17,2026-06-17,Jacy Sheldon,jacy sheldon,jacy sheldon,CHI,NYL,24.18,10.0,14.18,14.18,201.0724,/home/ubuntu/EdgeRanked/sports/wnba/outputs/archive/projections/wnba_projections_20260617.csv,2026-07-13T11:30:43Z
2026-06-17,2026-06-17,Jade Melbourne,jade melbourne,jade melbourne,SEA,POR,19.23,30.0,-10.77,10.77,115.99289999999999,/home/ubuntu/EdgeRanked/sports/wnba/outputs/archive/projections/wnba_projections_20260617.csv,2026-07-13T11:30:43Z
2026-06-17,2026-06-17,Janelle Salaun,janelle salaun,janelle salaun,GSV,DAL,26.75,20.0,6.75,6.75,45.5625,/home/ubuntu/EdgeRanked/sports/wnba/outputs/archive/projections/wnba_projections_20260617.csv,2026-07-13T11:30:43Z
2026-06-17,2026-06-17,Jessica Shepard,jessica shepard,jessica shepard,DAL,GSV,30.32,33.0,-2.6799999999999997,2.6799999999999997,7.182399999999999,/home/ubuntu/EdgeRanked/sports/wnba/outputs/archive/projections/wnba_projections_20260617.csv,2026-07-13T11:30:43Z
2026-06-17,2026-06-17,Jewell Loyd,jewell loyd,jewell loyd,LVA,PHX,25.36,24.0,1.3599999999999994,1.3599999999999994,1.8495999999999984,/home/ubuntu/EdgeRanked/sports/wnba/outputs/archive/projections/wnba_projections_20260617.csv,2026-07-13T11:30:43Z
2026-06-17,2026-06-17,Jihyun Park,jihyun park,jihyun park,LAS,MIN,9.19,22.0,-12.81,12.81,164.0961,/home/ubuntu/EdgeRanked/sports/wnba/outputs/archive/projections/wnba_projections_20260617.csv,2026-07-13T11:30:43Z
2026-06-17,2026-06-17,Jonquel Jones,jonquel jones,jonquel jones,NYL,CHI,29.76,28.0,1.7600000000000016,1.7600000000000016,3.0976000000000057,/home/ubuntu/EdgeRanked/sports/wnba/outputs/archive/projections/wnba_projections_20260617.csv,2026-07-13T11:30:43Z
2026-06-17,2026-06-17,Jovana Nogic,jovana nogic,jovana nogic,PHX,LVA,18.59,21.0,-2.41,2.41,5.8081000000000005,/home/ubuntu/EdgeRanked/sports/wnba/outputs/archive/projections/wnba_projections_20260617.csv,2026-07-13T11:30:43Z
2026-06-17,2026-06-17,Kahleah Copper,kahleah copper,kahleah copper,PHX,LVA,29.11,30.0,-0.8900000000000006,0.8900000000000006,0.792100000000001,/home/ubuntu/EdgeRanked/sports/wnba/outputs/archive/projections/wnba_projections_20260617.csv,2026-07-13T11:30:43Z
2026-06-17,2026-06-17,Kaila Charles,kaila charles,kaila charles,GSV,DAL,17.24,22.0,-4.760000000000002,4.760000000000002,22.657600000000016,/home/ubuntu/EdgeRanked/sports/wnba/outputs/archive/projections/wnba_projections_20260617.csv,2026-07-13T11:30:43Z
2026-06-17,2026-06-17,Kaitlyn Chen,kaitlyn chen,kaitlyn chen,GSV,DAL,10.04,25.0,-14.96,14.96,223.80160000000004,/home/ubuntu/EdgeRanked/sports/wnba/outputs/archive/projections/wnba_projections_20260617.csv,2026-07-13T11:30:43Z
2026-06-17,2026-06-17,Kamilla Cardoso,kamilla cardoso,kamilla cardoso,CHI,NYL,27.93,24.0,3.9299999999999997,3.9299999999999997,15.444899999999997,/home/ubuntu/EdgeRanked/sports/wnba/outputs/archive/projections/wnba_projections_20260617.csv,2026-07-13T11:30:43Z
2026-06-17,2026-06-17,Karlie Samuelson,karlie samuelson,karlie samuelson,POR,SEA,14.43,17.0,-2.5700000000000003,2.5700000000000003,6.6049000000000015,/home/ubuntu/EdgeRanked/sports/wnba/outputs/archive/projections/wnba_projections_20260617.csv,2026-07-13T11:30:43Z
2026-06-17,2026-06-17,Kate Martin,kate martin,kate martin,LAS,MIN,8.57,7.0,1.5700000000000003,1.5700000000000003,2.464900000000001,/home/ubuntu/EdgeRanked/sports/wnba/outputs/archive/projections/wnba_projections_20260617.csv,2026-07-13T11:30:43Z
2026-06-17,2026-06-17,Katie Lou Samuelson,katie lou samuelson,katie lou samuelson,SEA,POR,14.74,11.0,3.74,3.74,13.987600000000002,/home/ubuntu/EdgeRanked/sports/wnba/outputs/archive/projections/wnba_projections_20260617.csv,2026-07-13T11:30:43Z
2026-06-17,2026-06-17,Kayla McBride,kayla mcbride,kayla mcbride,MIN,LAS,30.45,25.0,5.449999999999999,5.449999999999999,29.702499999999993,/home/ubuntu/EdgeRanked/sports/wnba/outputs/archive/projections/wnba_projections_20260617.csv,2026-07-13T11:30:43Z
2026-06-17,2026-06-17,Kayla Thornton,kayla thornton,kayla thornton,GSV,DAL,26.43,29.0,-2.5700000000000003,2.5700000000000003,6.6049000000000015,/home/ubuntu/EdgeRanked/sports/wnba/outputs/archive/projections/wnba_projections_20260617.csv,2026-07-13T11:30:43Z
2026-06-17,2026-06-17,Kennedy Burke,kennedy burke,kennedy burke,CON,WAS,22.8,22.0,0.8000000000000007,0.8000000000000007,0.6400000000000011,/home/ubuntu/EdgeRanked/sports/wnba/outputs/archive/projections/wnba_projections_20260617.csv,2026-07-13T11:30:43Z
2026-06-17,2026-06-17,Kiah Stokes,kiah stokes,kiah stokes,GSV,DAL,19.61,21.0,-1.3900000000000006,1.3900000000000006,1.9321000000000015,/home/ubuntu/EdgeRanked/sports/wnba/outputs/archive/projections/wnba_projections_20260617.csv,2026-07-13T11:30:43Z
2026-06-17,2026-06-17,Kierstan Bell,kierstan bell,kierstan bell,LVA,PHX,11.48,5.0,6.48,6.48,41.99040000000001,/home/ubuntu/EdgeRanked/sports/wnba/outputs/archive/projections/wnba_projections_20260617.csv,2026-07-13T11:30:43Z
2026-06-17,2026-06-17,Kyara Linskens,kyara linskens,kyara linskens,PHX,LVA,10.75,5.0,5.75,5.75,33.0625,/home/ubuntu/EdgeRanked/sports/wnba/outputs/archive/projections/wnba_projections_20260617.csv,2026-07-13T11:30:43Z
2026-06-17,2026-06-17,Laeticia Amihere,laeticia amihere,laeticia amihere,GSV,DAL,12.64,3.0,9.64,9.64,92.92960000000001,/home/ubuntu/EdgeRanked/sports/wnba/outputs/archive/projections/wnba_projections_20260617.csv,2026-07-13T11:30:43Z
2026-06-17,2026-06-17,Lauren Betts,lauren betts,lauren betts,WAS,CON,16.76,32.0,-15.239999999999998,15.239999999999998,232.25759999999994,/home/ubuntu/EdgeRanked/sports/wnba/outputs/archive/projections/wnba_projections_20260617.csv,2026-07-13T11:30:43Z
2026-06-17,2026-06-17,Leila Lacan,leila lacan,leila lacan,CON,WAS,27.74,28.0,-0.26000000000000156,0.26000000000000156,0.06760000000000081,/home/ubuntu/EdgeRanked/sports/wnba/outputs/archive/projections/wnba_projections_20260617.csv,2026-07-13T11:30:43Z
2026-06-17,2026-06-17,Leonie Fiebich,leonie fiebich,leonie fiebich,NYL,CHI,26.97,24.0,2.969999999999999,2.969999999999999,8.820899999999993,/home/ubuntu/EdgeRanked/sports/wnba/outputs/archive/projections/wnba_projections_20260617.csv,2026-07-13T11:30:43Z
2026-06-17,2026-06-17,Lexi Held,lexi held,lexi held,PHX,LVA,16.46,15.0,1.4600000000000009,1.4600000000000009,2.1316000000000024,/home/ubuntu/EdgeRanked/sports/wnba/outputs/archive/projections/wnba_projections_20260617.csv,2026-07-13T11:30:43Z
2026-06-17,2026-06-17,Lucy Olsen,lucy olsen,lucy olsen,WAS,CON,13.71,20.0,-6.289999999999999,6.289999999999999,39.56409999999999,/home/ubuntu/EdgeRanked/sports/wnba/outputs/archive/projections/wnba_projections_20260617.csv,2026-07-13T11:30:43Z
2026-06-17,2026-06-17,Mackenzie Holmes,mackenzie holmes,mackenzie holmes,SEA,POR,11.41,4.0,7.41,7.41,54.908100000000005,/home/ubuntu/EdgeRanked/sports/wnba/outputs/archive/projections/wnba_projections_20260617.csv,2026-07-13T11:30:43Z
2026-06-17,2026-06-17,Maddy Siegrist,maddy siegrist,maddy siegrist,DAL,GSV,17.5,7.0,10.5,10.5,110.25,/home/ubuntu/EdgeRanked/sports/wnba/outputs/archive/projections/wnba_projections_20260617.csv,2026-07-13T11:30:43Z
2026-06-17,2026-06-17,Marine Johannes,marine johannes,marine johannes,NYL,CHI,25.23,17.0,8.23,8.23,67.7329,/home/ubuntu/EdgeRanked/sports/wnba/outputs/archive/projections/wnba_projections_20260617.csv,2026-07-13T11:30:43Z
2026-06-17,2026-06-17,Maya Caldwell,maya caldwell,maya caldwell,MIN,LAS,13.21,25.0,-11.79,11.79,139.0041,/home/ubuntu/EdgeRanked/sports/wnba/outputs/archive/projections/wnba_projections_20260617.csv,2026-07-13T11:30:43Z
2026-06-17,2026-06-17,Megan Gustafson,megan gustafson,megan gustafson,POR,SEA,22.36,28.0,-5.640000000000001,5.640000000000001,31.809600000000007,/home/ubuntu/EdgeRanked/sports/wnba/outputs/archive/projections/wnba_projections_20260617.csv,2026-07-13T11:30:43Z
2026-06-17,2026-06-17,Michaela Onyenwere,michaela onyenwere,michaela onyenwere,WAS,CON,25.77,32.0,-6.23,6.23,38.812900000000006,/home/ubuntu/EdgeRanked/sports/wnba/outputs/archive/projections/wnba_projections_20260617.csv,2026-07-13T11:30:43Z
2026-06-17,2026-06-17,Monique Akoa Makani,monique akoa makani,monique akoa makani,PHX,LVA,27.14,20.0,7.140000000000001,7.140000000000001,50.979600000000005,/home/ubuntu/EdgeRanked/sports/wnba/outputs/archive/projections/wnba_projections_20260617.csv,2026-07-13T11:30:43Z
2026-06-17,2026-06-17,NaLyssa Smith,nalyssa smith,nalyssa smith,LVA,PHX,23.35,31.0,-7.649999999999999,7.649999999999999,58.52249999999998,/home/ubuntu/EdgeRanked/sports/wnba/outputs/archive/projections/wnba_projections_20260617.csv,2026-07-13T11:30:43Z
2026-06-17,2026-06-17,Natasha Cloud,natasha cloud,natasha cloud,CHI,NYL,27.91,28.0,-0.08999999999999986,0.08999999999999986,0.008099999999999975,/home/ubuntu/EdgeRanked/sports/wnba/outputs/archive/projections/wnba_projections_20260617.csv,2026-07-13T11:30:43Z
2026-06-17,2026-06-17,Natasha Howard,natasha howard,natasha howard,MIN,LAS,29.58,29.0,0.5799999999999983,0.5799999999999983,0.33639999999999803,/home/ubuntu/EdgeRanked/sports/wnba/outputs/archive/projections/wnba_projections_20260617.csv,2026-07-13T11:30:43Z
2026-06-17,2026-06-17,Natasha Mack,natasha mack,natasha mack,PHX,LVA,22.97,23.0,-0.030000000000001137,0.030000000000001137,0.0009000000000000682,/home/ubuntu/EdgeRanked/sports/wnba/outputs/archive/projections/wnba_projections_20260617.csv,2026-07-13T11:30:43Z
2026-06-17,2026-06-17,Natisha Hiedeman,natisha hiedeman,natisha hiedeman,SEA,POR,25.93,33.0,-7.07,7.07,49.9849,/home/ubuntu/EdgeRanked/sports/wnba/outputs/archive/projections/wnba_projections_20260617.csv,2026-07-13T11:30:43Z
2026-06-17,2026-06-17,Nell Angloma,nell angloma,nell angloma,CON,WAS,14.21,14.0,0.21000000000000085,0.21000000000000085,0.04410000000000036,/home/ubuntu/EdgeRanked/sports/wnba/outputs/archive/projections/wnba_projections_20260617.csv,2026-07-13T11:30:43Z
2026-06-17,2026-06-17,Nia Coffey,nia coffey,nia coffey,MIN,LAS,25.09,29.0,-3.91,3.91,15.288100000000002,/home/ubuntu/EdgeRanked/sports/wnba/outputs/archive/projections/wnba_projections_20260617.csv,2026-07-13T11:30:43Z
2026-06-17,2026-06-17,Nneka Ogwumike,nneka ogwumike,nneka ogwumike,LAS,MIN,31.86,30.0,1.8599999999999994,1.8599999999999994,3.459599999999998,/home/ubuntu/EdgeRanked/sports/wnba/outputs/archive/projections/wnba_projections_20260617.csv,2026-07-13T11:30:43Z
2026-06-17,2026-06-17,Noemie Brochant,noemie brochant,noemie brochant,PHX,LVA,22.34,19.0,3.34,3.34,11.1556,/home/ubuntu/EdgeRanked/sports/wnba/outputs/archive/projections/wnba_projections_20260617.csv,2026-07-13T11:30:43Z
2026-06-17,2026-06-17,Nyadiew Puoch,nyadiew puoch,nyadiew puoch,POR,SEA,13.75,11.0,2.75,2.75,7.5625,/home/ubuntu/EdgeRanked/sports/wnba/outputs/archive/projections/wnba_projections_20260617.csv,2026-07-13T11:30:43Z
2026-06-17,2026-06-17,Olivia Miles,olivia miles,olivia miles,MIN,LAS,32.16,26.0,6.159999999999997,6.159999999999997,37.945599999999956,/home/ubuntu/EdgeRanked/sports/wnba/outputs/archive/projections/wnba_projections_20260617.csv,2026-07-13T11:30:43Z
2026-06-17,2026-06-17,Olivia Nelson-Ododa,olivia nelson-ododa,olivia nelson-ododa,CON,WAS,22.19,10.0,12.190000000000001,12.190000000000001,148.59610000000004,/home/ubuntu/EdgeRanked/sports/wnba/outputs/archive/projections/wnba_projections_20260617.csv,2026-07-13T11:30:43Z
2026-06-17,2026-06-17,Paige Bueckers,paige bueckers,paige bueckers,DAL,GSV,32.05,36.0,-3.950000000000003,3.950000000000003,15.602500000000022,/home/ubuntu/EdgeRanked/sports/wnba/outputs/archive/projections/wnba_projections_20260617.csv,2026-07-13T11:30:43Z
2026-06-17,2026-06-17,Pauline Astier,pauline astier,pauline astier,NYL,CHI,25.38,23.0,2.379999999999999,2.379999999999999,5.664399999999995,/home/ubuntu/EdgeRanked/sports/wnba/outputs/archive/projections/wnba_projections_20260617.csv,2026-07-13T11:30:43Z
2026-06-17,2026-06-17,Rachel Banham,rachel banham,rachel banham,CHI,NYL,16.99,4.0,12.989999999999998,12.989999999999998,168.74009999999996,/home/ubuntu/EdgeRanked/sports/wnba/outputs/archive/projections/wnba_projections_20260617.csv,2026-07-13T11:30:43Z
2026-06-17,2026-06-17,Rae Burrell,rae burrell,rae burrell,LAS,MIN,25.94,26.0,-0.05999999999999872,0.05999999999999872,0.0035999999999998464,/home/ubuntu/EdgeRanked/sports/wnba/outputs/archive/projections/wnba_projections_20260617.csv,2026-07-13T11:30:43Z
2026-06-17,2026-06-17,Raegan Beers,raegan beers,raegan beers,CON,WAS,11.24,7.0,4.24,4.24,17.977600000000002,/home/ubuntu/EdgeRanked/sports/wnba/outputs/archive/projections/wnba_projections_20260617.csv,2026-07-13T11:30:43Z
2026-06-17,2026-06-17,Rebekah Gardner,rebekah gardner,rebekah gardner,NYL,CHI,15.45,15.0,0.4499999999999993,0.4499999999999993,0.20249999999999935,/home/ubuntu/EdgeRanked/sports/wnba/outputs/archive/projections/wnba_projections_20260617.csv,2026-07-13T11:30:43Z
2026-06-17,2026-06-17,Sabrina Ionescu,sabrina ionescu,sabrina ionescu,NYL,CHI,32.73,28.0,4.729999999999997,4.729999999999997,22.37289999999997,/home/ubuntu/EdgeRanked/sports/wnba/outputs/archive/projections/wnba_projections_20260617.csv,2026-07-13T11:30:43Z
2026-06-17,2026-06-17,Sania Feagin,sania feagin,sania feagin,LAS,MIN,8.0,6.0,2.0,2.0,4.0,/home/ubuntu/EdgeRanked/sports/wnba/outputs/archive/projections/wnba_projections_20260617.csv,2026-07-13T11:30:43Z
2026-06-17,2026-06-17,Saniya Rivers,saniya rivers,saniya rivers,CON,WAS,26.22,21.0,5.219999999999999,5.219999999999999,27.24839999999999,/home/ubuntu/EdgeRanked/sports/wnba/outputs/archive/projections/wnba_projections_20260617.csv,2026-07-13T11:30:43Z
2026-06-17,2026-06-17,Sarah Ashlee Barker,sarah ashlee barker,sarah ashlee barker,POR,SEA,24.73,24.0,0.7300000000000004,0.7300000000000004,0.5329000000000006,/home/ubuntu/EdgeRanked/sports/wnba/outputs/archive/projections/wnba_projections_20260617.csv,2026-07-13T11:30:43Z
2026-06-17,2026-06-17,Satou Sabally,satou sabally,satou sabally,NYL,CHI,21.04,19.0,2.039999999999999,2.039999999999999,4.161599999999996,/home/ubuntu/EdgeRanked/sports/wnba/outputs/archive/projections/wnba_projections_20260617.csv,2026-07-13T11:30:43Z
2026-06-17,2026-06-17,Serah Williams,serah williams,serah williams,POR,SEA,10.28,12.0,-1.7200000000000006,1.7200000000000006,2.9584000000000024,/home/ubuntu/EdgeRanked/sports/wnba/outputs/archive/projections/wnba_projections_20260617.csv,2026-07-13T11:30:43Z
2026-06-17,2026-06-17,Skylar Diggins,skylar diggins,skylar diggins,CHI,NYL,29.89,31.0,-1.1099999999999994,1.1099999999999994,1.2320999999999986,/home/ubuntu/EdgeRanked/sports/wnba/outputs/archive/projections/wnba_projections_20260617.csv,2026-07-13T11:30:43Z
2026-06-17,2026-06-17,Sonia Citron,sonia citron,sonia citron,WAS,CON,31.7,38.0,-6.300000000000001,6.300000000000001,39.69000000000001,/home/ubuntu/EdgeRanked/sports/wnba/outputs/archive/projections/wnba_projections_20260617.csv,2026-07-13T11:30:43Z
2026-06-17,2026-06-17,Stefanie Dolson,stefanie dolson,stefanie dolson,SEA,POR,17.6,9.0,8.600000000000001,8.600000000000001,73.96000000000002,/home/ubuntu/EdgeRanked/sports/wnba/outputs/archive/projections/wnba_projections_20260617.csv,2026-07-13T11:30:43Z
2026-06-17,2026-06-17,Stephanie Talbot,stephanie talbot,stephanie talbot,LVA,PHX,18.75,20.0,-1.25,1.25,1.5625,/home/ubuntu/EdgeRanked/sports/wnba/outputs/archive/projections/wnba_projections_20260617.csv,2026-07-13T11:30:43Z
2026-06-17,2026-06-17,Sug Sutton,sug sutton,sug sutton,DAL,GSV,23.63,13.0,10.629999999999999,10.629999999999999,112.99689999999998,/home/ubuntu/EdgeRanked/sports/wnba/outputs/archive/projections/wnba_projections_20260617.csv,2026-07-13T11:30:43Z
2026-06-17,2026-06-17,Sydney Taylor,sydney taylor,sydney taylor,CHI,NYL,13.4,28.0,-14.6,14.6,213.16,/home/ubuntu/EdgeRanked/sports/wnba/outputs/archive/projections/wnba_projections_20260617.csv,2026-07-13T11:30:43Z
2026-06-17,2026-06-17,Ta'Niya Latson,ta'niya latson,ta'niya latson,LAS,MIN,11.08,12.0,-0.9199999999999999,0.9199999999999999,0.8463999999999998,/home/ubuntu/EdgeRanked/sports/wnba/outputs/archive/projections/wnba_projections_20260617.csv,2026-07-13T11:30:43Z
2026-06-17,2026-06-17,Taylor Thierry,taylor thierry,taylor thierry,SEA,POR,8.51,3.0,5.51,5.51,30.3601,/home/ubuntu/EdgeRanked/sports/wnba/outputs/archive/projections/wnba_projections_20260617.csv,2026-07-13T11:30:43Z
2026-06-17,2026-06-17,Teaira McCowan,teaira mccowan,teaira mccowan,MIN,LAS,8.0,5.0,3.0,3.0,9.0,/home/ubuntu/EdgeRanked/sports/wnba/outputs/archive/projections/wnba_projections_20260617.csv,2026-07-13T11:30:43Z
2026-06-17,2026-06-17,Teja Oblak,teja oblak,teja oblak,POR,SEA,14.95,11.0,3.9499999999999993,3.9499999999999993,15.602499999999994,/home/ubuntu/EdgeRanked/sports/wnba/outputs/archive/projections/wnba_projections_20260617.csv,2026-07-13T11:30:43Z
2026-06-17,2026-06-17,Tiffany Hayes,tiffany hayes,tiffany hayes,GSV,DAL,17.61,10.0,7.609999999999999,7.609999999999999,57.91209999999999,/home/ubuntu/EdgeRanked/sports/wnba/outputs/archive/projections/wnba_projections_20260617.csv,2026-07-13T11:30:43Z
2026-06-17,2026-06-17,Valeriane Ayayi,valeriane ayayi,valeriane ayayi,PHX,LVA,8.23,11.0,-2.7699999999999996,2.7699999999999996,7.672899999999998,/home/ubuntu/EdgeRanked/sports/wnba/outputs/archive/projections/wnba_projections_20260617.csv,2026-07-13T11:30:43Z
2026-06-17,2026-06-17,Veronica Burton,veronica burton,veronica burton,GSV,DAL,28.98,33.0,-4.02,4.02,16.160399999999996,/home/ubuntu/EdgeRanked/sports/wnba/outputs/archive/projections/wnba_projections_20260617.csv,2026-07-13T11:30:43Z
2026-06-17,2026-06-17,Zia Cooke,zia cooke,zia cooke,SEA,POR,13.57,23.0,-9.43,9.43,88.9249,/home/ubuntu/EdgeRanked/sports/wnba/outputs/archive/projections/wnba_projections_20260617.csv,2026-07-13T11:30:43Z
2026-06-18,2026-06-18,Aliyah Boston,aliyah boston,aliyah boston,IND,ATL,29.11,34.0,-4.890000000000001,4.890000000000001,23.912100000000006,/home/ubuntu/EdgeRanked/sports/wnba/outputs/archive/projections/wnba_projections_20260618.csv,2026-07-13T11:30:43Z
2026-06-18,2026-06-18,Allisha Gray,allisha gray,allisha gray,ATL,IND,31.47,34.0,-2.530000000000001,2.530000000000001,6.400900000000005,/home/ubuntu/EdgeRanked/sports/wnba/outputs/archive/projections/wnba_projections_20260618.csv,2026-07-13T11:30:43Z
2026-06-18,2026-06-18,Angel Reese,angel reese,angel reese,ATL,IND,31.47,29.0,2.469999999999999,2.469999999999999,6.100899999999994,/home/ubuntu/EdgeRanked/sports/wnba/outputs/archive/projections/wnba_projections_20260618.csv,2026-07-13T11:30:43Z
2026-06-18,2026-06-18,Caitlin Clark,caitlin clark,caitlin clark,IND,ATL,33.06,31.0,2.0600000000000023,2.0600000000000023,4.24360000000001,/home/ubuntu/EdgeRanked/sports/wnba/outputs/archive/projections/wnba_projections_20260618.csv,2026-07-13T11:30:43Z
2026-06-18,2026-06-18,Isobel Borlase,isobel borlase,isobel borlase,ATL,IND,14.04,13.0,1.0399999999999991,1.0399999999999991,1.0815999999999981,/home/ubuntu/EdgeRanked/sports/wnba/outputs/archive/projections/wnba_projections_20260618.csv,2026-07-13T11:30:43Z
2026-06-18,2026-06-18,Jordin Canada,jordin canada,jordin canada,ATL,IND,29.62,29.0,0.620000000000001,0.620000000000001,0.38440000000000124,/home/ubuntu/EdgeRanked/sports/wnba/outputs/archive/projections/wnba_projections_20260618.csv,2026-07-13T11:30:43Z
2026-06-18,2026-06-18,Kelsey Mitchell,kelsey mitchell,kelsey mitchell,IND,ATL,32.02,34.0,-1.9799999999999969,1.9799999999999969,3.9203999999999875,/home/ubuntu/EdgeRanked/sports/wnba/outputs/archive/projections/wnba_projections_20260618.csv,2026-07-13T11:30:43Z
2026-06-18,2026-06-18,Lexie Hull,lexie hull,lexie hull,IND,ATL,22.31,11.0,11.309999999999999,11.309999999999999,127.91609999999997,/home/ubuntu/EdgeRanked/sports/wnba/outputs/archive/projections/wnba_projections_20260618.csv,2026-07-13T11:30:43Z
2026-06-18,2026-06-18,Madina Okot,madina okot,madina okot,ATL,IND,9.93,5.0,4.93,4.93,24.304899999999996,/home/ubuntu/EdgeRanked/sports/wnba/outputs/archive/projections/wnba_projections_20260618.csv,2026-07-13T11:30:43Z
2026-06-18,2026-06-18,Makayla Timpson,makayla timpson,makayla timpson,IND,ATL,13.05,21.0,-7.949999999999999,7.949999999999999,63.202499999999986,/home/ubuntu/EdgeRanked/sports/wnba/outputs/archive/projections/wnba_projections_20260618.csv,2026-07-13T11:30:43Z
2026-06-18,2026-06-18,Monique Billings,monique billings,monique billings,IND,ATL,20.83,13.0,7.829999999999998,7.829999999999998,61.30889999999997,/home/ubuntu/EdgeRanked/sports/wnba/outputs/archive/projections/wnba_projections_20260618.csv,2026-07-13T11:30:43Z
2026-06-18,2026-06-18,Myisha Hines-Allen,myisha hines-allen,myisha hines-allen,IND,ATL,17.25,9.0,8.25,8.25,68.0625,/home/ubuntu/EdgeRanked/sports/wnba/outputs/archive/projections/wnba_projections_20260618.csv,2026-07-13T11:30:43Z
2026-06-18,2026-06-18,Naz Hillmon,naz hillmon,naz hillmon,ATL,IND,29.0,32.0,-3.0,3.0,9.0,/home/ubuntu/EdgeRanked/sports/wnba/outputs/archive/projections/wnba_projections_20260618.csv,2026-07-13T11:30:43Z
2026-06-18,2026-06-18,Raven Johnson,raven johnson,raven johnson,IND,ATL,11.38,3.0,8.38,8.38,70.22440000000002,/home/ubuntu/EdgeRanked/sports/wnba/outputs/archive/projections/wnba_projections_20260618.csv,2026-07-13T11:30:43Z
2026-06-18,2026-06-18,Rhyne Howard,rhyne howard,rhyne howard,ATL,IND,34.14,38.0,-3.8599999999999994,3.8599999999999994,14.899599999999996,/home/ubuntu/EdgeRanked/sports/wnba/outputs/archive/projections/wnba_projections_20260618.csv,2026-07-13T11:30:43Z
2026-06-18,2026-06-18,Sika Kone,sika kone,sika kone,ATL,IND,8.39,5.0,3.3900000000000006,3.3900000000000006,11.492100000000004,/home/ubuntu/EdgeRanked/sports/wnba/outputs/archive/projections/wnba_projections_20260618.csv,2026-07-13T11:30:43Z
2026-06-18,2026-06-18,Sophie Cunningham,sophie cunningham,sophie cunningham,IND,ATL,22.44,30.0,-7.559999999999999,7.559999999999999,57.15359999999998,/home/ubuntu/EdgeRanked/sports/wnba/outputs/archive/projections/wnba_projections_20260618.csv,2026-07-13T11:30:43Z
2026-06-18,2026-06-18,Te-Hina Paopao,te-hina paopao,te-hina paopao,ATL,IND,13.72,14.0,-0.27999999999999936,0.27999999999999936,0.07839999999999964,/home/ubuntu/EdgeRanked/sports/wnba/outputs/archive/projections/wnba_projections_20260618.csv,2026-07-13T11:30:43Z
2026-06-18,2026-06-18,Tyasha Harris,tyasha harris,tyasha harris,IND,ATL,12.87,14.0,-1.1300000000000008,1.1300000000000008,1.2769000000000017,/home/ubuntu/EdgeRanked/sports/wnba/outputs/archive/projections/wnba_projections_20260618.csv,2026-07-13T11:30:43Z
2026-06-19,2026-06-19,Aaliyah Edwards,aaliyah edwards,aaliyah edwards,CON,TOR,23.27,20.0,3.2699999999999996,3.2699999999999996,10.692899999999998,/home/ubuntu/EdgeRanked/sports/wnba/outputs/archive/projections/wnba_projections_20260619.csv,2026-07-13T11:30:43Z
2026-06-19,2026-06-19,Anastasiia Olairi Kosu,anastasiia olairi kosu,anastasiia olairi kosu,MIN,GSV,15.35,19.0,-3.6500000000000004,3.6500000000000004,13.322500000000003,/home/ubuntu/EdgeRanked/sports/wnba/outputs/archive/projections/wnba_projections_20260619.csv,2026-07-13T11:30:43Z
2026-06-19,2026-06-19,Aneesah Morrow,aneesah morrow,aneesah morrow,CON,TOR,24.41,20.0,4.41,4.41,19.4481,/home/ubuntu/EdgeRanked/sports/wnba/outputs/archive/projections/wnba_projections_20260619.csv,2026-07-13T11:30:43Z
2026-06-19,2026-06-19,Angela Dugalic,angela dugalic,angela dugalic,WAS,NYL,17.84,7.0,10.84,10.84,117.5056,/home/ubuntu/EdgeRanked/sports/wnba/outputs/archive/projections/wnba_projections_20260619.csv,2026-07-13T11:30:43Z
2026-06-19,2026-06-19,Antonia Delaere,antonia delaere,antonia delaere,MIN,GSV,18.1,7.0,11.100000000000001,11.100000000000001,123.21000000000004,/home/ubuntu/EdgeRanked/sports/wnba/outputs/archive/projections/wnba_projections_20260619.csv,2026-07-13T11:30:43Z
2026-06-19,2026-06-19,Breanna Stewart,breanna stewart,breanna stewart,NYL,WAS,30.42,32.0,-1.5799999999999983,1.5799999999999983,2.4963999999999946,/home/ubuntu/EdgeRanked/sports/wnba/outputs/archive/projections/wnba_projections_20260619.csv,2026-07-13T11:30:43Z
2026-06-19,2026-06-19,Brittney Griner,brittney griner,brittney griner,CON,TOR,25.15,24.0,1.1499999999999986,1.1499999999999986,1.3224999999999967,/home/ubuntu/EdgeRanked/sports/wnba/outputs/archive/projections/wnba_projections_20260619.csv,2026-07-13T11:30:43Z
2026-06-19,2026-06-19,Cassandre Prosper,cassandre prosper,cassandre prosper,WAS,NYL,11.36,5.0,6.359999999999999,6.359999999999999,40.44959999999999,/home/ubuntu/EdgeRanked/sports/wnba/outputs/archive/projections/wnba_projections_20260619.csv,2026-07-13T11:30:43Z
2026-06-19,2026-06-19,Cecilia Zandalasini,cecilia zandalasini,cecilia zandalasini,GSV,MIN,19.1,27.0,-7.899999999999999,7.899999999999999,62.409999999999975,/home/ubuntu/EdgeRanked/sports/wnba/outputs/archive/projections/wnba_projections_20260619.csv,2026-07-13T11:30:43Z
2026-06-19,2026-06-19,Charlisse Leger-Walker,charlisse leger-walker,charlisse leger-walker,CON,TOR,15.53,18.0,-2.4700000000000006,2.4700000000000006,6.100900000000003,/home/ubuntu/EdgeRanked/sports/wnba/outputs/archive/projections/wnba_projections_20260619.csv,2026-07-13T11:30:43Z
2026-06-19,2026-06-19,Cotie McMahon,cotie mcmahon,cotie mcmahon,WAS,NYL,21.32,13.0,8.32,8.32,69.22240000000001,/home/ubuntu/EdgeRanked/sports/wnba/outputs/archive/projections/wnba_projections_20260619.csv,2026-07-13T11:30:43Z
2026-06-19,2026-06-19,Courtney Williams,courtney williams,courtney williams,MIN,GSV,29.62,36.0,-6.379999999999999,6.379999999999999,40.704399999999985,/home/ubuntu/EdgeRanked/sports/wnba/outputs/archive/projections/wnba_projections_20260619.csv,2026-07-13T11:30:43Z
2026-06-19,2026-06-19,Diamond Miller,diamond miller,diamond miller,CON,TOR,20.48,21.0,-0.5199999999999996,0.5199999999999996,0.27039999999999953,/home/ubuntu/EdgeRanked/sports/wnba/outputs/archive/projections/wnba_projections_20260619.csv,2026-07-13T11:30:43Z
2026-06-19,2026-06-19,Gabby Williams,gabby williams,gabby williams,GSV,MIN,27.7,28.0,-0.3000000000000007,0.3000000000000007,0.09000000000000043,/home/ubuntu/EdgeRanked/sports/wnba/outputs/archive/projections/wnba_projections_20260619.csv,2026-07-13T11:30:43Z
2026-06-19,2026-06-19,Georgia Amoore,georgia amoore,georgia amoore,WAS,NYL,22.39,28.0,-5.609999999999999,5.609999999999999,31.472099999999994,/home/ubuntu/EdgeRanked/sports/wnba/outputs/archive/projections/wnba_projections_20260619.csv,2026-07-13T11:30:43Z
2026-06-19,2026-06-19,Han Xu,han xu,han xu,NYL,WAS,12.91,12.0,0.9100000000000001,0.9100000000000001,0.8281000000000003,/home/ubuntu/EdgeRanked/sports/wnba/outputs/archive/projections/wnba_projections_20260619.csv,2026-07-13T11:30:43Z
2026-06-19,2026-06-19,Isabelle Harrison,isabelle harrison,isabelle harrison,TOR,CON,24.21,30.0,-5.789999999999999,5.789999999999999,33.52409999999999,/home/ubuntu/EdgeRanked/sports/wnba/outputs/archive/projections/wnba_projections_20260619.csv,2026-07-13T11:30:43Z
2026-06-19,2026-06-19,Janelle Salaun,janelle salaun,janelle salaun,GSV,MIN,25.81,24.0,1.8099999999999987,1.8099999999999987,3.2760999999999956,/home/ubuntu/EdgeRanked/sports/wnba/outputs/archive/projections/wnba_projections_20260619.csv,2026-07-13T11:30:43Z
2026-06-19,2026-06-19,Jonquel Jones,jonquel jones,jonquel jones,NYL,WAS,29.62,33.0,-3.379999999999999,3.379999999999999,11.424399999999993,/home/ubuntu/EdgeRanked/sports/wnba/outputs/archive/projections/wnba_projections_20260619.csv,2026-07-13T11:30:43Z
2026-06-19,2026-06-19,Julie Allemand,julie allemand,julie allemand,TOR,CON,28.63,34.0,-5.370000000000001,5.370000000000001,28.83690000000001,/home/ubuntu/EdgeRanked/sports/wnba/outputs/archive/projections/wnba_projections_20260619.csv,2026-07-13T11:30:43Z
2026-06-19,2026-06-19,Kaila Charles,kaila charles,kaila charles,GSV,MIN,19.97,21.0,-1.0300000000000011,1.0300000000000011,1.0609000000000024,/home/ubuntu/EdgeRanked/sports/wnba/outputs/archive/projections/wnba_projections_20260619.csv,2026-07-13T11:30:43Z
2026-06-19,2026-06-19,Kaitlyn Chen,kaitlyn chen,kaitlyn chen,GSV,MIN,11.94,16.0,-4.0600000000000005,4.0600000000000005,16.483600000000003,/home/ubuntu/EdgeRanked/sports/wnba/outputs/archive/projections/wnba_projections_20260619.csv,2026-07-13T11:30:43Z
2026-06-19,2026-06-19,Kayla McBride,kayla mcbride,kayla mcbride,MIN,GSV,30.14,34.0,-3.8599999999999994,3.8599999999999994,14.899599999999996,/home/ubuntu/EdgeRanked/sports/wnba/outputs/archive/projections/wnba_projections_20260619.csv,2026-07-13T11:30:43Z
2026-06-19,2026-06-19,Kayla Thornton,kayla thornton,kayla thornton,GSV,MIN,24.85,23.0,1.8500000000000014,1.8500000000000014,3.422500000000005,/home/ubuntu/EdgeRanked/sports/wnba/outputs/archive/projections/wnba_projections_20260619.csv,2026-07-13T11:30:43Z
2026-06-19,2026-06-19,Kennedy Burke,kennedy burke,kennedy burke,CON,TOR,22.75,27.0,-4.25,4.25,18.0625,/home/ubuntu/EdgeRanked/sports/wnba/outputs/archive/projections/wnba_projections_20260619.csv,2026-07-13T11:30:43Z
2026-06-19,2026-06-19,Kia Nurse,kia nurse,kia nurse,TOR,CON,9.55,5.0,4.550000000000001,4.550000000000001,20.702500000000008,/home/ubuntu/EdgeRanked/sports/wnba/outputs/archive/projections/wnba_projections_20260619.csv,2026-07-13T11:30:43Z
2026-06-19,2026-06-19,Kiah Stokes,kiah stokes,kiah stokes,GSV,MIN,20.48,19.0,1.4800000000000004,1.4800000000000004,2.1904000000000012,/home/ubuntu/EdgeRanked/sports/wnba/outputs/archive/projections/wnba_projections_20260619.csv,2026-07-13T11:30:43Z
2026-06-19,2026-06-19,Kiki Iriafen,kiki iriafen,kiki iriafen,WAS,NYL,23.7,28.0,-4.300000000000001,4.300000000000001,18.490000000000006,/home/ubuntu/EdgeRanked/sports/wnba/outputs/archive/projections/wnba_projections_20260619.csv,2026-07-13T11:30:43Z
2026-06-19,2026-06-19,Laeticia Amihere,laeticia amihere,laeticia amihere,GSV,MIN,8.0,10.0,-2.0,2.0,4.0,/home/ubuntu/EdgeRanked/sports/wnba/outputs/archive/projections/wnba_projections_20260619.csv,2026-07-13T11:30:43Z
2026-06-19,2026-06-19,Laura Juskaite,laura juskaite,laura juskaite,TOR,CON,23.39,29.0,-5.609999999999999,5.609999999999999,31.472099999999994,/home/ubuntu/EdgeRanked/sports/wnba/outputs/archive/projections/wnba_projections_20260619.csv,2026-07-13T11:30:43Z
2026-06-19,2026-06-19,Lauren Betts,lauren betts,lauren betts,WAS,NYL,17.46,17.0,0.46000000000000085,0.46000000000000085,0.2116000000000008,/home/ubuntu/EdgeRanked/sports/wnba/outputs/archive/projections/wnba_projections_20260619.csv,2026-07-13T11:30:43Z
2026-06-19,2026-06-19,Leila Lacan,leila lacan,leila lacan,CON,TOR,26.53,31.0,-4.469999999999999,4.469999999999999,19.98089999999999,/home/ubuntu/EdgeRanked/sports/wnba/outputs/archive/projections/wnba_projections_20260619.csv,2026-07-13T11:30:43Z
2026-06-19,2026-06-19,Leonie Fiebich,leonie fiebich,leonie fiebich,NYL,WAS,25.54,31.0,-5.460000000000001,5.460000000000001,29.81160000000001,/home/ubuntu/EdgeRanked/sports/wnba/outputs/archive/projections/wnba_projections_20260619.csv,2026-07-13T11:30:43Z
2026-06-19,2026-06-19,Lucy Olsen,lucy olsen,lucy olsen,WAS,NYL,10.47,11.0,-0.5299999999999994,0.5299999999999994,0.2808999999999993,/home/ubuntu/EdgeRanked/sports/wnba/outputs/archive/projections/wnba_projections_20260619.csv,2026-07-13T11:30:43Z
2026-06-19,2026-06-19,Maria Conde,maria conde,maria conde,TOR,CON,21.12,28.0,-6.879999999999999,6.879999999999999,47.33439999999999,/home/ubuntu/EdgeRanked/sports/wnba/outputs/archive/projections/wnba_projections_20260619.csv,2026-07-13T11:30:43Z
2026-06-19,2026-06-19,Marina Mabrey,marina mabrey,marina mabrey,TOR,CON,28.68,33.0,-4.32,4.32,18.6624,/home/ubuntu/EdgeRanked/sports/wnba/outputs/archive/projections/wnba_projections_20260619.csv,2026-07-13T11:30:43Z
2026-06-19,2026-06-19,Marine Johannes,marine johannes,marine johannes,NYL,WAS,23.21,27.0,-3.789999999999999,3.789999999999999,14.364099999999993,/home/ubuntu/EdgeRanked/sports/wnba/outputs/archive/projections/wnba_projections_20260619.csv,2026-07-13T11:30:43Z
2026-06-19,2026-06-19,Maya Caldwell,maya caldwell,maya caldwell,MIN,GSV,13.81,11.0,2.8100000000000005,2.8100000000000005,7.896100000000003,/home/ubuntu/EdgeRanked/sports/wnba/outputs/archive/projections/wnba_projections_20260619.csv,2026-07-13T11:30:43Z
2026-06-19,2026-06-19,Michaela Onyenwere,michaela onyenwere,michaela onyenwere,WAS,NYL,26.32,28.0,-1.6799999999999997,1.6799999999999997,2.822399999999999,/home/ubuntu/EdgeRanked/sports/wnba/outputs/archive/projections/wnba_projections_20260619.csv,2026-07-13T11:30:43Z
2026-06-19,2026-06-19,Natasha Howard,natasha howard,natasha howard,MIN,GSV,28.98,28.0,0.9800000000000004,0.9800000000000004,0.9604000000000008,/home/ubuntu/EdgeRanked/sports/wnba/outputs/archive/projections/wnba_projections_20260619.csv,2026-07-13T11:30:43Z
2026-06-19,2026-06-19,Nell Angloma,nell angloma,nell angloma,CON,TOR,12.11,3.0,9.11,9.11,82.9921,/home/ubuntu/EdgeRanked/sports/wnba/outputs/archive/projections/wnba_projections_20260619.csv,2026-07-13T11:30:43Z
2026-06-19,2026-06-19,Nia Coffey,nia coffey,nia coffey,MIN,GSV,25.38,33.0,-7.620000000000001,7.620000000000001,58.06440000000001,/home/ubuntu/EdgeRanked/sports/wnba/outputs/archive/projections/wnba_projections_20260619.csv,2026-07-13T11:30:43Z
2026-06-19,2026-06-19,Olivia Miles,olivia miles,olivia miles,MIN,GSV,31.47,32.0,-0.5300000000000011,0.5300000000000011,0.2809000000000012,/home/ubuntu/EdgeRanked/sports/wnba/outputs/archive/projections/wnba_projections_20260619.csv,2026-07-13T11:30:43Z
2026-06-19,2026-06-19,Olivia Nelson-Ododa,olivia nelson-ododa,olivia nelson-ododa,CON,TOR,21.6,16.0,5.600000000000001,5.600000000000001,31.360000000000017,/home/ubuntu/EdgeRanked/sports/wnba/outputs/archive/projections/wnba_projections_20260619.csv,2026-07-13T11:30:43Z
2026-06-19,2026-06-19,Pauline Astier,pauline astier,pauline astier,NYL,WAS,23.59,10.0,13.59,13.59,184.6881,/home/ubuntu/EdgeRanked/sports/wnba/outputs/archive/projections/wnba_projections_20260619.csv,2026-07-13T11:30:43Z
2026-06-19,2026-06-19,Rebekah Gardner,rebekah gardner,rebekah gardner,NYL,WAS,15.21,9.0,6.210000000000001,6.210000000000001,38.56410000000001,/home/ubuntu/EdgeRanked/sports/wnba/outputs/archive/projections/wnba_projections_20260619.csv,2026-07-13T11:30:43Z
2026-06-19,2026-06-19,Sabrina Ionescu,sabrina ionescu,sabrina ionescu,NYL,WAS,28.72,30.0,-1.2800000000000011,1.2800000000000011,1.638400000000003,/home/ubuntu/EdgeRanked/sports/wnba/outputs/archive/projections/wnba_projections_20260619.csv,2026-07-13T11:30:43Z
2026-06-19,2026-06-19,Saniya Rivers,saniya rivers,saniya rivers,CON,TOR,24.79,21.0,3.789999999999999,3.789999999999999,14.364099999999993,/home/ubuntu/EdgeRanked/sports/wnba/outputs/archive/projections/wnba_projections_20260619.csv,2026-07-13T11:30:43Z
2026-06-19,2026-06-19,Satou Sabally,satou sabally,satou sabally,NYL,WAS,19.12,17.0,2.120000000000001,2.120000000000001,4.494400000000004,/home/ubuntu/EdgeRanked/sports/wnba/outputs/archive/projections/wnba_projections_20260619.csv,2026-07-13T11:30:43Z
2026-06-19,2026-06-19,Shakira Austin,shakira austin,shakira austin,WAS,NYL,28.81,28.0,0.8099999999999987,0.8099999999999987,0.6560999999999979,/home/ubuntu/EdgeRanked/sports/wnba/outputs/archive/projections/wnba_projections_20260619.csv,2026-07-13T11:30:43Z
2026-06-19,2026-06-19,Sonia Citron,sonia citron,sonia citron,WAS,NYL,31.13,35.0,-3.870000000000001,3.870000000000001,14.976900000000008,/home/ubuntu/EdgeRanked/sports/wnba/outputs/archive/projections/wnba_projections_20260619.csv,2026-07-13T11:30:43Z
2026-06-19,2026-06-19,Temi Fagbenle,temi fagbenle,temi fagbenle,TOR,CON,15.94,32.0,-16.060000000000002,16.060000000000002,257.9236000000001,/home/ubuntu/EdgeRanked/sports/wnba/outputs/archive/projections/wnba_projections_20260619.csv,2026-07-13T11:30:43Z
2026-06-19,2026-06-19,Teonni Key,teonni key,teonni key,TOR,CON,11.47,3.0,8.47,8.47,71.74090000000001,/home/ubuntu/EdgeRanked/sports/wnba/outputs/archive/projections/wnba_projections_20260619.csv,2026-07-13T11:30:43Z
2026-06-19,2026-06-19,Tiffany Hayes,tiffany hayes,tiffany hayes,GSV,MIN,16.3,7.0,9.3,9.3,86.49000000000001,/home/ubuntu/EdgeRanked/sports/wnba/outputs/archive/projections/wnba_projections_20260619.csv,2026-07-13T11:30:43Z
2026-06-19,2026-06-19,Tima Pouye,tima pouye,tima pouye,TOR,CON,11.08,6.0,5.08,5.08,25.8064,/home/ubuntu/EdgeRanked/sports/wnba/outputs/archive/projections/wnba_projections_20260619.csv,2026-07-13T11:30:43Z
2026-06-19,2026-06-19,Veronica Burton,veronica burton,veronica burton,GSV,MIN,27.94,24.0,3.9400000000000013,3.9400000000000013,15.52360000000001,/home/ubuntu/EdgeRanked/sports/wnba/outputs/archive/projections/wnba_projections_20260619.csv,2026-07-13T11:30:43Z
2026-06-20,2026-06-20,Alanna Smith,alanna smith,alanna smith,DAL,CHI,13.94,5.0,8.94,8.94,79.9236,/home/ubuntu/EdgeRanked/sports/wnba/outputs/archive/projections/wnba_projections_20260620.csv,2026-07-13T11:30:43Z
2026-06-20,2026-06-20,Aliyah Boston,aliyah boston,aliyah boston,IND,ATL,28.58,22.0,6.579999999999998,6.579999999999998,43.29639999999998,/home/ubuntu/EdgeRanked/sports/wnba/outputs/archive/projections/wnba_projections_20260620.csv,2026-07-13T11:30:43Z
2026-06-20,2026-06-20,Allisha Gray,allisha gray,allisha gray,ATL,IND,33.68,33.0,0.6799999999999997,0.6799999999999997,0.4623999999999996,/home/ubuntu/EdgeRanked/sports/wnba/outputs/archive/projections/wnba_projections_20260620.csv,2026-07-13T11:30:43Z
2026-06-20,2026-06-20,Alyssa Thomas,alyssa thomas,alyssa thomas,PHX,SEA,30.57,28.0,2.5700000000000003,2.5700000000000003,6.6049000000000015,/home/ubuntu/EdgeRanked/sports/wnba/outputs/archive/projections/wnba_projections_20260620.csv,2026-07-13T11:30:43Z
2026-06-20,2026-06-20,Angel Reese,angel reese,angel reese,ATL,IND,31.33,31.0,0.3299999999999983,0.3299999999999983,0.10889999999999887,/home/ubuntu/EdgeRanked/sports/wnba/outputs/archive/projections/wnba_projections_20260620.csv,2026-07-13T11:30:43Z
2026-06-20,2026-06-20,Arike Ogunbowale,arike ogunbowale,arike ogunbowale,DAL,CHI,31.08,32.0,-0.9200000000000017,0.9200000000000017,0.8464000000000031,/home/ubuntu/EdgeRanked/sports/wnba/outputs/archive/projections/wnba_projections_20260620.csv,2026-07-13T11:30:43Z
2026-06-20,2026-06-20,Awa Fam,awa fam,awa fam,SEA,PHX,26.06,30.0,-3.9400000000000013,3.9400000000000013,15.52360000000001,/home/ubuntu/EdgeRanked/sports/wnba/outputs/archive/projections/wnba_projections_20260620.csv,2026-07-13T11:30:43Z
2026-06-20,2026-06-20,Awak Kuier,awak kuier,awak kuier,DAL,CHI,19.69,14.0,5.690000000000001,5.690000000000001,32.376100000000015,/home/ubuntu/EdgeRanked/sports/wnba/outputs/archive/projections/wnba_projections_20260620.csv,2026-07-13T11:30:43Z
2026-06-20,2026-06-20,Aziaha James,aziaha james,aziaha james,DAL,CHI,19.22,6.0,13.219999999999999,13.219999999999999,174.76839999999996,/home/ubuntu/EdgeRanked/sports/wnba/outputs/archive/projections/wnba_projections_20260620.csv,2026-07-13T11:30:43Z
2026-06-20,2026-06-20,Azura Stevens,azura stevens,azura stevens,CHI,DAL,24.75,28.0,-3.25,3.25,10.5625,/home/ubuntu/EdgeRanked/sports/wnba/outputs/archive/projections/wnba_projections_20260620.csv,2026-07-13T11:30:43Z
2026-06-20,2026-06-20,Azzi Fudd,azzi fudd,azzi fudd,DAL,CHI,27.13,34.0,-6.870000000000001,6.870000000000001,47.196900000000014,/home/ubuntu/EdgeRanked/sports/wnba/outputs/archive/projections/wnba_projections_20260620.csv,2026-07-13T11:30:43Z
2026-06-20,2026-06-20,Caitlin Clark,caitlin clark,caitlin clark,IND,ATL,33.37,34.0,-0.6300000000000026,0.6300000000000026,0.39690000000000325,/home/ubuntu/EdgeRanked/sports/wnba/outputs/archive/projections/wnba_projections_20260620.csv,2026-07-13T11:30:43Z
2026-06-20,2026-06-20,Damiris Dantas,damiris dantas,damiris dantas,IND,ATL,10.89,7.0,3.8900000000000006,3.8900000000000006,15.132100000000005,/home/ubuntu/EdgeRanked/sports/wnba/outputs/archive/projections/wnba_projections_20260620.csv,2026-07-13T11:30:43Z
2026-06-20,2026-06-20,DeWanna Bonner,dewanna bonner,dewanna bonner,PHX,SEA,24.75,23.0,1.75,1.75,3.0625,/home/ubuntu/EdgeRanked/sports/wnba/outputs/archive/projections/wnba_projections_20260620.csv,2026-07-13T11:30:43Z
2026-06-20,2026-06-20,Dominique Malonga,dominique malonga,dominique malonga,SEA,PHX,25.06,23.0,2.0599999999999987,2.0599999999999987,4.2435999999999945,/home/ubuntu/EdgeRanked/sports/wnba/outputs/archive/projections/wnba_projections_20260620.csv,2026-07-13T11:30:43Z
2026-06-20,2026-06-20,Elizabeth Williams,elizabeth williams,elizabeth williams,CHI,DAL,20.25,11.0,9.25,9.25,85.5625,/home/ubuntu/EdgeRanked/sports/wnba/outputs/archive/projections/wnba_projections_20260620.csv,2026-07-13T11:30:43Z
2026-06-20,2026-06-20,Flau'jae Johnson,flau'jae johnson,flau'jae johnson,SEA,PHX,25.22,34.0,-8.780000000000001,8.780000000000001,77.08840000000002,/home/ubuntu/EdgeRanked/sports/wnba/outputs/archive/projections/wnba_projections_20260620.csv,2026-07-13T11:30:43Z
2026-06-20,2026-06-20,Gabriela Jaquez,gabriela jaquez,gabriela jaquez,CHI,DAL,24.67,25.0,-0.3299999999999983,0.3299999999999983,0.10889999999999887,/home/ubuntu/EdgeRanked/sports/wnba/outputs/archive/projections/wnba_projections_20260620.csv,2026-07-13T11:30:43Z
2026-06-20,2026-06-20,Indya Nivar,indya nivar,indya nivar,ATL,IND,8.0,2.0,6.0,6.0,36.0,/home/ubuntu/EdgeRanked/sports/wnba/outputs/archive/projections/wnba_projections_20260620.csv,2026-07-13T11:30:43Z
2026-06-20,2026-06-20,Isobel Borlase,isobel borlase,isobel borlase,ATL,IND,15.51,17.0,-1.4900000000000002,1.4900000000000002,2.220100000000001,/home/ubuntu/EdgeRanked/sports/wnba/outputs/archive/projections/wnba_projections_20260620.csv,2026-07-13T11:30:43Z
2026-06-20,2026-06-20,Jacy Sheldon,jacy sheldon,jacy sheldon,CHI,DAL,24.37,15.0,9.370000000000001,9.370000000000001,87.79690000000002,/home/ubuntu/EdgeRanked/sports/wnba/outputs/archive/projections/wnba_projections_20260620.csv,2026-07-13T11:30:43Z
2026-06-20,2026-06-20,Jade Melbourne,jade melbourne,jade melbourne,SEA,PHX,21.36,11.0,10.36,10.36,107.32959999999999,/home/ubuntu/EdgeRanked/sports/wnba/outputs/archive/projections/wnba_projections_20260620.csv,2026-07-13T11:30:43Z
2026-06-20,2026-06-20,Jessica Shepard,jessica shepard,jessica shepard,DAL,CHI,30.43,34.0,-3.5700000000000003,3.5700000000000003,12.744900000000001,/home/ubuntu/EdgeRanked/sports/wnba/outputs/archive/projections/wnba_projections_20260620.csv,2026-07-13T11:30:43Z
2026-06-20,2026-06-20,Jordin Canada,jordin canada,jordin canada,ATL,IND,30.98,32.0,-1.0199999999999996,1.0199999999999996,1.040399999999999,/home/ubuntu/EdgeRanked/sports/wnba/outputs/archive/projections/wnba_projections_20260620.csv,2026-07-13T11:30:43Z
2026-06-20,2026-06-20,Kahleah Copper,kahleah copper,kahleah copper,PHX,SEA,31.89,27.0,4.890000000000001,4.890000000000001,23.912100000000006,/home/ubuntu/EdgeRanked/sports/wnba/outputs/archive/projections/wnba_projections_20260620.csv,2026-07-13T11:30:43Z
2026-06-20,2026-06-20,Kamilla Cardoso,kamilla cardoso,kamilla cardoso,CHI,DAL,25.93,29.0,-3.0700000000000003,3.0700000000000003,9.424900000000001,/home/ubuntu/EdgeRanked/sports/wnba/outputs/archive/projections/wnba_projections_20260620.csv,2026-07-13T11:30:43Z
2026-06-20,2026-06-20,Katie Lou Samuelson,katie lou samuelson,katie lou samuelson,SEA,PHX,14.73,27.0,-12.27,12.27,150.5529,/home/ubuntu/EdgeRanked/sports/wnba/outputs/archive/projections/wnba_projections_20260620.csv,2026-07-13T11:30:43Z
2026-06-20,2026-06-20,Kelsey Mitchell,kelsey mitchell,kelsey mitchell,IND,ATL,32.09,32.0,0.09000000000000341,0.09000000000000341,0.008100000000000614,/home/ubuntu/EdgeRanked/sports/wnba/outputs/archive/projections/wnba_projections_20260620.csv,2026-07-13T11:30:43Z
2026-06-20,2026-06-20,Kyara Linskens,kyara linskens,kyara linskens,PHX,SEA,11.76,13.0,-1.2400000000000002,1.2400000000000002,1.5376000000000005,/home/ubuntu/EdgeRanked/sports/wnba/outputs/archive/projections/wnba_projections_20260620.csv,2026-07-13T11:30:43Z
2026-06-20,2026-06-20,Lexi Held,lexi held,lexi held,PHX,SEA,16.63,30.0,-13.370000000000001,13.370000000000001,178.75690000000003,/home/ubuntu/EdgeRanked/sports/wnba/outputs/archive/projections/wnba_projections_20260620.csv,2026-07-13T11:30:43Z
2026-06-20,2026-06-20,Lexie Hull,lexie hull,lexie hull,IND,ATL,21.69,16.0,5.690000000000001,5.690000000000001,32.376100000000015,/home/ubuntu/EdgeRanked/sports/wnba/outputs/archive/projections/wnba_projections_20260620.csv,2026-07-13T11:30:43Z
2026-06-20,2026-06-20,Li Yueru,li yueru,li yueru,DAL,CHI,8.0,15.0,-7.0,7.0,49.0,/home/ubuntu/EdgeRanked/sports/wnba/outputs/archive/projections/wnba_projections_20260620.csv,2026-07-13T11:30:43Z
2026-06-20,2026-06-20,Mackenzie Holmes,mackenzie holmes,mackenzie holmes,SEA,PHX,10.32,4.0,6.32,6.32,39.942400000000006,/home/ubuntu/EdgeRanked/sports/wnba/outputs/archive/projections/wnba_projections_20260620.csv,2026-07-13T11:30:43Z
2026-06-20,2026-06-20,Maddy Siegrist,maddy siegrist,maddy siegrist,DAL,CHI,14.94,12.0,2.9399999999999995,2.9399999999999995,8.643599999999998,/home/ubuntu/EdgeRanked/sports/wnba/outputs/archive/projections/wnba_projections_20260620.csv,2026-07-13T11:30:43Z
2026-06-20,2026-06-20,Madina Okot,madina okot,madina okot,ATL,IND,9.42,4.0,5.42,5.42,29.3764,/home/ubuntu/EdgeRanked/sports/wnba/outputs/archive/projections/wnba_projections_20260620.csv,2026-07-13T11:30:43Z
2026-06-20,2026-06-20,Makayla Timpson,makayla timpson,makayla timpson,IND,ATL,14.91,4.0,10.91,10.91,119.02810000000001,/home/ubuntu/EdgeRanked/sports/wnba/outputs/archive/projections/wnba_projections_20260620.csv,2026-07-13T11:30:43Z
2026-06-20,2026-06-20,Monique Billings,monique billings,monique billings,IND,ATL,19.74,13.0,6.739999999999998,6.739999999999998,45.42759999999998,/home/ubuntu/EdgeRanked/sports/wnba/outputs/archive/projections/wnba_projections_20260620.csv,2026-07-13T11:30:43Z
2026-06-20,2026-06-20,Myisha Hines-Allen,myisha hines-allen,myisha hines-allen,IND,ATL,16.35,17.0,-0.6499999999999986,0.6499999999999986,0.42249999999999815,/home/ubuntu/EdgeRanked/sports/wnba/outputs/archive/projections/wnba_projections_20260620.csv,2026-07-13T11:30:43Z
2026-06-20,2026-06-20,Natasha Cloud,natasha cloud,natasha cloud,CHI,DAL,27.88,25.0,2.879999999999999,2.879999999999999,8.294399999999994,/home/ubuntu/EdgeRanked/sports/wnba/outputs/archive/projections/wnba_projections_20260620.csv,2026-07-13T11:30:43Z
2026-06-20,2026-06-20,Natasha Mack,natasha mack,natasha mack,PHX,SEA,26.0,23.0,3.0,3.0,9.0,/home/ubuntu/EdgeRanked/sports/wnba/outputs/archive/projections/wnba_projections_20260620.csv,2026-07-13T11:30:43Z
2026-06-20,2026-06-20,Natisha Hiedeman,natisha hiedeman,natisha hiedeman,SEA,PHX,27.3,28.0,-0.6999999999999993,0.6999999999999993,0.489999999999999,/home/ubuntu/EdgeRanked/sports/wnba/outputs/archive/projections/wnba_projections_20260620.csv,2026-07-13T11:30:43Z
2026-06-20,2026-06-20,Naz Hillmon,naz hillmon,naz hillmon,ATL,IND,30.19,29.0,1.1900000000000013,1.1900000000000013,1.416100000000003,/home/ubuntu/EdgeRanked/sports/wnba/outputs/archive/projections/wnba_projections_20260620.csv,2026-07-13T11:30:43Z
2026-06-20,2026-06-20,Noemie Brochant,noemie brochant,noemie brochant,PHX,SEA,22.13,32.0,-9.870000000000001,9.870000000000001,97.41690000000003,/home/ubuntu/EdgeRanked/sports/wnba/outputs/archive/projections/wnba_projections_20260620.csv,2026-07-13T11:30:43Z
2026-06-20,2026-06-20,Paige Bueckers,paige bueckers,paige bueckers,DAL,CHI,29.22,36.0,-6.780000000000001,6.780000000000001,45.96840000000002,/home/ubuntu/EdgeRanked/sports/wnba/outputs/archive/projections/wnba_projections_20260620.csv,2026-07-13T11:30:43Z
2026-06-20,2026-06-20,Quionche Carter,quionche carter,quionche carter,PHX,SEA,10.2,4.0,6.199999999999999,6.199999999999999,38.43999999999999,/home/ubuntu/EdgeRanked/sports/wnba/outputs/archive/projections/wnba_projections_20260620.csv,2026-07-13T11:30:43Z
2026-06-20,2026-06-20,Raven Johnson,raven johnson,raven johnson,IND,ATL,12.4,21.0,-8.6,8.6,73.96,/home/ubuntu/EdgeRanked/sports/wnba/outputs/archive/projections/wnba_projections_20260620.csv,2026-07-13T11:30:43Z
2026-06-20,2026-06-20,Rhyne Howard,rhyne howard,rhyne howard,ATL,IND,35.66,35.0,0.6599999999999966,0.6599999999999966,0.4355999999999955,/home/ubuntu/EdgeRanked/sports/wnba/outputs/archive/projections/wnba_projections_20260620.csv,2026-07-13T11:30:43Z
2026-06-20,2026-06-20,Sika Kone,sika kone,sika kone,ATL,IND,8.01,2.0,6.01,6.01,36.1201,/home/ubuntu/EdgeRanked/sports/wnba/outputs/archive/projections/wnba_projections_20260620.csv,2026-07-13T11:30:43Z
2026-06-20,2026-06-20,Skylar Diggins,skylar diggins,skylar diggins,CHI,DAL,29.88,32.0,-2.120000000000001,2.120000000000001,4.494400000000004,/home/ubuntu/EdgeRanked/sports/wnba/outputs/archive/projections/wnba_projections_20260620.csv,2026-07-13T11:30:43Z
2026-06-20,2026-06-20,Sophie Cunningham,sophie cunningham,sophie cunningham,IND,ATL,24.82,26.0,-1.1799999999999997,1.1799999999999997,1.3923999999999994,/home/ubuntu/EdgeRanked/sports/wnba/outputs/archive/projections/wnba_projections_20260620.csv,2026-07-13T11:30:43Z
2026-06-20,2026-06-20,Stefanie Dolson,stefanie dolson,stefanie dolson,SEA,PHX,15.75,21.0,-5.25,5.25,27.5625,/home/ubuntu/EdgeRanked/sports/wnba/outputs/archive/projections/wnba_projections_20260620.csv,2026-07-13T11:30:43Z
2026-06-20,2026-06-20,Sug Sutton,sug sutton,sug sutton,DAL,CHI,21.2,13.0,8.2,8.2,67.24,/home/ubuntu/EdgeRanked/sports/wnba/outputs/archive/projections/wnba_projections_20260620.csv,2026-07-13T11:30:43Z
2026-06-20,2026-06-20,Sydney Taylor,sydney taylor,sydney taylor,CHI,DAL,17.81,25.0,-7.190000000000001,7.190000000000001,51.696100000000015,/home/ubuntu/EdgeRanked/sports/wnba/outputs/archive/projections/wnba_projections_20260620.csv,2026-07-13T11:30:43Z
2026-06-20,2026-06-20,Taylor Thierry,taylor thierry,taylor thierry,SEA,PHX,8.0,7.0,1.0,1.0,1.0,/home/ubuntu/EdgeRanked/sports/wnba/outputs/archive/projections/wnba_projections_20260620.csv,2026-07-13T11:30:43Z
2026-06-20,2026-06-20,Te-Hina Paopao,te-hina paopao,te-hina paopao,ATL,IND,14.41,16.0,-1.5899999999999999,1.5899999999999999,2.5280999999999993,/home/ubuntu/EdgeRanked/sports/wnba/outputs/archive/projections/wnba_projections_20260620.csv,2026-07-13T11:30:43Z
2026-06-20,2026-06-20,Tyasha Harris,tyasha harris,tyasha harris,IND,ATL,12.74,7.0,5.74,5.74,32.9476,/home/ubuntu/EdgeRanked/sports/wnba/outputs/archive/projections/wnba_projections_20260620.csv,2026-07-13T11:30:43Z
2026-06-20,2026-06-20,Valeriane Ayayi,valeriane ayayi,valeriane ayayi,PHX,SEA,8.4,22.0,-13.6,13.6,184.95999999999998,/home/ubuntu/EdgeRanked/sports/wnba/outputs/archive/projections/wnba_projections_20260620.csv,2026-07-13T11:30:43Z
2026-06-20,2026-06-20,Zia Cooke,zia cooke,zia cooke,SEA,PHX,11.9,16.0,-4.1,4.1,16.81,/home/ubuntu/EdgeRanked/sports/wnba/outputs/archive/projections/wnba_projections_20260620.csv,2026-07-13T11:30:43Z
2026-06-21,2026-06-21,A'ja Wilson,a'ja wilson,a'ja wilson,LVA,GSV,31.81,31.0,0.8099999999999987,0.8099999999999987,0.6560999999999979,/home/ubuntu/EdgeRanked/sports/wnba/outputs/archive/projections/wnba_projections_20260621.csv,2026-07-13T11:30:43Z
2026-06-21,2026-06-21,Anastasiia Olairi Kosu,anastasiia olairi kosu,anastasiia olairi kosu,MIN,WAS,14.32,8.0,6.32,6.32,39.942400000000006,/home/ubuntu/EdgeRanked/sports/wnba/outputs/archive/projections/wnba_projections_20260621.csv,2026-07-13T11:30:43Z
2026-06-21,2026-06-21,Angela Dugalic,angela dugalic,angela dugalic,WAS,MIN,19.1,15.0,4.100000000000001,4.100000000000001,16.810000000000013,/home/ubuntu/EdgeRanked/sports/wnba/outputs/archive/projections/wnba_projections_20260621.csv,2026-07-13T11:30:43Z
2026-06-21,2026-06-21,Antonia Delaere,antonia delaere,antonia delaere,MIN,WAS,18.59,8.0,10.59,10.59,112.1481,/home/ubuntu/EdgeRanked/sports/wnba/outputs/archive/projections/wnba_projections_20260621.csv,2026-07-13T11:30:43Z
2026-06-21,2026-06-21,Ariel Atkins,ariel atkins,ariel atkins,LAS,NYL,25.26,26.0,-0.7399999999999984,0.7399999999999984,0.5475999999999976,/home/ubuntu/EdgeRanked/sports/wnba/outputs/archive/projections/wnba_projections_20260621.csv,2026-07-13T11:30:43Z
2026-06-21,2026-06-21,Breanna Stewart,breanna stewart,breanna stewart,NYL,LAS,31.2,34.0,-2.8000000000000007,2.8000000000000007,7.840000000000004,/home/ubuntu/EdgeRanked/sports/wnba/outputs/archive/projections/wnba_projections_20260621.csv,2026-07-13T11:30:43Z
2026-06-21,2026-06-21,Brianna Turner,brianna turner,brianna turner,LVA,GSV,8.0,17.0,-9.0,9.0,81.0,/home/ubuntu/EdgeRanked/sports/wnba/outputs/archive/projections/wnba_projections_20260621.csv,2026-07-13T11:30:43Z
2026-06-21,2026-06-21,Cecilia Zandalasini,cecilia zandalasini,cecilia zandalasini,GSV,LVA,16.75,21.0,-4.25,4.25,18.0625,/home/ubuntu/EdgeRanked/sports/wnba/outputs/archive/projections/wnba_projections_20260621.csv,2026-07-13T11:30:43Z
2026-06-21,2026-06-21,Chelsea Gray,chelsea gray,chelsea gray,LVA,GSV,32.29,32.0,0.28999999999999915,0.28999999999999915,0.08409999999999951,/home/ubuntu/EdgeRanked/sports/wnba/outputs/archive/projections/wnba_projections_20260621.csv,2026-07-13T11:30:43Z
2026-06-21,2026-06-21,Cheyenne Parker-Tyus,cheyenne parker-tyus,cheyenne parker-tyus,LVA,GSV,14.77,4.0,10.77,10.77,115.99289999999999,/home/ubuntu/EdgeRanked/sports/wnba/outputs/archive/projections/wnba_projections_20260621.csv,2026-07-13T11:30:43Z
2026-06-21,2026-06-21,Cotie McMahon,cotie mcmahon,cotie mcmahon,WAS,MIN,21.73,26.0,-4.27,4.27,18.232899999999997,/home/ubuntu/EdgeRanked/sports/wnba/outputs/archive/projections/wnba_projections_20260621.csv,2026-07-13T11:30:43Z
2026-06-21,2026-06-21,Courtney Williams,courtney williams,courtney williams,MIN,WAS,28.3,32.0,-3.6999999999999993,3.6999999999999993,13.689999999999994,/home/ubuntu/EdgeRanked/sports/wnba/outputs/archive/projections/wnba_projections_20260621.csv,2026-07-13T11:30:43Z
2026-06-21,2026-06-21,Dearica Hamby,dearica hamby,dearica hamby,LAS,NYL,27.69,31.0,-3.3099999999999987,3.3099999999999987,10.956099999999992,/home/ubuntu/EdgeRanked/sports/wnba/outputs/archive/projections/wnba_projections_20260621.csv,2026-07-13T11:30:43Z
2026-06-21,2026-06-21,Erica Wheeler,erica wheeler,erica wheeler,LAS,NYL,26.79,26.0,0.7899999999999991,0.7899999999999991,0.6240999999999987,/home/ubuntu/EdgeRanked/sports/wnba/outputs/archive/projections/wnba_projections_20260621.csv,2026-07-13T11:30:43Z
2026-06-21,2026-06-21,Gabby Williams,gabby williams,gabby williams,GSV,LVA,26.96,21.0,5.960000000000001,5.960000000000001,35.521600000000014,/home/ubuntu/EdgeRanked/sports/wnba/outputs/archive/projections/wnba_projections_20260621.csv,2026-07-13T11:30:43Z
2026-06-21,2026-06-21,Georgia Amoore,georgia amoore,georgia amoore,WAS,MIN,21.48,32.0,-10.52,10.52,110.67039999999999,/home/ubuntu/EdgeRanked/sports/wnba/outputs/archive/projections/wnba_projections_20260621.csv,2026-07-13T11:30:43Z
2026-06-21,2026-06-21,Han Xu,han xu,han xu,NYL,LAS,13.35,6.0,7.35,7.35,54.022499999999994,/home/ubuntu/EdgeRanked/sports/wnba/outputs/archive/projections/wnba_projections_20260621.csv,2026-07-13T11:30:43Z
2026-06-21,2026-06-21,Jackie Young,jackie young,jackie young,LVA,GSV,31.48,32.0,-0.5199999999999996,0.5199999999999996,0.27039999999999953,/home/ubuntu/EdgeRanked/sports/wnba/outputs/archive/projections/wnba_projections_20260621.csv,2026-07-13T11:30:43Z
2026-06-21,2026-06-21,Janelle Salaun,janelle salaun,janelle salaun,GSV,LVA,24.26,18.0,6.260000000000002,6.260000000000002,39.18760000000002,/home/ubuntu/EdgeRanked/sports/wnba/outputs/archive/projections/wnba_projections_20260621.csv,2026-07-13T11:30:43Z
2026-06-21,2026-06-21,Jewell Loyd,jewell loyd,jewell loyd,LVA,GSV,26.56,23.0,3.5599999999999987,3.5599999999999987,12.673599999999992,/home/ubuntu/EdgeRanked/sports/wnba/outputs/archive/projections/wnba_projections_20260621.csv,2026-07-13T11:30:43Z
2026-06-21,2026-06-21,Jihyun Park,jihyun park,jihyun park,LAS,NYL,8.0,3.0,5.0,5.0,25.0,/home/ubuntu/EdgeRanked/sports/wnba/outputs/archive/projections/wnba_projections_20260621.csv,2026-07-13T11:30:43Z
2026-06-21,2026-06-21,Jonquel Jones,jonquel jones,jonquel jones,NYL,LAS,29.11,33.0,-3.8900000000000006,3.8900000000000006,15.132100000000005,/home/ubuntu/EdgeRanked/sports/wnba/outputs/archive/projections/wnba_projections_20260621.csv,2026-07-13T11:30:43Z
2026-06-21,2026-06-21,Juste Jocyte,juste jocyte,juste jocyte,GSV,LVA,8.09,6.0,2.09,2.09,4.368099999999999,/home/ubuntu/EdgeRanked/sports/wnba/outputs/archive/projections/wnba_projections_20260621.csv,2026-07-13T11:30:43Z
2026-06-21,2026-06-21,Kaila Charles,kaila charles,kaila charles,GSV,LVA,18.56,19.0,-0.4400000000000013,0.4400000000000013,0.19360000000000113,/home/ubuntu/EdgeRanked/sports/wnba/outputs/archive/projections/wnba_projections_20260621.csv,2026-07-13T11:30:43Z
2026-06-21,2026-06-21,Kaitlyn Chen,kaitlyn chen,kaitlyn chen,GSV,LVA,15.16,24.0,-8.84,8.84,78.1456,/home/ubuntu/EdgeRanked/sports/wnba/outputs/archive/projections/wnba_projections_20260621.csv,2026-07-13T11:30:43Z
2026-06-21,2026-06-21,Kayla McBride,kayla mcbride,kayla mcbride,MIN,WAS,28.99,36.0,-7.010000000000002,7.010000000000002,49.140100000000025,/home/ubuntu/EdgeRanked/sports/wnba/outputs/archive/projections/wnba_projections_20260621.csv,2026-07-13T11:30:43Z
2026-06-21,2026-06-21,Kayla Thornton,kayla thornton,kayla thornton,GSV,LVA,25.24,19.0,6.239999999999998,6.239999999999998,38.93759999999998,/home/ubuntu/EdgeRanked/sports/wnba/outputs/archive/projections/wnba_projections_20260621.csv,2026-07-13T11:30:43Z
2026-06-21,2026-06-21,Kelsey Plum,kelsey plum,kelsey plum,LAS,NYL,35.98,36.0,-0.020000000000003126,0.020000000000003126,0.0004000000000001251,/home/ubuntu/EdgeRanked/sports/wnba/outputs/archive/projections/wnba_projections_20260621.csv,2026-07-13T11:30:43Z
2026-06-21,2026-06-21,Kiah Stokes,kiah stokes,kiah stokes,GSV,LVA,19.33,21.0,-1.6700000000000017,1.6700000000000017,2.7889000000000057,/home/ubuntu/EdgeRanked/sports/wnba/outputs/archive/projections/wnba_projections_20260621.csv,2026-07-13T11:30:43Z
2026-06-21,2026-06-21,Kierstan Bell,kierstan bell,kierstan bell,LVA,GSV,11.62,14.0,-2.380000000000001,2.380000000000001,5.664400000000004,/home/ubuntu/EdgeRanked/sports/wnba/outputs/archive/projections/wnba_projections_20260621.csv,2026-07-13T11:30:43Z
2026-06-21,2026-06-21,Kiki Iriafen,kiki iriafen,kiki iriafen,WAS,MIN,25.66,25.0,0.6600000000000001,0.6600000000000001,0.4356000000000002,/home/ubuntu/EdgeRanked/sports/wnba/outputs/archive/projections/wnba_projections_20260621.csv,2026-07-13T11:30:43Z
2026-06-21,2026-06-21,Laeticia Amihere,laeticia amihere,laeticia amihere,GSV,LVA,8.0,12.0,-4.0,4.0,16.0,/home/ubuntu/EdgeRanked/sports/wnba/outputs/archive/projections/wnba_projections_20260621.csv,2026-07-13T11:30:43Z
2026-06-21,2026-06-21,Laura Ziegler,laura ziegler,laura ziegler,LAS,NYL,18.18,10.0,8.18,8.18,66.91239999999999,/home/ubuntu/EdgeRanked/sports/wnba/outputs/archive/projections/wnba_projections_20260621.csv,2026-07-13T11:30:43Z
2026-06-21,2026-06-21,Lauren Betts,lauren betts,lauren betts,WAS,MIN,21.12,18.0,3.120000000000001,3.120000000000001,9.734400000000006,/home/ubuntu/EdgeRanked/sports/wnba/outputs/archive/projections/wnba_projections_20260621.csv,2026-07-13T11:30:43Z
2026-06-21,2026-06-21,Leonie Fiebich,leonie fiebich,leonie fiebich,NYL,LAS,25.28,26.0,-0.7199999999999989,0.7199999999999989,0.5183999999999984,/home/ubuntu/EdgeRanked/sports/wnba/outputs/archive/projections/wnba_projections_20260621.csv,2026-07-13T11:30:43Z
2026-06-21,2026-06-21,Lucy Olsen,lucy olsen,lucy olsen,WAS,MIN,14.51,6.0,8.51,8.51,72.42009999999999,/home/ubuntu/EdgeRanked/sports/wnba/outputs/archive/projections/wnba_projections_20260621.csv,2026-07-13T11:30:43Z
2026-06-21,2026-06-21,Marine Johannes,marine johannes,marine johannes,NYL,LAS,21.78,17.0,4.780000000000001,4.780000000000001,22.848400000000012,/home/ubuntu/EdgeRanked/sports/wnba/outputs/archive/projections/wnba_projections_20260621.csv,2026-07-13T11:30:43Z
2026-06-21,2026-06-21,Maya Caldwell,maya caldwell,maya caldwell,MIN,WAS,17.06,13.0,4.059999999999999,4.059999999999999,16.48359999999999,/home/ubuntu/EdgeRanked/sports/wnba/outputs/archive/projections/wnba_projections_20260621.csv,2026-07-13T11:30:43Z
2026-06-21,2026-06-21,Michaela Onyenwere,michaela onyenwere,michaela onyenwere,WAS,MIN,27.11,23.0,4.109999999999999,4.109999999999999,16.892099999999996,/home/ubuntu/EdgeRanked/sports/wnba/outputs/archive/projections/wnba_projections_20260621.csv,2026-07-13T11:30:43Z
2026-06-21,2026-06-21,Nadia Fingall,nadia fingall,nadia fingall,GSV,LVA,17.63,4.0,13.629999999999999,13.629999999999999,185.77689999999998,/home/ubuntu/EdgeRanked/sports/wnba/outputs/archive/projections/wnba_projections_20260621.csv,2026-07-13T11:30:43Z
2026-06-21,2026-06-21,NaLyssa Smith,nalyssa smith,nalyssa smith,LVA,GSV,22.82,27.0,-4.18,4.18,17.472399999999997,/home/ubuntu/EdgeRanked/sports/wnba/outputs/archive/projections/wnba_projections_20260621.csv,2026-07-13T11:30:43Z
2026-06-21,2026-06-21,Natasha Howard,natasha howard,natasha howard,MIN,WAS,28.3,36.0,-7.699999999999999,7.699999999999999,59.28999999999999,/home/ubuntu/EdgeRanked/sports/wnba/outputs/archive/projections/wnba_projections_20260621.csv,2026-07-13T11:30:43Z
2026-06-21,2026-06-21,Nia Coffey,nia coffey,nia coffey,MIN,WAS,25.29,31.0,-5.710000000000001,5.710000000000001,32.60410000000001,/home/ubuntu/EdgeRanked/sports/wnba/outputs/archive/projections/wnba_projections_20260621.csv,2026-07-13T11:30:43Z
2026-06-21,2026-06-21,Nneka Ogwumike,nneka ogwumike,nneka ogwumike,LAS,NYL,30.06,35.0,-4.940000000000001,4.940000000000001,24.40360000000001,/home/ubuntu/EdgeRanked/sports/wnba/outputs/archive/projections/wnba_projections_20260621.csv,2026-07-13T11:30:43Z
2026-06-21,2026-06-21,Olivia Miles,olivia miles,olivia miles,MIN,WAS,30.66,32.0,-1.3399999999999999,1.3399999999999999,1.7955999999999996,/home/ubuntu/EdgeRanked/sports/wnba/outputs/archive/projections/wnba_projections_20260621.csv,2026-07-13T11:30:43Z
2026-06-21,2026-06-21,Pauline Astier,pauline astier,pauline astier,NYL,LAS,23.51,21.0,2.5100000000000016,2.5100000000000016,6.300100000000008,/home/ubuntu/EdgeRanked/sports/wnba/outputs/archive/projections/wnba_projections_20260621.csv,2026-07-13T11:30:43Z
2026-06-21,2026-06-21,Rae Burrell,rae burrell,rae burrell,LAS,NYL,24.62,26.0,-1.379999999999999,1.379999999999999,1.9043999999999972,/home/ubuntu/EdgeRanked/sports/wnba/outputs/archive/projections/wnba_projections_20260621.csv,2026-07-13T11:30:43Z
2026-06-21,2026-06-21,Raquel Carrera,raquel carrera,raquel carrera,NYL,LAS,10.0,1.0,9.0,9.0,81.0,/home/ubuntu/EdgeRanked/sports/wnba/outputs/archive/projections/wnba_projections_20260621.csv,2026-07-13T11:30:43Z
2026-06-21,2026-06-21,Rebecca Allen,rebecca allen,rebecca allen,NYL,LAS,11.47,6.0,5.470000000000001,5.470000000000001,29.920900000000007,/home/ubuntu/EdgeRanked/sports/wnba/outputs/archive/projections/wnba_projections_20260621.csv,2026-07-13T11:30:43Z
2026-06-21,2026-06-21,Rebekah Gardner,rebekah gardner,rebekah gardner,NYL,LAS,16.43,7.0,9.43,9.43,88.9249,/home/ubuntu/EdgeRanked/sports/wnba/outputs/archive/projections/wnba_projections_20260621.csv,2026-07-13T11:30:43Z
2026-06-21,2026-06-21,Sabrina Ionescu,sabrina ionescu,sabrina ionescu,NYL,LAS,28.98,22.0,6.98,6.98,48.720400000000005,/home/ubuntu/EdgeRanked/sports/wnba/outputs/archive/projections/wnba_projections_20260621.csv,2026-07-13T11:30:43Z
2026-06-21,2026-06-21,Satou Sabally,satou sabally,satou sabally,NYL,LAS,19.18,27.0,-7.82,7.82,61.15240000000001,/home/ubuntu/EdgeRanked/sports/wnba/outputs/archive/projections/wnba_projections_20260621.csv,2026-07-13T11:30:43Z
2026-06-21,2026-06-21,Shakira Austin,shakira austin,shakira austin,WAS,MIN,28.44,22.0,6.440000000000001,6.440000000000001,41.47360000000002,/home/ubuntu/EdgeRanked/sports/wnba/outputs/archive/projections/wnba_projections_20260621.csv,2026-07-13T11:30:43Z
2026-06-21,2026-06-21,Sonia Citron,sonia citron,sonia citron,WAS,MIN,32.74,33.0,-0.259999999999998,0.259999999999998,0.06759999999999897,/home/ubuntu/EdgeRanked/sports/wnba/outputs/archive/projections/wnba_projections_20260621.csv,2026-07-13T11:30:43Z
2026-06-21,2026-06-21,Stephanie Talbot,stephanie talbot,stephanie talbot,LVA,GSV,19.7,21.0,-1.3000000000000007,1.3000000000000007,1.690000000000002,/home/ubuntu/EdgeRanked/sports/wnba/outputs/archive/projections/wnba_projections_20260621.csv,2026-07-13T11:30:43Z
2026-06-21,2026-06-21,Teaira McCowan,teaira mccowan,teaira mccowan,MIN,WAS,8.0,5.0,3.0,3.0,9.0,/home/ubuntu/EdgeRanked/sports/wnba/outputs/archive/projections/wnba_projections_20260621.csv,2026-07-13T11:30:43Z
2026-06-21,2026-06-21,Tiffany Hayes,tiffany hayes,tiffany hayes,GSV,LVA,15.3,19.0,-3.6999999999999993,3.6999999999999993,13.689999999999994,/home/ubuntu/EdgeRanked/sports/wnba/outputs/archive/projections/wnba_projections_20260621.csv,2026-07-13T11:30:43Z
2026-06-21,2026-06-21,Veronica Burton,veronica burton,veronica burton,GSV,LVA,28.13,16.0,12.129999999999999,12.129999999999999,147.13689999999997,/home/ubuntu/EdgeRanked/sports/wnba/outputs/archive/projections/wnba_projections_20260621.csv,2026-07-13T11:30:43Z
2026-06-22,2026-06-22,Aaliyah Edwards,aaliyah edwards,aaliyah edwards,CON,CHI,21.9,14.0,7.899999999999999,7.899999999999999,62.409999999999975,/home/ubuntu/EdgeRanked/sports/wnba/outputs/archive/projections/wnba_projections_20260622.csv,2026-07-13T11:30:43Z
2026-06-22,2026-06-22,Aliyah Boston,aliyah boston,aliyah boston,IND,PHX,28.87,29.0,-0.129999999999999,0.129999999999999,0.01689999999999974,/home/ubuntu/EdgeRanked/sports/wnba/outputs/archive/projections/wnba_projections_20260622.csv,2026-07-13T11:30:43Z
2026-06-22,2026-06-22,Allisha Gray,allisha gray,allisha gray,ATL,TOR,33.05,33.0,0.04999999999999716,0.04999999999999716,0.002499999999999716,/home/ubuntu/EdgeRanked/sports/wnba/outputs/archive/projections/wnba_projections_20260622.csv,2026-07-13T11:30:43Z
2026-06-22,2026-06-22,Alyssa Thomas,alyssa thomas,alyssa thomas,PHX,IND,31.76,34.0,-2.2399999999999984,2.2399999999999984,5.017599999999993,/home/ubuntu/EdgeRanked/sports/wnba/outputs/archive/projections/wnba_projections_20260622.csv,2026-07-13T11:30:43Z
2026-06-22,2026-06-22,Aneesah Morrow,aneesah morrow,aneesah morrow,CON,CHI,24.38,9.0,15.379999999999999,15.379999999999999,236.54439999999997,/home/ubuntu/EdgeRanked/sports/wnba/outputs/archive/projections/wnba_projections_20260622.csv,2026-07-13T11:30:43Z
2026-06-22,2026-06-22,Angel Reese,angel reese,angel reese,ATL,TOR,30.78,29.0,1.7800000000000011,1.7800000000000011,3.168400000000004,/home/ubuntu/EdgeRanked/sports/wnba/outputs/archive/projections/wnba_projections_20260622.csv,2026-07-13T11:30:43Z
2026-06-22,2026-06-22,Arike Ogunbowale,arike ogunbowale,arike ogunbowale,DAL,SEA,30.28,20.0,10.280000000000001,10.280000000000001,105.67840000000002,/home/ubuntu/EdgeRanked/sports/wnba/outputs/archive/projections/wnba_projections_20260622.csv,2026-07-13T11:30:43Z
2026-06-22,2026-06-22,Awa Fam,awa fam,awa fam,SEA,DAL,26.87,39.0,-12.129999999999999,12.129999999999999,147.13689999999997,/home/ubuntu/EdgeRanked/sports/wnba/outputs/archive/projections/wnba_projections_20260622.csv,2026-07-13T11:30:43Z
2026-06-22,2026-06-22,Awak Kuier,awak kuier,awak kuier,DAL,SEA,18.69,22.0,-3.3099999999999987,3.3099999999999987,10.956099999999992,/home/ubuntu/EdgeRanked/sports/wnba/outputs/archive/projections/wnba_projections_20260622.csv,2026-07-13T11:30:43Z
2026-06-22,2026-06-22,Aziaha James,aziaha james,aziaha james,DAL,SEA,16.95,24.0,-7.050000000000001,7.050000000000001,49.70250000000001,/home/ubuntu/EdgeRanked/sports/wnba/outputs/archive/projections/wnba_projections_20260622.csv,2026-07-13T11:30:43Z
2026-06-22,2026-06-22,Azura Stevens,azura stevens,azura stevens,CHI,CON,23.09,26.0,-2.91,2.91,8.468100000000002,/home/ubuntu/EdgeRanked/sports/wnba/outputs/archive/projections/wnba_projections_20260622.csv,2026-07-13T11:30:43Z
2026-06-22,2026-06-22,Azzi Fudd,azzi fudd,azzi fudd,DAL,SEA,28.15,42.0,-13.850000000000001,13.850000000000001,191.82250000000005,/home/ubuntu/EdgeRanked/sports/wnba/outputs/archive/projections/wnba_projections_20260622.csv,2026-07-13T11:30:43Z
2026-06-22,2026-06-22,Brittney Griner,brittney griner,brittney griner,CON,CHI,24.03,22.0,2.030000000000001,2.030000000000001,4.120900000000004,/home/ubuntu/EdgeRanked/sports/wnba/outputs/archive/projections/wnba_projections_20260622.csv,2026-07-13T11:30:43Z
2026-06-22,2026-06-22,Caitlin Clark,caitlin clark,caitlin clark,IND,PHX,31.88,29.0,2.879999999999999,2.879999999999999,8.294399999999994,/home/ubuntu/EdgeRanked/sports/wnba/outputs/archive/projections/wnba_projections_20260622.csv,2026-07-13T11:30:43Z
2026-06-22,2026-06-22,Charlisse Leger-Walker,charlisse leger-walker,charlisse leger-walker,CON,CHI,18.16,29.0,-10.84,10.84,117.5056,/home/ubuntu/EdgeRanked/sports/wnba/outputs/archive/projections/wnba_projections_20260622.csv,2026-07-13T11:30:43Z
2026-06-22,2026-06-22,DeWanna Bonner,dewanna bonner,dewanna bonner,PHX,IND,23.45,27.0,-3.5500000000000007,3.5500000000000007,12.602500000000004,/home/ubuntu/EdgeRanked/sports/wnba/outputs/archive/projections/wnba_projections_20260622.csv,2026-07-13T11:30:43Z
2026-06-22,2026-06-22,Diamond Miller,diamond miller,diamond miller,CON,CHI,19.38,24.0,-4.620000000000001,4.620000000000001,21.34440000000001,/home/ubuntu/EdgeRanked/sports/wnba/outputs/archive/projections/wnba_projections_20260622.csv,2026-07-13T11:30:43Z
2026-06-22,2026-06-22,Dominique Malonga,dominique malonga,dominique malonga,SEA,DAL,29.32,38.0,-8.68,8.68,75.3424,/home/ubuntu/EdgeRanked/sports/wnba/outputs/archive/projections/wnba_projections_20260622.csv,2026-07-13T11:30:43Z
2026-06-22,2026-06-22,Elizabeth Williams,elizabeth williams,elizabeth williams,CHI,CON,19.26,15.0,4.260000000000002,4.260000000000002,18.147600000000015,/home/ubuntu/EdgeRanked/sports/wnba/outputs/archive/projections/wnba_projections_20260622.csv,2026-07-13T11:30:43Z
2026-06-22,2026-06-22,Flau'jae Johnson,flau'jae johnson,flau'jae johnson,SEA,DAL,24.64,40.0,-15.36,15.36,235.9296,/home/ubuntu/EdgeRanked/sports/wnba/outputs/archive/projections/wnba_projections_20260622.csv,2026-07-13T11:30:43Z
2026-06-22,2026-06-22,Gabriela Jaquez,gabriela jaquez,gabriela jaquez,CHI,CON,28.91,21.0,7.91,7.91,62.5681,/home/ubuntu/EdgeRanked/sports/wnba/outputs/archive/projections/wnba_projections_20260622.csv,2026-07-13T11:30:43Z
2026-06-22,2026-06-22,Gianna Kneepkens,gianna kneepkens,gianna kneepkens,CON,CHI,8.0,5.0,3.0,3.0,9.0,/home/ubuntu/EdgeRanked/sports/wnba/outputs/archive/projections/wnba_projections_20260622.csv,2026-07-13T11:30:43Z
2026-06-22,2026-06-22,Grace VanSlooten,grace vanslooten,grace vanslooten,IND,PHX,8.0,1.0,7.0,7.0,49.0,/home/ubuntu/EdgeRanked/sports/wnba/outputs/archive/projections/wnba_projections_20260622.csv,2026-07-13T11:30:43Z
2026-06-22,2026-06-22,Indya Nivar,indya nivar,indya nivar,ATL,TOR,8.0,1.0,7.0,7.0,49.0,/home/ubuntu/EdgeRanked/sports/wnba/outputs/archive/projections/wnba_projections_20260622.csv,2026-07-13T11:30:43Z
2026-06-22,2026-06-22,Isabelle Harrison,isabelle harrison,isabelle harrison,TOR,ATL,25.66,32.0,-6.34,6.34,40.1956,/home/ubuntu/EdgeRanked/sports/wnba/outputs/archive/projections/wnba_projections_20260622.csv,2026-07-13T11:30:43Z
2026-06-22,2026-06-22,Isobel Borlase,isobel borlase,isobel borlase,ATL,TOR,15.76,20.0,-4.24,4.24,17.977600000000002,/home/ubuntu/EdgeRanked/sports/wnba/outputs/archive/projections/wnba_projections_20260622.csv,2026-07-13T11:30:43Z
2026-06-22,2026-06-22,Jacy Sheldon,jacy sheldon,jacy sheldon,CHI,CON,24.07,20.0,4.07,4.07,16.5649,/home/ubuntu/EdgeRanked/sports/wnba/outputs/archive/projections/wnba_projections_20260622.csv,2026-07-13T11:30:43Z
2026-06-22,2026-06-22,Jessica Shepard,jessica shepard,jessica shepard,DAL,SEA,29.87,36.0,-6.129999999999999,6.129999999999999,37.57689999999999,/home/ubuntu/EdgeRanked/sports/wnba/outputs/archive/projections/wnba_projections_20260622.csv,2026-07-13T11:30:43Z
2026-06-22,2026-06-22,Jordin Canada,jordin canada,jordin canada,ATL,TOR,30.77,29.0,1.7699999999999996,1.7699999999999996,3.1328999999999985,/home/ubuntu/EdgeRanked/sports/wnba/outputs/archive/projections/wnba_projections_20260622.csv,2026-07-13T11:30:43Z
2026-06-22,2026-06-22,Julie Allemand,julie allemand,julie allemand,TOR,ATL,25.24,28.0,-2.7600000000000016,2.7600000000000016,7.617600000000008,/home/ubuntu/EdgeRanked/sports/wnba/outputs/archive/projections/wnba_projections_20260622.csv,2026-07-13T11:30:43Z
2026-06-22,2026-06-22,Kahleah Copper,kahleah copper,kahleah copper,PHX,IND,31.85,31.0,0.8500000000000014,0.8500000000000014,0.7225000000000024,/home/ubuntu/EdgeRanked/sports/wnba/outputs/archive/projections/wnba_projections_20260622.csv,2026-07-13T11:30:43Z
2026-06-22,2026-06-22,Kamilla Cardoso,kamilla cardoso,kamilla cardoso,CHI,CON,25.0,23.0,2.0,2.0,4.0,/home/ubuntu/EdgeRanked/sports/wnba/outputs/archive/projections/wnba_projections_20260622.csv,2026-07-13T11:30:43Z
2026-06-22,2026-06-22,Katie Lou Samuelson,katie lou samuelson,katie lou samuelson,SEA,DAL,12.81,21.0,-8.19,8.19,67.0761,/home/ubuntu/EdgeRanked/sports/wnba/outputs/archive/projections/wnba_projections_20260622.csv,2026-07-13T11:30:43Z
2026-06-22,2026-06-22,Kelsey Mitchell,kelsey mitchell,kelsey mitchell,IND,PHX,31.4,32.0,-0.6000000000000014,0.6000000000000014,0.3600000000000017,/home/ubuntu/EdgeRanked/sports/wnba/outputs/archive/projections/wnba_projections_20260622.csv,2026-07-13T11:30:43Z
2026-06-22,2026-06-22,Kennedy Burke,kennedy burke,kennedy burke,CON,CHI,22.46,24.0,-1.5399999999999991,1.5399999999999991,2.3715999999999973,/home/ubuntu/EdgeRanked/sports/wnba/outputs/archive/projections/wnba_projections_20260622.csv,2026-07-13T11:30:43Z
2026-06-22,2026-06-22,Kia Nurse,kia nurse,kia nurse,TOR,ATL,13.3,15.0,-1.6999999999999993,1.6999999999999993,2.8899999999999975,/home/ubuntu/EdgeRanked/sports/wnba/outputs/archive/projections/wnba_projections_20260622.csv,2026-07-13T11:30:43Z
2026-06-22,2026-06-22,Kyara Linskens,kyara linskens,kyara linskens,PHX,IND,9.86,14.0,-4.140000000000001,4.140000000000001,17.139600000000005,/home/ubuntu/EdgeRanked/sports/wnba/outputs/archive/projections/wnba_projections_20260622.csv,2026-07-13T11:30:43Z
2026-06-22,2026-06-22,Laura Juskaite,laura juskaite,laura juskaite,TOR,ATL,25.02,22.0,3.0199999999999996,3.0199999999999996,9.120399999999998,/home/ubuntu/EdgeRanked/sports/wnba/outputs/archive/projections/wnba_projections_20260622.csv,2026-07-13T11:30:43Z
2026-06-22,2026-06-22,Leila Lacan,leila lacan,leila lacan,CON,CHI,26.8,20.0,6.800000000000001,6.800000000000001,46.24000000000001,/home/ubuntu/EdgeRanked/sports/wnba/outputs/archive/projections/wnba_projections_20260622.csv,2026-07-13T11:30:43Z
2026-06-22,2026-06-22,Lexi Held,lexi held,lexi held,PHX,IND,16.39,22.0,-5.609999999999999,5.609999999999999,31.472099999999994,/home/ubuntu/EdgeRanked/sports/wnba/outputs/archive/projections/wnba_projections_20260622.csv,2026-07-13T11:30:43Z
2026-06-22,2026-06-22,Lexie Hull,lexie hull,lexie hull,IND,PHX,18.86,17.0,1.8599999999999994,1.8599999999999994,3.459599999999998,/home/ubuntu/EdgeRanked/sports/wnba/outputs/archive/projections/wnba_projections_20260622.csv,2026-07-13T11:30:43Z
2026-06-22,2026-06-22,Li Yueru,li yueru,li yueru,DAL,SEA,8.0,18.0,-10.0,10.0,100.0,/home/ubuntu/EdgeRanked/sports/wnba/outputs/archive/projections/wnba_projections_20260622.csv,2026-07-13T11:30:43Z
2026-06-22,2026-06-22,Maddy Siegrist,maddy siegrist,maddy siegrist,DAL,SEA,12.46,13.0,-0.5399999999999991,0.5399999999999991,0.2915999999999991,/home/ubuntu/EdgeRanked/sports/wnba/outputs/archive/projections/wnba_projections_20260622.csv,2026-07-13T11:30:43Z
2026-06-22,2026-06-22,Maddy Westbeld,maddy westbeld,maddy westbeld,CHI,CON,16.72,11.0,5.719999999999999,5.719999999999999,32.71839999999999,/home/ubuntu/EdgeRanked/sports/wnba/outputs/archive/projections/wnba_projections_20260622.csv,2026-07-13T11:30:43Z
2026-06-22,2026-06-22,Madina Okot,madina okot,madina okot,ATL,TOR,9.1,18.0,-8.9,8.9,79.21000000000001,/home/ubuntu/EdgeRanked/sports/wnba/outputs/archive/projections/wnba_projections_20260622.csv,2026-07-13T11:30:43Z
2026-06-22,2026-06-22,Makayla Timpson,makayla timpson,makayla timpson,IND,PHX,16.85,5.0,11.850000000000001,11.850000000000001,140.42250000000004,/home/ubuntu/EdgeRanked/sports/wnba/outputs/archive/projections/wnba_projections_20260622.csv,2026-07-13T11:30:43Z
2026-06-22,2026-06-22,Maria Conde,maria conde,maria conde,TOR,ATL,23.61,29.0,-5.390000000000001,5.390000000000001,29.052100000000006,/home/ubuntu/EdgeRanked/sports/wnba/outputs/archive/projections/wnba_projections_20260622.csv,2026-07-13T11:30:43Z
2026-06-22,2026-06-22,Marina Mabrey,marina mabrey,marina mabrey,TOR,ATL,28.74,31.0,-2.2600000000000016,2.2600000000000016,5.107600000000007,/home/ubuntu/EdgeRanked/sports/wnba/outputs/archive/projections/wnba_projections_20260622.csv,2026-07-13T11:30:43Z
2026-06-22,2026-06-22,Monique Billings,monique billings,monique billings,IND,PHX,18.84,28.0,-9.16,9.16,83.9056,/home/ubuntu/EdgeRanked/sports/wnba/outputs/archive/projections/wnba_projections_20260622.csv,2026-07-13T11:30:43Z
2026-06-22,2026-06-22,Myisha Hines-Allen,myisha hines-allen,myisha hines-allen,IND,PHX,12.86,14.0,-1.1400000000000006,1.1400000000000006,1.2996000000000012,/home/ubuntu/EdgeRanked/sports/wnba/outputs/archive/projections/wnba_projections_20260622.csv,2026-07-13T11:30:43Z
2026-06-22,2026-06-22,Natasha Cloud,natasha cloud,natasha cloud,CHI,CON,27.81,21.0,6.809999999999999,6.809999999999999,46.37609999999998,/home/ubuntu/EdgeRanked/sports/wnba/outputs/archive/projections/wnba_projections_20260622.csv,2026-07-13T11:30:43Z
2026-06-22,2026-06-22,Natasha Mack,natasha mack,natasha mack,PHX,IND,24.27,21.0,3.2699999999999996,3.2699999999999996,10.692899999999998,/home/ubuntu/EdgeRanked/sports/wnba/outputs/archive/projections/wnba_projections_20260622.csv,2026-07-13T11:30:43Z
2026-06-22,2026-06-22,Natisha Hiedeman,natisha hiedeman,natisha hiedeman,SEA,DAL,29.08,37.0,-7.920000000000002,7.920000000000002,62.72640000000003,/home/ubuntu/EdgeRanked/sports/wnba/outputs/archive/projections/wnba_projections_20260622.csv,2026-07-13T11:30:43Z
2026-06-22,2026-06-22,Naz Hillmon,naz hillmon,naz hillmon,ATL,TOR,30.68,23.0,7.68,7.68,58.9824,/home/ubuntu/EdgeRanked/sports/wnba/outputs/archive/projections/wnba_projections_20260622.csv,2026-07-13T11:30:43Z
2026-06-22,2026-06-22,Nell Angloma,nell angloma,nell angloma,CON,CHI,12.55,8.0,4.550000000000001,4.550000000000001,20.702500000000008,/home/ubuntu/EdgeRanked/sports/wnba/outputs/archive/projections/wnba_projections_20260622.csv,2026-07-13T11:30:43Z
2026-06-22,2026-06-22,Noemie Brochant,noemie brochant,noemie brochant,PHX,IND,20.99,26.0,-5.010000000000002,5.010000000000002,25.100100000000015,/home/ubuntu/EdgeRanked/sports/wnba/outputs/archive/projections/wnba_projections_20260622.csv,2026-07-13T11:30:43Z
2026-06-22,2026-06-22,Nyara Sabally,nyara sabally,nyara sabally,TOR,ATL,26.82,18.0,8.82,8.82,77.7924,/home/ubuntu/EdgeRanked/sports/wnba/outputs/archive/projections/wnba_projections_20260622.csv,2026-07-13T11:30:43Z
2026-06-22,2026-06-22,Olivia Nelson-Ododa,olivia nelson-ododa,olivia nelson-ododa,CON,CHI,18.83,27.0,-8.170000000000002,8.170000000000002,66.74890000000003,/home/ubuntu/EdgeRanked/sports/wnba/outputs/archive/projections/wnba_projections_20260622.csv,2026-07-13T11:30:43Z
2026-06-22,2026-06-22,Paige Bueckers,paige bueckers,paige bueckers,DAL,SEA,30.51,38.0,-7.489999999999998,7.489999999999998,56.100099999999976,/home/ubuntu/EdgeRanked/sports/wnba/outputs/archive/projections/wnba_projections_20260622.csv,2026-07-13T11:30:43Z
2026-06-22,2026-06-22,Quionche Carter,quionche carter,quionche carter,PHX,IND,10.49,2.0,8.49,8.49,72.0801,/home/ubuntu/EdgeRanked/sports/wnba/outputs/archive/projections/wnba_projections_20260622.csv,2026-07-13T11:30:43Z
2026-06-22,2026-06-22,Rachel Banham,rachel banham,rachel banham,CHI,CON,12.36,16.0,-3.6400000000000006,3.6400000000000006,13.249600000000004,/home/ubuntu/EdgeRanked/sports/wnba/outputs/archive/projections/wnba_projections_20260622.csv,2026-07-13T11:30:43Z
2026-06-22,2026-06-22,Raegan Beers,raegan beers,raegan beers,CON,CHI,8.65,5.0,3.6500000000000004,3.6500000000000004,13.322500000000003,/home/ubuntu/EdgeRanked/sports/wnba/outputs/archive/projections/wnba_projections_20260622.csv,2026-07-13T11:30:43Z
2026-06-22,2026-06-22,Raven Johnson,raven johnson,raven johnson,IND,PHX,12.06,18.0,-5.9399999999999995,5.9399999999999995,35.28359999999999,/home/ubuntu/EdgeRanked/sports/wnba/outputs/archive/projections/wnba_projections_20260622.csv,2026-07-13T11:30:43Z
2026-06-22,2026-06-22,Rhyne Howard,rhyne howard,rhyne howard,ATL,TOR,35.74,32.0,3.740000000000002,3.740000000000002,13.987600000000015,/home/ubuntu/EdgeRanked/sports/wnba/outputs/archive/projections/wnba_projections_20260622.csv,2026-07-13T11:30:43Z
2026-06-22,2026-06-22,Saniya Rivers,saniya rivers,saniya rivers,CON,CHI,23.43,13.0,10.43,10.43,108.7849,/home/ubuntu/EdgeRanked/sports/wnba/outputs/archive/projections/wnba_projections_20260622.csv,2026-07-13T11:30:43Z
2026-06-22,2026-06-22,Saylor Poffenbarger,saylor poffenbarger,saylor poffenbarger,CHI,CON,8.0,5.0,3.0,3.0,9.0,/home/ubuntu/EdgeRanked/sports/wnba/outputs/archive/projections/wnba_projections_20260622.csv,2026-07-13T11:30:43Z
2026-06-22,2026-06-22,Sika Kone,sika kone,sika kone,ATL,TOR,8.08,1.0,7.08,7.08,50.126400000000004,/home/ubuntu/EdgeRanked/sports/wnba/outputs/archive/projections/wnba_projections_20260622.csv,2026-07-13T11:30:43Z
2026-06-22,2026-06-22,Skylar Diggins,skylar diggins,skylar diggins,CHI,CON,29.99,20.0,9.989999999999998,9.989999999999998,99.80009999999997,/home/ubuntu/EdgeRanked/sports/wnba/outputs/archive/projections/wnba_projections_20260622.csv,2026-07-13T11:30:43Z
2026-06-22,2026-06-22,Sophie Cunningham,sophie cunningham,sophie cunningham,IND,PHX,23.8,26.0,-2.1999999999999993,2.1999999999999993,4.839999999999997,/home/ubuntu/EdgeRanked/sports/wnba/outputs/archive/projections/wnba_projections_20260622.csv,2026-07-13T11:30:43Z
2026-06-22,2026-06-22,Stefanie Dolson,stefanie dolson,stefanie dolson,SEA,DAL,14.02,14.0,0.019999999999999574,0.019999999999999574,0.00039999999999998294,/home/ubuntu/EdgeRanked/sports/wnba/outputs/archive/projections/wnba_projections_20260622.csv,2026-07-13T11:30:43Z
2026-06-22,2026-06-22,Sug Sutton,sug sutton,sug sutton,DAL,SEA,19.77,10.0,9.77,9.77,95.45289999999999,/home/ubuntu/EdgeRanked/sports/wnba/outputs/archive/projections/wnba_projections_20260622.csv,2026-07-13T11:30:43Z
2026-06-22,2026-06-22,Sydney Taylor,sydney taylor,sydney taylor,CHI,CON,20.97,22.0,-1.0300000000000011,1.0300000000000011,1.0609000000000024,/home/ubuntu/EdgeRanked/sports/wnba/outputs/archive/projections/wnba_projections_20260622.csv,2026-07-13T11:30:43Z
2026-06-22,2026-06-22,Taina Mair,taina mair,taina mair,SEA,DAL,8.0,8.0,0.0,0.0,0.0,/home/ubuntu/EdgeRanked/sports/wnba/outputs/archive/projections/wnba_projections_20260622.csv,2026-07-13T11:30:43Z
2026-06-22,2026-06-22,Te-Hina Paopao,te-hina paopao,te-hina paopao,ATL,TOR,15.2,14.0,1.1999999999999993,1.1999999999999993,1.4399999999999984,/home/ubuntu/EdgeRanked/sports/wnba/outputs/archive/projections/wnba_projections_20260622.csv,2026-07-13T11:30:43Z
2026-06-22,2026-06-22,Temi Fagbenle,temi fagbenle,temi fagbenle,TOR,ATL,16.26,14.0,2.2600000000000016,2.2600000000000016,5.107600000000007,/home/ubuntu/EdgeRanked/sports/wnba/outputs/archive/projections/wnba_projections_20260622.csv,2026-07-13T11:30:43Z
2026-06-22,2026-06-22,Teonni Key,teonni key,teonni key,TOR,ATL,10.34,2.0,8.34,8.34,69.5556,/home/ubuntu/EdgeRanked/sports/wnba/outputs/archive/projections/wnba_projections_20260622.csv,2026-07-13T11:30:43Z
2026-06-22,2026-06-22,Tima Pouye,tima pouye,tima pouye,TOR,ATL,12.78,8.0,4.779999999999999,4.779999999999999,22.848399999999994,/home/ubuntu/EdgeRanked/sports/wnba/outputs/archive/projections/wnba_projections_20260622.csv,2026-07-13T11:30:43Z
2026-06-22,2026-06-22,Valeriane Ayayi,valeriane ayayi,valeriane ayayi,PHX,IND,10.48,20.0,-9.52,9.52,90.6304,/home/ubuntu/EdgeRanked/sports/wnba/outputs/archive/projections/wnba_projections_20260622.csv,2026-07-13T11:30:43Z
2026-06-22,2026-06-22,Zia Cooke,zia cooke,zia cooke,SEA,DAL,14.47,30.0,-15.53,15.53,241.18089999999998,/home/ubuntu/EdgeRanked/sports/wnba/outputs/archive/projections/wnba_projections_20260622.csv,2026-07-13T11:30:43Z
2026-06-23,2026-06-23,A'ja Wilson,a'ja wilson,a'ja wilson,LVA,NYL,33.19,36.0,-2.8100000000000023,2.8100000000000023,7.896100000000013,/home/ubuntu/EdgeRanked/sports/wnba/outputs/archive/projections/wnba_projections_20260623.csv,2026-07-13T11:30:43Z
2026-06-23,2026-06-23,Betnijah Laney-Hamilton,betnijah laney-hamilton,betnijah laney-hamilton,NYL,LVA,17.53,17.0,0.5300000000000011,0.5300000000000011,0.2809000000000012,/home/ubuntu/EdgeRanked/sports/wnba/outputs/archive/projections/wnba_projections_20260623.csv,2026-07-13T11:30:43Z
2026-06-23,2026-06-23,Breanna Stewart,breanna stewart,breanna stewart,NYL,LVA,31.17,36.0,-4.829999999999998,4.829999999999998,23.328899999999983,/home/ubuntu/EdgeRanked/sports/wnba/outputs/archive/projections/wnba_projections_20260623.csv,2026-07-13T11:30:43Z
2026-06-23,2026-06-23,Chelsea Gray,chelsea gray,chelsea gray,LVA,NYL,32.26,35.0,-2.740000000000002,2.740000000000002,7.507600000000011,/home/ubuntu/EdgeRanked/sports/wnba/outputs/archive/projections/wnba_projections_20260623.csv,2026-07-13T11:30:43Z
2026-06-23,2026-06-23,Cheyenne Parker-Tyus,cheyenne parker-tyus,cheyenne parker-tyus,LVA,NYL,13.2,17.0,-3.8000000000000007,3.8000000000000007,14.440000000000005,/home/ubuntu/EdgeRanked/sports/wnba/outputs/archive/projections/wnba_projections_20260623.csv,2026-07-13T11:30:43Z
2026-06-23,2026-06-23,Han Xu,han xu,han xu,NYL,LVA,13.57,13.0,0.5700000000000003,0.5700000000000003,0.3249000000000003,/home/ubuntu/EdgeRanked/sports/wnba/outputs/archive/projections/wnba_projections_20260623.csv,2026-07-13T11:30:43Z
2026-06-23,2026-06-23,Jackie Young,jackie young,jackie young,LVA,NYL,33.14,38.0,-4.859999999999999,4.859999999999999,23.619599999999995,/home/ubuntu/EdgeRanked/sports/wnba/outputs/archive/projections/wnba_projections_20260623.csv,2026-07-13T11:30:43Z
2026-06-23,2026-06-23,Jewell Loyd,jewell loyd,jewell loyd,LVA,NYL,26.24,30.0,-3.7600000000000016,3.7600000000000016,14.137600000000011,/home/ubuntu/EdgeRanked/sports/wnba/outputs/archive/projections/wnba_projections_20260623.csv,2026-07-13T11:30:43Z
2026-06-23,2026-06-23,Jonquel Jones,jonquel jones,jonquel jones,NYL,LVA,28.24,28.0,0.23999999999999844,0.23999999999999844,0.05759999999999925,/home/ubuntu/EdgeRanked/sports/wnba/outputs/archive/projections/wnba_projections_20260623.csv,2026-07-13T11:30:43Z
2026-06-23,2026-06-23,Kierstan Bell,kierstan bell,kierstan bell,LVA,NYL,12.0,9.0,3.0,3.0,9.0,/home/ubuntu/EdgeRanked/sports/wnba/outputs/archive/projections/wnba_projections_20260623.csv,2026-07-13T11:30:43Z
2026-06-23,2026-06-23,Leonie Fiebich,leonie fiebich,leonie fiebich,NYL,LVA,26.02,30.0,-3.9800000000000004,3.9800000000000004,15.840400000000004,/home/ubuntu/EdgeRanked/sports/wnba/outputs/archive/projections/wnba_projections_20260623.csv,2026-07-13T11:30:43Z
2026-06-23,2026-06-23,Marine Johannes,marine johannes,marine johannes,NYL,LVA,23.07,18.0,5.07,5.07,25.704900000000002,/home/ubuntu/EdgeRanked/sports/wnba/outputs/archive/projections/wnba_projections_20260623.csv,2026-07-13T11:30:43Z
2026-06-23,2026-06-23,NaLyssa Smith,nalyssa smith,nalyssa smith,LVA,NYL,24.91,23.0,1.9100000000000001,1.9100000000000001,3.6481000000000003,/home/ubuntu/EdgeRanked/sports/wnba/outputs/archive/projections/wnba_projections_20260623.csv,2026-07-13T11:30:43Z
2026-06-23,2026-06-23,Pauline Astier,pauline astier,pauline astier,NYL,LVA,21.24,20.0,1.2399999999999984,1.2399999999999984,1.537599999999996,/home/ubuntu/EdgeRanked/sports/wnba/outputs/archive/projections/wnba_projections_20260623.csv,2026-07-13T11:30:43Z
2026-06-23,2026-06-23,Sabrina Ionescu,sabrina ionescu,sabrina ionescu,NYL,LVA,28.37,30.0,-1.629999999999999,1.629999999999999,2.6568999999999967,/home/ubuntu/EdgeRanked/sports/wnba/outputs/archive/projections/wnba_projections_20260623.csv,2026-07-13T11:30:43Z
2026-06-23,2026-06-23,Satou Sabally,satou sabally,satou sabally,NYL,LVA,18.71,8.0,10.71,10.71,114.70410000000003,/home/ubuntu/EdgeRanked/sports/wnba/outputs/archive/projections/wnba_projections_20260623.csv,2026-07-13T11:30:43Z
2026-06-23,2026-06-23,Stephanie Talbot,stephanie talbot,stephanie talbot,LVA,NYL,19.11,13.0,6.109999999999999,6.109999999999999,37.33209999999999,/home/ubuntu/EdgeRanked/sports/wnba/outputs/archive/projections/wnba_projections_20260623.csv,2026-07-13T11:30:43Z
2026-06-24,2026-06-24,Aicha Coulibaly,aicha coulibaly,aicha coulibaly,CHI,POR,14.24,15.0,-0.7599999999999998,0.7599999999999998,0.5775999999999997,/home/ubuntu/EdgeRanked/sports/wnba/outputs/archive/projections/wnba_projections_20260624.csv,2026-07-13T11:30:43Z
2026-06-24,2026-06-24,Alicia Florez,alicia florez,alicia florez,WAS,MIN,21.59,2.0,19.59,19.59,383.7681,/home/ubuntu/EdgeRanked/sports/wnba/outputs/archive/projections/wnba_projections_20260624.csv,2026-07-13T11:30:43Z
2026-06-24,2026-06-24,Aliyah Boston,aliyah boston,aliyah boston,IND,PHX,27.66,35.0,-7.34,7.34,53.8756,/home/ubuntu/EdgeRanked/sports/wnba/outputs/archive/projections/wnba_projections_20260624.csv,2026-07-13T11:30:43Z
2026-06-24,2026-06-24,Allisha Gray,allisha gray,allisha gray,ATL,GSV,33.98,25.0,8.979999999999997,8.979999999999997,80.64039999999994,/home/ubuntu/EdgeRanked/sports/wnba/outputs/archive/projections/wnba_projections_20260624.csv,2026-07-13T11:30:43Z
2026-06-24,2026-06-24,Alyssa Thomas,alyssa thomas,alyssa thomas,PHX,IND,29.85,38.0,-8.149999999999999,8.149999999999999,66.42249999999997,/home/ubuntu/EdgeRanked/sports/wnba/outputs/archive/projections/wnba_projections_20260624.csv,2026-07-13T11:30:43Z
2026-06-24,2026-06-24,Anastasiia Olairi Kosu,anastasiia olairi kosu,anastasiia olairi kosu,MIN,WAS,14.0,14.0,0.0,0.0,0.0,/home/ubuntu/EdgeRanked/sports/wnba/outputs/archive/projections/wnba_projections_20260624.csv,2026-07-13T11:30:43Z
2026-06-24,2026-06-24,Angel Reese,angel reese,angel reese,ATL,GSV,30.82,27.0,3.8200000000000003,3.8200000000000003,14.592400000000001,/home/ubuntu/EdgeRanked/sports/wnba/outputs/archive/projections/wnba_projections_20260624.csv,2026-07-13T11:30:43Z
2026-06-24,2026-06-24,Angela Dugalic,angela dugalic,angela dugalic,WAS,MIN,17.9,8.0,9.899999999999999,9.899999999999999,98.00999999999998,/home/ubuntu/EdgeRanked/sports/wnba/outputs/archive/projections/wnba_projections_20260624.csv,2026-07-13T11:30:43Z
2026-06-24,2026-06-24,Antonia Delaere,antonia delaere,antonia delaere,MIN,WAS,15.39,8.0,7.390000000000001,7.390000000000001,54.612100000000005,/home/ubuntu/EdgeRanked/sports/wnba/outputs/archive/projections/wnba_projections_20260624.csv,2026-07-13T11:30:43Z
2026-06-24,2026-06-24,Azura Stevens,azura stevens,azura stevens,CHI,POR,23.03,27.0,-3.969999999999999,3.969999999999999,15.76089999999999,/home/ubuntu/EdgeRanked/sports/wnba/outputs/archive/projections/wnba_projections_20260624.csv,2026-07-13T11:30:43Z
2026-06-24,2026-06-24,Bridget Carleton,bridget carleton,bridget carleton,POR,CHI,26.88,29.0,-2.120000000000001,2.120000000000001,4.494400000000004,/home/ubuntu/EdgeRanked/sports/wnba/outputs/archive/projections/wnba_projections_20260624.csv,2026-07-13T11:30:43Z
2026-06-24,2026-06-24,Caitlin Clark,caitlin clark,caitlin clark,IND,PHX,30.49,20.0,10.489999999999998,10.489999999999998,110.04009999999997,/home/ubuntu/EdgeRanked/sports/wnba/outputs/archive/projections/wnba_projections_20260624.csv,2026-07-13T11:30:43Z
2026-06-24,2026-06-24,Carla Leite,carla leite,carla leite,POR,CHI,23.27,28.0,-4.73,4.73,22.372900000000005,/home/ubuntu/EdgeRanked/sports/wnba/outputs/archive/projections/wnba_projections_20260624.csv,2026-07-13T11:30:43Z
2026-06-24,2026-06-24,Cecilia Zandalasini,cecilia zandalasini,cecilia zandalasini,GSV,ATL,19.84,21.0,-1.1600000000000001,1.1600000000000001,1.3456000000000004,/home/ubuntu/EdgeRanked/sports/wnba/outputs/archive/projections/wnba_projections_20260624.csv,2026-07-13T11:30:43Z
2026-06-24,2026-06-24,Cotie McMahon,cotie mcmahon,cotie mcmahon,WAS,MIN,19.35,29.0,-9.649999999999999,9.649999999999999,93.12249999999997,/home/ubuntu/EdgeRanked/sports/wnba/outputs/archive/projections/wnba_projections_20260624.csv,2026-07-13T11:30:43Z
2026-06-24,2026-06-24,Courtney Williams,courtney williams,courtney williams,MIN,WAS,29.21,25.0,4.210000000000001,4.210000000000001,17.724100000000007,/home/ubuntu/EdgeRanked/sports/wnba/outputs/archive/projections/wnba_projections_20260624.csv,2026-07-13T11:30:43Z
2026-06-24,2026-06-24,DeWanna Bonner,dewanna bonner,dewanna bonner,PHX,IND,22.78,33.0,-10.219999999999999,10.219999999999999,104.44839999999998,/home/ubuntu/EdgeRanked/sports/wnba/outputs/archive/projections/wnba_projections_20260624.csv,2026-07-13T11:30:43Z
2026-06-24,2026-06-24,Elizabeth Williams,elizabeth williams,elizabeth williams,CHI,POR,17.02,13.0,4.02,4.02,16.160399999999996,/home/ubuntu/EdgeRanked/sports/wnba/outputs/archive/projections/wnba_projections_20260624.csv,2026-07-13T11:30:43Z
2026-06-24,2026-06-24,Emily Engstler,emily engstler,emily engstler,POR,CHI,21.59,17.0,4.59,4.59,21.068099999999998,/home/ubuntu/EdgeRanked/sports/wnba/outputs/archive/projections/wnba_projections_20260624.csv,2026-07-13T11:30:43Z
2026-06-24,2026-06-24,Frieda Buhner,frieda buhner,frieda buhner,POR,CHI,12.36,16.0,-3.6400000000000006,3.6400000000000006,13.249600000000004,/home/ubuntu/EdgeRanked/sports/wnba/outputs/archive/projections/wnba_projections_20260624.csv,2026-07-13T11:30:43Z
2026-06-24,2026-06-24,Gabby Williams,gabby williams,gabby williams,GSV,ATL,26.92,32.0,-5.079999999999998,5.079999999999998,25.806399999999982,/home/ubuntu/EdgeRanked/sports/wnba/outputs/archive/projections/wnba_projections_20260624.csv,2026-07-13T11:30:43Z
2026-06-24,2026-06-24,Gabriela Jaquez,gabriela jaquez,gabriela jaquez,CHI,POR,26.86,23.0,3.8599999999999994,3.8599999999999994,14.899599999999996,/home/ubuntu/EdgeRanked/sports/wnba/outputs/archive/projections/wnba_projections_20260624.csv,2026-07-13T11:30:43Z
2026-06-24,2026-06-24,Georgia Amoore,georgia amoore,georgia amoore,WAS,MIN,22.83,26.0,-3.1700000000000017,3.1700000000000017,10.04890000000001,/home/ubuntu/EdgeRanked/sports/wnba/outputs/archive/projections/wnba_projections_20260624.csv,2026-07-13T11:30:43Z
2026-06-24,2026-06-24,Holly Winterburn,holly winterburn,holly winterburn,POR,CHI,12.17,4.0,8.17,8.17,66.74889999999999,/home/ubuntu/EdgeRanked/sports/wnba/outputs/archive/projections/wnba_projections_20260624.csv,2026-07-13T11:30:43Z
2026-06-24,2026-06-24,Indya Nivar,indya nivar,indya nivar,ATL,GSV,8.0,11.0,-3.0,3.0,9.0,/home/ubuntu/EdgeRanked/sports/wnba/outputs/archive/projections/wnba_projections_20260624.csv,2026-07-13T11:30:43Z
2026-06-24,2026-06-24,Isobel Borlase,isobel borlase,isobel borlase,ATL,GSV,15.06,19.0,-3.9399999999999995,3.9399999999999995,15.523599999999997,/home/ubuntu/EdgeRanked/sports/wnba/outputs/archive/projections/wnba_projections_20260624.csv,2026-07-13T11:30:43Z
2026-06-24,2026-06-24,Jacy Sheldon,jacy sheldon,jacy sheldon,CHI,POR,21.32,22.0,-0.6799999999999997,0.6799999999999997,0.4623999999999996,/home/ubuntu/EdgeRanked/sports/wnba/outputs/archive/projections/wnba_projections_20260624.csv,2026-07-13T11:30:43Z
2026-06-24,2026-06-24,Janelle Salaun,janelle salaun,janelle salaun,GSV,ATL,24.09,10.0,14.09,14.09,198.5281,/home/ubuntu/EdgeRanked/sports/wnba/outputs/archive/projections/wnba_projections_20260624.csv,2026-07-13T11:30:43Z
2026-06-24,2026-06-24,Jordin Canada,jordin canada,jordin canada,ATL,GSV,30.91,28.0,2.91,2.91,8.468100000000002,/home/ubuntu/EdgeRanked/sports/wnba/outputs/archive/projections/wnba_projections_20260624.csv,2026-07-13T11:30:43Z
2026-06-24,2026-06-24,Kahleah Copper,kahleah copper,kahleah copper,PHX,IND,31.07,31.0,0.07000000000000028,0.07000000000000028,0.00490000000000004,/home/ubuntu/EdgeRanked/sports/wnba/outputs/archive/projections/wnba_projections_20260624.csv,2026-07-13T11:30:43Z
2026-06-24,2026-06-24,Kaila Charles,kaila charles,kaila charles,GSV,ATL,19.79,9.0,10.79,10.79,116.42409999999998,/home/ubuntu/EdgeRanked/sports/wnba/outputs/archive/projections/wnba_projections_20260624.csv,2026-07-13T11:30:43Z
2026-06-24,2026-06-24,Kaitlyn Chen,kaitlyn chen,kaitlyn chen,GSV,ATL,16.16,5.0,11.16,11.16,124.54560000000001,/home/ubuntu/EdgeRanked/sports/wnba/outputs/archive/projections/wnba_projections_20260624.csv,2026-07-13T11:30:43Z
2026-06-24,2026-06-24,Kamilla Cardoso,kamilla cardoso,kamilla cardoso,CHI,POR,25.68,27.0,-1.3200000000000003,1.3200000000000003,1.7424000000000008,/home/ubuntu/EdgeRanked/sports/wnba/outputs/archive/projections/wnba_projections_20260624.csv,2026-07-13T11:30:43Z
2026-06-24,2026-06-24,Karlie Samuelson,karlie samuelson,karlie samuelson,POR,CHI,13.55,15.0,-1.4499999999999993,1.4499999999999993,2.102499999999998,/home/ubuntu/EdgeRanked/sports/wnba/outputs/archive/projections/wnba_projections_20260624.csv,2026-07-13T11:30:43Z
2026-06-24,2026-06-24,Kayla McBride,kayla mcbride,kayla mcbride,MIN,WAS,28.95,38.0,-9.05,9.05,81.90250000000002,/home/ubuntu/EdgeRanked/sports/wnba/outputs/archive/projections/wnba_projections_20260624.csv,2026-07-13T11:30:43Z
2026-06-24,2026-06-24,Kayla Thornton,kayla thornton,kayla thornton,GSV,ATL,24.04,32.0,-7.960000000000001,7.960000000000001,63.36160000000002,/home/ubuntu/EdgeRanked/sports/wnba/outputs/archive/projections/wnba_projections_20260624.csv,2026-07-13T11:30:43Z
2026-06-24,2026-06-24,Kelsey Mitchell,kelsey mitchell,kelsey mitchell,IND,PHX,30.19,38.0,-7.809999999999999,7.809999999999999,60.99609999999998,/home/ubuntu/EdgeRanked/sports/wnba/outputs/archive/projections/wnba_projections_20260624.csv,2026-07-13T11:30:43Z
2026-06-24,2026-06-24,Kiah Stokes,kiah stokes,kiah stokes,GSV,ATL,18.15,24.0,-5.850000000000001,5.850000000000001,34.22250000000002,/home/ubuntu/EdgeRanked/sports/wnba/outputs/archive/projections/wnba_projections_20260624.csv,2026-07-13T11:30:43Z
2026-06-24,2026-06-24,Kiki Iriafen,kiki iriafen,kiki iriafen,WAS,MIN,27.05,30.0,-2.9499999999999993,2.9499999999999993,8.702499999999995,/home/ubuntu/EdgeRanked/sports/wnba/outputs/archive/projections/wnba_projections_20260624.csv,2026-07-13T11:30:43Z
2026-06-24,2026-06-24,Laeticia Amihere,laeticia amihere,laeticia amihere,GSV,ATL,9.16,13.0,-3.84,3.84,14.7456,/home/ubuntu/EdgeRanked/sports/wnba/outputs/archive/projections/wnba_projections_20260624.csv,2026-07-13T11:30:43Z
2026-06-24,2026-06-24,Lauren Betts,lauren betts,lauren betts,WAS,MIN,20.84,16.0,4.84,4.84,23.4256,/home/ubuntu/EdgeRanked/sports/wnba/outputs/archive/projections/wnba_projections_20260624.csv,2026-07-13T11:30:43Z
2026-06-24,2026-06-24,Lexi Held,lexi held,lexi held,PHX,IND,18.38,26.0,-7.620000000000001,7.620000000000001,58.06440000000001,/home/ubuntu/EdgeRanked/sports/wnba/outputs/archive/projections/wnba_projections_20260624.csv,2026-07-13T11:30:43Z
2026-06-24,2026-06-24,Lexie Hull,lexie hull,lexie hull,IND,PHX,16.95,24.0,-7.050000000000001,7.050000000000001,49.70250000000001,/home/ubuntu/EdgeRanked/sports/wnba/outputs/archive/projections/wnba_projections_20260624.csv,2026-07-13T11:30:43Z
2026-06-24,2026-06-24,Lucy Olsen,lucy olsen,lucy olsen,WAS,MIN,13.52,5.0,8.52,8.52,72.59039999999999,/home/ubuntu/EdgeRanked/sports/wnba/outputs/archive/projections/wnba_projections_20260624.csv,2026-07-13T11:30:43Z
2026-06-24,2026-06-24,Luisa Geiselsoder,luisa geiselsoder,luisa geiselsoder,POR,CHI,16.37,14.0,2.370000000000001,2.370000000000001,5.616900000000005,/home/ubuntu/EdgeRanked/sports/wnba/outputs/archive/projections/wnba_projections_20260624.csv,2026-07-13T11:30:43Z
2026-06-24,2026-06-24,Madina Okot,madina okot,madina okot,ATL,GSV,9.15,19.0,-9.85,9.85,97.0225,/home/ubuntu/EdgeRanked/sports/wnba/outputs/archive/projections/wnba_projections_20260624.csv,2026-07-13T11:30:43Z
2026-06-24,2026-06-24,Marta Suarez,marta suarez,marta suarez,PHX,IND,10.99,10.0,0.9900000000000002,0.9900000000000002,0.9801000000000004,/home/ubuntu/EdgeRanked/sports/wnba/outputs/archive/projections/wnba_projections_20260624.csv,2026-07-13T11:30:43Z
2026-06-24,2026-06-24,Maya Caldwell,maya caldwell,maya caldwell,MIN,WAS,15.15,14.0,1.1500000000000004,1.1500000000000004,1.322500000000001,/home/ubuntu/EdgeRanked/sports/wnba/outputs/archive/projections/wnba_projections_20260624.csv,2026-07-13T11:30:43Z
2026-06-24,2026-06-24,Megan Gustafson,megan gustafson,megan gustafson,POR,CHI,19.74,23.0,-3.2600000000000016,3.2600000000000016,10.62760000000001,/home/ubuntu/EdgeRanked/sports/wnba/outputs/archive/projections/wnba_projections_20260624.csv,2026-07-13T11:30:43Z
2026-06-24,2026-06-24,Michaela Onyenwere,michaela onyenwere,michaela onyenwere,WAS,MIN,25.34,23.0,2.34,2.34,5.475599999999999,/home/ubuntu/EdgeRanked/sports/wnba/outputs/archive/projections/wnba_projections_20260624.csv,2026-07-13T11:30:43Z
2026-06-24,2026-06-24,Monique Billings,monique billings,monique billings,IND,PHX,17.39,20.0,-2.6099999999999994,2.6099999999999994,6.812099999999997,/home/ubuntu/EdgeRanked/sports/wnba/outputs/archive/projections/wnba_projections_20260624.csv,2026-07-13T11:30:43Z
2026-06-24,2026-06-24,Myisha Hines-Allen,myisha hines-allen,myisha hines-allen,IND,PHX,14.73,21.0,-6.27,6.27,39.31289999999999,/home/ubuntu/EdgeRanked/sports/wnba/outputs/archive/projections/wnba_projections_20260624.csv,2026-07-13T11:30:43Z
2026-06-24,2026-06-24,Natasha Cloud,natasha cloud,natasha cloud,CHI,POR,27.1,21.0,6.100000000000001,6.100000000000001,37.210000000000015,/home/ubuntu/EdgeRanked/sports/wnba/outputs/archive/projections/wnba_projections_20260624.csv,2026-07-13T11:30:43Z
2026-06-24,2026-06-24,Natasha Howard,natasha howard,natasha howard,MIN,WAS,27.67,36.0,-8.329999999999998,8.329999999999998,69.38889999999998,/home/ubuntu/EdgeRanked/sports/wnba/outputs/archive/projections/wnba_projections_20260624.csv,2026-07-13T11:30:43Z
2026-06-24,2026-06-24,Naz Hillmon,naz hillmon,naz hillmon,ATL,GSV,30.97,16.0,14.969999999999999,14.969999999999999,224.10089999999997,/home/ubuntu/EdgeRanked/sports/wnba/outputs/archive/projections/wnba_projections_20260624.csv,2026-07-13T11:30:43Z
2026-06-24,2026-06-24,Nia Coffey,nia coffey,nia coffey,MIN,WAS,26.57,23.0,3.5700000000000003,3.5700000000000003,12.744900000000001,/home/ubuntu/EdgeRanked/sports/wnba/outputs/archive/projections/wnba_projections_20260624.csv,2026-07-13T11:30:43Z
2026-06-24,2026-06-24,Noemie Brochant,noemie brochant,noemie brochant,PHX,IND,23.97,33.0,-9.030000000000001,9.030000000000001,81.54090000000002,/home/ubuntu/EdgeRanked/sports/wnba/outputs/archive/projections/wnba_projections_20260624.csv,2026-07-13T11:30:43Z
2026-06-24,2026-06-24,Nyadiew Puoch,nyadiew puoch,nyadiew puoch,POR,CHI,14.79,13.0,1.7899999999999991,1.7899999999999991,3.204099999999997,/home/ubuntu/EdgeRanked/sports/wnba/outputs/archive/projections/wnba_projections_20260624.csv,2026-07-13T11:30:43Z
2026-06-24,2026-06-24,Olivia Miles,olivia miles,olivia miles,MIN,WAS,30.19,35.0,-4.809999999999999,4.809999999999999,23.13609999999999,/home/ubuntu/EdgeRanked/sports/wnba/outputs/archive/projections/wnba_projections_20260624.csv,2026-07-13T11:30:43Z
2026-06-24,2026-06-24,Quionche Carter,quionche carter,quionche carter,PHX,IND,9.13,2.0,7.130000000000001,7.130000000000001,50.836900000000014,/home/ubuntu/EdgeRanked/sports/wnba/outputs/archive/projections/wnba_projections_20260624.csv,2026-07-13T11:30:43Z
2026-06-24,2026-06-24,Rachel Banham,rachel banham,rachel banham,CHI,POR,12.3,6.0,6.300000000000001,6.300000000000001,39.69000000000001,/home/ubuntu/EdgeRanked/sports/wnba/outputs/archive/projections/wnba_projections_20260624.csv,2026-07-13T11:30:43Z
2026-06-24,2026-06-24,Raven Johnson,raven johnson,raven johnson,IND,PHX,14.1,19.0,-4.9,4.9,24.010000000000005,/home/ubuntu/EdgeRanked/sports/wnba/outputs/archive/projections/wnba_projections_20260624.csv,2026-07-13T11:30:43Z
2026-06-24,2026-06-24,Rhyne Howard,rhyne howard,rhyne howard,ATL,GSV,35.1,31.0,4.100000000000001,4.100000000000001,16.810000000000013,/home/ubuntu/EdgeRanked/sports/wnba/outputs/archive/projections/wnba_projections_20260624.csv,2026-07-13T11:30:43Z
2026-06-24,2026-06-24,Sarah Ashlee Barker,sarah ashlee barker,sarah ashlee barker,POR,CHI,22.49,26.0,-3.5100000000000016,3.5100000000000016,12.32010000000001,/home/ubuntu/EdgeRanked/sports/wnba/outputs/archive/projections/wnba_projections_20260624.csv,2026-07-13T11:30:43Z
2026-06-24,2026-06-24,Serah Williams,serah williams,serah williams,POR,CHI,9.93,7.0,2.9299999999999997,2.9299999999999997,8.584899999999998,/home/ubuntu/EdgeRanked/sports/wnba/outputs/archive/projections/wnba_projections_20260624.csv,2026-07-13T11:30:43Z
2026-06-24,2026-06-24,Shakira Austin,shakira austin,shakira austin,WAS,MIN,28.15,26.0,2.1499999999999986,2.1499999999999986,4.622499999999994,/home/ubuntu/EdgeRanked/sports/wnba/outputs/archive/projections/wnba_projections_20260624.csv,2026-07-13T11:30:43Z
2026-06-24,2026-06-24,Sika Kone,sika kone,sika kone,ATL,GSV,8.0,12.0,-4.0,4.0,16.0,/home/ubuntu/EdgeRanked/sports/wnba/outputs/archive/projections/wnba_projections_20260624.csv,2026-07-13T11:30:43Z
2026-06-24,2026-06-24,Skylar Diggins,skylar diggins,skylar diggins,CHI,POR,28.85,25.0,3.8500000000000014,3.8500000000000014,14.82250000000001,/home/ubuntu/EdgeRanked/sports/wnba/outputs/archive/projections/wnba_projections_20260624.csv,2026-07-13T11:30:43Z
2026-06-24,2026-06-24,Sonia Citron,sonia citron,sonia citron,WAS,MIN,32.38,34.0,-1.6199999999999974,1.6199999999999974,2.6243999999999916,/home/ubuntu/EdgeRanked/sports/wnba/outputs/archive/projections/wnba_projections_20260624.csv,2026-07-13T11:30:43Z
2026-06-24,2026-06-24,Sophie Cunningham,sophie cunningham,sophie cunningham,IND,PHX,23.71,20.0,3.710000000000001,3.710000000000001,13.764100000000006,/home/ubuntu/EdgeRanked/sports/wnba/outputs/archive/projections/wnba_projections_20260624.csv,2026-07-13T11:30:43Z
2026-06-24,2026-06-24,Sydney Taylor,sydney taylor,sydney taylor,CHI,POR,19.8,21.0,-1.1999999999999993,1.1999999999999993,1.4399999999999984,/home/ubuntu/EdgeRanked/sports/wnba/outputs/archive/projections/wnba_projections_20260624.csv,2026-07-13T11:30:43Z
2026-06-24,2026-06-24,Te-Hina Paopao,te-hina paopao,te-hina paopao,ATL,GSV,16.66,12.0,4.66,4.66,21.715600000000002,/home/ubuntu/EdgeRanked/sports/wnba/outputs/archive/projections/wnba_projections_20260624.csv,2026-07-13T11:30:43Z
2026-06-24,2026-06-24,Teaira McCowan,teaira mccowan,teaira mccowan,MIN,WAS,8.12,7.0,1.1199999999999992,1.1199999999999992,1.2543999999999982,/home/ubuntu/EdgeRanked/sports/wnba/outputs/archive/projections/wnba_projections_20260624.csv,2026-07-13T11:30:43Z
2026-06-24,2026-06-24,Teja Oblak,teja oblak,teja oblak,POR,CHI,14.9,8.0,6.9,6.9,47.61000000000001,/home/ubuntu/EdgeRanked/sports/wnba/outputs/archive/projections/wnba_projections_20260624.csv,2026-07-13T11:30:43Z
2026-06-24,2026-06-24,Tiffany Hayes,tiffany hayes,tiffany hayes,GSV,ATL,13.94,18.0,-4.0600000000000005,4.0600000000000005,16.483600000000003,/home/ubuntu/EdgeRanked/sports/wnba/outputs/archive/projections/wnba_projections_20260624.csv,2026-07-13T11:30:43Z
2026-06-24,2026-06-24,Tyasha Harris,tyasha harris,tyasha harris,IND,PHX,11.95,3.0,8.95,8.95,80.10249999999999,/home/ubuntu/EdgeRanked/sports/wnba/outputs/archive/projections/wnba_projections_20260624.csv,2026-07-13T11:30:43Z
2026-06-24,2026-06-24,Valeriane Ayayi,valeriane ayayi,valeriane ayayi,PHX,IND,15.38,28.0,-12.62,12.62,159.26439999999997,/home/ubuntu/EdgeRanked/sports/wnba/outputs/archive/projections/wnba_projections_20260624.csv,2026-07-13T11:30:43Z
2026-06-24,2026-06-24,Veronica Burton,veronica burton,veronica burton,GSV,ATL,27.36,35.0,-7.640000000000001,7.640000000000001,58.369600000000005,/home/ubuntu/EdgeRanked/sports/wnba/outputs/archive/projections/wnba_projections_20260624.csv,2026-07-13T11:30:43Z
2026-06-25,2026-06-25,A'ja Wilson,a'ja wilson,a'ja wilson,LVA,DAL,32.51,32.0,0.509999999999998,0.509999999999998,0.26009999999999794,/home/ubuntu/EdgeRanked/sports/wnba/outputs/archive/projections/wnba_projections_20260625.csv,2026-07-13T11:30:43Z
2026-06-25,2026-06-25,Alysha Clark,alysha clark,alysha clark,DAL,LVA,10.8,8.0,2.8000000000000007,2.8000000000000007,7.840000000000004,/home/ubuntu/EdgeRanked/sports/wnba/outputs/archive/projections/wnba_projections_20260625.csv,2026-07-13T11:30:43Z
2026-06-25,2026-06-25,Ariel Atkins,ariel atkins,ariel atkins,LAS,TOR,24.39,14.0,10.39,10.39,107.95210000000002,/home/ubuntu/EdgeRanked/sports/wnba/outputs/archive/projections/wnba_projections_20260625.csv,2026-07-13T11:30:43Z
2026-06-25,2026-06-25,Arike Ogunbowale,arike ogunbowale,arike ogunbowale,DAL,LVA,29.19,29.0,0.19000000000000128,0.19000000000000128,0.036100000000000486,/home/ubuntu/EdgeRanked/sports/wnba/outputs/archive/projections/wnba_projections_20260625.csv,2026-07-13T11:30:43Z
2026-06-25,2026-06-25,Awa Fam,awa fam,awa fam,SEA,NYL,26.97,33.0,-6.030000000000001,6.030000000000001,36.360900000000015,/home/ubuntu/EdgeRanked/sports/wnba/outputs/archive/projections/wnba_projections_20260625.csv,2026-07-13T11:30:43Z
2026-06-25,2026-06-25,Awak Kuier,awak kuier,awak kuier,DAL,LVA,15.87,21.0,-5.130000000000001,5.130000000000001,26.316900000000008,/home/ubuntu/EdgeRanked/sports/wnba/outputs/archive/projections/wnba_projections_20260625.csv,2026-07-13T11:30:43Z
2026-06-25,2026-06-25,Aziaha James,aziaha james,aziaha james,DAL,LVA,13.19,13.0,0.1899999999999995,0.1899999999999995,0.03609999999999981,/home/ubuntu/EdgeRanked/sports/wnba/outputs/archive/projections/wnba_projections_20260625.csv,2026-07-13T11:30:43Z
2026-06-25,2026-06-25,Azzi Fudd,azzi fudd,azzi fudd,DAL,LVA,27.97,32.0,-4.030000000000001,4.030000000000001,16.24090000000001,/home/ubuntu/EdgeRanked/sports/wnba/outputs/archive/projections/wnba_projections_20260625.csv,2026-07-13T11:30:43Z
2026-06-25,2026-06-25,Betnijah Laney-Hamilton,betnijah laney-hamilton,betnijah laney-hamilton,NYL,SEA,16.94,21.0,-4.059999999999999,4.059999999999999,16.48359999999999,/home/ubuntu/EdgeRanked/sports/wnba/outputs/archive/projections/wnba_projections_20260625.csv,2026-07-13T11:30:43Z
2026-06-25,2026-06-25,Brianna Turner,brianna turner,brianna turner,LVA,DAL,10.81,2.0,8.81,8.81,77.6161,/home/ubuntu/EdgeRanked/sports/wnba/outputs/archive/projections/wnba_projections_20260625.csv,2026-07-13T11:30:43Z
2026-06-25,2026-06-25,Chance Gray,chance gray,chance gray,LAS,TOR,11.03,14.0,-2.9700000000000006,2.9700000000000006,8.820900000000004,/home/ubuntu/EdgeRanked/sports/wnba/outputs/archive/projections/wnba_projections_20260625.csv,2026-07-13T11:30:43Z
2026-06-25,2026-06-25,Chelsea Gray,chelsea gray,chelsea gray,LVA,DAL,31.88,33.0,-1.120000000000001,1.120000000000001,1.2544000000000022,/home/ubuntu/EdgeRanked/sports/wnba/outputs/archive/projections/wnba_projections_20260625.csv,2026-07-13T11:30:43Z
2026-06-25,2026-06-25,Cheyenne Parker-Tyus,cheyenne parker-tyus,cheyenne parker-tyus,LVA,DAL,11.15,17.0,-5.85,5.85,34.2225,/home/ubuntu/EdgeRanked/sports/wnba/outputs/archive/projections/wnba_projections_20260625.csv,2026-07-13T11:30:43Z
2026-06-25,2026-06-25,Dearica Hamby,dearica hamby,dearica hamby,LAS,TOR,26.42,29.0,-2.5799999999999983,2.5799999999999983,6.656399999999991,/home/ubuntu/EdgeRanked/sports/wnba/outputs/archive/projections/wnba_projections_20260625.csv,2026-07-13T11:30:43Z
2026-06-25,2026-06-25,Dominique Malonga,dominique malonga,dominique malonga,SEA,NYL,26.53,34.0,-7.469999999999999,7.469999999999999,55.800899999999984,/home/ubuntu/EdgeRanked/sports/wnba/outputs/archive/projections/wnba_projections_20260625.csv,2026-07-13T11:30:43Z
2026-06-25,2026-06-25,Emma Cannon,emma cannon,emma cannon,LAS,TOR,9.66,14.0,-4.34,4.34,18.8356,/home/ubuntu/EdgeRanked/sports/wnba/outputs/archive/projections/wnba_projections_20260625.csv,2026-07-13T11:30:43Z
2026-06-25,2026-06-25,Erica Wheeler,erica wheeler,erica wheeler,LAS,TOR,25.26,24.0,1.2600000000000016,1.2600000000000016,1.587600000000004,/home/ubuntu/EdgeRanked/sports/wnba/outputs/archive/projections/wnba_projections_20260625.csv,2026-07-13T11:30:43Z
2026-06-25,2026-06-25,Flau'jae Johnson,flau'jae johnson,flau'jae johnson,SEA,NYL,25.19,33.0,-7.809999999999999,7.809999999999999,60.99609999999998,/home/ubuntu/EdgeRanked/sports/wnba/outputs/archive/projections/wnba_projections_20260625.csv,2026-07-13T11:30:43Z
2026-06-25,2026-06-25,Han Xu,han xu,han xu,NYL,SEA,11.45,14.0,-2.5500000000000007,2.5500000000000007,6.502500000000004,/home/ubuntu/EdgeRanked/sports/wnba/outputs/archive/projections/wnba_projections_20260625.csv,2026-07-13T11:30:43Z
2026-06-25,2026-06-25,Isabelle Harrison,isabelle harrison,isabelle harrison,TOR,LAS,25.45,21.0,4.449999999999999,4.449999999999999,19.802499999999995,/home/ubuntu/EdgeRanked/sports/wnba/outputs/archive/projections/wnba_projections_20260625.csv,2026-07-13T11:30:43Z
2026-06-25,2026-06-25,Jackie Young,jackie young,jackie young,LVA,DAL,31.93,32.0,-0.07000000000000028,0.07000000000000028,0.00490000000000004,/home/ubuntu/EdgeRanked/sports/wnba/outputs/archive/projections/wnba_projections_20260625.csv,2026-07-13T11:30:43Z
2026-06-25,2026-06-25,Jade Melbourne,jade melbourne,jade melbourne,SEA,NYL,20.55,25.0,-4.449999999999999,4.449999999999999,19.802499999999995,/home/ubuntu/EdgeRanked/sports/wnba/outputs/archive/projections/wnba_projections_20260625.csv,2026-07-13T11:30:43Z
2026-06-25,2026-06-25,Jessica Shepard,jessica shepard,jessica shepard,DAL,LVA,28.9,35.0,-6.100000000000001,6.100000000000001,37.210000000000015,/home/ubuntu/EdgeRanked/sports/wnba/outputs/archive/projections/wnba_projections_20260625.csv,2026-07-13T11:30:43Z
2026-06-25,2026-06-25,Jewell Loyd,jewell loyd,jewell loyd,LVA,DAL,25.96,26.0,-0.03999999999999915,0.03999999999999915,0.0015999999999999318,/home/ubuntu/EdgeRanked/sports/wnba/outputs/archive/projections/wnba_projections_20260625.csv,2026-07-13T11:30:43Z
2026-06-25,2026-06-25,Jihyun Park,jihyun park,jihyun park,LAS,TOR,11.35,19.0,-7.65,7.65,58.52250000000001,/home/ubuntu/EdgeRanked/sports/wnba/outputs/archive/projections/wnba_projections_20260625.csv,2026-07-13T11:30:43Z
2026-06-25,2026-06-25,Jonquel Jones,jonquel jones,jonquel jones,NYL,SEA,28.85,30.0,-1.1499999999999986,1.1499999999999986,1.3224999999999967,/home/ubuntu/EdgeRanked/sports/wnba/outputs/archive/projections/wnba_projections_20260625.csv,2026-07-13T11:30:43Z
2026-06-25,2026-06-25,Julie Allemand,julie allemand,julie allemand,TOR,LAS,25.05,30.0,-4.949999999999999,4.949999999999999,24.502499999999994,/home/ubuntu/EdgeRanked/sports/wnba/outputs/archive/projections/wnba_projections_20260625.csv,2026-07-13T11:30:43Z
2026-06-25,2026-06-25,Katie Lou Samuelson,katie lou samuelson,katie lou samuelson,SEA,NYL,17.04,13.0,4.039999999999999,4.039999999999999,16.321599999999993,/home/ubuntu/EdgeRanked/sports/wnba/outputs/archive/projections/wnba_projections_20260625.csv,2026-07-13T11:30:43Z
2026-06-25,2026-06-25,Kia Nurse,kia nurse,kia nurse,TOR,LAS,10.31,15.0,-4.6899999999999995,4.6899999999999995,21.996099999999995,/home/ubuntu/EdgeRanked/sports/wnba/outputs/archive/projections/wnba_projections_20260625.csv,2026-07-13T11:30:43Z
2026-06-25,2026-06-25,Kiana Williams,kiana williams,kiana williams,LAS,TOR,11.55,17.0,-5.449999999999999,5.449999999999999,29.702499999999993,/home/ubuntu/EdgeRanked/sports/wnba/outputs/archive/projections/wnba_projections_20260625.csv,2026-07-13T11:30:43Z
2026-06-25,2026-06-25,Kierstan Bell,kierstan bell,kierstan bell,LVA,DAL,12.36,13.0,-0.6400000000000006,0.6400000000000006,0.40960000000000074,/home/ubuntu/EdgeRanked/sports/wnba/outputs/archive/projections/wnba_projections_20260625.csv,2026-07-13T11:30:43Z
2026-06-25,2026-06-25,Laura Juskaite,laura juskaite,laura juskaite,TOR,LAS,24.07,20.0,4.07,4.07,16.5649,/home/ubuntu/EdgeRanked/sports/wnba/outputs/archive/projections/wnba_projections_20260625.csv,2026-07-13T11:30:43Z
2026-06-25,2026-06-25,Laura Ziegler,laura ziegler,laura ziegler,LAS,TOR,16.43,11.0,5.43,5.43,29.484899999999996,/home/ubuntu/EdgeRanked/sports/wnba/outputs/archive/projections/wnba_projections_20260625.csv,2026-07-13T11:30:43Z
2026-06-25,2026-06-25,Leonie Fiebich,leonie fiebich,leonie fiebich,NYL,SEA,25.02,31.0,-5.98,5.98,35.760400000000004,/home/ubuntu/EdgeRanked/sports/wnba/outputs/archive/projections/wnba_projections_20260625.csv,2026-07-13T11:30:43Z
2026-06-25,2026-06-25,Li Yueru,li yueru,li yueru,DAL,LVA,9.46,7.0,2.460000000000001,2.460000000000001,6.051600000000004,/home/ubuntu/EdgeRanked/sports/wnba/outputs/archive/projections/wnba_projections_20260625.csv,2026-07-13T11:30:43Z
2026-06-25,2026-06-25,Maddy Siegrist,maddy siegrist,maddy siegrist,DAL,LVA,12.94,12.0,0.9399999999999995,0.9399999999999995,0.883599999999999,/home/ubuntu/EdgeRanked/sports/wnba/outputs/archive/projections/wnba_projections_20260625.csv,2026-07-13T11:30:43Z
2026-06-25,2026-06-25,Maria Conde,maria conde,maria conde,TOR,LAS,24.93,29.0,-4.07,4.07,16.5649,/home/ubuntu/EdgeRanked/sports/wnba/outputs/archive/projections/wnba_projections_20260625.csv,2026-07-13T11:30:43Z
2026-06-25,2026-06-25,Marina Mabrey,marina mabrey,marina mabrey,TOR,LAS,29.92,32.0,-2.0799999999999983,2.0799999999999983,4.3263999999999925,/home/ubuntu/EdgeRanked/sports/wnba/outputs/archive/projections/wnba_projections_20260625.csv,2026-07-13T11:30:43Z
2026-06-25,2026-06-25,Marine Johannes,marine johannes,marine johannes,NYL,SEA,21.95,19.0,2.9499999999999993,2.9499999999999993,8.702499999999995,/home/ubuntu/EdgeRanked/sports/wnba/outputs/archive/projections/wnba_projections_20260625.csv,2026-07-13T11:30:43Z
2026-06-25,2026-06-25,NaLyssa Smith,nalyssa smith,nalyssa smith,LVA,DAL,23.79,30.0,-6.210000000000001,6.210000000000001,38.56410000000001,/home/ubuntu/EdgeRanked/sports/wnba/outputs/archive/projections/wnba_projections_20260625.csv,2026-07-13T11:30:43Z
2026-06-25,2026-06-25,Natisha Hiedeman,natisha hiedeman,natisha hiedeman,SEA,NYL,28.0,33.0,-5.0,5.0,25.0,/home/ubuntu/EdgeRanked/sports/wnba/outputs/archive/projections/wnba_projections_20260625.csv,2026-07-13T11:30:43Z
2026-06-25,2026-06-25,Nneka Ogwumike,nneka ogwumike,nneka ogwumike,LAS,TOR,28.69,27.0,1.6900000000000013,1.6900000000000013,2.8561000000000045,/home/ubuntu/EdgeRanked/sports/wnba/outputs/archive/projections/wnba_projections_20260625.csv,2026-07-13T11:30:43Z
2026-06-25,2026-06-25,Nyara Sabally,nyara sabally,nyara sabally,TOR,LAS,26.47,19.0,7.469999999999999,7.469999999999999,55.800899999999984,/home/ubuntu/EdgeRanked/sports/wnba/outputs/archive/projections/wnba_projections_20260625.csv,2026-07-13T11:30:43Z
2026-06-25,2026-06-25,Paige Bueckers,paige bueckers,paige bueckers,DAL,LVA,31.1,37.0,-5.899999999999999,5.899999999999999,34.80999999999998,/home/ubuntu/EdgeRanked/sports/wnba/outputs/archive/projections/wnba_projections_20260625.csv,2026-07-13T11:30:43Z
2026-06-25,2026-06-25,Pauline Astier,pauline astier,pauline astier,NYL,SEA,22.21,25.0,-2.789999999999999,2.789999999999999,7.784099999999995,/home/ubuntu/EdgeRanked/sports/wnba/outputs/archive/projections/wnba_projections_20260625.csv,2026-07-13T11:30:43Z
2026-06-25,2026-06-25,Rae Burrell,rae burrell,rae burrell,LAS,TOR,23.33,29.0,-5.670000000000002,5.670000000000002,32.14890000000002,/home/ubuntu/EdgeRanked/sports/wnba/outputs/archive/projections/wnba_projections_20260625.csv,2026-07-13T11:30:43Z
2026-06-25,2026-06-25,Raquel Carrera,raquel carrera,raquel carrera,NYL,SEA,8.0,17.0,-9.0,9.0,81.0,/home/ubuntu/EdgeRanked/sports/wnba/outputs/archive/projections/wnba_projections_20260625.csv,2026-07-13T11:30:43Z
2026-06-25,2026-06-25,Rebekah Gardner,rebekah gardner,rebekah gardner,NYL,SEA,13.07,13.0,0.07000000000000028,0.07000000000000028,0.00490000000000004,/home/ubuntu/EdgeRanked/sports/wnba/outputs/archive/projections/wnba_projections_20260625.csv,2026-07-13T11:30:43Z
2026-06-25,2026-06-25,Sabrina Ionescu,sabrina ionescu,sabrina ionescu,NYL,SEA,25.98,29.0,-3.0199999999999996,3.0199999999999996,9.120399999999998,/home/ubuntu/EdgeRanked/sports/wnba/outputs/archive/projections/wnba_projections_20260625.csv,2026-07-13T11:30:43Z
2026-06-25,2026-06-25,Stefanie Dolson,stefanie dolson,stefanie dolson,SEA,NYL,16.42,13.0,3.4200000000000017,3.4200000000000017,11.696400000000011,/home/ubuntu/EdgeRanked/sports/wnba/outputs/archive/projections/wnba_projections_20260625.csv,2026-07-13T11:30:43Z
2026-06-25,2026-06-25,Stephanie Talbot,stephanie talbot,stephanie talbot,LVA,DAL,18.2,16.0,2.1999999999999993,2.1999999999999993,4.839999999999997,/home/ubuntu/EdgeRanked/sports/wnba/outputs/archive/projections/wnba_projections_20260625.csv,2026-07-13T11:30:43Z
2026-06-25,2026-06-25,Sug Sutton,sug sutton,sug sutton,DAL,LVA,17.42,7.0,10.420000000000002,10.420000000000002,108.57640000000004,/home/ubuntu/EdgeRanked/sports/wnba/outputs/archive/projections/wnba_projections_20260625.csv,2026-07-13T11:30:43Z
2026-06-25,2026-06-25,Ta'Niya Latson,ta'niya latson,ta'niya latson,LAS,TOR,9.26,3.0,6.26,6.26,39.187599999999996,/home/ubuntu/EdgeRanked/sports/wnba/outputs/archive/projections/wnba_projections_20260625.csv,2026-07-13T11:30:43Z
2026-06-25,2026-06-25,Taylor Thierry,taylor thierry,taylor thierry,SEA,NYL,8.0,3.0,5.0,5.0,25.0,/home/ubuntu/EdgeRanked/sports/wnba/outputs/archive/projections/wnba_projections_20260625.csv,2026-07-13T11:30:43Z
2026-06-25,2026-06-25,Temi Fagbenle,temi fagbenle,temi fagbenle,TOR,LAS,23.12,19.0,4.120000000000001,4.120000000000001,16.97440000000001,/home/ubuntu/EdgeRanked/sports/wnba/outputs/archive/projections/wnba_projections_20260625.csv,2026-07-13T11:30:43Z
2026-06-25,2026-06-25,Teonni Key,teonni key,teonni key,TOR,LAS,8.92,2.0,6.92,6.92,47.8864,/home/ubuntu/EdgeRanked/sports/wnba/outputs/archive/projections/wnba_projections_20260625.csv,2026-07-13T11:30:43Z
2026-06-25,2026-06-25,Tima Pouye,tima pouye,tima pouye,TOR,LAS,10.44,14.0,-3.5600000000000005,3.5600000000000005,12.673600000000004,/home/ubuntu/EdgeRanked/sports/wnba/outputs/archive/projections/wnba_projections_20260625.csv,2026-07-13T11:30:43Z
2026-06-25,2026-06-25,Zia Cooke,zia cooke,zia cooke,SEA,NYL,15.69,13.0,2.6899999999999995,2.6899999999999995,7.236099999999998,/home/ubuntu/EdgeRanked/sports/wnba/outputs/archive/projections/wnba_projections_20260625.csv,2026-07-13T11:30:43Z
2026-06-26,2026-06-26,Aaliyah Edwards,aaliyah edwards,aaliyah edwards,CON,WAS,21.26,18.0,3.2600000000000016,3.2600000000000016,10.62760000000001,/home/ubuntu/EdgeRanked/sports/wnba/outputs/archive/projections/wnba_projections_20260626.csv,2026-07-13T11:30:43Z
2026-06-26,2026-06-26,Allisha Gray,allisha gray,allisha gray,ATL,GSV,33.03,36.0,-2.969999999999999,2.969999999999999,8.820899999999993,/home/ubuntu/EdgeRanked/sports/wnba/outputs/archive/projections/wnba_projections_20260626.csv,2026-07-13T11:30:43Z
2026-06-26,2026-06-26,Angel Reese,angel reese,angel reese,ATL,GSV,30.1,29.0,1.1000000000000014,1.1000000000000014,1.210000000000003,/home/ubuntu/EdgeRanked/sports/wnba/outputs/archive/projections/wnba_projections_20260626.csv,2026-07-13T11:30:43Z
2026-06-26,2026-06-26,Angela Dugalic,angela dugalic,angela dugalic,WAS,CON,16.16,8.0,8.16,8.16,66.5856,/home/ubuntu/EdgeRanked/sports/wnba/outputs/archive/projections/wnba_projections_20260626.csv,2026-07-13T11:30:43Z
2026-06-26,2026-06-26,Ashlon Jackson,ashlon jackson,ashlon jackson,CON,WAS,11.64,5.0,6.640000000000001,6.640000000000001,44.089600000000004,/home/ubuntu/EdgeRanked/sports/wnba/outputs/archive/projections/wnba_projections_20260626.csv,2026-07-13T11:30:43Z
2026-06-26,2026-06-26,Azura Stevens,azura stevens,azura stevens,CHI,POR,22.69,28.0,-5.309999999999999,5.309999999999999,28.196099999999987,/home/ubuntu/EdgeRanked/sports/wnba/outputs/archive/projections/wnba_projections_20260626.csv,2026-07-13T11:30:43Z
2026-06-26,2026-06-26,Bridget Carleton,bridget carleton,bridget carleton,POR,CHI,28.37,29.0,-0.629999999999999,0.629999999999999,0.39689999999999875,/home/ubuntu/EdgeRanked/sports/wnba/outputs/archive/projections/wnba_projections_20260626.csv,2026-07-13T11:30:43Z
2026-06-26,2026-06-26,Brittney Griner,brittney griner,brittney griner,CON,WAS,24.8,21.0,3.8000000000000007,3.8000000000000007,14.440000000000005,/home/ubuntu/EdgeRanked/sports/wnba/outputs/archive/projections/wnba_projections_20260626.csv,2026-07-13T11:30:43Z
2026-06-26,2026-06-26,Carla Leite,carla leite,carla leite,POR,CHI,25.48,23.0,2.4800000000000004,2.4800000000000004,6.150400000000002,/home/ubuntu/EdgeRanked/sports/wnba/outputs/archive/projections/wnba_projections_20260626.csv,2026-07-13T11:30:43Z
2026-06-26,2026-06-26,Cecilia Zandalasini,cecilia zandalasini,cecilia zandalasini,GSV,ATL,20.35,18.0,2.3500000000000014,2.3500000000000014,5.522500000000007,/home/ubuntu/EdgeRanked/sports/wnba/outputs/archive/projections/wnba_projections_20260626.csv,2026-07-13T11:30:43Z
2026-06-26,2026-06-26,Charlisse Leger-Walker,charlisse leger-walker,charlisse leger-walker,CON,WAS,17.2,31.0,-13.8,13.8,190.44000000000003,/home/ubuntu/EdgeRanked/sports/wnba/outputs/archive/projections/wnba_projections_20260626.csv,2026-07-13T11:30:43Z
2026-06-26,2026-06-26,Cotie McMahon,cotie mcmahon,cotie mcmahon,WAS,CON,21.95,24.0,-2.0500000000000007,2.0500000000000007,4.202500000000003,/home/ubuntu/EdgeRanked/sports/wnba/outputs/archive/projections/wnba_projections_20260626.csv,2026-07-13T11:30:43Z
2026-06-26,2026-06-26,Courtney Vandersloot,courtney vandersloot,courtney vandersloot,CHI,POR,25.62,14.0,11.620000000000001,11.620000000000001,135.0244,/home/ubuntu/EdgeRanked/sports/wnba/outputs/archive/projections/wnba_projections_20260626.csv,2026-07-13T11:30:43Z
2026-06-26,2026-06-26,Diamond Miller,diamond miller,diamond miller,CON,WAS,18.54,25.0,-6.460000000000001,6.460000000000001,41.731600000000014,/home/ubuntu/EdgeRanked/sports/wnba/outputs/archive/projections/wnba_projections_20260626.csv,2026-07-13T11:30:43Z
2026-06-26,2026-06-26,Elizabeth Williams,elizabeth williams,elizabeth williams,CHI,POR,16.0,19.0,-3.0,3.0,9.0,/home/ubuntu/EdgeRanked/sports/wnba/outputs/archive/projections/wnba_projections_20260626.csv,2026-07-13T11:30:43Z
2026-06-26,2026-06-26,Emily Engstler,emily engstler,emily engstler,POR,CHI,22.39,18.0,4.390000000000001,4.390000000000001,19.272100000000005,/home/ubuntu/EdgeRanked/sports/wnba/outputs/archive/projections/wnba_projections_20260626.csv,2026-07-13T11:30:43Z
2026-06-26,2026-06-26,Frieda Buhner,frieda buhner,frieda buhner,POR,CHI,12.61,21.0,-8.39,8.39,70.39210000000001,/home/ubuntu/EdgeRanked/sports/wnba/outputs/archive/projections/wnba_projections_20260626.csv,2026-07-13T11:30:43Z
2026-06-26,2026-06-26,Gabby Williams,gabby williams,gabby williams,GSV,ATL,25.78,22.0,3.780000000000001,3.780000000000001,14.288400000000008,/home/ubuntu/EdgeRanked/sports/wnba/outputs/archive/projections/wnba_projections_20260626.csv,2026-07-13T11:30:43Z
2026-06-26,2026-06-26,Gabriela Jaquez,gabriela jaquez,gabriela jaquez,CHI,POR,24.91,24.0,0.9100000000000001,0.9100000000000001,0.8281000000000003,/home/ubuntu/EdgeRanked/sports/wnba/outputs/archive/projections/wnba_projections_20260626.csv,2026-07-13T11:30:43Z
2026-06-26,2026-06-26,Georgia Amoore,georgia amoore,georgia amoore,WAS,CON,23.07,33.0,-9.93,9.93,98.6049,/home/ubuntu/EdgeRanked/sports/wnba/outputs/archive/projections/wnba_projections_20260626.csv,2026-07-13T11:30:43Z
2026-06-26,2026-06-26,Holly Winterburn,holly winterburn,holly winterburn,POR,CHI,11.9,3.0,8.9,8.9,79.21000000000001,/home/ubuntu/EdgeRanked/sports/wnba/outputs/archive/projections/wnba_projections_20260626.csv,2026-07-13T11:30:43Z
2026-06-26,2026-06-26,Indya Nivar,indya nivar,indya nivar,ATL,GSV,8.0,0.0,8.0,8.0,64.0,/home/ubuntu/EdgeRanked/sports/wnba/outputs/archive/projections/wnba_projections_20260626.csv,2026-07-13T11:30:43Z
2026-06-26,2026-06-26,Isobel Borlase,isobel borlase,isobel borlase,ATL,GSV,17.04,18.0,-0.9600000000000009,0.9600000000000009,0.9216000000000016,/home/ubuntu/EdgeRanked/sports/wnba/outputs/archive/projections/wnba_projections_20260626.csv,2026-07-13T11:30:43Z
2026-06-26,2026-06-26,Jacy Sheldon,jacy sheldon,jacy sheldon,CHI,POR,19.8,15.0,4.800000000000001,4.800000000000001,23.040000000000006,/home/ubuntu/EdgeRanked/sports/wnba/outputs/archive/projections/wnba_projections_20260626.csv,2026-07-13T11:30:43Z
2026-06-26,2026-06-26,Janelle Salaun,janelle salaun,janelle salaun,GSV,ATL,22.36,22.0,0.35999999999999943,0.35999999999999943,0.1295999999999996,/home/ubuntu/EdgeRanked/sports/wnba/outputs/archive/projections/wnba_projections_20260626.csv,2026-07-13T11:30:43Z
2026-06-26,2026-06-26,Jordan Harrison,jordan harrison,jordan harrison,POR,CHI,9.82,13.0,-3.1799999999999997,3.1799999999999997,10.112399999999997,/home/ubuntu/EdgeRanked/sports/wnba/outputs/archive/projections/wnba_projections_20260626.csv,2026-07-13T11:30:43Z
2026-06-26,2026-06-26,Jordin Canada,jordin canada,jordin canada,ATL,GSV,30.2,35.0,-4.800000000000001,4.800000000000001,23.040000000000006,/home/ubuntu/EdgeRanked/sports/wnba/outputs/archive/projections/wnba_projections_20260626.csv,2026-07-13T11:30:43Z
2026-06-26,2026-06-26,Kaila Charles,kaila charles,kaila charles,GSV,ATL,19.63,18.0,1.629999999999999,1.629999999999999,2.6568999999999967,/home/ubuntu/EdgeRanked/sports/wnba/outputs/archive/projections/wnba_projections_20260626.csv,2026-07-13T11:30:43Z
2026-06-26,2026-06-26,Kaitlyn Chen,kaitlyn chen,kaitlyn chen,GSV,ATL,17.77,18.0,-0.23000000000000043,0.23000000000000043,0.0529000000000002,/home/ubuntu/EdgeRanked/sports/wnba/outputs/archive/projections/wnba_projections_20260626.csv,2026-07-13T11:30:43Z
2026-06-26,2026-06-26,Kamilla Cardoso,kamilla cardoso,kamilla cardoso,CHI,POR,25.48,24.0,1.4800000000000004,1.4800000000000004,2.1904000000000012,/home/ubuntu/EdgeRanked/sports/wnba/outputs/archive/projections/wnba_projections_20260626.csv,2026-07-13T11:30:43Z
2026-06-26,2026-06-26,Kayla Thornton,kayla thornton,kayla thornton,GSV,ATL,23.21,19.0,4.210000000000001,4.210000000000001,17.724100000000007,/home/ubuntu/EdgeRanked/sports/wnba/outputs/archive/projections/wnba_projections_20260626.csv,2026-07-13T11:30:43Z
2026-06-26,2026-06-26,Kennedy Burke,kennedy burke,kennedy burke,CON,WAS,24.08,28.0,-3.9200000000000017,3.9200000000000017,15.366400000000013,/home/ubuntu/EdgeRanked/sports/wnba/outputs/archive/projections/wnba_projections_20260626.csv,2026-07-13T11:30:43Z
2026-06-26,2026-06-26,Kiah Stokes,kiah stokes,kiah stokes,GSV,ATL,17.98,30.0,-12.02,12.02,144.4804,/home/ubuntu/EdgeRanked/sports/wnba/outputs/archive/projections/wnba_projections_20260626.csv,2026-07-13T11:30:43Z
2026-06-26,2026-06-26,Kiki Iriafen,kiki iriafen,kiki iriafen,WAS,CON,26.14,32.0,-5.859999999999999,5.859999999999999,34.33959999999999,/home/ubuntu/EdgeRanked/sports/wnba/outputs/archive/projections/wnba_projections_20260626.csv,2026-07-13T11:30:43Z
2026-06-26,2026-06-26,Laeticia Amihere,laeticia amihere,laeticia amihere,GSV,ATL,12.08,10.0,2.08,2.08,4.3264000000000005,/home/ubuntu/EdgeRanked/sports/wnba/outputs/archive/projections/wnba_projections_20260626.csv,2026-07-13T11:30:43Z
2026-06-26,2026-06-26,Lauren Betts,lauren betts,lauren betts,WAS,CON,19.43,17.0,2.4299999999999997,2.4299999999999997,5.904899999999999,/home/ubuntu/EdgeRanked/sports/wnba/outputs/archive/projections/wnba_projections_20260626.csv,2026-07-13T11:30:43Z
2026-06-26,2026-06-26,Leila Lacan,leila lacan,leila lacan,CON,WAS,26.86,29.0,-2.1400000000000006,2.1400000000000006,4.579600000000003,/home/ubuntu/EdgeRanked/sports/wnba/outputs/archive/projections/wnba_projections_20260626.csv,2026-07-13T11:30:43Z
2026-06-26,2026-06-26,Lucy Olsen,lucy olsen,lucy olsen,WAS,CON,13.0,4.0,9.0,9.0,81.0,/home/ubuntu/EdgeRanked/sports/wnba/outputs/archive/projections/wnba_projections_20260626.csv,2026-07-13T11:30:43Z
2026-06-26,2026-06-26,Madina Okot,madina okot,madina okot,ATL,GSV,12.48,11.0,1.4800000000000004,1.4800000000000004,2.1904000000000012,/home/ubuntu/EdgeRanked/sports/wnba/outputs/archive/projections/wnba_projections_20260626.csv,2026-07-13T11:30:43Z
2026-06-26,2026-06-26,Megan Gustafson,megan gustafson,megan gustafson,POR,CHI,20.48,29.0,-8.52,8.52,72.59039999999999,/home/ubuntu/EdgeRanked/sports/wnba/outputs/archive/projections/wnba_projections_20260626.csv,2026-07-13T11:30:43Z
2026-06-26,2026-06-26,Michaela Onyenwere,michaela onyenwere,michaela onyenwere,WAS,CON,25.69,28.0,-2.3099999999999987,2.3099999999999987,5.336099999999994,/home/ubuntu/EdgeRanked/sports/wnba/outputs/archive/projections/wnba_projections_20260626.csv,2026-07-13T11:30:43Z
2026-06-26,2026-06-26,Natasha Cloud,natasha cloud,natasha cloud,CHI,POR,25.56,18.0,7.559999999999999,7.559999999999999,57.15359999999998,/home/ubuntu/EdgeRanked/sports/wnba/outputs/archive/projections/wnba_projections_20260626.csv,2026-07-13T11:30:43Z
2026-06-26,2026-06-26,Naz Hillmon,naz hillmon,naz hillmon,ATL,GSV,29.71,29.0,0.7100000000000009,0.7100000000000009,0.5041000000000012,/home/ubuntu/EdgeRanked/sports/wnba/outputs/archive/projections/wnba_projections_20260626.csv,2026-07-13T11:30:43Z
2026-06-26,2026-06-26,Nell Angloma,nell angloma,nell angloma,CON,WAS,10.67,4.0,6.67,6.67,44.4889,/home/ubuntu/EdgeRanked/sports/wnba/outputs/archive/projections/wnba_projections_20260626.csv,2026-07-13T11:30:43Z
2026-06-26,2026-06-26,Nyadiew Puoch,nyadiew puoch,nyadiew puoch,POR,CHI,14.36,14.0,0.35999999999999943,0.35999999999999943,0.1295999999999996,/home/ubuntu/EdgeRanked/sports/wnba/outputs/archive/projections/wnba_projections_20260626.csv,2026-07-13T11:30:43Z
2026-06-26,2026-06-26,Olivia Nelson-Ododa,olivia nelson-ododa,olivia nelson-ododa,CON,WAS,17.6,30.0,-12.399999999999999,12.399999999999999,153.75999999999996,/home/ubuntu/EdgeRanked/sports/wnba/outputs/archive/projections/wnba_projections_20260626.csv,2026-07-13T11:30:43Z
2026-06-26,2026-06-26,Rachel Banham,rachel banham,rachel banham,CHI,POR,12.32,12.0,0.3200000000000003,0.3200000000000003,0.10240000000000019,/home/ubuntu/EdgeRanked/sports/wnba/outputs/archive/projections/wnba_projections_20260626.csv,2026-07-13T11:30:43Z
2026-06-26,2026-06-26,Raegan Beers,raegan beers,raegan beers,CON,WAS,9.14,9.0,0.14000000000000057,0.14000000000000057,0.01960000000000016,/home/ubuntu/EdgeRanked/sports/wnba/outputs/archive/projections/wnba_projections_20260626.csv,2026-07-13T11:30:43Z
2026-06-26,2026-06-26,Rhyne Howard,rhyne howard,rhyne howard,ATL,GSV,35.95,36.0,-0.04999999999999716,0.04999999999999716,0.002499999999999716,/home/ubuntu/EdgeRanked/sports/wnba/outputs/archive/projections/wnba_projections_20260626.csv,2026-07-13T11:30:43Z
2026-06-26,2026-06-26,Sarah Ashlee Barker,sarah ashlee barker,sarah ashlee barker,POR,CHI,22.49,29.0,-6.510000000000002,6.510000000000002,42.38010000000002,/home/ubuntu/EdgeRanked/sports/wnba/outputs/archive/projections/wnba_projections_20260626.csv,2026-07-13T11:30:43Z
2026-06-26,2026-06-26,Serah Williams,serah williams,serah williams,POR,CHI,10.61,11.0,-0.39000000000000057,0.39000000000000057,0.15210000000000046,/home/ubuntu/EdgeRanked/sports/wnba/outputs/archive/projections/wnba_projections_20260626.csv,2026-07-13T11:30:43Z
2026-06-26,2026-06-26,Shakira Austin,shakira austin,shakira austin,WAS,CON,27.21,23.0,4.210000000000001,4.210000000000001,17.724100000000007,/home/ubuntu/EdgeRanked/sports/wnba/outputs/archive/projections/wnba_projections_20260626.csv,2026-07-13T11:30:43Z
2026-06-26,2026-06-26,Skylar Diggins,skylar diggins,skylar diggins,CHI,POR,27.41,23.0,4.41,4.41,19.4481,/home/ubuntu/EdgeRanked/sports/wnba/outputs/archive/projections/wnba_projections_20260626.csv,2026-07-13T11:30:43Z
2026-06-26,2026-06-26,Sonia Citron,sonia citron,sonia citron,WAS,CON,31.8,31.0,0.8000000000000007,0.8000000000000007,0.6400000000000011,/home/ubuntu/EdgeRanked/sports/wnba/outputs/archive/projections/wnba_projections_20260626.csv,2026-07-13T11:30:43Z
2026-06-26,2026-06-26,Sydney Taylor,sydney taylor,sydney taylor,CHI,POR,21.06,23.0,-1.9400000000000013,1.9400000000000013,3.763600000000005,/home/ubuntu/EdgeRanked/sports/wnba/outputs/archive/projections/wnba_projections_20260626.csv,2026-07-13T11:30:43Z
2026-06-26,2026-06-26,Te-Hina Paopao,te-hina paopao,te-hina paopao,ATL,GSV,16.16,5.0,11.16,11.16,124.54560000000001,/home/ubuntu/EdgeRanked/sports/wnba/outputs/archive/projections/wnba_projections_20260626.csv,2026-07-13T11:30:43Z
2026-06-26,2026-06-26,Teja Oblak,teja oblak,teja oblak,POR,CHI,14.13,10.0,4.130000000000001,4.130000000000001,17.056900000000006,/home/ubuntu/EdgeRanked/sports/wnba/outputs/archive/projections/wnba_projections_20260626.csv,2026-07-13T11:30:43Z
2026-06-26,2026-06-26,Tiffany Hayes,tiffany hayes,tiffany hayes,GSV,ATL,14.06,22.0,-7.9399999999999995,7.9399999999999995,63.04359999999999,/home/ubuntu/EdgeRanked/sports/wnba/outputs/archive/projections/wnba_projections_20260626.csv,2026-07-13T11:30:43Z
2026-06-26,2026-06-26,Veronica Burton,veronica burton,veronica burton,GSV,ATL,24.64,22.0,2.6400000000000006,2.6400000000000006,6.969600000000003,/home/ubuntu/EdgeRanked/sports/wnba/outputs/archive/projections/wnba_projections_20260626.csv,2026-07-13T11:30:43Z
2026-06-27,2026-06-27,Aliyah Boston,aliyah boston,aliyah boston,IND,LAS,26.86,21.0,5.859999999999999,5.859999999999999,34.33959999999999,/home/ubuntu/EdgeRanked/sports/wnba/outputs/archive/projections/wnba_projections_20260627.csv,2026-07-13T11:30:43Z
2026-06-27,2026-06-27,Allisha Gray,allisha gray,allisha gray,ATL,SEA,30.69,35.0,-4.309999999999999,4.309999999999999,18.57609999999999,/home/ubuntu/EdgeRanked/sports/wnba/outputs/archive/projections/wnba_projections_20260627.csv,2026-07-13T11:30:43Z
2026-06-27,2026-06-27,Amy Okonkwo,amy okonkwo,amy okonkwo,ATL,SEA,15.29,1.0,14.29,14.29,204.20409999999998,/home/ubuntu/EdgeRanked/sports/wnba/outputs/archive/projections/wnba_projections_20260627.csv,2026-07-13T11:30:43Z
2026-06-27,2026-06-27,Angel Reese,angel reese,angel reese,ATL,SEA,30.11,32.0,-1.8900000000000006,1.8900000000000006,3.572100000000002,/home/ubuntu/EdgeRanked/sports/wnba/outputs/archive/projections/wnba_projections_20260627.csv,2026-07-13T11:30:43Z
2026-06-27,2026-06-27,Ariel Atkins,ariel atkins,ariel atkins,LAS,IND,24.63,22.0,2.629999999999999,2.629999999999999,6.916899999999995,/home/ubuntu/EdgeRanked/sports/wnba/outputs/archive/projections/wnba_projections_20260627.csv,2026-07-13T11:30:43Z
2026-06-27,2026-06-27,Awa Fam,awa fam,awa fam,SEA,ATL,27.71,28.0,-0.28999999999999915,0.28999999999999915,0.08409999999999951,/home/ubuntu/EdgeRanked/sports/wnba/outputs/archive/projections/wnba_projections_20260627.csv,2026-07-13T11:30:43Z
2026-06-27,2026-06-27,Bree Hall,bree hall,bree hall,IND,LAS,16.7,10.0,6.699999999999999,6.699999999999999,44.88999999999999,/home/ubuntu/EdgeRanked/sports/wnba/outputs/archive/projections/wnba_projections_20260627.csv,2026-07-13T11:30:43Z
2026-06-27,2026-06-27,Chance Gray,chance gray,chance gray,LAS,IND,11.92,11.0,0.9199999999999999,0.9199999999999999,0.8463999999999998,/home/ubuntu/EdgeRanked/sports/wnba/outputs/archive/projections/wnba_projections_20260627.csv,2026-07-13T11:30:43Z
2026-06-27,2026-06-27,Damiris Dantas,damiris dantas,damiris dantas,IND,LAS,9.24,4.0,5.24,5.24,27.457600000000003,/home/ubuntu/EdgeRanked/sports/wnba/outputs/archive/projections/wnba_projections_20260627.csv,2026-07-13T11:30:43Z
2026-06-27,2026-06-27,Dearica Hamby,dearica hamby,dearica hamby,LAS,IND,26.89,26.0,0.8900000000000006,0.8900000000000006,0.792100000000001,/home/ubuntu/EdgeRanked/sports/wnba/outputs/archive/projections/wnba_projections_20260627.csv,2026-07-13T11:30:43Z
2026-06-27,2026-06-27,DeWanna Bonner,dewanna bonner,dewanna bonner,PHX,TOR,22.83,33.0,-10.170000000000002,10.170000000000002,103.42890000000004,/home/ubuntu/EdgeRanked/sports/wnba/outputs/archive/projections/wnba_projections_20260627.csv,2026-07-13T11:30:43Z
2026-06-27,2026-06-27,Dominique Malonga,dominique malonga,dominique malonga,SEA,ATL,28.21,28.0,0.21000000000000085,0.21000000000000085,0.04410000000000036,/home/ubuntu/EdgeRanked/sports/wnba/outputs/archive/projections/wnba_projections_20260627.csv,2026-07-13T11:30:43Z
2026-06-27,2026-06-27,Emma Cannon,emma cannon,emma cannon,LAS,IND,9.54,7.0,2.539999999999999,2.539999999999999,6.451599999999996,/home/ubuntu/EdgeRanked/sports/wnba/outputs/archive/projections/wnba_projections_20260627.csv,2026-07-13T11:30:43Z
2026-06-27,2026-06-27,Erica Wheeler,erica wheeler,erica wheeler,LAS,IND,25.62,21.0,4.620000000000001,4.620000000000001,21.34440000000001,/home/ubuntu/EdgeRanked/sports/wnba/outputs/archive/projections/wnba_projections_20260627.csv,2026-07-13T11:30:43Z
2026-06-27,2026-06-27,Flau'jae Johnson,flau'jae johnson,flau'jae johnson,SEA,ATL,27.32,33.0,-5.68,5.68,32.2624,/home/ubuntu/EdgeRanked/sports/wnba/outputs/archive/projections/wnba_projections_20260627.csv,2026-07-13T11:30:43Z
2026-06-27,2026-06-27,Grace VanSlooten,grace vanslooten,grace vanslooten,IND,LAS,8.0,5.0,3.0,3.0,9.0,/home/ubuntu/EdgeRanked/sports/wnba/outputs/archive/projections/wnba_projections_20260627.csv,2026-07-13T11:30:43Z
2026-06-27,2026-06-27,Indya Nivar,indya nivar,indya nivar,ATL,SEA,8.3,1.0,7.300000000000001,7.300000000000001,53.29000000000001,/home/ubuntu/EdgeRanked/sports/wnba/outputs/archive/projections/wnba_projections_20260627.csv,2026-07-13T11:30:43Z
2026-06-27,2026-06-27,Isabelle Harrison,isabelle harrison,isabelle harrison,TOR,PHX,26.7,27.0,-0.3000000000000007,0.3000000000000007,0.09000000000000043,/home/ubuntu/EdgeRanked/sports/wnba/outputs/archive/projections/wnba_projections_20260627.csv,2026-07-13T11:30:43Z
2026-06-27,2026-06-27,Isobel Borlase,isobel borlase,isobel borlase,ATL,SEA,17.35,14.0,3.3500000000000014,3.3500000000000014,11.222500000000009,/home/ubuntu/EdgeRanked/sports/wnba/outputs/archive/projections/wnba_projections_20260627.csv,2026-07-13T11:30:43Z
2026-06-27,2026-06-27,Jade Melbourne,jade melbourne,jade melbourne,SEA,ATL,19.56,31.0,-11.440000000000001,11.440000000000001,130.87360000000004,/home/ubuntu/EdgeRanked/sports/wnba/outputs/archive/projections/wnba_projections_20260627.csv,2026-07-13T11:30:43Z
2026-06-27,2026-06-27,Jihyun Park,jihyun park,jihyun park,LAS,IND,11.06,24.0,-12.94,12.94,167.44359999999998,/home/ubuntu/EdgeRanked/sports/wnba/outputs/archive/projections/wnba_projections_20260627.csv,2026-07-13T11:30:43Z
2026-06-27,2026-06-27,Jordin Canada,jordin canada,jordin canada,ATL,SEA,29.95,36.0,-6.050000000000001,6.050000000000001,36.602500000000006,/home/ubuntu/EdgeRanked/sports/wnba/outputs/archive/projections/wnba_projections_20260627.csv,2026-07-13T11:30:43Z
2026-06-27,2026-06-27,Julie Allemand,julie allemand,julie allemand,TOR,PHX,24.88,39.0,-14.120000000000001,14.120000000000001,199.37440000000004,/home/ubuntu/EdgeRanked/sports/wnba/outputs/archive/projections/wnba_projections_20260627.csv,2026-07-13T11:30:43Z
2026-06-27,2026-06-27,Kahleah Copper,kahleah copper,kahleah copper,PHX,TOR,30.1,34.0,-3.8999999999999986,3.8999999999999986,15.209999999999988,/home/ubuntu/EdgeRanked/sports/wnba/outputs/archive/projections/wnba_projections_20260627.csv,2026-07-13T11:30:43Z
2026-06-27,2026-06-27,Katie Lou Samuelson,katie lou samuelson,katie lou samuelson,SEA,ATL,18.04,17.0,1.0399999999999991,1.0399999999999991,1.0815999999999981,/home/ubuntu/EdgeRanked/sports/wnba/outputs/archive/projections/wnba_projections_20260627.csv,2026-07-13T11:30:43Z
2026-06-27,2026-06-27,Kelsey Mitchell,kelsey mitchell,kelsey mitchell,IND,LAS,30.53,26.0,4.530000000000001,4.530000000000001,20.52090000000001,/home/ubuntu/EdgeRanked/sports/wnba/outputs/archive/projections/wnba_projections_20260627.csv,2026-07-13T11:30:43Z
2026-06-27,2026-06-27,Kia Nurse,kia nurse,kia nurse,TOR,PHX,12.69,22.0,-9.31,9.31,86.6761,/home/ubuntu/EdgeRanked/sports/wnba/outputs/archive/projections/wnba_projections_20260627.csv,2026-07-13T11:30:43Z
2026-06-27,2026-06-27,Kiana Williams,kiana williams,kiana williams,LAS,IND,9.55,19.0,-9.45,9.45,89.30249999999998,/home/ubuntu/EdgeRanked/sports/wnba/outputs/archive/projections/wnba_projections_20260627.csv,2026-07-13T11:30:43Z
2026-06-27,2026-06-27,Kyara Linskens,kyara linskens,kyara linskens,PHX,TOR,10.37,14.0,-3.630000000000001,3.630000000000001,13.176900000000005,/home/ubuntu/EdgeRanked/sports/wnba/outputs/archive/projections/wnba_projections_20260627.csv,2026-07-13T11:30:43Z
2026-06-27,2026-06-27,Laura Juskaite,laura juskaite,laura juskaite,TOR,PHX,23.25,11.0,12.25,12.25,150.0625,/home/ubuntu/EdgeRanked/sports/wnba/outputs/archive/projections/wnba_projections_20260627.csv,2026-07-13T11:30:43Z
2026-06-27,2026-06-27,Laura Ziegler,laura ziegler,laura ziegler,LAS,IND,10.4,8.0,2.4000000000000004,2.4000000000000004,5.760000000000002,/home/ubuntu/EdgeRanked/sports/wnba/outputs/archive/projections/wnba_projections_20260627.csv,2026-07-13T11:30:43Z
2026-06-27,2026-06-27,Lexi Held,lexi held,lexi held,PHX,TOR,17.8,30.0,-12.2,12.2,148.83999999999997,/home/ubuntu/EdgeRanked/sports/wnba/outputs/archive/projections/wnba_projections_20260627.csv,2026-07-13T11:30:43Z
2026-06-27,2026-06-27,Lexie Hull,lexie hull,lexie hull,IND,LAS,17.21,22.0,-4.789999999999999,4.789999999999999,22.94409999999999,/home/ubuntu/EdgeRanked/sports/wnba/outputs/archive/projections/wnba_projections_20260627.csv,2026-07-13T11:30:43Z
2026-06-27,2026-06-27,Mackenzie Holmes,mackenzie holmes,mackenzie holmes,SEA,ATL,9.92,1.0,8.92,8.92,79.5664,/home/ubuntu/EdgeRanked/sports/wnba/outputs/archive/projections/wnba_projections_20260627.csv,2026-07-13T11:30:43Z
2026-06-27,2026-06-27,Madina Okot,madina okot,madina okot,ATL,SEA,14.97,11.0,3.9700000000000006,3.9700000000000006,15.760900000000005,/home/ubuntu/EdgeRanked/sports/wnba/outputs/archive/projections/wnba_projections_20260627.csv,2026-07-13T11:30:43Z
2026-06-27,2026-06-27,Makayla Timpson,makayla timpson,makayla timpson,IND,LAS,11.47,10.0,1.4700000000000006,1.4700000000000006,2.160900000000002,/home/ubuntu/EdgeRanked/sports/wnba/outputs/archive/projections/wnba_projections_20260627.csv,2026-07-13T11:30:43Z
2026-06-27,2026-06-27,Maria Conde,maria conde,maria conde,TOR,PHX,24.47,37.0,-12.530000000000001,12.530000000000001,157.00090000000003,/home/ubuntu/EdgeRanked/sports/wnba/outputs/archive/projections/wnba_projections_20260627.csv,2026-07-13T11:30:43Z
2026-06-27,2026-06-27,Marta Suarez,marta suarez,marta suarez,PHX,TOR,10.8,15.0,-4.199999999999999,4.199999999999999,17.639999999999993,/home/ubuntu/EdgeRanked/sports/wnba/outputs/archive/projections/wnba_projections_20260627.csv,2026-07-13T11:30:43Z
2026-06-27,2026-06-27,Monique Billings,monique billings,monique billings,IND,LAS,19.9,22.0,-2.1000000000000014,2.1000000000000014,4.410000000000006,/home/ubuntu/EdgeRanked/sports/wnba/outputs/archive/projections/wnba_projections_20260627.csv,2026-07-13T11:30:43Z
2026-06-27,2026-06-27,Myisha Hines-Allen,myisha hines-allen,myisha hines-allen,IND,LAS,14.75,9.0,5.75,5.75,33.0625,/home/ubuntu/EdgeRanked/sports/wnba/outputs/archive/projections/wnba_projections_20260627.csv,2026-07-13T11:30:43Z
2026-06-27,2026-06-27,Natisha Hiedeman,natisha hiedeman,natisha hiedeman,SEA,ATL,29.65,31.0,-1.3500000000000014,1.3500000000000014,1.8225000000000038,/home/ubuntu/EdgeRanked/sports/wnba/outputs/archive/projections/wnba_projections_20260627.csv,2026-07-13T11:30:43Z
2026-06-27,2026-06-27,Nneka Ogwumike,nneka ogwumike,nneka ogwumike,LAS,IND,29.96,26.0,3.960000000000001,3.960000000000001,15.681600000000007,/home/ubuntu/EdgeRanked/sports/wnba/outputs/archive/projections/wnba_projections_20260627.csv,2026-07-13T11:30:43Z
2026-06-27,2026-06-27,Noemie Brochant,noemie brochant,noemie brochant,PHX,TOR,22.74,28.0,-5.260000000000002,5.260000000000002,27.667600000000018,/home/ubuntu/EdgeRanked/sports/wnba/outputs/archive/projections/wnba_projections_20260627.csv,2026-07-13T11:30:43Z
2026-06-27,2026-06-27,Nyara Sabally,nyara sabally,nyara sabally,TOR,PHX,23.03,26.0,-2.969999999999999,2.969999999999999,8.820899999999993,/home/ubuntu/EdgeRanked/sports/wnba/outputs/archive/projections/wnba_projections_20260627.csv,2026-07-13T11:30:43Z
2026-06-27,2026-06-27,Quionche Carter,quionche carter,quionche carter,PHX,TOR,8.0,11.0,-3.0,3.0,9.0,/home/ubuntu/EdgeRanked/sports/wnba/outputs/archive/projections/wnba_projections_20260627.csv,2026-07-13T11:30:43Z
2026-06-27,2026-06-27,Rae Burrell,rae burrell,rae burrell,LAS,IND,25.05,28.0,-2.9499999999999993,2.9499999999999993,8.702499999999995,/home/ubuntu/EdgeRanked/sports/wnba/outputs/archive/projections/wnba_projections_20260627.csv,2026-07-13T11:30:43Z
2026-06-27,2026-06-27,Raven Johnson,raven johnson,raven johnson,IND,LAS,14.69,21.0,-6.3100000000000005,6.3100000000000005,39.816100000000006,/home/ubuntu/EdgeRanked/sports/wnba/outputs/archive/projections/wnba_projections_20260627.csv,2026-07-13T11:30:43Z
2026-06-27,2026-06-27,Rhyne Howard,rhyne howard,rhyne howard,ATL,SEA,34.42,38.0,-3.5799999999999983,3.5799999999999983,12.816399999999987,/home/ubuntu/EdgeRanked/sports/wnba/outputs/archive/projections/wnba_projections_20260627.csv,2026-07-13T11:30:43Z
2026-06-27,2026-06-27,Shay Ciezki,shay ciezki,shay ciezki,PHX,TOR,14.7,8.0,6.699999999999999,6.699999999999999,44.88999999999999,/home/ubuntu/EdgeRanked/sports/wnba/outputs/archive/projections/wnba_projections_20260627.csv,2026-07-13T11:30:43Z
2026-06-27,2026-06-27,Sika Kone,sika kone,sika kone,ATL,SEA,8.23,14.0,-5.77,5.77,33.292899999999996,/home/ubuntu/EdgeRanked/sports/wnba/outputs/archive/projections/wnba_projections_20260627.csv,2026-07-13T11:30:43Z
2026-06-27,2026-06-27,Sophie Cunningham,sophie cunningham,sophie cunningham,IND,LAS,23.81,20.0,3.8099999999999987,3.8099999999999987,14.516099999999991,/home/ubuntu/EdgeRanked/sports/wnba/outputs/archive/projections/wnba_projections_20260627.csv,2026-07-13T11:30:43Z
2026-06-27,2026-06-27,Stefanie Dolson,stefanie dolson,stefanie dolson,SEA,ATL,15.51,13.0,2.51,2.51,6.300099999999999,/home/ubuntu/EdgeRanked/sports/wnba/outputs/archive/projections/wnba_projections_20260627.csv,2026-07-13T11:30:43Z
2026-06-27,2026-06-27,Ta'Niya Latson,ta'niya latson,ta'niya latson,LAS,IND,10.4,7.0,3.4000000000000004,3.4000000000000004,11.560000000000002,/home/ubuntu/EdgeRanked/sports/wnba/outputs/archive/projections/wnba_projections_20260627.csv,2026-07-13T11:30:43Z
2026-06-27,2026-06-27,Taylor Thierry,taylor thierry,taylor thierry,SEA,ATL,8.0,6.0,2.0,2.0,4.0,/home/ubuntu/EdgeRanked/sports/wnba/outputs/archive/projections/wnba_projections_20260627.csv,2026-07-13T11:30:43Z
2026-06-27,2026-06-27,Te-Hina Paopao,te-hina paopao,te-hina paopao,ATL,SEA,15.12,18.0,-2.880000000000001,2.880000000000001,8.294400000000005,/home/ubuntu/EdgeRanked/sports/wnba/outputs/archive/projections/wnba_projections_20260627.csv,2026-07-13T11:30:43Z
2026-06-27,2026-06-27,Temi Fagbenle,temi fagbenle,temi fagbenle,TOR,PHX,21.63,19.0,2.629999999999999,2.629999999999999,6.916899999999995,/home/ubuntu/EdgeRanked/sports/wnba/outputs/archive/projections/wnba_projections_20260627.csv,2026-07-13T11:30:43Z
2026-06-27,2026-06-27,Tima Pouye,tima pouye,tima pouye,TOR,PHX,9.9,20.0,-10.1,10.1,102.00999999999999,/home/ubuntu/EdgeRanked/sports/wnba/outputs/archive/projections/wnba_projections_20260627.csv,2026-07-13T11:30:43Z
2026-06-27,2026-06-27,Tyasha Harris,tyasha harris,tyasha harris,IND,LAS,11.12,30.0,-18.880000000000003,18.880000000000003,356.4544000000001,/home/ubuntu/EdgeRanked/sports/wnba/outputs/archive/projections/wnba_projections_20260627.csv,2026-07-13T11:30:43Z
2026-06-27,2026-06-27,Valeriane Ayayi,valeriane ayayi,valeriane ayayi,PHX,TOR,16.67,27.0,-10.329999999999998,10.329999999999998,106.70889999999997,/home/ubuntu/EdgeRanked/sports/wnba/outputs/archive/projections/wnba_projections_20260627.csv,2026-07-13T11:30:43Z
2026-06-27,2026-06-27,Zia Cooke,zia cooke,zia cooke,SEA,ATL,19.41,11.0,8.41,8.41,70.7281,/home/ubuntu/EdgeRanked/sports/wnba/outputs/archive/projections/wnba_projections_20260627.csv,2026-07-13T11:30:43Z
2026-06-28,2026-06-28,A'ja Wilson,a'ja wilson,a'ja wilson,LVA,CHI,31.76,34.0,-2.2399999999999984,2.2399999999999984,5.017599999999993,/home/ubuntu/EdgeRanked/sports/wnba/outputs/archive/projections/wnba_projections_20260628.csv,2026-07-13T11:30:43Z
2026-06-28,2026-06-28,Aicha Coulibaly,aicha coulibaly,aicha coulibaly,CHI,LVA,14.74,9.0,5.74,5.74,32.9476,/home/ubuntu/EdgeRanked/sports/wnba/outputs/archive/projections/wnba_projections_20260628.csv,2026-07-13T11:30:43Z
2026-06-28,2026-06-28,Alicia Florez,alicia florez,alicia florez,WAS,POR,13.21,34.0,-20.79,20.79,432.22409999999996,/home/ubuntu/EdgeRanked/sports/wnba/outputs/archive/projections/wnba_projections_20260628.csv,2026-07-13T11:30:43Z
2026-06-28,2026-06-28,Anastasiia Olairi Kosu,anastasiia olairi kosu,anastasiia olairi kosu,MIN,DAL,11.86,4.0,7.859999999999999,7.859999999999999,61.77959999999999,/home/ubuntu/EdgeRanked/sports/wnba/outputs/archive/projections/wnba_projections_20260628.csv,2026-07-13T11:30:43Z
2026-06-28,2026-06-28,Angela Dugalic,angela dugalic,angela dugalic,WAS,POR,12.54,11.0,1.5399999999999991,1.5399999999999991,2.3715999999999973,/home/ubuntu/EdgeRanked/sports/wnba/outputs/archive/projections/wnba_projections_20260628.csv,2026-07-13T11:30:43Z
2026-06-28,2026-06-28,Antonia Delaere,antonia delaere,antonia delaere,MIN,DAL,11.64,2.0,9.64,9.64,92.92960000000001,/home/ubuntu/EdgeRanked/sports/wnba/outputs/archive/projections/wnba_projections_20260628.csv,2026-07-13T11:30:43Z
2026-06-28,2026-06-28,Arike Ogunbowale,arike ogunbowale,arike ogunbowale,DAL,MIN,27.88,26.0,1.879999999999999,1.879999999999999,3.534399999999996,/home/ubuntu/EdgeRanked/sports/wnba/outputs/archive/projections/wnba_projections_20260628.csv,2026-07-13T11:30:43Z
2026-06-28,2026-06-28,Awak Kuier,awak kuier,awak kuier,DAL,MIN,16.84,16.0,0.8399999999999999,0.8399999999999999,0.7055999999999998,/home/ubuntu/EdgeRanked/sports/wnba/outputs/archive/projections/wnba_projections_20260628.csv,2026-07-13T11:30:43Z
2026-06-28,2026-06-28,Aziaha James,aziaha james,aziaha james,DAL,MIN,16.24,11.0,5.239999999999998,5.239999999999998,27.457599999999985,/home/ubuntu/EdgeRanked/sports/wnba/outputs/archive/projections/wnba_projections_20260628.csv,2026-07-13T11:30:43Z
2026-06-28,2026-06-28,Azura Stevens,azura stevens,azura stevens,CHI,LVA,23.85,30.0,-6.149999999999999,6.149999999999999,37.822499999999984,/home/ubuntu/EdgeRanked/sports/wnba/outputs/archive/projections/wnba_projections_20260628.csv,2026-07-13T11:30:43Z
2026-06-28,2026-06-28,Azzi Fudd,azzi fudd,azzi fudd,DAL,MIN,29.32,38.0,-8.68,8.68,75.3424,/home/ubuntu/EdgeRanked/sports/wnba/outputs/archive/projections/wnba_projections_20260628.csv,2026-07-13T11:30:43Z
2026-06-28,2026-06-28,Betnijah Laney-Hamilton,betnijah laney-hamilton,betnijah laney-hamilton,NYL,GSV,17.3,13.0,4.300000000000001,4.300000000000001,18.490000000000006,/home/ubuntu/EdgeRanked/sports/wnba/outputs/archive/projections/wnba_projections_20260628.csv,2026-07-13T11:30:43Z
2026-06-28,2026-06-28,Breanna Stewart,breanna stewart,breanna stewart,NYL,GSV,30.9,26.0,4.899999999999999,4.899999999999999,24.009999999999987,/home/ubuntu/EdgeRanked/sports/wnba/outputs/archive/projections/wnba_projections_20260628.csv,2026-07-13T11:30:43Z
2026-06-28,2026-06-28,Brianna Turner,brianna turner,brianna turner,LVA,CHI,9.93,4.0,5.93,5.93,35.164899999999996,/home/ubuntu/EdgeRanked/sports/wnba/outputs/archive/projections/wnba_projections_20260628.csv,2026-07-13T11:30:43Z
2026-06-28,2026-06-28,Bridget Carleton,bridget carleton,bridget carleton,POR,WAS,27.66,51.0,-23.34,23.34,544.7556,/home/ubuntu/EdgeRanked/sports/wnba/outputs/archive/projections/wnba_projections_20260628.csv,2026-07-13T11:30:43Z
2026-06-28,2026-06-28,Carla Leite,carla leite,carla leite,POR,WAS,24.55,48.0,-23.45,23.45,549.9024999999999,/home/ubuntu/EdgeRanked/sports/wnba/outputs/archive/projections/wnba_projections_20260628.csv,2026-07-13T11:30:43Z
2026-06-28,2026-06-28,Cecilia Zandalasini,cecilia zandalasini,cecilia zandalasini,GSV,NYL,20.78,17.0,3.780000000000001,3.780000000000001,14.288400000000008,/home/ubuntu/EdgeRanked/sports/wnba/outputs/archive/projections/wnba_projections_20260628.csv,2026-07-13T11:30:43Z
2026-06-28,2026-06-28,Chelsea Gray,chelsea gray,chelsea gray,LVA,CHI,32.19,35.0,-2.8100000000000023,2.8100000000000023,7.896100000000013,/home/ubuntu/EdgeRanked/sports/wnba/outputs/archive/projections/wnba_projections_20260628.csv,2026-07-13T11:30:43Z
2026-06-28,2026-06-28,Chennedy Carter,chennedy carter,chennedy carter,LVA,CHI,17.43,16.0,1.4299999999999997,1.4299999999999997,2.0448999999999993,/home/ubuntu/EdgeRanked/sports/wnba/outputs/archive/projections/wnba_projections_20260628.csv,2026-07-13T11:30:43Z
2026-06-28,2026-06-28,Cheyenne Parker-Tyus,cheyenne parker-tyus,cheyenne parker-tyus,LVA,CHI,12.19,4.0,8.19,8.19,67.0761,/home/ubuntu/EdgeRanked/sports/wnba/outputs/archive/projections/wnba_projections_20260628.csv,2026-07-13T11:30:43Z
2026-06-28,2026-06-28,Cotie McMahon,cotie mcmahon,cotie mcmahon,WAS,POR,21.43,21.0,0.4299999999999997,0.4299999999999997,0.18489999999999976,/home/ubuntu/EdgeRanked/sports/wnba/outputs/archive/projections/wnba_projections_20260628.csv,2026-07-13T11:30:43Z
2026-06-28,2026-06-28,Courtney Vandersloot,courtney vandersloot,courtney vandersloot,CHI,LVA,26.31,16.0,10.309999999999999,10.309999999999999,106.29609999999997,/home/ubuntu/EdgeRanked/sports/wnba/outputs/archive/projections/wnba_projections_20260628.csv,2026-07-13T11:30:43Z
2026-06-28,2026-06-28,Courtney Williams,courtney williams,courtney williams,MIN,DAL,28.56,36.0,-7.440000000000001,7.440000000000001,55.35360000000002,/home/ubuntu/EdgeRanked/sports/wnba/outputs/archive/projections/wnba_projections_20260628.csv,2026-07-13T11:30:43Z
2026-06-28,2026-06-28,Elizabeth Williams,elizabeth williams,elizabeth williams,CHI,LVA,15.0,10.0,5.0,5.0,25.0,/home/ubuntu/EdgeRanked/sports/wnba/outputs/archive/projections/wnba_projections_20260628.csv,2026-07-13T11:30:43Z
2026-06-28,2026-06-28,Emily Engstler,emily engstler,emily engstler,POR,WAS,22.21,38.0,-15.79,15.79,249.3241,/home/ubuntu/EdgeRanked/sports/wnba/outputs/archive/projections/wnba_projections_20260628.csv,2026-07-13T11:30:43Z
2026-06-28,2026-06-28,Frieda Buhner,frieda buhner,frieda buhner,POR,WAS,14.42,22.0,-7.58,7.58,57.4564,/home/ubuntu/EdgeRanked/sports/wnba/outputs/archive/projections/wnba_projections_20260628.csv,2026-07-13T11:30:43Z
2026-06-28,2026-06-28,Gabby Williams,gabby williams,gabby williams,GSV,NYL,27.34,20.0,7.34,7.34,53.8756,/home/ubuntu/EdgeRanked/sports/wnba/outputs/archive/projections/wnba_projections_20260628.csv,2026-07-13T11:30:43Z
2026-06-28,2026-06-28,Gabriela Jaquez,gabriela jaquez,gabriela jaquez,CHI,LVA,26.01,12.0,14.010000000000002,14.010000000000002,196.28010000000003,/home/ubuntu/EdgeRanked/sports/wnba/outputs/archive/projections/wnba_projections_20260628.csv,2026-07-13T11:30:43Z
2026-06-28,2026-06-28,Georgia Amoore,georgia amoore,georgia amoore,WAS,POR,21.88,12.0,9.879999999999999,9.879999999999999,97.61439999999997,/home/ubuntu/EdgeRanked/sports/wnba/outputs/archive/projections/wnba_projections_20260628.csv,2026-07-13T11:30:43Z
2026-06-28,2026-06-28,Han Xu,han xu,han xu,NYL,GSV,12.37,10.0,2.369999999999999,2.369999999999999,5.616899999999997,/home/ubuntu/EdgeRanked/sports/wnba/outputs/archive/projections/wnba_projections_20260628.csv,2026-07-13T11:30:43Z
2026-06-28,2026-06-28,Jackie Young,jackie young,jackie young,LVA,CHI,32.28,36.0,-3.719999999999999,3.719999999999999,13.838399999999991,/home/ubuntu/EdgeRanked/sports/wnba/outputs/archive/projections/wnba_projections_20260628.csv,2026-07-13T11:30:43Z
2026-06-28,2026-06-28,Jacy Sheldon,jacy sheldon,jacy sheldon,CHI,LVA,22.14,11.0,11.14,11.14,124.09960000000001,/home/ubuntu/EdgeRanked/sports/wnba/outputs/archive/projections/wnba_projections_20260628.csv,2026-07-13T11:30:43Z
2026-06-28,2026-06-28,Janelle Salaun,janelle salaun,janelle salaun,GSV,NYL,20.41,14.0,6.41,6.41,41.088100000000004,/home/ubuntu/EdgeRanked/sports/wnba/outputs/archive/projections/wnba_projections_20260628.csv,2026-07-13T11:30:43Z
2026-06-28,2026-06-28,Jessica Shepard,jessica shepard,jessica shepard,DAL,MIN,30.22,35.0,-4.780000000000001,4.780000000000001,22.848400000000012,/home/ubuntu/EdgeRanked/sports/wnba/outputs/archive/projections/wnba_projections_20260628.csv,2026-07-13T11:30:43Z
2026-06-28,2026-06-28,Jewell Loyd,jewell loyd,jewell loyd,LVA,CHI,22.98,28.0,-5.02,5.02,25.200399999999995,/home/ubuntu/EdgeRanked/sports/wnba/outputs/archive/projections/wnba_projections_20260628.csv,2026-07-13T11:30:43Z
2026-06-28,2026-06-28,Jonquel Jones,jonquel jones,jonquel jones,NYL,GSV,28.62,27.0,1.620000000000001,1.620000000000001,2.624400000000003,/home/ubuntu/EdgeRanked/sports/wnba/outputs/archive/projections/wnba_projections_20260628.csv,2026-07-13T11:30:43Z
2026-06-28,2026-06-28,Jordan Harrison,jordan harrison,jordan harrison,POR,WAS,11.16,7.0,4.16,4.16,17.305600000000002,/home/ubuntu/EdgeRanked/sports/wnba/outputs/archive/projections/wnba_projections_20260628.csv,2026-07-13T11:30:43Z
2026-06-28,2026-06-28,Juste Jocyte,juste jocyte,juste jocyte,GSV,NYL,9.86,2.0,7.859999999999999,7.859999999999999,61.77959999999999,/home/ubuntu/EdgeRanked/sports/wnba/outputs/archive/projections/wnba_projections_20260628.csv,2026-07-13T11:30:43Z
2026-06-28,2026-06-28,Kaila Charles,kaila charles,kaila charles,GSV,NYL,17.47,23.0,-5.530000000000001,5.530000000000001,30.580900000000014,/home/ubuntu/EdgeRanked/sports/wnba/outputs/archive/projections/wnba_projections_20260628.csv,2026-07-13T11:30:43Z
2026-06-28,2026-06-28,Kaitlyn Chen,kaitlyn chen,kaitlyn chen,GSV,NYL,14.58,13.0,1.58,1.58,2.4964000000000004,/home/ubuntu/EdgeRanked/sports/wnba/outputs/archive/projections/wnba_projections_20260628.csv,2026-07-13T11:30:43Z
2026-06-28,2026-06-28,Kamilla Cardoso,kamilla cardoso,kamilla cardoso,CHI,LVA,26.3,30.0,-3.6999999999999993,3.6999999999999993,13.689999999999994,/home/ubuntu/EdgeRanked/sports/wnba/outputs/archive/projections/wnba_projections_20260628.csv,2026-07-13T11:30:43Z
2026-06-28,2026-06-28,Kayla McBride,kayla mcbride,kayla mcbride,MIN,DAL,29.27,38.0,-8.73,8.73,76.2129,/home/ubuntu/EdgeRanked/sports/wnba/outputs/archive/projections/wnba_projections_20260628.csv,2026-07-13T11:30:43Z
2026-06-28,2026-06-28,Kayla Thornton,kayla thornton,kayla thornton,GSV,NYL,25.17,26.0,-0.8299999999999983,0.8299999999999983,0.6888999999999972,/home/ubuntu/EdgeRanked/sports/wnba/outputs/archive/projections/wnba_projections_20260628.csv,2026-07-13T11:30:43Z
2026-06-28,2026-06-28,Kiah Stokes,kiah stokes,kiah stokes,GSV,NYL,18.43,23.0,-4.57,4.57,20.884900000000002,/home/ubuntu/EdgeRanked/sports/wnba/outputs/archive/projections/wnba_projections_20260628.csv,2026-07-13T11:30:43Z
2026-06-28,2026-06-28,Kierstan Bell,kierstan bell,kierstan bell,LVA,CHI,12.35,10.0,2.3499999999999996,2.3499999999999996,5.522499999999998,/home/ubuntu/EdgeRanked/sports/wnba/outputs/archive/projections/wnba_projections_20260628.csv,2026-07-13T11:30:43Z
2026-06-28,2026-06-28,Kiki Iriafen,kiki iriafen,kiki iriafen,WAS,POR,26.5,48.0,-21.5,21.5,462.25,/home/ubuntu/EdgeRanked/sports/wnba/outputs/archive/projections/wnba_projections_20260628.csv,2026-07-13T11:30:43Z
2026-06-28,2026-06-28,Laeticia Amihere,laeticia amihere,laeticia amihere,GSV,NYL,14.7,15.0,-0.3000000000000007,0.3000000000000007,0.09000000000000043,/home/ubuntu/EdgeRanked/sports/wnba/outputs/archive/projections/wnba_projections_20260628.csv,2026-07-13T11:30:43Z
2026-06-28,2026-06-28,Lauren Betts,lauren betts,lauren betts,WAS,POR,17.11,13.0,4.109999999999999,4.109999999999999,16.892099999999996,/home/ubuntu/EdgeRanked/sports/wnba/outputs/archive/projections/wnba_projections_20260628.csv,2026-07-13T11:30:43Z
2026-06-28,2026-06-28,Leonie Fiebich,leonie fiebich,leonie fiebich,NYL,GSV,26.43,31.0,-4.57,4.57,20.884900000000002,/home/ubuntu/EdgeRanked/sports/wnba/outputs/archive/projections/wnba_projections_20260628.csv,2026-07-13T11:30:43Z
2026-06-28,2026-06-28,Li Yueru,li yueru,li yueru,DAL,MIN,14.94,5.0,9.94,9.94,98.80359999999999,/home/ubuntu/EdgeRanked/sports/wnba/outputs/archive/projections/wnba_projections_20260628.csv,2026-07-13T11:30:43Z
2026-06-28,2026-06-28,Liatu King,liatu king,liatu king,MIN,DAL,10.62,6.0,4.619999999999999,4.619999999999999,21.344399999999993,/home/ubuntu/EdgeRanked/sports/wnba/outputs/archive/projections/wnba_projections_20260628.csv,2026-07-13T11:30:43Z
2026-06-28,2026-06-28,Lucy Olsen,lucy olsen,lucy olsen,WAS,POR,11.08,14.0,-2.92,2.92,8.526399999999999,/home/ubuntu/EdgeRanked/sports/wnba/outputs/archive/projections/wnba_projections_20260628.csv,2026-07-13T11:30:43Z
2026-06-28,2026-06-28,Maddy Siegrist,maddy siegrist,maddy siegrist,DAL,MIN,13.08,24.0,-10.92,10.92,119.2464,/home/ubuntu/EdgeRanked/sports/wnba/outputs/archive/projections/wnba_projections_20260628.csv,2026-07-13T11:30:43Z
2026-06-28,2026-06-28,Marine Johannes,marine johannes,marine johannes,NYL,GSV,21.0,18.0,3.0,3.0,9.0,/home/ubuntu/EdgeRanked/sports/wnba/outputs/archive/projections/wnba_projections_20260628.csv,2026-07-13T11:30:43Z
2026-06-28,2026-06-28,Maya Caldwell,maya caldwell,maya caldwell,MIN,DAL,13.79,10.0,3.789999999999999,3.789999999999999,14.364099999999993,/home/ubuntu/EdgeRanked/sports/wnba/outputs/archive/projections/wnba_projections_20260628.csv,2026-07-13T11:30:43Z
2026-06-28,2026-06-28,Megan Gustafson,megan gustafson,megan gustafson,POR,WAS,20.58,46.0,-25.42,25.42,646.1764000000001,/home/ubuntu/EdgeRanked/sports/wnba/outputs/archive/projections/wnba_projections_20260628.csv,2026-07-13T11:30:43Z
2026-06-28,2026-06-28,Michaela Onyenwere,michaela onyenwere,michaela onyenwere,WAS,POR,22.89,49.0,-26.11,26.11,681.7321,/home/ubuntu/EdgeRanked/sports/wnba/outputs/archive/projections/wnba_projections_20260628.csv,2026-07-13T11:30:43Z
2026-06-28,2026-06-28,Nadia Fingall,nadia fingall,nadia fingall,GSV,NYL,8.52,2.0,6.52,6.52,42.5104,/home/ubuntu/EdgeRanked/sports/wnba/outputs/archive/projections/wnba_projections_20260628.csv,2026-07-13T11:30:43Z
2026-06-28,2026-06-28,NaLyssa Smith,nalyssa smith,nalyssa smith,LVA,CHI,22.68,14.0,8.68,8.68,75.3424,/home/ubuntu/EdgeRanked/sports/wnba/outputs/archive/projections/wnba_projections_20260628.csv,2026-07-13T11:30:43Z
2026-06-28,2026-06-28,Natasha Cloud,natasha cloud,natasha cloud,CHI,LVA,24.61,23.0,1.6099999999999994,1.6099999999999994,2.592099999999998,/home/ubuntu/EdgeRanked/sports/wnba/outputs/archive/projections/wnba_projections_20260628.csv,2026-07-13T11:30:43Z
2026-06-28,2026-06-28,Natasha Howard,natasha howard,natasha howard,MIN,DAL,27.32,36.0,-8.68,8.68,75.3424,/home/ubuntu/EdgeRanked/sports/wnba/outputs/archive/projections/wnba_projections_20260628.csv,2026-07-13T11:30:43Z
2026-06-28,2026-06-28,Nia Coffey,nia coffey,nia coffey,MIN,DAL,26.08,34.0,-7.920000000000002,7.920000000000002,62.72640000000003,/home/ubuntu/EdgeRanked/sports/wnba/outputs/archive/projections/wnba_projections_20260628.csv,2026-07-13T11:30:43Z
2026-06-28,2026-06-28,Nyadiew Puoch,nyadiew puoch,nyadiew puoch,POR,WAS,14.51,19.0,-4.49,4.49,20.160100000000003,/home/ubuntu/EdgeRanked/sports/wnba/outputs/archive/projections/wnba_projections_20260628.csv,2026-07-13T11:30:43Z
2026-06-28,2026-06-28,Olivia Miles,olivia miles,olivia miles,MIN,DAL,30.1,34.0,-3.8999999999999986,3.8999999999999986,15.209999999999988,/home/ubuntu/EdgeRanked/sports/wnba/outputs/archive/projections/wnba_projections_20260628.csv,2026-07-13T11:30:43Z
2026-06-28,2026-06-28,Paige Bueckers,paige bueckers,paige bueckers,DAL,MIN,31.77,36.0,-4.23,4.23,17.892900000000004,/home/ubuntu/EdgeRanked/sports/wnba/outputs/archive/projections/wnba_projections_20260628.csv,2026-07-13T11:30:43Z
2026-06-28,2026-06-28,Pauline Astier,pauline astier,pauline astier,NYL,GSV,21.2,23.0,-1.8000000000000007,1.8000000000000007,3.2400000000000024,/home/ubuntu/EdgeRanked/sports/wnba/outputs/archive/projections/wnba_projections_20260628.csv,2026-07-13T11:30:43Z
2026-06-28,2026-06-28,Raquel Carrera,raquel carrera,raquel carrera,NYL,GSV,8.0,8.0,0.0,0.0,0.0,/home/ubuntu/EdgeRanked/sports/wnba/outputs/archive/projections/wnba_projections_20260628.csv,2026-07-13T11:30:43Z
2026-06-28,2026-06-28,Rebecca Allen,rebecca allen,rebecca allen,NYL,GSV,9.99,4.0,5.99,5.99,35.880100000000006,/home/ubuntu/EdgeRanked/sports/wnba/outputs/archive/projections/wnba_projections_20260628.csv,2026-07-13T11:30:43Z
2026-06-28,2026-06-28,Rebekah Gardner,rebekah gardner,rebekah gardner,NYL,GSV,11.94,15.0,-3.0600000000000005,3.0600000000000005,9.363600000000003,/home/ubuntu/EdgeRanked/sports/wnba/outputs/archive/projections/wnba_projections_20260628.csv,2026-07-13T11:30:43Z
2026-06-28,2026-06-28,Sabrina Ionescu,sabrina ionescu,sabrina ionescu,NYL,GSV,28.27,26.0,2.2699999999999996,2.2699999999999996,5.152899999999998,/home/ubuntu/EdgeRanked/sports/wnba/outputs/archive/projections/wnba_projections_20260628.csv,2026-07-13T11:30:43Z
2026-06-28,2026-06-28,Sarah Ashlee Barker,sarah ashlee barker,sarah ashlee barker,POR,WAS,22.61,46.0,-23.39,23.39,547.0921000000001,/home/ubuntu/EdgeRanked/sports/wnba/outputs/archive/projections/wnba_projections_20260628.csv,2026-07-13T11:30:43Z
2026-06-28,2026-06-28,Serah Williams,serah williams,serah williams,POR,WAS,10.74,14.0,-3.26,3.26,10.6276,/home/ubuntu/EdgeRanked/sports/wnba/outputs/archive/projections/wnba_projections_20260628.csv,2026-07-13T11:30:43Z
2026-06-28,2026-06-28,Shakira Austin,shakira austin,shakira austin,WAS,POR,27.09,47.0,-19.91,19.91,396.4081,/home/ubuntu/EdgeRanked/sports/wnba/outputs/archive/projections/wnba_projections_20260628.csv,2026-07-13T11:30:43Z
2026-06-28,2026-06-28,Skylar Diggins,skylar diggins,skylar diggins,CHI,LVA,27.79,28.0,-0.21000000000000085,0.21000000000000085,0.04410000000000036,/home/ubuntu/EdgeRanked/sports/wnba/outputs/archive/projections/wnba_projections_20260628.csv,2026-07-13T11:30:43Z
2026-06-28,2026-06-28,Sonia Citron,sonia citron,sonia citron,WAS,POR,32.8,53.0,-20.200000000000003,20.200000000000003,408.04000000000013,/home/ubuntu/EdgeRanked/sports/wnba/outputs/archive/projections/wnba_projections_20260628.csv,2026-07-13T11:30:43Z
2026-06-28,2026-06-28,Stephanie Talbot,stephanie talbot,stephanie talbot,LVA,CHI,14.84,20.0,-5.16,5.16,26.625600000000002,/home/ubuntu/EdgeRanked/sports/wnba/outputs/archive/projections/wnba_projections_20260628.csv,2026-07-13T11:30:43Z
2026-06-28,2026-06-28,Sug Sutton,sug sutton,sug sutton,DAL,MIN,16.2,9.0,7.199999999999999,7.199999999999999,51.83999999999999,/home/ubuntu/EdgeRanked/sports/wnba/outputs/archive/projections/wnba_projections_20260628.csv,2026-07-13T11:30:43Z
2026-06-28,2026-06-28,Sydney Taylor,sydney taylor,sydney taylor,CHI,LVA,20.4,32.0,-11.600000000000001,11.600000000000001,134.56000000000003,/home/ubuntu/EdgeRanked/sports/wnba/outputs/archive/projections/wnba_projections_20260628.csv,2026-07-13T11:30:43Z
2026-06-28,2026-06-28,Teja Oblak,teja oblak,teja oblak,POR,WAS,12.94,9.0,3.9399999999999995,3.9399999999999995,15.523599999999997,/home/ubuntu/EdgeRanked/sports/wnba/outputs/archive/projections/wnba_projections_20260628.csv,2026-07-13T11:30:43Z
2026-06-28,2026-06-28,Tiffany Hayes,tiffany hayes,tiffany hayes,GSV,NYL,14.35,18.0,-3.6500000000000004,3.6500000000000004,13.322500000000003,/home/ubuntu/EdgeRanked/sports/wnba/outputs/archive/projections/wnba_projections_20260628.csv,2026-07-13T11:30:43Z
2026-06-28,2026-06-28,Veronica Burton,veronica burton,veronica burton,GSV,NYL,26.35,27.0,-0.6499999999999986,0.6499999999999986,0.42249999999999815,/home/ubuntu/EdgeRanked/sports/wnba/outputs/archive/projections/wnba_projections_20260628.csv,2026-07-13T11:30:43Z
2026-06-30,2026-06-30,Breanna Stewart,breanna stewart,breanna stewart,NYL,LVA,23.23,35.0,-11.77,11.77,138.53289999999998,/home/ubuntu/EdgeRanked/sports/wnba/outputs/archive/projections/wnba_projections_20260630.csv,2026-07-13T11:30:43Z
2026-06-30,2026-06-30,Brianna Turner,brianna turner,brianna turner,LVA,NYL,8.0,8.0,0.0,0.0,0.0,/home/ubuntu/EdgeRanked/sports/wnba/outputs/archive/projections/wnba_projections_20260630.csv,2026-07-13T11:30:43Z
2026-06-30,2026-06-30,Chelsea Gray,chelsea gray,chelsea gray,LVA,NYL,32.73,36.0,-3.270000000000003,3.270000000000003,10.692900000000021,/home/ubuntu/EdgeRanked/sports/wnba/outputs/archive/projections/wnba_projections_20260630.csv,2026-07-13T11:30:43Z
2026-06-30,2026-06-30,Chennedy Carter,chennedy carter,chennedy carter,LVA,NYL,9.04,25.0,-15.96,15.96,254.72160000000002,/home/ubuntu/EdgeRanked/sports/wnba/outputs/archive/projections/wnba_projections_20260630.csv,2026-07-13T11:30:43Z
2026-06-30,2026-06-30,Cheyenne Parker-Tyus,cheyenne parker-tyus,cheyenne parker-tyus,LVA,NYL,14.81,19.0,-4.1899999999999995,4.1899999999999995,17.556099999999997,/home/ubuntu/EdgeRanked/sports/wnba/outputs/archive/projections/wnba_projections_20260630.csv,2026-07-13T11:30:43Z
2026-06-30,2026-06-30,Jackie Young,jackie young,jackie young,LVA,NYL,35.14,36.0,-0.8599999999999994,0.8599999999999994,0.739599999999999,/home/ubuntu/EdgeRanked/sports/wnba/outputs/archive/projections/wnba_projections_20260630.csv,2026-07-13T11:30:43Z
2026-06-30,2026-06-30,Jewell Loyd,jewell loyd,jewell loyd,LVA,NYL,25.04,32.0,-6.960000000000001,6.960000000000001,48.441600000000015,/home/ubuntu/EdgeRanked/sports/wnba/outputs/archive/projections/wnba_projections_20260630.csv,2026-07-13T11:30:43Z
2026-06-30,2026-06-30,Jonquel Jones,jonquel jones,jonquel jones,NYL,LVA,30.98,33.0,-2.0199999999999996,2.0199999999999996,4.080399999999998,/home/ubuntu/EdgeRanked/sports/wnba/outputs/archive/projections/wnba_projections_20260630.csv,2026-07-13T11:30:43Z
2026-06-30,2026-06-30,Kierstan Bell,kierstan bell,kierstan bell,LVA,NYL,12.31,11.0,1.3100000000000005,1.3100000000000005,1.7161000000000013,/home/ubuntu/EdgeRanked/sports/wnba/outputs/archive/projections/wnba_projections_20260630.csv,2026-07-13T11:30:43Z
2026-06-30,2026-06-30,Leonie Fiebich,leonie fiebich,leonie fiebich,NYL,LVA,27.94,33.0,-5.059999999999999,5.059999999999999,25.603599999999986,/home/ubuntu/EdgeRanked/sports/wnba/outputs/archive/projections/wnba_projections_20260630.csv,2026-07-13T11:30:43Z
2026-06-30,2026-06-30,Marine Johannes,marine johannes,marine johannes,NYL,LVA,21.41,19.0,2.41,2.41,5.8081000000000005,/home/ubuntu/EdgeRanked/sports/wnba/outputs/archive/projections/wnba_projections_20260630.csv,2026-07-13T11:30:43Z
2026-06-30,2026-06-30,NaLyssa Smith,nalyssa smith,nalyssa smith,LVA,NYL,24.2,20.0,4.199999999999999,4.199999999999999,17.639999999999993,/home/ubuntu/EdgeRanked/sports/wnba/outputs/archive/projections/wnba_projections_20260630.csv,2026-07-13T11:30:43Z
2026-06-30,2026-06-30,Pauline Astier,pauline astier,pauline astier,NYL,LVA,22.93,31.0,-8.07,8.07,65.12490000000001,/home/ubuntu/EdgeRanked/sports/wnba/outputs/archive/projections/wnba_projections_20260630.csv,2026-07-13T11:30:43Z
2026-06-30,2026-06-30,Raquel Carrera,raquel carrera,raquel carrera,NYL,LVA,8.0,6.0,2.0,2.0,4.0,/home/ubuntu/EdgeRanked/sports/wnba/outputs/archive/projections/wnba_projections_20260630.csv,2026-07-13T11:30:43Z
2026-06-30,2026-06-30,Rebekah Gardner,rebekah gardner,rebekah gardner,NYL,LVA,13.34,12.0,1.3399999999999999,1.3399999999999999,1.7955999999999996,/home/ubuntu/EdgeRanked/sports/wnba/outputs/archive/projections/wnba_projections_20260630.csv,2026-07-13T11:30:43Z
2026-06-30,2026-06-30,Sabrina Ionescu,sabrina ionescu,sabrina ionescu,NYL,LVA,25.43,31.0,-5.57,5.57,31.024900000000002,/home/ubuntu/EdgeRanked/sports/wnba/outputs/archive/projections/wnba_projections_20260630.csv,2026-07-13T11:30:43Z
2026-06-30,2026-06-30,Stephanie Talbot,stephanie talbot,stephanie talbot,LVA,NYL,14.91,13.0,1.9100000000000001,1.9100000000000001,3.6481000000000003,/home/ubuntu/EdgeRanked/sports/wnba/outputs/archive/projections/wnba_projections_20260630.csv,2026-07-13T11:30:43Z
2026-07-05,2026-07-05,Alanna Smith,alanna smith,alanna smith,DAL,TOR,8.0,14.0,-6.0,6.0,36.0,/home/ubuntu/EdgeRanked/sports/wnba/outputs/archive/projections/wnba_projections_20260705.csv,2026-07-13T11:30:43Z
2026-07-05,2026-07-05,Aliyah Boston,aliyah boston,aliyah boston,IND,LVA,29.15,31.0,-1.8500000000000014,1.8500000000000014,3.422500000000005,/home/ubuntu/EdgeRanked/sports/wnba/outputs/archive/projections/wnba_projections_20260705.csv,2026-07-13T11:30:43Z
2026-07-05,2026-07-05,Alysha Clark,alysha clark,alysha clark,DAL,TOR,8.0,6.0,2.0,2.0,4.0,/home/ubuntu/EdgeRanked/sports/wnba/outputs/archive/projections/wnba_projections_20260705.csv,2026-07-13T11:30:43Z
2026-07-05,2026-07-05,Arike Ogunbowale,arike ogunbowale,arike ogunbowale,DAL,TOR,24.49,27.0,-2.5100000000000016,2.5100000000000016,6.300100000000008,/home/ubuntu/EdgeRanked/sports/wnba/outputs/archive/projections/wnba_projections_20260705.csv,2026-07-13T11:30:43Z
2026-07-05,2026-07-05,Awak Kuier,awak kuier,awak kuier,DAL,TOR,13.41,21.0,-7.59,7.59,57.6081,/home/ubuntu/EdgeRanked/sports/wnba/outputs/archive/projections/wnba_projections_20260705.csv,2026-07-13T11:30:43Z
2026-07-05,2026-07-05,Aziaha James,aziaha james,aziaha james,DAL,TOR,13.03,10.0,3.0299999999999994,3.0299999999999994,9.180899999999996,/home/ubuntu/EdgeRanked/sports/wnba/outputs/archive/projections/wnba_projections_20260705.csv,2026-07-13T11:30:43Z
2026-07-05,2026-07-05,Azzi Fudd,azzi fudd,azzi fudd,DAL,TOR,31.38,30.0,1.379999999999999,1.379999999999999,1.9043999999999972,/home/ubuntu/EdgeRanked/sports/wnba/outputs/archive/projections/wnba_projections_20260705.csv,2026-07-13T11:30:43Z
2026-07-05,2026-07-05,Brianna Turner,brianna turner,brianna turner,LVA,IND,8.0,28.0,-20.0,20.0,400.0,/home/ubuntu/EdgeRanked/sports/wnba/outputs/archive/projections/wnba_projections_20260705.csv,2026-07-13T11:30:43Z
2026-07-05,2026-07-05,Chelsea Gray,chelsea gray,chelsea gray,LVA,IND,33.66,31.0,2.6599999999999966,2.6599999999999966,7.075599999999982,/home/ubuntu/EdgeRanked/sports/wnba/outputs/archive/projections/wnba_projections_20260705.csv,2026-07-13T11:30:43Z
2026-07-05,2026-07-05,Chennedy Carter,chennedy carter,chennedy carter,LVA,IND,18.65,15.0,3.6499999999999986,3.6499999999999986,13.32249999999999,/home/ubuntu/EdgeRanked/sports/wnba/outputs/archive/projections/wnba_projections_20260705.csv,2026-07-13T11:30:43Z
2026-07-05,2026-07-05,Cheyenne Parker-Tyus,cheyenne parker-tyus,cheyenne parker-tyus,LVA,IND,16.41,13.0,3.41,3.41,11.628100000000002,/home/ubuntu/EdgeRanked/sports/wnba/outputs/archive/projections/wnba_projections_20260705.csv,2026-07-13T11:30:43Z
2026-07-05,2026-07-05,Grace VanSlooten,grace vanslooten,grace vanslooten,IND,LVA,8.0,2.0,6.0,6.0,36.0,/home/ubuntu/EdgeRanked/sports/wnba/outputs/archive/projections/wnba_projections_20260705.csv,2026-07-13T11:30:43Z
2026-07-05,2026-07-05,Isabelle Harrison,isabelle harrison,isabelle harrison,TOR,DAL,25.49,27.0,-1.5100000000000016,1.5100000000000016,2.280100000000005,/home/ubuntu/EdgeRanked/sports/wnba/outputs/archive/projections/wnba_projections_20260705.csv,2026-07-13T11:30:43Z
2026-07-05,2026-07-05,Jackie Young,jackie young,jackie young,LVA,IND,37.35,33.0,4.350000000000001,4.350000000000001,18.922500000000014,/home/ubuntu/EdgeRanked/sports/wnba/outputs/archive/projections/wnba_projections_20260705.csv,2026-07-13T11:30:43Z
2026-07-05,2026-07-05,Jessica Shepard,jessica shepard,jessica shepard,DAL,TOR,31.47,32.0,-0.5300000000000011,0.5300000000000011,0.2809000000000012,/home/ubuntu/EdgeRanked/sports/wnba/outputs/archive/projections/wnba_projections_20260705.csv,2026-07-13T11:30:43Z
2026-07-05,2026-07-05,Jewell Loyd,jewell loyd,jewell loyd,LVA,IND,27.26,32.0,-4.739999999999998,4.739999999999998,22.467599999999987,/home/ubuntu/EdgeRanked/sports/wnba/outputs/archive/projections/wnba_projections_20260705.csv,2026-07-13T11:30:43Z
2026-07-05,2026-07-05,Kelsey Mitchell,kelsey mitchell,kelsey mitchell,IND,LVA,32.0,33.0,-1.0,1.0,1.0,/home/ubuntu/EdgeRanked/sports/wnba/outputs/archive/projections/wnba_projections_20260705.csv,2026-07-13T11:30:43Z
2026-07-05,2026-07-05,Kia Nurse,kia nurse,kia nurse,TOR,DAL,13.11,21.0,-7.890000000000001,7.890000000000001,62.252100000000006,/home/ubuntu/EdgeRanked/sports/wnba/outputs/archive/projections/wnba_projections_20260705.csv,2026-07-13T11:30:43Z
2026-07-05,2026-07-05,Kierstan Bell,kierstan bell,kierstan bell,LVA,IND,16.27,6.0,10.27,10.27,105.4729,/home/ubuntu/EdgeRanked/sports/wnba/outputs/archive/projections/wnba_projections_20260705.csv,2026-07-13T11:30:43Z
2026-07-05,2026-07-05,Laura Juskaite,laura juskaite,laura juskaite,TOR,DAL,23.06,24.0,-0.9400000000000013,0.9400000000000013,0.8836000000000024,/home/ubuntu/EdgeRanked/sports/wnba/outputs/archive/projections/wnba_projections_20260705.csv,2026-07-13T11:30:43Z
2026-07-05,2026-07-05,Lexie Hull,lexie hull,lexie hull,IND,LVA,25.0,22.0,3.0,3.0,9.0,/home/ubuntu/EdgeRanked/sports/wnba/outputs/archive/projections/wnba_projections_20260705.csv,2026-07-13T11:30:43Z
2026-07-05,2026-07-05,Li Yueru,li yueru,li yueru,DAL,TOR,8.0,4.0,4.0,4.0,16.0,/home/ubuntu/EdgeRanked/sports/wnba/outputs/archive/projections/wnba_projections_20260705.csv,2026-07-13T11:30:43Z
2026-07-05,2026-07-05,Maddy Siegrist,maddy siegrist,maddy siegrist,DAL,TOR,15.97,8.0,7.970000000000001,7.970000000000001,63.52090000000001,/home/ubuntu/EdgeRanked/sports/wnba/outputs/archive/projections/wnba_projections_20260705.csv,2026-07-13T11:30:43Z
2026-07-05,2026-07-05,Makayla Timpson,makayla timpson,makayla timpson,IND,LVA,8.08,8.0,0.08000000000000007,0.08000000000000007,0.006400000000000012,/home/ubuntu/EdgeRanked/sports/wnba/outputs/archive/projections/wnba_projections_20260705.csv,2026-07-13T11:30:43Z
2026-07-05,2026-07-05,Maria Conde,maria conde,maria conde,TOR,DAL,25.11,29.0,-3.8900000000000006,3.8900000000000006,15.132100000000005,/home/ubuntu/EdgeRanked/sports/wnba/outputs/archive/projections/wnba_projections_20260705.csv,2026-07-13T11:30:43Z
2026-07-05,2026-07-05,Marina Mabrey,marina mabrey,marina mabrey,TOR,DAL,31.63,31.0,0.629999999999999,0.629999999999999,0.39689999999999875,/home/ubuntu/EdgeRanked/sports/wnba/outputs/archive/projections/wnba_projections_20260705.csv,2026-07-13T11:30:43Z
2026-07-05,2026-07-05,Monique Billings,monique billings,monique billings,IND,LVA,22.72,21.0,1.7199999999999989,1.7199999999999989,2.958399999999996,/home/ubuntu/EdgeRanked/sports/wnba/outputs/archive/projections/wnba_projections_20260705.csv,2026-07-13T11:30:43Z
2026-07-05,2026-07-05,Myisha Hines-Allen,myisha hines-allen,myisha hines-allen,IND,LVA,17.3,14.0,3.3000000000000007,3.3000000000000007,10.890000000000004,/home/ubuntu/EdgeRanked/sports/wnba/outputs/archive/projections/wnba_projections_20260705.csv,2026-07-13T11:30:43Z
2026-07-05,2026-07-05,NaLyssa Smith,nalyssa smith,nalyssa smith,LVA,IND,23.31,24.0,-0.6900000000000013,0.6900000000000013,0.47610000000000174,/home/ubuntu/EdgeRanked/sports/wnba/outputs/archive/projections/wnba_projections_20260705.csv,2026-07-13T11:30:43Z
2026-07-05,2026-07-05,Nyara Sabally,nyara sabally,nyara sabally,TOR,DAL,22.2,29.0,-6.800000000000001,6.800000000000001,46.24000000000001,/home/ubuntu/EdgeRanked/sports/wnba/outputs/archive/projections/wnba_projections_20260705.csv,2026-07-13T11:30:43Z
2026-07-05,2026-07-05,Odyssey Sims,odyssey sims,odyssey sims,DAL,TOR,8.0,8.0,0.0,0.0,0.0,/home/ubuntu/EdgeRanked/sports/wnba/outputs/archive/projections/wnba_projections_20260705.csv,2026-07-13T11:30:43Z
2026-07-05,2026-07-05,Paige Bueckers,paige bueckers,paige bueckers,DAL,TOR,32.86,31.0,1.8599999999999994,1.8599999999999994,3.459599999999998,/home/ubuntu/EdgeRanked/sports/wnba/outputs/archive/projections/wnba_projections_20260705.csv,2026-07-13T11:30:43Z
2026-07-05,2026-07-05,Raven Johnson,raven johnson,raven johnson,IND,LVA,16.56,22.0,-5.440000000000001,5.440000000000001,29.593600000000013,/home/ubuntu/EdgeRanked/sports/wnba/outputs/archive/projections/wnba_projections_20260705.csv,2026-07-13T11:30:43Z
2026-07-05,2026-07-05,Sophie Cunningham,sophie cunningham,sophie cunningham,IND,LVA,20.49,21.0,-0.5100000000000016,0.5100000000000016,0.2601000000000016,/home/ubuntu/EdgeRanked/sports/wnba/outputs/archive/projections/wnba_projections_20260705.csv,2026-07-13T11:30:43Z
2026-07-05,2026-07-05,Stephanie Talbot,stephanie talbot,stephanie talbot,LVA,IND,13.37,17.0,-3.630000000000001,3.630000000000001,13.176900000000005,/home/ubuntu/EdgeRanked/sports/wnba/outputs/archive/projections/wnba_projections_20260705.csv,2026-07-13T11:30:43Z
2026-07-05,2026-07-05,Sug Sutton,sug sutton,sug sutton,DAL,TOR,9.63,9.0,0.6300000000000008,0.6300000000000008,0.396900000000001,/home/ubuntu/EdgeRanked/sports/wnba/outputs/archive/projections/wnba_projections_20260705.csv,2026-07-13T11:30:43Z
2026-07-05,2026-07-05,Teonni Key,teonni key,teonni key,TOR,DAL,8.0,10.0,-2.0,2.0,4.0,/home/ubuntu/EdgeRanked/sports/wnba/outputs/archive/projections/wnba_projections_20260705.csv,2026-07-13T11:30:43Z
2026-07-05,2026-07-05,Tima Pouye,tima pouye,tima pouye,TOR,DAL,10.45,21.0,-10.55,10.55,111.30250000000001,/home/ubuntu/EdgeRanked/sports/wnba/outputs/archive/projections/wnba_projections_20260705.csv,2026-07-13T11:30:43Z
2026-07-05,2026-07-05,Tyasha Harris,tyasha harris,tyasha harris,IND,LVA,15.63,26.0,-10.37,10.37,107.53689999999999,/home/ubuntu/EdgeRanked/sports/wnba/outputs/archive/projections/wnba_projections_20260705.csv,2026-07-13T11:30:43Z
2026-07-06,2026-07-06,Aaliyah Edwards,aaliyah edwards,aaliyah edwards,CON,MIN,16.55,12.0,4.550000000000001,4.550000000000001,20.702500000000008,/home/ubuntu/EdgeRanked/sports/wnba/outputs/archive/projections/wnba_projections_20260706.csv,2026-07-13T11:30:43Z
2026-07-06,2026-07-06,Alicia Florez,alicia florez,alicia florez,WAS,GSV,23.74,17.0,6.739999999999998,6.739999999999998,45.42759999999998,/home/ubuntu/EdgeRanked/sports/wnba/outputs/archive/projections/wnba_projections_20260706.csv,2026-07-13T11:30:43Z
2026-07-06,2026-07-06,Anastasiia Olairi Kosu,anastasiia olairi kosu,anastasiia olairi kosu,MIN,CON,8.0,9.0,-1.0,1.0,1.0,/home/ubuntu/EdgeRanked/sports/wnba/outputs/archive/projections/wnba_projections_20260706.csv,2026-07-13T11:30:43Z
2026-07-06,2026-07-06,Angela Dugalic,angela dugalic,angela dugalic,WAS,GSV,11.03,10.0,1.0299999999999994,1.0299999999999994,1.0608999999999986,/home/ubuntu/EdgeRanked/sports/wnba/outputs/archive/projections/wnba_projections_20260706.csv,2026-07-13T11:30:43Z
2026-07-06,2026-07-06,Antonia Delaere,antonia delaere,antonia delaere,MIN,CON,8.0,25.0,-17.0,17.0,289.0,/home/ubuntu/EdgeRanked/sports/wnba/outputs/archive/projections/wnba_projections_20260706.csv,2026-07-13T11:30:43Z
2026-07-06,2026-07-06,Ariel Atkins,ariel atkins,ariel atkins,LAS,SEA,22.29,22.0,0.28999999999999915,0.28999999999999915,0.08409999999999951,/home/ubuntu/EdgeRanked/sports/wnba/outputs/archive/projections/wnba_projections_20260706.csv,2026-07-13T11:30:43Z
2026-07-06,2026-07-06,Awa Fam,awa fam,awa fam,SEA,LAS,29.89,25.0,4.890000000000001,4.890000000000001,23.912100000000006,/home/ubuntu/EdgeRanked/sports/wnba/outputs/archive/projections/wnba_projections_20260706.csv,2026-07-13T11:30:43Z
2026-07-06,2026-07-06,Brittney Griner,brittney griner,brittney griner,CON,MIN,20.07,34.0,-13.93,13.93,194.04489999999998,/home/ubuntu/EdgeRanked/sports/wnba/outputs/archive/projections/wnba_projections_20260706.csv,2026-07-13T11:30:43Z
2026-07-06,2026-07-06,Cassandre Prosper,cassandre prosper,cassandre prosper,WAS,GSV,8.86,9.0,-0.14000000000000057,0.14000000000000057,0.01960000000000016,/home/ubuntu/EdgeRanked/sports/wnba/outputs/archive/projections/wnba_projections_20260706.csv,2026-07-13T11:30:43Z
2026-07-06,2026-07-06,Cecilia Zandalasini,cecilia zandalasini,cecilia zandalasini,GSV,WAS,17.88,15.0,2.879999999999999,2.879999999999999,8.294399999999994,/home/ubuntu/EdgeRanked/sports/wnba/outputs/archive/projections/wnba_projections_20260706.csv,2026-07-13T11:30:43Z
2026-07-06,2026-07-06,Chance Gray,chance gray,chance gray,LAS,SEA,11.06,14.0,-2.9399999999999995,2.9399999999999995,8.643599999999998,/home/ubuntu/EdgeRanked/sports/wnba/outputs/archive/projections/wnba_projections_20260706.csv,2026-07-13T11:30:43Z
2026-07-06,2026-07-06,Charlisse Leger-Walker,charlisse leger-walker,charlisse leger-walker,CON,MIN,24.12,28.0,-3.879999999999999,3.879999999999999,15.054399999999992,/home/ubuntu/EdgeRanked/sports/wnba/outputs/archive/projections/wnba_projections_20260706.csv,2026-07-13T11:30:43Z
2026-07-06,2026-07-06,Cotie McMahon,cotie mcmahon,cotie mcmahon,WAS,GSV,20.66,29.0,-8.34,8.34,69.5556,/home/ubuntu/EdgeRanked/sports/wnba/outputs/archive/projections/wnba_projections_20260706.csv,2026-07-13T11:30:43Z
2026-07-06,2026-07-06,Courtney Williams,courtney williams,courtney williams,MIN,CON,28.72,36.0,-7.280000000000001,7.280000000000001,52.99840000000002,/home/ubuntu/EdgeRanked/sports/wnba/outputs/archive/projections/wnba_projections_20260706.csv,2026-07-13T11:30:43Z
2026-07-06,2026-07-06,Dearica Hamby,dearica hamby,dearica hamby,LAS,SEA,27.1,29.0,-1.8999999999999986,1.8999999999999986,3.6099999999999945,/home/ubuntu/EdgeRanked/sports/wnba/outputs/archive/projections/wnba_projections_20260706.csv,2026-07-13T11:30:43Z
2026-07-06,2026-07-06,Diamond Miller,diamond miller,diamond miller,CON,MIN,20.46,19.0,1.4600000000000009,1.4600000000000009,2.1316000000000024,/home/ubuntu/EdgeRanked/sports/wnba/outputs/archive/projections/wnba_projections_20260706.csv,2026-07-13T11:30:43Z
2026-07-06,2026-07-06,Dominique Malonga,dominique malonga,dominique malonga,SEA,LAS,25.01,23.0,2.0100000000000016,2.0100000000000016,4.040100000000006,/home/ubuntu/EdgeRanked/sports/wnba/outputs/archive/projections/wnba_projections_20260706.csv,2026-07-13T11:30:43Z
2026-07-06,2026-07-06,Eliska Hamzova,eliska hamzova,eliska hamzova,MIN,CON,8.0,8.0,0.0,0.0,0.0,/home/ubuntu/EdgeRanked/sports/wnba/outputs/archive/projections/wnba_projections_20260706.csv,2026-07-13T11:30:43Z
2026-07-06,2026-07-06,Emma Cannon,emma cannon,emma cannon,LAS,SEA,8.0,15.0,-7.0,7.0,49.0,/home/ubuntu/EdgeRanked/sports/wnba/outputs/archive/projections/wnba_projections_20260706.csv,2026-07-13T11:30:43Z
2026-07-06,2026-07-06,Erica Wheeler,erica wheeler,erica wheeler,LAS,SEA,23.72,24.0,-0.28000000000000114,0.28000000000000114,0.07840000000000064,/home/ubuntu/EdgeRanked/sports/wnba/outputs/archive/projections/wnba_projections_20260706.csv,2026-07-13T11:30:43Z
2026-07-06,2026-07-06,Ezi Magbegor,ezi magbegor,ezi magbegor,SEA,LAS,8.0,15.0,-7.0,7.0,49.0,/home/ubuntu/EdgeRanked/sports/wnba/outputs/archive/projections/wnba_projections_20260706.csv,2026-07-13T11:30:43Z
2026-07-06,2026-07-06,Flau'jae Johnson,flau'jae johnson,flau'jae johnson,SEA,LAS,29.44,27.0,2.4400000000000013,2.4400000000000013,5.953600000000006,/home/ubuntu/EdgeRanked/sports/wnba/outputs/archive/projections/wnba_projections_20260706.csv,2026-07-13T11:30:43Z
2026-07-06,2026-07-06,Gabby Williams,gabby williams,gabby williams,GSV,WAS,24.49,17.0,7.489999999999998,7.489999999999998,56.100099999999976,/home/ubuntu/EdgeRanked/sports/wnba/outputs/archive/projections/wnba_projections_20260706.csv,2026-07-13T11:30:43Z
2026-07-06,2026-07-06,Georgia Amoore,georgia amoore,georgia amoore,WAS,GSV,22.4,22.0,0.3999999999999986,0.3999999999999986,0.15999999999999887,/home/ubuntu/EdgeRanked/sports/wnba/outputs/archive/projections/wnba_projections_20260706.csv,2026-07-13T11:30:43Z
2026-07-06,2026-07-06,Gianna Kneepkens,gianna kneepkens,gianna kneepkens,CON,MIN,8.0,5.0,3.0,3.0,9.0,/home/ubuntu/EdgeRanked/sports/wnba/outputs/archive/projections/wnba_projections_20260706.csv,2026-07-13T11:30:43Z
2026-07-06,2026-07-06,Jade Melbourne,jade melbourne,jade melbourne,SEA,LAS,23.81,23.0,0.8099999999999987,0.8099999999999987,0.6560999999999979,/home/ubuntu/EdgeRanked/sports/wnba/outputs/archive/projections/wnba_projections_20260706.csv,2026-07-13T11:30:43Z
2026-07-06,2026-07-06,Janelle Salaun,janelle salaun,janelle salaun,GSV,WAS,21.55,25.0,-3.4499999999999993,3.4499999999999993,11.902499999999995,/home/ubuntu/EdgeRanked/sports/wnba/outputs/archive/projections/wnba_projections_20260706.csv,2026-07-13T11:30:43Z
2026-07-06,2026-07-06,Jihyun Park,jihyun park,jihyun park,LAS,SEA,10.88,10.0,0.8800000000000008,0.8800000000000008,0.7744000000000014,/home/ubuntu/EdgeRanked/sports/wnba/outputs/archive/projections/wnba_projections_20260706.csv,2026-07-13T11:30:43Z
2026-07-06,2026-07-06,Jordan Horston,jordan horston,jordan horston,SEA,LAS,13.18,17.0,-3.8200000000000003,3.8200000000000003,14.592400000000001,/home/ubuntu/EdgeRanked/sports/wnba/outputs/archive/projections/wnba_projections_20260706.csv,2026-07-13T11:30:43Z
2026-07-06,2026-07-06,Kaila Charles,kaila charles,kaila charles,GSV,WAS,19.4,25.0,-5.600000000000001,5.600000000000001,31.360000000000017,/home/ubuntu/EdgeRanked/sports/wnba/outputs/archive/projections/wnba_projections_20260706.csv,2026-07-13T11:30:43Z
2026-07-06,2026-07-06,Kaitlyn Chen,kaitlyn chen,kaitlyn chen,GSV,WAS,16.49,21.0,-4.510000000000002,4.510000000000002,20.340100000000014,/home/ubuntu/EdgeRanked/sports/wnba/outputs/archive/projections/wnba_projections_20260706.csv,2026-07-13T11:30:43Z
2026-07-06,2026-07-06,Kate Martin,kate martin,kate martin,LAS,SEA,8.0,17.0,-9.0,9.0,81.0,/home/ubuntu/EdgeRanked/sports/wnba/outputs/archive/projections/wnba_projections_20260706.csv,2026-07-13T11:30:43Z
2026-07-06,2026-07-06,Katie Lou Samuelson,katie lou samuelson,katie lou samuelson,SEA,LAS,11.23,15.0,-3.7699999999999996,3.7699999999999996,14.212899999999998,/home/ubuntu/EdgeRanked/sports/wnba/outputs/archive/projections/wnba_projections_20260706.csv,2026-07-13T11:30:43Z
2026-07-06,2026-07-06,Kayla McBride,kayla mcbride,kayla mcbride,MIN,CON,31.64,38.0,-6.359999999999999,6.359999999999999,40.44959999999999,/home/ubuntu/EdgeRanked/sports/wnba/outputs/archive/projections/wnba_projections_20260706.csv,2026-07-13T11:30:43Z
2026-07-06,2026-07-06,Kayla Thornton,kayla thornton,kayla thornton,GSV,WAS,23.33,15.0,8.329999999999998,8.329999999999998,69.38889999999998,/home/ubuntu/EdgeRanked/sports/wnba/outputs/archive/projections/wnba_projections_20260706.csv,2026-07-13T11:30:43Z
2026-07-06,2026-07-06,Kennedy Burke,kennedy burke,kennedy burke,CON,MIN,24.48,23.0,1.4800000000000004,1.4800000000000004,2.1904000000000012,/home/ubuntu/EdgeRanked/sports/wnba/outputs/archive/projections/wnba_projections_20260706.csv,2026-07-13T11:30:43Z
2026-07-06,2026-07-06,Kiah Stokes,kiah stokes,kiah stokes,GSV,WAS,23.13,28.0,-4.870000000000001,4.870000000000001,23.71690000000001,/home/ubuntu/EdgeRanked/sports/wnba/outputs/archive/projections/wnba_projections_20260706.csv,2026-07-13T11:30:43Z
2026-07-06,2026-07-06,Kiana Williams,kiana williams,kiana williams,LAS,SEA,10.67,16.0,-5.33,5.33,28.4089,/home/ubuntu/EdgeRanked/sports/wnba/outputs/archive/projections/wnba_projections_20260706.csv,2026-07-13T11:30:43Z
2026-07-06,2026-07-06,Kiki Iriafen,kiki iriafen,kiki iriafen,WAS,GSV,33.1,30.0,3.1000000000000014,3.1000000000000014,9.610000000000008,/home/ubuntu/EdgeRanked/sports/wnba/outputs/archive/projections/wnba_projections_20260706.csv,2026-07-13T11:30:43Z
2026-07-06,2026-07-06,Laeticia Amihere,laeticia amihere,laeticia amihere,GSV,WAS,12.04,12.0,0.03999999999999915,0.03999999999999915,0.0015999999999999318,/home/ubuntu/EdgeRanked/sports/wnba/outputs/archive/projections/wnba_projections_20260706.csv,2026-07-13T11:30:43Z
2026-07-06,2026-07-06,Lauren Betts,lauren betts,lauren betts,WAS,GSV,15.22,16.0,-0.7799999999999994,0.7799999999999994,0.608399999999999,/home/ubuntu/EdgeRanked/sports/wnba/outputs/archive/projections/wnba_projections_20260706.csv,2026-07-13T11:30:43Z
2026-07-06,2026-07-06,Leila Lacan,leila lacan,leila lacan,CON,MIN,25.9,34.0,-8.100000000000001,8.100000000000001,65.61000000000003,/home/ubuntu/EdgeRanked/sports/wnba/outputs/archive/projections/wnba_projections_20260706.csv,2026-07-13T11:30:43Z
2026-07-06,2026-07-06,Lucy Olsen,lucy olsen,lucy olsen,WAS,GSV,8.79,15.0,-6.210000000000001,6.210000000000001,38.56410000000001,/home/ubuntu/EdgeRanked/sports/wnba/outputs/archive/projections/wnba_projections_20260706.csv,2026-07-13T11:30:43Z
2026-07-06,2026-07-06,Mackenzie Holmes,mackenzie holmes,mackenzie holmes,SEA,LAS,8.0,3.0,5.0,5.0,25.0,/home/ubuntu/EdgeRanked/sports/wnba/outputs/archive/projections/wnba_projections_20260706.csv,2026-07-13T11:30:43Z
2026-07-06,2026-07-06,Maya Caldwell,maya caldwell,maya caldwell,MIN,CON,14.11,13.0,1.1099999999999994,1.1099999999999994,1.2320999999999986,/home/ubuntu/EdgeRanked/sports/wnba/outputs/archive/projections/wnba_projections_20260706.csv,2026-07-13T11:30:43Z
2026-07-06,2026-07-06,Michaela Onyenwere,michaela onyenwere,michaela onyenwere,WAS,GSV,31.98,28.0,3.9800000000000004,3.9800000000000004,15.840400000000004,/home/ubuntu/EdgeRanked/sports/wnba/outputs/archive/projections/wnba_projections_20260706.csv,2026-07-13T11:30:43Z
2026-07-06,2026-07-06,Natasha Howard,natasha howard,natasha howard,MIN,CON,35.6,26.0,9.600000000000001,9.600000000000001,92.16000000000003,/home/ubuntu/EdgeRanked/sports/wnba/outputs/archive/projections/wnba_projections_20260706.csv,2026-07-13T11:30:43Z
2026-07-06,2026-07-06,Natisha Hiedeman,natisha hiedeman,natisha hiedeman,SEA,LAS,30.26,25.0,5.260000000000002,5.260000000000002,27.667600000000018,/home/ubuntu/EdgeRanked/sports/wnba/outputs/archive/projections/wnba_projections_20260706.csv,2026-07-13T11:30:43Z
2026-07-06,2026-07-06,Nell Angloma,nell angloma,nell angloma,CON,MIN,8.0,0.0,8.0,8.0,64.0,/home/ubuntu/EdgeRanked/sports/wnba/outputs/archive/projections/wnba_projections_20260706.csv,2026-07-13T11:30:43Z
2026-07-06,2026-07-06,Nia Coffey,nia coffey,nia coffey,MIN,CON,30.61,20.0,10.61,10.61,112.57209999999999,/home/ubuntu/EdgeRanked/sports/wnba/outputs/archive/projections/wnba_projections_20260706.csv,2026-07-13T11:30:43Z
2026-07-06,2026-07-06,Nneka Ogwumike,nneka ogwumike,nneka ogwumike,LAS,SEA,28.75,28.0,0.75,0.75,0.5625,/home/ubuntu/EdgeRanked/sports/wnba/outputs/archive/projections/wnba_projections_20260706.csv,2026-07-13T11:30:43Z
2026-07-06,2026-07-06,Olivia Nelson-Ododa,olivia nelson-ododa,olivia nelson-ododa,CON,MIN,22.17,29.0,-6.829999999999998,6.829999999999998,46.648899999999976,/home/ubuntu/EdgeRanked/sports/wnba/outputs/archive/projections/wnba_projections_20260706.csv,2026-07-13T11:30:43Z
2026-07-06,2026-07-06,Rae Burrell,rae burrell,rae burrell,LAS,SEA,24.89,25.0,-0.10999999999999943,0.10999999999999943,0.012099999999999875,/home/ubuntu/EdgeRanked/sports/wnba/outputs/archive/projections/wnba_projections_20260706.csv,2026-07-13T11:30:43Z
2026-07-06,2026-07-06,Saniya Rivers,saniya rivers,saniya rivers,CON,MIN,18.55,16.0,2.5500000000000007,2.5500000000000007,6.502500000000004,/home/ubuntu/EdgeRanked/sports/wnba/outputs/archive/projections/wnba_projections_20260706.csv,2026-07-13T11:30:43Z
2026-07-06,2026-07-06,Shakira Austin,shakira austin,shakira austin,WAS,GSV,30.2,24.0,6.199999999999999,6.199999999999999,38.43999999999999,/home/ubuntu/EdgeRanked/sports/wnba/outputs/archive/projections/wnba_projections_20260706.csv,2026-07-13T11:30:43Z
2026-07-06,2026-07-06,Stefanie Dolson,stefanie dolson,stefanie dolson,SEA,LAS,12.42,11.0,1.42,1.42,2.0164,/home/ubuntu/EdgeRanked/sports/wnba/outputs/archive/projections/wnba_projections_20260706.csv,2026-07-13T11:30:43Z
2026-07-06,2026-07-06,Taylor Thierry,taylor thierry,taylor thierry,SEA,LAS,8.0,3.0,5.0,5.0,25.0,/home/ubuntu/EdgeRanked/sports/wnba/outputs/archive/projections/wnba_projections_20260706.csv,2026-07-13T11:30:43Z
2026-07-06,2026-07-06,Tiffany Hayes,tiffany hayes,tiffany hayes,GSV,WAS,17.91,19.0,-1.0899999999999999,1.0899999999999999,1.1880999999999997,/home/ubuntu/EdgeRanked/sports/wnba/outputs/archive/projections/wnba_projections_20260706.csv,2026-07-13T11:30:43Z
2026-07-06,2026-07-06,Veronica Burton,veronica burton,veronica burton,GSV,WAS,27.28,23.0,4.280000000000001,4.280000000000001,18.31840000000001,/home/ubuntu/EdgeRanked/sports/wnba/outputs/archive/projections/wnba_projections_20260706.csv,2026-07-13T11:30:43Z
2026-07-06,2026-07-06,Zia Cooke,zia cooke,zia cooke,SEA,LAS,10.25,13.0,-2.75,2.75,7.5625,/home/ubuntu/EdgeRanked/sports/wnba/outputs/archive/projections/wnba_projections_20260706.csv,2026-07-13T11:30:43Z
2026-07-07,2026-07-07,Aicha Coulibaly,aicha coulibaly,aicha coulibaly,CHI,PHX,12.23,14.0,-1.7699999999999996,1.7699999999999996,3.1328999999999985,/home/ubuntu/EdgeRanked/sports/wnba/outputs/archive/projections/wnba_projections_20260707.csv,2026-07-13T11:30:43Z
2026-07-07,2026-07-07,Alanna Smith,alanna smith,alanna smith,DAL,NYL,10.64,16.0,-5.359999999999999,5.359999999999999,28.729599999999994,/home/ubuntu/EdgeRanked/sports/wnba/outputs/archive/projections/wnba_projections_20260707.csv,2026-07-13T11:30:43Z
2026-07-07,2026-07-07,Alyssa Thomas,alyssa thomas,alyssa thomas,PHX,CHI,31.51,31.0,0.5100000000000016,0.5100000000000016,0.2601000000000016,/home/ubuntu/EdgeRanked/sports/wnba/outputs/archive/projections/wnba_projections_20260707.csv,2026-07-13T11:30:43Z
2026-07-07,2026-07-07,Arike Ogunbowale,arike ogunbowale,arike ogunbowale,DAL,NYL,25.66,32.0,-6.34,6.34,40.1956,/home/ubuntu/EdgeRanked/sports/wnba/outputs/archive/projections/wnba_projections_20260707.csv,2026-07-13T11:30:43Z
2026-07-07,2026-07-07,Awak Kuier,awak kuier,awak kuier,DAL,NYL,12.68,28.0,-15.32,15.32,234.7024,/home/ubuntu/EdgeRanked/sports/wnba/outputs/archive/projections/wnba_projections_20260707.csv,2026-07-13T11:30:43Z
2026-07-07,2026-07-07,Aziaha James,aziaha james,aziaha james,DAL,NYL,12.92,9.0,3.92,3.92,15.366399999999999,/home/ubuntu/EdgeRanked/sports/wnba/outputs/archive/projections/wnba_projections_20260707.csv,2026-07-13T11:30:43Z
2026-07-07,2026-07-07,Azura Stevens,azura stevens,azura stevens,CHI,PHX,26.01,26.0,0.010000000000001563,0.010000000000001563,0.00010000000000003127,/home/ubuntu/EdgeRanked/sports/wnba/outputs/archive/projections/wnba_projections_20260707.csv,2026-07-13T11:30:43Z
2026-07-07,2026-07-07,Azzi Fudd,azzi fudd,azzi fudd,DAL,NYL,31.34,34.0,-2.66,2.66,7.0756000000000006,/home/ubuntu/EdgeRanked/sports/wnba/outputs/archive/projections/wnba_projections_20260707.csv,2026-07-13T11:30:43Z
2026-07-07,2026-07-07,Betnijah Laney-Hamilton,betnijah laney-hamilton,betnijah laney-hamilton,NYL,DAL,11.91,15.0,-3.09,3.09,9.5481,/home/ubuntu/EdgeRanked/sports/wnba/outputs/archive/projections/wnba_projections_20260707.csv,2026-07-13T11:30:43Z
2026-07-07,2026-07-07,Breanna Stewart,breanna stewart,breanna stewart,NYL,DAL,29.77,33.0,-3.2300000000000004,3.2300000000000004,10.432900000000004,/home/ubuntu/EdgeRanked/sports/wnba/outputs/archive/projections/wnba_projections_20260707.csv,2026-07-13T11:30:43Z
2026-07-07,2026-07-07,Courtney Vandersloot,courtney vandersloot,courtney vandersloot,CHI,PHX,11.89,18.0,-6.109999999999999,6.109999999999999,37.33209999999999,/home/ubuntu/EdgeRanked/sports/wnba/outputs/archive/projections/wnba_projections_20260707.csv,2026-07-13T11:30:43Z
2026-07-07,2026-07-07,DeWanna Bonner,dewanna bonner,dewanna bonner,PHX,CHI,29.35,31.0,-1.6499999999999986,1.6499999999999986,2.7224999999999953,/home/ubuntu/EdgeRanked/sports/wnba/outputs/archive/projections/wnba_projections_20260707.csv,2026-07-13T11:30:43Z
2026-07-07,2026-07-07,Elizabeth Williams,elizabeth williams,elizabeth williams,CHI,PHX,15.0,12.0,3.0,3.0,9.0,/home/ubuntu/EdgeRanked/sports/wnba/outputs/archive/projections/wnba_projections_20260707.csv,2026-07-13T11:30:43Z
2026-07-07,2026-07-07,Gabriela Jaquez,gabriela jaquez,gabriela jaquez,CHI,PHX,19.01,18.0,1.0100000000000016,1.0100000000000016,1.0201000000000031,/home/ubuntu/EdgeRanked/sports/wnba/outputs/archive/projections/wnba_projections_20260707.csv,2026-07-13T11:30:43Z
2026-07-07,2026-07-07,Han Xu,han xu,han xu,NYL,DAL,13.9,8.0,5.9,5.9,34.81,/home/ubuntu/EdgeRanked/sports/wnba/outputs/archive/projections/wnba_projections_20260707.csv,2026-07-13T11:30:43Z
2026-07-07,2026-07-07,Jacy Sheldon,jacy sheldon,jacy sheldon,CHI,PHX,18.45,17.0,1.4499999999999993,1.4499999999999993,2.102499999999998,/home/ubuntu/EdgeRanked/sports/wnba/outputs/archive/projections/wnba_projections_20260707.csv,2026-07-13T11:30:43Z
2026-07-07,2026-07-07,Jessica Shepard,jessica shepard,jessica shepard,DAL,NYL,29.57,37.0,-7.43,7.43,55.204899999999995,/home/ubuntu/EdgeRanked/sports/wnba/outputs/archive/projections/wnba_projections_20260707.csv,2026-07-13T11:30:43Z
2026-07-07,2026-07-07,Jonquel Jones,jonquel jones,jonquel jones,NYL,DAL,29.26,32.0,-2.7399999999999984,2.7399999999999984,7.507599999999991,/home/ubuntu/EdgeRanked/sports/wnba/outputs/archive/projections/wnba_projections_20260707.csv,2026-07-13T11:30:43Z
2026-07-07,2026-07-07,Kahleah Copper,kahleah copper,kahleah copper,PHX,CHI,33.06,34.0,-0.9399999999999977,0.9399999999999977,0.8835999999999957,/home/ubuntu/EdgeRanked/sports/wnba/outputs/archive/projections/wnba_projections_20260707.csv,2026-07-13T11:30:43Z
2026-07-07,2026-07-07,Kamilla Cardoso,kamilla cardoso,kamilla cardoso,CHI,PHX,28.74,28.0,0.7399999999999984,0.7399999999999984,0.5475999999999976,/home/ubuntu/EdgeRanked/sports/wnba/outputs/archive/projections/wnba_projections_20260707.csv,2026-07-13T11:30:43Z
2026-07-07,2026-07-07,Kyara Linskens,kyara linskens,kyara linskens,PHX,CHI,14.92,8.0,6.92,6.92,47.8864,/home/ubuntu/EdgeRanked/sports/wnba/outputs/archive/projections/wnba_projections_20260707.csv,2026-07-13T11:30:43Z
2026-07-07,2026-07-07,Lexi Held,lexi held,lexi held,PHX,CHI,20.16,27.0,-6.84,6.84,46.785599999999995,/home/ubuntu/EdgeRanked/sports/wnba/outputs/archive/projections/wnba_projections_20260707.csv,2026-07-13T11:30:43Z
2026-07-07,2026-07-07,Marine Johannes,marine johannes,marine johannes,NYL,DAL,22.84,21.0,1.8399999999999999,1.8399999999999999,3.3855999999999993,/home/ubuntu/EdgeRanked/sports/wnba/outputs/archive/projections/wnba_projections_20260707.csv,2026-07-13T11:30:43Z
2026-07-07,2026-07-07,Marta Suarez,marta suarez,marta suarez,PHX,CHI,8.2,6.0,2.1999999999999993,2.1999999999999993,4.839999999999997,/home/ubuntu/EdgeRanked/sports/wnba/outputs/archive/projections/wnba_projections_20260707.csv,2026-07-13T11:30:43Z
2026-07-07,2026-07-07,Monique Akoa Makani,monique akoa makani,monique akoa makani,PHX,CHI,11.03,17.0,-5.970000000000001,5.970000000000001,35.64090000000001,/home/ubuntu/EdgeRanked/sports/wnba/outputs/archive/projections/wnba_projections_20260707.csv,2026-07-13T11:30:43Z
2026-07-07,2026-07-07,Natasha Cloud,natasha cloud,natasha cloud,CHI,PHX,22.7,32.0,-9.3,9.3,86.49000000000001,/home/ubuntu/EdgeRanked/sports/wnba/outputs/archive/projections/wnba_projections_20260707.csv,2026-07-13T11:30:43Z
2026-07-07,2026-07-07,Odyssey Sims,odyssey sims,odyssey sims,DAL,NYL,8.84,12.0,-3.16,3.16,9.985600000000002,/home/ubuntu/EdgeRanked/sports/wnba/outputs/archive/projections/wnba_projections_20260707.csv,2026-07-13T11:30:43Z
2026-07-07,2026-07-07,Paige Bueckers,paige bueckers,paige bueckers,DAL,NYL,33.95,33.0,0.9500000000000028,0.9500000000000028,0.9025000000000054,/home/ubuntu/EdgeRanked/sports/wnba/outputs/archive/projections/wnba_projections_20260707.csv,2026-07-13T11:30:43Z
2026-07-07,2026-07-07,Pauline Astier,pauline astier,pauline astier,NYL,DAL,26.08,23.0,3.0799999999999983,3.0799999999999983,9.486399999999989,/home/ubuntu/EdgeRanked/sports/wnba/outputs/archive/projections/wnba_projections_20260707.csv,2026-07-13T11:30:43Z
2026-07-07,2026-07-07,Rachel Banham,rachel banham,rachel banham,CHI,PHX,10.29,12.0,-1.7100000000000009,1.7100000000000009,2.924100000000003,/home/ubuntu/EdgeRanked/sports/wnba/outputs/archive/projections/wnba_projections_20260707.csv,2026-07-13T11:30:43Z
2026-07-07,2026-07-07,Raquel Carrera,raquel carrera,raquel carrera,NYL,DAL,8.0,5.0,3.0,3.0,9.0,/home/ubuntu/EdgeRanked/sports/wnba/outputs/archive/projections/wnba_projections_20260707.csv,2026-07-13T11:30:43Z
2026-07-07,2026-07-07,Rebecca Allen,rebecca allen,rebecca allen,NYL,DAL,8.0,4.0,4.0,4.0,16.0,/home/ubuntu/EdgeRanked/sports/wnba/outputs/archive/projections/wnba_projections_20260707.csv,2026-07-13T11:30:43Z
2026-07-07,2026-07-07,Rebekah Gardner,rebekah gardner,rebekah gardner,NYL,DAL,16.76,26.0,-9.239999999999998,9.239999999999998,85.37759999999997,/home/ubuntu/EdgeRanked/sports/wnba/outputs/archive/projections/wnba_projections_20260707.csv,2026-07-13T11:30:43Z
2026-07-07,2026-07-07,Sabrina Ionescu,sabrina ionescu,sabrina ionescu,NYL,DAL,27.42,33.0,-5.579999999999998,5.579999999999998,31.13639999999998,/home/ubuntu/EdgeRanked/sports/wnba/outputs/archive/projections/wnba_projections_20260707.csv,2026-07-13T11:30:43Z
2026-07-07,2026-07-07,Sydney Taylor,sydney taylor,sydney taylor,CHI,PHX,24.07,23.0,1.0700000000000003,1.0700000000000003,1.1449000000000007,/home/ubuntu/EdgeRanked/sports/wnba/outputs/archive/projections/wnba_projections_20260707.csv,2026-07-13T11:30:43Z
2026-07-07,2026-07-07,Valeriane Ayayi,valeriane ayayi,valeriane ayayi,PHX,CHI,25.48,28.0,-2.5199999999999996,2.5199999999999996,6.350399999999998,/home/ubuntu/EdgeRanked/sports/wnba/outputs/archive/projections/wnba_projections_20260707.csv,2026-07-13T11:30:43Z
2026-07-08,2026-07-08,Aaliyah Edwards,aaliyah edwards,aaliyah edwards,CON,MIN,17.89,17.0,0.8900000000000006,0.8900000000000006,0.792100000000001,/home/ubuntu/EdgeRanked/sports/wnba/outputs/archive/projections/wnba_projections_20260708.csv,2026-07-13T11:30:43Z
2026-07-08,2026-07-08,Alissa Pili,alissa pili,alissa pili,LAS,IND,13.44,12.0,1.4399999999999995,1.4399999999999995,2.0735999999999986,/home/ubuntu/EdgeRanked/sports/wnba/outputs/archive/projections/wnba_projections_20260708.csv,2026-07-13T11:30:43Z
2026-07-08,2026-07-08,Anastasiia Olairi Kosu,anastasiia olairi kosu,anastasiia olairi kosu,MIN,CON,11.78,15.0,-3.2200000000000006,3.2200000000000006,10.368400000000005,/home/ubuntu/EdgeRanked/sports/wnba/outputs/archive/projections/wnba_projections_20260708.csv,2026-07-13T11:30:43Z
2026-07-08,2026-07-08,Antonia Delaere,antonia delaere,antonia delaere,MIN,CON,10.57,23.0,-12.43,12.43,154.5049,/home/ubuntu/EdgeRanked/sports/wnba/outputs/archive/projections/wnba_projections_20260708.csv,2026-07-13T11:30:43Z
2026-07-08,2026-07-08,Ariel Atkins,ariel atkins,ariel atkins,LAS,IND,24.02,31.0,-6.98,6.98,48.720400000000005,/home/ubuntu/EdgeRanked/sports/wnba/outputs/archive/projections/wnba_projections_20260708.csv,2026-07-13T11:30:43Z
2026-07-08,2026-07-08,Bree Hall,bree hall,bree hall,IND,LAS,9.62,1.0,8.62,8.62,74.30439999999999,/home/ubuntu/EdgeRanked/sports/wnba/outputs/archive/projections/wnba_projections_20260708.csv,2026-07-13T11:30:43Z
2026-07-08,2026-07-08,Caitlin Clark,caitlin clark,caitlin clark,IND,LAS,31.64,16.0,15.64,15.64,244.60960000000003,/home/ubuntu/EdgeRanked/sports/wnba/outputs/archive/projections/wnba_projections_20260708.csv,2026-07-13T11:30:43Z
2026-07-08,2026-07-08,Cecilia Zandalasini,cecilia zandalasini,cecilia zandalasini,GSV,TOR,19.35,15.0,4.350000000000001,4.350000000000001,18.922500000000014,/home/ubuntu/EdgeRanked/sports/wnba/outputs/archive/projections/wnba_projections_20260708.csv,2026-07-13T11:30:43Z
2026-07-08,2026-07-08,Charlisse Leger-Walker,charlisse leger-walker,charlisse leger-walker,CON,MIN,24.59,31.0,-6.41,6.41,41.088100000000004,/home/ubuntu/EdgeRanked/sports/wnba/outputs/archive/projections/wnba_projections_20260708.csv,2026-07-13T11:30:43Z
2026-07-08,2026-07-08,Courtney Williams,courtney williams,courtney williams,MIN,CON,29.36,30.0,-0.6400000000000006,0.6400000000000006,0.40960000000000074,/home/ubuntu/EdgeRanked/sports/wnba/outputs/archive/projections/wnba_projections_20260708.csv,2026-07-13T11:30:43Z
2026-07-08,2026-07-08,Damiris Dantas,damiris dantas,damiris dantas,IND,LAS,8.0,22.0,-14.0,14.0,196.0,/home/ubuntu/EdgeRanked/sports/wnba/outputs/archive/projections/wnba_projections_20260708.csv,2026-07-13T11:30:43Z
2026-07-08,2026-07-08,Dearica Hamby,dearica hamby,dearica hamby,LAS,IND,28.23,34.0,-5.77,5.77,33.292899999999996,/home/ubuntu/EdgeRanked/sports/wnba/outputs/archive/projections/wnba_projections_20260708.csv,2026-07-13T11:30:43Z
2026-07-08,2026-07-08,Diamond Miller,diamond miller,diamond miller,CON,MIN,20.48,23.0,-2.5199999999999996,2.5199999999999996,6.350399999999998,/home/ubuntu/EdgeRanked/sports/wnba/outputs/archive/projections/wnba_projections_20260708.csv,2026-07-13T11:30:43Z
2026-07-08,2026-07-08,Dorka Juhasz,dorka juhasz,dorka juhasz,MIN,CON,8.0,19.0,-11.0,11.0,121.0,/home/ubuntu/EdgeRanked/sports/wnba/outputs/archive/projections/wnba_projections_20260708.csv,2026-07-13T11:30:43Z
2026-07-08,2026-07-08,Eliska Hamzova,eliska hamzova,eliska hamzova,MIN,CON,8.0,11.0,-3.0,3.0,9.0,/home/ubuntu/EdgeRanked/sports/wnba/outputs/archive/projections/wnba_projections_20260708.csv,2026-07-13T11:30:43Z
2026-07-08,2026-07-08,Emma Cannon,emma cannon,emma cannon,LAS,IND,8.0,3.0,5.0,5.0,25.0,/home/ubuntu/EdgeRanked/sports/wnba/outputs/archive/projections/wnba_projections_20260708.csv,2026-07-13T11:30:43Z
2026-07-08,2026-07-08,Erica Wheeler,erica wheeler,erica wheeler,LAS,IND,21.64,29.0,-7.359999999999999,7.359999999999999,54.16959999999999,/home/ubuntu/EdgeRanked/sports/wnba/outputs/archive/projections/wnba_projections_20260708.csv,2026-07-13T11:30:43Z
2026-07-08,2026-07-08,Gabby Williams,gabby williams,gabby williams,GSV,TOR,27.0,18.0,9.0,9.0,81.0,/home/ubuntu/EdgeRanked/sports/wnba/outputs/archive/projections/wnba_projections_20260708.csv,2026-07-13T11:30:43Z
2026-07-08,2026-07-08,Gianna Kneepkens,gianna kneepkens,gianna kneepkens,CON,MIN,8.0,9.0,-1.0,1.0,1.0,/home/ubuntu/EdgeRanked/sports/wnba/outputs/archive/projections/wnba_projections_20260708.csv,2026-07-13T11:30:43Z
2026-07-08,2026-07-08,Grace VanSlooten,grace vanslooten,grace vanslooten,IND,LAS,8.0,4.0,4.0,4.0,16.0,/home/ubuntu/EdgeRanked/sports/wnba/outputs/archive/projections/wnba_projections_20260708.csv,2026-07-13T11:30:43Z
2026-07-08,2026-07-08,Isabelle Harrison,isabelle harrison,isabelle harrison,TOR,GSV,26.72,31.0,-4.280000000000001,4.280000000000001,18.31840000000001,/home/ubuntu/EdgeRanked/sports/wnba/outputs/archive/projections/wnba_projections_20260708.csv,2026-07-13T11:30:43Z
2026-07-08,2026-07-08,Janelle Salaun,janelle salaun,janelle salaun,GSV,TOR,20.98,23.0,-2.0199999999999996,2.0199999999999996,4.080399999999998,/home/ubuntu/EdgeRanked/sports/wnba/outputs/archive/projections/wnba_projections_20260708.csv,2026-07-13T11:30:43Z
2026-07-08,2026-07-08,Jihyun Park,jihyun park,jihyun park,LAS,IND,20.32,10.0,10.32,10.32,106.50240000000001,/home/ubuntu/EdgeRanked/sports/wnba/outputs/archive/projections/wnba_projections_20260708.csv,2026-07-13T11:30:43Z
2026-07-08,2026-07-08,Julie Allemand,julie allemand,julie allemand,TOR,GSV,32.14,36.0,-3.8599999999999994,3.8599999999999994,14.899599999999996,/home/ubuntu/EdgeRanked/sports/wnba/outputs/archive/projections/wnba_projections_20260708.csv,2026-07-13T11:30:43Z
2026-07-08,2026-07-08,Kaila Charles,kaila charles,kaila charles,GSV,TOR,21.77,25.0,-3.2300000000000004,3.2300000000000004,10.432900000000004,/home/ubuntu/EdgeRanked/sports/wnba/outputs/archive/projections/wnba_projections_20260708.csv,2026-07-13T11:30:43Z
2026-07-08,2026-07-08,Kaitlyn Chen,kaitlyn chen,kaitlyn chen,GSV,TOR,14.37,22.0,-7.630000000000001,7.630000000000001,58.21690000000001,/home/ubuntu/EdgeRanked/sports/wnba/outputs/archive/projections/wnba_projections_20260708.csv,2026-07-13T11:30:43Z
2026-07-08,2026-07-08,Kayla McBride,kayla mcbride,kayla mcbride,MIN,CON,31.48,38.0,-6.52,6.52,42.5104,/home/ubuntu/EdgeRanked/sports/wnba/outputs/archive/projections/wnba_projections_20260708.csv,2026-07-13T11:30:43Z
2026-07-08,2026-07-08,Kayla Thornton,kayla thornton,kayla thornton,GSV,TOR,22.26,25.0,-2.7399999999999984,2.7399999999999984,7.507599999999991,/home/ubuntu/EdgeRanked/sports/wnba/outputs/archive/projections/wnba_projections_20260708.csv,2026-07-13T11:30:43Z
2026-07-08,2026-07-08,Kelsey Mitchell,kelsey mitchell,kelsey mitchell,IND,LAS,32.49,33.0,-0.509999999999998,0.509999999999998,0.26009999999999794,/home/ubuntu/EdgeRanked/sports/wnba/outputs/archive/projections/wnba_projections_20260708.csv,2026-07-13T11:30:43Z
2026-07-08,2026-07-08,Kennedy Burke,kennedy burke,kennedy burke,CON,MIN,24.28,27.0,-2.719999999999999,2.719999999999999,7.398399999999993,/home/ubuntu/EdgeRanked/sports/wnba/outputs/archive/projections/wnba_projections_20260708.csv,2026-07-13T11:30:43Z
2026-07-08,2026-07-08,Kia Nurse,kia nurse,kia nurse,TOR,GSV,16.33,15.0,1.3299999999999983,1.3299999999999983,1.7688999999999955,/home/ubuntu/EdgeRanked/sports/wnba/outputs/archive/projections/wnba_projections_20260708.csv,2026-07-13T11:30:43Z
2026-07-08,2026-07-08,Kiah Stokes,kiah stokes,kiah stokes,GSV,TOR,21.9,14.0,7.899999999999999,7.899999999999999,62.409999999999975,/home/ubuntu/EdgeRanked/sports/wnba/outputs/archive/projections/wnba_projections_20260708.csv,2026-07-13T11:30:43Z
2026-07-08,2026-07-08,Kiana Williams,kiana williams,kiana williams,LAS,IND,15.21,15.0,0.21000000000000085,0.21000000000000085,0.04410000000000036,/home/ubuntu/EdgeRanked/sports/wnba/outputs/archive/projections/wnba_projections_20260708.csv,2026-07-13T11:30:43Z
2026-07-08,2026-07-08,Laeticia Amihere,laeticia amihere,laeticia amihere,GSV,TOR,13.59,15.0,-1.4100000000000001,1.4100000000000001,1.9881000000000004,/home/ubuntu/EdgeRanked/sports/wnba/outputs/archive/projections/wnba_projections_20260708.csv,2026-07-13T11:30:43Z
2026-07-08,2026-07-08,Laura Juskaite,laura juskaite,laura juskaite,TOR,GSV,19.72,18.0,1.7199999999999989,1.7199999999999989,2.958399999999996,/home/ubuntu/EdgeRanked/sports/wnba/outputs/archive/projections/wnba_projections_20260708.csv,2026-07-13T11:30:43Z
2026-07-08,2026-07-08,Leila Lacan,leila lacan,leila lacan,CON,MIN,28.22,29.0,-0.7800000000000011,0.7800000000000011,0.6084000000000018,/home/ubuntu/EdgeRanked/sports/wnba/outputs/archive/projections/wnba_projections_20260708.csv,2026-07-13T11:30:43Z
2026-07-08,2026-07-08,Lexie Hull,lexie hull,lexie hull,IND,LAS,22.57,21.0,1.5700000000000003,1.5700000000000003,2.464900000000001,/home/ubuntu/EdgeRanked/sports/wnba/outputs/archive/projections/wnba_projections_20260708.csv,2026-07-13T11:30:43Z
2026-07-08,2026-07-08,Makayla Timpson,makayla timpson,makayla timpson,IND,LAS,9.93,23.0,-13.07,13.07,170.8249,/home/ubuntu/EdgeRanked/sports/wnba/outputs/archive/projections/wnba_projections_20260708.csv,2026-07-13T11:30:43Z
2026-07-08,2026-07-08,Maria Conde,maria conde,maria conde,TOR,GSV,29.49,35.0,-5.510000000000002,5.510000000000002,30.360100000000017,/home/ubuntu/EdgeRanked/sports/wnba/outputs/archive/projections/wnba_projections_20260708.csv,2026-07-13T11:30:43Z
2026-07-08,2026-07-08,Marina Mabrey,marina mabrey,marina mabrey,TOR,GSV,34.09,34.0,0.09000000000000341,0.09000000000000341,0.008100000000000614,/home/ubuntu/EdgeRanked/sports/wnba/outputs/archive/projections/wnba_projections_20260708.csv,2026-07-13T11:30:43Z
2026-07-08,2026-07-08,Maya Caldwell,maya caldwell,maya caldwell,MIN,CON,15.26,17.0,-1.7400000000000002,1.7400000000000002,3.027600000000001,/home/ubuntu/EdgeRanked/sports/wnba/outputs/archive/projections/wnba_projections_20260708.csv,2026-07-13T11:30:43Z
2026-07-08,2026-07-08,Monique Billings,monique billings,monique billings,IND,LAS,23.73,18.0,5.73,5.73,32.8329,/home/ubuntu/EdgeRanked/sports/wnba/outputs/archive/projections/wnba_projections_20260708.csv,2026-07-13T11:30:43Z
2026-07-08,2026-07-08,Myisha Hines-Allen,myisha hines-allen,myisha hines-allen,IND,LAS,16.54,13.0,3.539999999999999,3.539999999999999,12.531599999999994,/home/ubuntu/EdgeRanked/sports/wnba/outputs/archive/projections/wnba_projections_20260708.csv,2026-07-13T11:30:43Z
2026-07-08,2026-07-08,Nadia Fingall,nadia fingall,nadia fingall,GSV,TOR,8.0,2.0,6.0,6.0,36.0,/home/ubuntu/EdgeRanked/sports/wnba/outputs/archive/projections/wnba_projections_20260708.csv,2026-07-13T11:30:43Z
2026-07-08,2026-07-08,Natasha Howard,natasha howard,natasha howard,MIN,CON,31.83,31.0,0.8299999999999983,0.8299999999999983,0.6888999999999972,/home/ubuntu/EdgeRanked/sports/wnba/outputs/archive/projections/wnba_projections_20260708.csv,2026-07-13T11:30:43Z
2026-07-08,2026-07-08,Nell Angloma,nell angloma,nell angloma,CON,MIN,8.0,15.0,-7.0,7.0,49.0,/home/ubuntu/EdgeRanked/sports/wnba/outputs/archive/projections/wnba_projections_20260708.csv,2026-07-13T11:30:43Z
2026-07-08,2026-07-08,Nia Coffey,nia coffey,nia coffey,MIN,CON,30.31,14.0,16.31,16.31,266.01609999999994,/home/ubuntu/EdgeRanked/sports/wnba/outputs/archive/projections/wnba_projections_20260708.csv,2026-07-13T11:30:43Z
2026-07-08,2026-07-08,Nneka Ogwumike,nneka ogwumike,nneka ogwumike,LAS,IND,28.71,31.0,-2.289999999999999,2.289999999999999,5.244099999999996,/home/ubuntu/EdgeRanked/sports/wnba/outputs/archive/projections/wnba_projections_20260708.csv,2026-07-13T11:30:43Z
2026-07-08,2026-07-08,Nyara Sabally,nyara sabally,nyara sabally,TOR,GSV,24.99,7.0,17.99,17.99,323.64009999999996,/home/ubuntu/EdgeRanked/sports/wnba/outputs/archive/projections/wnba_projections_20260708.csv,2026-07-13T11:30:43Z
2026-07-08,2026-07-08,Olivia Nelson-Ododa,olivia nelson-ododa,olivia nelson-ododa,CON,MIN,22.13,27.0,-4.870000000000001,4.870000000000001,23.71690000000001,/home/ubuntu/EdgeRanked/sports/wnba/outputs/archive/projections/wnba_projections_20260708.csv,2026-07-13T11:30:43Z
2026-07-08,2026-07-08,Rae Burrell,rae burrell,rae burrell,LAS,IND,26.63,36.0,-9.370000000000001,9.370000000000001,87.79690000000002,/home/ubuntu/EdgeRanked/sports/wnba/outputs/archive/projections/wnba_projections_20260708.csv,2026-07-13T11:30:43Z
2026-07-08,2026-07-08,Raegan Beers,raegan beers,raegan beers,CON,MIN,8.0,13.0,-5.0,5.0,25.0,/home/ubuntu/EdgeRanked/sports/wnba/outputs/archive/projections/wnba_projections_20260708.csv,2026-07-13T11:30:43Z
2026-07-08,2026-07-08,Raven Johnson,raven johnson,raven johnson,IND,LAS,17.76,13.0,4.760000000000002,4.760000000000002,22.657600000000016,/home/ubuntu/EdgeRanked/sports/wnba/outputs/archive/projections/wnba_projections_20260708.csv,2026-07-13T11:30:43Z
2026-07-08,2026-07-08,Saniya Rivers,saniya rivers,saniya rivers,CON,MIN,15.94,9.0,6.9399999999999995,6.9399999999999995,48.163599999999995,/home/ubuntu/EdgeRanked/sports/wnba/outputs/archive/projections/wnba_projections_20260708.csv,2026-07-13T11:30:43Z
2026-07-08,2026-07-08,Sophie Cunningham,sophie cunningham,sophie cunningham,IND,LAS,22.11,11.0,11.11,11.11,123.43209999999999,/home/ubuntu/EdgeRanked/sports/wnba/outputs/archive/projections/wnba_projections_20260708.csv,2026-07-13T11:30:43Z
2026-07-08,2026-07-08,Teonni Key,teonni key,teonni key,TOR,GSV,8.0,11.0,-3.0,3.0,9.0,/home/ubuntu/EdgeRanked/sports/wnba/outputs/archive/projections/wnba_projections_20260708.csv,2026-07-13T11:30:43Z
2026-07-08,2026-07-08,Tiffany Hayes,tiffany hayes,tiffany hayes,GSV,TOR,16.59,19.0,-2.41,2.41,5.8081000000000005,/home/ubuntu/EdgeRanked/sports/wnba/outputs/archive/projections/wnba_projections_20260708.csv,2026-07-13T11:30:43Z
2026-07-08,2026-07-08,Tima Pouye,tima pouye,tima pouye,TOR,GSV,18.34,13.0,5.34,5.34,28.5156,/home/ubuntu/EdgeRanked/sports/wnba/outputs/archive/projections/wnba_projections_20260708.csv,2026-07-13T11:30:43Z
2026-07-08,2026-07-08,Tyasha Harris,tyasha harris,tyasha harris,IND,LAS,22.35,26.0,-3.6499999999999986,3.6499999999999986,13.32249999999999,/home/ubuntu/EdgeRanked/sports/wnba/outputs/archive/projections/wnba_projections_20260708.csv,2026-07-13T11:30:43Z
2026-07-08,2026-07-08,Veronica Burton,veronica burton,veronica burton,GSV,TOR,28.2,21.0,7.199999999999999,7.199999999999999,51.83999999999999,/home/ubuntu/EdgeRanked/sports/wnba/outputs/archive/projections/wnba_projections_20260708.csv,2026-07-13T11:30:43Z
2026-07-09,2026-07-09,Aliyah Boston,aliyah boston,aliyah boston,IND,PHX,27.42,38.0,-10.579999999999998,10.579999999999998,111.93639999999996,/home/ubuntu/EdgeRanked/sports/wnba/outputs/archive/projections/wnba_projections_20260709.csv,2026-07-13T11:30:43Z
2026-07-09,2026-07-09,Allisha Gray,allisha gray,allisha gray,ATL,SEA,29.36,32.0,-2.6400000000000006,2.6400000000000006,6.969600000000003,/home/ubuntu/EdgeRanked/sports/wnba/outputs/archive/projections/wnba_projections_20260709.csv,2026-07-13T11:30:43Z
2026-07-09,2026-07-09,Alyssa Thomas,alyssa thomas,alyssa thomas,PHX,IND,34.36,33.0,1.3599999999999994,1.3599999999999994,1.8495999999999984,/home/ubuntu/EdgeRanked/sports/wnba/outputs/archive/projections/wnba_projections_20260709.csv,2026-07-13T11:30:43Z
2026-07-09,2026-07-09,Angel Reese,angel reese,angel reese,ATL,SEA,29.79,30.0,-0.21000000000000085,0.21000000000000085,0.04410000000000036,/home/ubuntu/EdgeRanked/sports/wnba/outputs/archive/projections/wnba_projections_20260709.csv,2026-07-13T11:30:43Z
2026-07-09,2026-07-09,Awa Fam,awa fam,awa fam,SEA,ATL,30.92,30.0,0.9200000000000017,0.9200000000000017,0.8464000000000031,/home/ubuntu/EdgeRanked/sports/wnba/outputs/archive/projections/wnba_projections_20260709.csv,2026-07-13T11:30:43Z
2026-07-09,2026-07-09,Brianna Turner,brianna turner,brianna turner,LVA,POR,8.0,14.0,-6.0,6.0,36.0,/home/ubuntu/EdgeRanked/sports/wnba/outputs/archive/projections/wnba_projections_20260709.csv,2026-07-13T11:30:43Z
2026-07-09,2026-07-09,Bridget Carleton,bridget carleton,bridget carleton,POR,LVA,34.71,28.0,6.710000000000001,6.710000000000001,45.02410000000001,/home/ubuntu/EdgeRanked/sports/wnba/outputs/archive/projections/wnba_projections_20260709.csv,2026-07-13T11:30:43Z
2026-07-09,2026-07-09,Carla Leite,carla leite,carla leite,POR,LVA,34.86,21.0,13.86,13.86,192.09959999999998,/home/ubuntu/EdgeRanked/sports/wnba/outputs/archive/projections/wnba_projections_20260709.csv,2026-07-13T11:30:43Z
2026-07-09,2026-07-09,Chelsea Gray,chelsea gray,chelsea gray,LVA,POR,32.22,34.0,-1.7800000000000011,1.7800000000000011,3.168400000000004,/home/ubuntu/EdgeRanked/sports/wnba/outputs/archive/projections/wnba_projections_20260709.csv,2026-07-13T11:30:43Z
2026-07-09,2026-07-09,Cheyenne Parker-Tyus,cheyenne parker-tyus,cheyenne parker-tyus,LVA,POR,15.33,5.0,10.33,10.33,106.7089,/home/ubuntu/EdgeRanked/sports/wnba/outputs/archive/projections/wnba_projections_20260709.csv,2026-07-13T11:30:43Z
2026-07-09,2026-07-09,DeWanna Bonner,dewanna bonner,dewanna bonner,PHX,IND,29.87,27.0,2.870000000000001,2.870000000000001,8.236900000000006,/home/ubuntu/EdgeRanked/sports/wnba/outputs/archive/projections/wnba_projections_20260709.csv,2026-07-13T11:30:43Z
2026-07-09,2026-07-09,Dominique Malonga,dominique malonga,dominique malonga,SEA,ATL,24.51,29.0,-4.489999999999998,4.489999999999998,20.160099999999986,/home/ubuntu/EdgeRanked/sports/wnba/outputs/archive/projections/wnba_projections_20260709.csv,2026-07-13T11:30:43Z
2026-07-09,2026-07-09,Emily Engstler,emily engstler,emily engstler,POR,LVA,25.1,29.0,-3.8999999999999986,3.8999999999999986,15.209999999999988,/home/ubuntu/EdgeRanked/sports/wnba/outputs/archive/projections/wnba_projections_20260709.csv,2026-07-13T11:30:43Z
2026-07-09,2026-07-09,Ezi Magbegor,ezi magbegor,ezi magbegor,SEA,ATL,10.45,8.0,2.4499999999999993,2.4499999999999993,6.002499999999997,/home/ubuntu/EdgeRanked/sports/wnba/outputs/archive/projections/wnba_projections_20260709.csv,2026-07-13T11:30:43Z
2026-07-09,2026-07-09,Flau'jae Johnson,flau'jae johnson,flau'jae johnson,SEA,ATL,29.4,29.0,0.3999999999999986,0.3999999999999986,0.15999999999999887,/home/ubuntu/EdgeRanked/sports/wnba/outputs/archive/projections/wnba_projections_20260709.csv,2026-07-13T11:30:43Z
2026-07-09,2026-07-09,Frieda Buhner,frieda buhner,frieda buhner,POR,LVA,17.03,16.0,1.0300000000000011,1.0300000000000011,1.0609000000000024,/home/ubuntu/EdgeRanked/sports/wnba/outputs/archive/projections/wnba_projections_20260709.csv,2026-07-13T11:30:43Z
2026-07-09,2026-07-09,Holly Winterburn,holly winterburn,holly winterburn,POR,LVA,8.0,3.0,5.0,5.0,25.0,/home/ubuntu/EdgeRanked/sports/wnba/outputs/archive/projections/wnba_projections_20260709.csv,2026-07-13T11:30:43Z
2026-07-09,2026-07-09,Isobel Borlase,isobel borlase,isobel borlase,ATL,SEA,10.75,10.0,0.75,0.75,0.5625,/home/ubuntu/EdgeRanked/sports/wnba/outputs/archive/projections/wnba_projections_20260709.csv,2026-07-13T11:30:43Z
2026-07-09,2026-07-09,Jackie Young,jackie young,jackie young,LVA,POR,34.38,31.0,3.3800000000000026,3.3800000000000026,11.424400000000018,/home/ubuntu/EdgeRanked/sports/wnba/outputs/archive/projections/wnba_projections_20260709.csv,2026-07-13T11:30:43Z
2026-07-09,2026-07-09,Jade Melbourne,jade melbourne,jade melbourne,SEA,ATL,23.36,25.0,-1.6400000000000006,1.6400000000000006,2.6896000000000018,/home/ubuntu/EdgeRanked/sports/wnba/outputs/archive/projections/wnba_projections_20260709.csv,2026-07-13T11:30:43Z
2026-07-09,2026-07-09,Jewell Loyd,jewell loyd,jewell loyd,LVA,POR,29.8,29.0,0.8000000000000007,0.8000000000000007,0.6400000000000011,/home/ubuntu/EdgeRanked/sports/wnba/outputs/archive/projections/wnba_projections_20260709.csv,2026-07-13T11:30:43Z
2026-07-09,2026-07-09,Jordan Horston,jordan horston,jordan horston,SEA,ATL,12.92,11.0,1.92,1.92,3.6864,/home/ubuntu/EdgeRanked/sports/wnba/outputs/archive/projections/wnba_projections_20260709.csv,2026-07-13T11:30:43Z
2026-07-09,2026-07-09,Jordin Canada,jordin canada,jordin canada,ATL,SEA,28.98,34.0,-5.02,5.02,25.200399999999995,/home/ubuntu/EdgeRanked/sports/wnba/outputs/archive/projections/wnba_projections_20260709.csv,2026-07-13T11:30:43Z
2026-07-09,2026-07-09,Kahleah Copper,kahleah copper,kahleah copper,PHX,IND,37.39,32.0,5.390000000000001,5.390000000000001,29.052100000000006,/home/ubuntu/EdgeRanked/sports/wnba/outputs/archive/projections/wnba_projections_20260709.csv,2026-07-13T11:30:43Z
2026-07-09,2026-07-09,Katie Lou Samuelson,katie lou samuelson,katie lou samuelson,SEA,ATL,12.29,12.0,0.28999999999999915,0.28999999999999915,0.08409999999999951,/home/ubuntu/EdgeRanked/sports/wnba/outputs/archive/projections/wnba_projections_20260709.csv,2026-07-13T11:30:43Z
2026-07-09,2026-07-09,Kelsey Mitchell,kelsey mitchell,kelsey mitchell,IND,PHX,31.43,35.0,-3.5700000000000003,3.5700000000000003,12.744900000000001,/home/ubuntu/EdgeRanked/sports/wnba/outputs/archive/projections/wnba_projections_20260709.csv,2026-07-13T11:30:43Z
2026-07-09,2026-07-09,Kierstan Bell,kierstan bell,kierstan bell,LVA,POR,11.14,12.0,-0.8599999999999994,0.8599999999999994,0.739599999999999,/home/ubuntu/EdgeRanked/sports/wnba/outputs/archive/projections/wnba_projections_20260709.csv,2026-07-13T11:30:43Z
2026-07-09,2026-07-09,Lexi Held,lexi held,lexi held,PHX,IND,25.07,12.0,13.07,13.07,170.8249,/home/ubuntu/EdgeRanked/sports/wnba/outputs/archive/projections/wnba_projections_20260709.csv,2026-07-13T11:30:43Z
2026-07-09,2026-07-09,Lexie Hull,lexie hull,lexie hull,IND,PHX,24.84,18.0,6.84,6.84,46.785599999999995,/home/ubuntu/EdgeRanked/sports/wnba/outputs/archive/projections/wnba_projections_20260709.csv,2026-07-13T11:30:43Z
2026-07-09,2026-07-09,Luisa Geiselsoder,luisa geiselsoder,luisa geiselsoder,POR,LVA,18.67,6.0,12.670000000000002,12.670000000000002,160.52890000000005,/home/ubuntu/EdgeRanked/sports/wnba/outputs/archive/projections/wnba_projections_20260709.csv,2026-07-13T11:30:43Z
2026-07-09,2026-07-09,Madina Okot,madina okot,madina okot,ATL,SEA,10.43,9.0,1.4299999999999997,1.4299999999999997,2.0448999999999993,/home/ubuntu/EdgeRanked/sports/wnba/outputs/archive/projections/wnba_projections_20260709.csv,2026-07-13T11:30:43Z
2026-07-09,2026-07-09,Makayla Timpson,makayla timpson,makayla timpson,IND,PHX,10.66,15.0,-4.34,4.34,18.8356,/home/ubuntu/EdgeRanked/sports/wnba/outputs/archive/projections/wnba_projections_20260709.csv,2026-07-13T11:30:43Z
2026-07-09,2026-07-09,Marta Suarez,marta suarez,marta suarez,PHX,IND,10.1,11.0,-0.9000000000000004,0.9000000000000004,0.8100000000000006,/home/ubuntu/EdgeRanked/sports/wnba/outputs/archive/projections/wnba_projections_20260709.csv,2026-07-13T11:30:43Z
2026-07-09,2026-07-09,Megan Gustafson,megan gustafson,megan gustafson,POR,LVA,29.05,26.0,3.0500000000000007,3.0500000000000007,9.302500000000004,/home/ubuntu/EdgeRanked/sports/wnba/outputs/archive/projections/wnba_projections_20260709.csv,2026-07-13T11:30:43Z
2026-07-09,2026-07-09,Monique Akoa Makani,monique akoa makani,monique akoa makani,PHX,IND,17.22,24.0,-6.780000000000001,6.780000000000001,45.96840000000002,/home/ubuntu/EdgeRanked/sports/wnba/outputs/archive/projections/wnba_projections_20260709.csv,2026-07-13T11:30:43Z
2026-07-09,2026-07-09,Monique Billings,monique billings,monique billings,IND,PHX,21.67,15.0,6.670000000000002,6.670000000000002,44.48890000000002,/home/ubuntu/EdgeRanked/sports/wnba/outputs/archive/projections/wnba_projections_20260709.csv,2026-07-13T11:30:43Z
2026-07-09,2026-07-09,Myisha Hines-Allen,myisha hines-allen,myisha hines-allen,IND,PHX,15.29,7.0,8.29,8.29,68.72409999999999,/home/ubuntu/EdgeRanked/sports/wnba/outputs/archive/projections/wnba_projections_20260709.csv,2026-07-13T11:30:43Z
2026-07-09,2026-07-09,NaLyssa Smith,nalyssa smith,nalyssa smith,LVA,POR,23.52,28.0,-4.48,4.48,20.070400000000003,/home/ubuntu/EdgeRanked/sports/wnba/outputs/archive/projections/wnba_projections_20260709.csv,2026-07-13T11:30:43Z
2026-07-09,2026-07-09,Natisha Hiedeman,natisha hiedeman,natisha hiedeman,SEA,ATL,31.68,34.0,-2.3200000000000003,2.3200000000000003,5.382400000000001,/home/ubuntu/EdgeRanked/sports/wnba/outputs/archive/projections/wnba_projections_20260709.csv,2026-07-13T11:30:43Z
2026-07-09,2026-07-09,Naz Hillmon,naz hillmon,naz hillmon,ATL,SEA,15.77,29.0,-13.23,13.23,175.0329,/home/ubuntu/EdgeRanked/sports/wnba/outputs/archive/projections/wnba_projections_20260709.csv,2026-07-13T11:30:43Z
2026-07-09,2026-07-09,Noemie Brochant,noemie brochant,noemie brochant,PHX,IND,26.21,19.0,7.210000000000001,7.210000000000001,51.98410000000001,/home/ubuntu/EdgeRanked/sports/wnba/outputs/archive/projections/wnba_projections_20260709.csv,2026-07-13T11:30:43Z
2026-07-09,2026-07-09,Nyadiew Puoch,nyadiew puoch,nyadiew puoch,POR,LVA,16.65,13.0,3.6499999999999986,3.6499999999999986,13.32249999999999,/home/ubuntu/EdgeRanked/sports/wnba/outputs/archive/projections/wnba_projections_20260709.csv,2026-07-13T11:30:43Z
2026-07-09,2026-07-09,Raven Johnson,raven johnson,raven johnson,IND,PHX,18.68,23.0,-4.32,4.32,18.6624,/home/ubuntu/EdgeRanked/sports/wnba/outputs/archive/projections/wnba_projections_20260709.csv,2026-07-13T11:30:43Z
2026-07-09,2026-07-09,Rhyne Howard,rhyne howard,rhyne howard,ATL,SEA,32.36,35.0,-2.6400000000000006,2.6400000000000006,6.969600000000003,/home/ubuntu/EdgeRanked/sports/wnba/outputs/archive/projections/wnba_projections_20260709.csv,2026-07-13T11:30:43Z
2026-07-09,2026-07-09,Sarah Ashlee Barker,sarah ashlee barker,sarah ashlee barker,POR,LVA,30.57,25.0,5.57,5.57,31.024900000000002,/home/ubuntu/EdgeRanked/sports/wnba/outputs/archive/projections/wnba_projections_20260709.csv,2026-07-13T11:30:43Z
2026-07-09,2026-07-09,Serah Williams,serah williams,serah williams,POR,LVA,10.94,6.0,4.9399999999999995,4.9399999999999995,24.403599999999994,/home/ubuntu/EdgeRanked/sports/wnba/outputs/archive/projections/wnba_projections_20260709.csv,2026-07-13T11:30:43Z
2026-07-09,2026-07-09,Sika Kone,sika kone,sika kone,ATL,SEA,8.91,11.0,-2.09,2.09,4.368099999999999,/home/ubuntu/EdgeRanked/sports/wnba/outputs/archive/projections/wnba_projections_20260709.csv,2026-07-13T11:30:43Z
2026-07-09,2026-07-09,Sophie Cunningham,sophie cunningham,sophie cunningham,IND,PHX,20.09,29.0,-8.91,8.91,79.38810000000001,/home/ubuntu/EdgeRanked/sports/wnba/outputs/archive/projections/wnba_projections_20260709.csv,2026-07-13T11:30:43Z
2026-07-09,2026-07-09,Stefanie Dolson,stefanie dolson,stefanie dolson,SEA,ATL,11.75,13.0,-1.25,1.25,1.5625,/home/ubuntu/EdgeRanked/sports/wnba/outputs/archive/projections/wnba_projections_20260709.csv,2026-07-13T11:30:43Z
2026-07-09,2026-07-09,Stephanie Talbot,stephanie talbot,stephanie talbot,LVA,POR,15.61,17.0,-1.3900000000000006,1.3900000000000006,1.9321000000000015,/home/ubuntu/EdgeRanked/sports/wnba/outputs/archive/projections/wnba_projections_20260709.csv,2026-07-13T11:30:43Z
2026-07-09,2026-07-09,Te-Hina Paopao,te-hina paopao,te-hina paopao,ATL,SEA,11.46,10.0,1.4600000000000009,1.4600000000000009,2.1316000000000024,/home/ubuntu/EdgeRanked/sports/wnba/outputs/archive/projections/wnba_projections_20260709.csv,2026-07-13T11:30:43Z
2026-07-09,2026-07-09,Teja Oblak,teja oblak,teja oblak,POR,LVA,12.17,17.0,-4.83,4.83,23.3289,/home/ubuntu/EdgeRanked/sports/wnba/outputs/archive/projections/wnba_projections_20260709.csv,2026-07-13T11:30:43Z
2026-07-09,2026-07-09,Tyasha Harris,tyasha harris,tyasha harris,IND,PHX,22.64,22.0,0.6400000000000006,0.6400000000000006,0.40960000000000074,/home/ubuntu/EdgeRanked/sports/wnba/outputs/archive/projections/wnba_projections_20260709.csv,2026-07-13T11:30:43Z
2026-07-09,2026-07-09,Valeriane Ayayi,valeriane ayayi,valeriane ayayi,PHX,IND,24.89,30.0,-5.109999999999999,5.109999999999999,26.112099999999995,/home/ubuntu/EdgeRanked/sports/wnba/outputs/archive/projections/wnba_projections_20260709.csv,2026-07-13T11:30:43Z
2026-07-09,2026-07-09,Zia Cooke,zia cooke,zia cooke,SEA,ATL,11.03,9.0,2.0299999999999994,2.0299999999999994,4.120899999999997,/home/ubuntu/EdgeRanked/sports/wnba/outputs/archive/projections/wnba_projections_20260709.csv,2026-07-13T11:30:43Z
2026-07-10,2026-07-10,Aaliyah Edwards,aaliyah edwards,aaliyah edwards,CON,GSV,17.4,27.0,-9.600000000000001,9.600000000000001,92.16000000000003,/home/ubuntu/EdgeRanked/sports/wnba/outputs/archive/projections/wnba_projections_20260710.csv,2026-07-13T11:30:43Z
2026-07-10,2026-07-10,Aicha Coulibaly,aicha coulibaly,aicha coulibaly,CHI,LAS,13.48,13.0,0.4800000000000004,0.4800000000000004,0.2304000000000004,/home/ubuntu/EdgeRanked/sports/wnba/outputs/archive/projections/wnba_projections_20260710.csv,2026-07-13T11:30:43Z
2026-07-10,2026-07-10,Alanna Smith,alanna smith,alanna smith,DAL,TOR,11.24,8.0,3.24,3.24,10.497600000000002,/home/ubuntu/EdgeRanked/sports/wnba/outputs/archive/projections/wnba_projections_20260710.csv,2026-07-13T11:30:43Z
2026-07-10,2026-07-10,Alissa Pili,alissa pili,alissa pili,LAS,CHI,11.71,4.0,7.710000000000001,7.710000000000001,59.44410000000001,/home/ubuntu/EdgeRanked/sports/wnba/outputs/archive/projections/wnba_projections_20260710.csv,2026-07-13T11:30:43Z
2026-07-10,2026-07-10,Alysha Clark,alysha clark,alysha clark,DAL,TOR,8.0,17.0,-9.0,9.0,81.0,/home/ubuntu/EdgeRanked/sports/wnba/outputs/archive/projections/wnba_projections_20260710.csv,2026-07-13T11:30:43Z
2026-07-10,2026-07-10,Ariel Atkins,ariel atkins,ariel atkins,LAS,CHI,24.87,29.0,-4.129999999999999,4.129999999999999,17.05689999999999,/home/ubuntu/EdgeRanked/sports/wnba/outputs/archive/projections/wnba_projections_20260710.csv,2026-07-13T11:30:43Z
2026-07-10,2026-07-10,Arike Ogunbowale,arike ogunbowale,arike ogunbowale,DAL,TOR,26.28,30.0,-3.719999999999999,3.719999999999999,13.838399999999991,/home/ubuntu/EdgeRanked/sports/wnba/outputs/archive/projections/wnba_projections_20260710.csv,2026-07-13T11:30:43Z
2026-07-10,2026-07-10,Awak Kuier,awak kuier,awak kuier,DAL,TOR,16.27,11.0,5.27,5.27,27.772899999999996,/home/ubuntu/EdgeRanked/sports/wnba/outputs/archive/projections/wnba_projections_20260710.csv,2026-07-13T11:30:43Z
2026-07-10,2026-07-10,Aziaha James,aziaha james,aziaha james,DAL,TOR,12.1,4.0,8.1,8.1,65.61,/home/ubuntu/EdgeRanked/sports/wnba/outputs/archive/projections/wnba_projections_20260710.csv,2026-07-13T11:30:43Z
2026-07-10,2026-07-10,Azura Stevens,azura stevens,azura stevens,CHI,LAS,27.03,30.0,-2.969999999999999,2.969999999999999,8.820899999999993,/home/ubuntu/EdgeRanked/sports/wnba/outputs/archive/projections/wnba_projections_20260710.csv,2026-07-13T11:30:43Z
2026-07-10,2026-07-10,Azzi Fudd,azzi fudd,azzi fudd,DAL,TOR,31.02,36.0,-4.98,4.98,24.800400000000003,/home/ubuntu/EdgeRanked/sports/wnba/outputs/archive/projections/wnba_projections_20260710.csv,2026-07-13T11:30:43Z
2026-07-10,2026-07-10,Cecilia Zandalasini,cecilia zandalasini,cecilia zandalasini,GSV,CON,18.66,17.0,1.6600000000000001,1.6600000000000001,2.7556000000000003,/home/ubuntu/EdgeRanked/sports/wnba/outputs/archive/projections/wnba_projections_20260710.csv,2026-07-13T11:30:43Z
2026-07-10,2026-07-10,Chance Gray,chance gray,chance gray,LAS,CHI,16.9,3.0,13.899999999999999,13.899999999999999,193.20999999999995,/home/ubuntu/EdgeRanked/sports/wnba/outputs/archive/projections/wnba_projections_20260710.csv,2026-07-13T11:30:43Z
2026-07-10,2026-07-10,Charlisse Leger-Walker,charlisse leger-walker,charlisse leger-walker,CON,GSV,28.38,25.0,3.379999999999999,3.379999999999999,11.424399999999993,/home/ubuntu/EdgeRanked/sports/wnba/outputs/archive/projections/wnba_projections_20260710.csv,2026-07-13T11:30:43Z
2026-07-10,2026-07-10,Courtney Vandersloot,courtney vandersloot,courtney vandersloot,CHI,LAS,15.1,19.0,-3.9000000000000004,3.9000000000000004,15.210000000000003,/home/ubuntu/EdgeRanked/sports/wnba/outputs/archive/projections/wnba_projections_20260710.csv,2026-07-13T11:30:43Z
2026-07-10,2026-07-10,Dearica Hamby,dearica hamby,dearica hamby,LAS,CHI,28.65,30.0,-1.3500000000000014,1.3500000000000014,1.8225000000000038,/home/ubuntu/EdgeRanked/sports/wnba/outputs/archive/projections/wnba_projections_20260710.csv,2026-07-13T11:30:43Z
2026-07-10,2026-07-10,Diamond Miller,diamond miller,diamond miller,CON,GSV,23.85,27.0,-3.1499999999999986,3.1499999999999986,9.92249999999999,/home/ubuntu/EdgeRanked/sports/wnba/outputs/archive/projections/wnba_projections_20260710.csv,2026-07-13T11:30:43Z
2026-07-10,2026-07-10,Elizabeth Williams,elizabeth williams,elizabeth williams,CHI,LAS,14.85,9.0,5.85,5.85,34.2225,/home/ubuntu/EdgeRanked/sports/wnba/outputs/archive/projections/wnba_projections_20260710.csv,2026-07-13T11:30:43Z
2026-07-10,2026-07-10,Emma Cannon,emma cannon,emma cannon,LAS,CHI,9.86,13.0,-3.1400000000000006,3.1400000000000006,9.859600000000004,/home/ubuntu/EdgeRanked/sports/wnba/outputs/archive/projections/wnba_projections_20260710.csv,2026-07-13T11:30:43Z
2026-07-10,2026-07-10,Erica Wheeler,erica wheeler,erica wheeler,LAS,CHI,23.31,28.0,-4.690000000000001,4.690000000000001,21.996100000000013,/home/ubuntu/EdgeRanked/sports/wnba/outputs/archive/projections/wnba_projections_20260710.csv,2026-07-13T11:30:43Z
2026-07-10,2026-07-10,Gabriela Jaquez,gabriela jaquez,gabriela jaquez,CHI,LAS,16.89,20.0,-3.1099999999999994,3.1099999999999994,9.672099999999997,/home/ubuntu/EdgeRanked/sports/wnba/outputs/archive/projections/wnba_projections_20260710.csv,2026-07-13T11:30:43Z
2026-07-10,2026-07-10,Gianna Kneepkens,gianna kneepkens,gianna kneepkens,CON,GSV,8.0,9.0,-1.0,1.0,1.0,/home/ubuntu/EdgeRanked/sports/wnba/outputs/archive/projections/wnba_projections_20260710.csv,2026-07-13T11:30:43Z
2026-07-10,2026-07-10,Hailey Van Lith,hailey van lith,hailey van lith,CON,GSV,15.15,9.0,6.15,6.15,37.822500000000005,/home/ubuntu/EdgeRanked/sports/wnba/outputs/archive/projections/wnba_projections_20260710.csv,2026-07-13T11:30:43Z
2026-07-10,2026-07-10,Isabelle Harrison,isabelle harrison,isabelle harrison,TOR,DAL,27.25,26.0,1.25,1.25,1.5625,/home/ubuntu/EdgeRanked/sports/wnba/outputs/archive/projections/wnba_projections_20260710.csv,2026-07-13T11:30:43Z
2026-07-10,2026-07-10,Jacy Sheldon,jacy sheldon,jacy sheldon,CHI,LAS,19.87,21.0,-1.129999999999999,1.129999999999999,1.2768999999999977,/home/ubuntu/EdgeRanked/sports/wnba/outputs/archive/projections/wnba_projections_20260710.csv,2026-07-13T11:30:43Z
2026-07-10,2026-07-10,Janelle Salaun,janelle salaun,janelle salaun,GSV,CON,22.11,27.0,-4.890000000000001,4.890000000000001,23.912100000000006,/home/ubuntu/EdgeRanked/sports/wnba/outputs/archive/projections/wnba_projections_20260710.csv,2026-07-13T11:30:43Z
2026-07-10,2026-07-10,Jessica Shepard,jessica shepard,jessica shepard,DAL,TOR,30.81,40.0,-9.190000000000001,9.190000000000001,84.45610000000002,/home/ubuntu/EdgeRanked/sports/wnba/outputs/archive/projections/wnba_projections_20260710.csv,2026-07-13T11:30:43Z
2026-07-10,2026-07-10,Jihyun Park,jihyun park,jihyun park,LAS,CHI,15.67,8.0,7.67,7.67,58.8289,/home/ubuntu/EdgeRanked/sports/wnba/outputs/archive/projections/wnba_projections_20260710.csv,2026-07-13T11:30:43Z
2026-07-10,2026-07-10,Julie Allemand,julie allemand,julie allemand,TOR,DAL,27.9,34.0,-6.100000000000001,6.100000000000001,37.210000000000015,/home/ubuntu/EdgeRanked/sports/wnba/outputs/archive/projections/wnba_projections_20260710.csv,2026-07-13T11:30:43Z
2026-07-10,2026-07-10,Juste Jocyte,juste jocyte,juste jocyte,GSV,CON,8.0,2.0,6.0,6.0,36.0,/home/ubuntu/EdgeRanked/sports/wnba/outputs/archive/projections/wnba_projections_20260710.csv,2026-07-13T11:30:43Z
2026-07-10,2026-07-10,Kaila Charles,kaila charles,kaila charles,GSV,CON,20.1,30.0,-9.899999999999999,9.899999999999999,98.00999999999998,/home/ubuntu/EdgeRanked/sports/wnba/outputs/archive/projections/wnba_projections_20260710.csv,2026-07-13T11:30:43Z
2026-07-10,2026-07-10,Kaitlyn Chen,kaitlyn chen,kaitlyn chen,GSV,CON,17.11,21.0,-3.8900000000000006,3.8900000000000006,15.132100000000005,/home/ubuntu/EdgeRanked/sports/wnba/outputs/archive/projections/wnba_projections_20260710.csv,2026-07-13T11:30:43Z
2026-07-10,2026-07-10,Kamilla Cardoso,kamilla cardoso,kamilla cardoso,CHI,LAS,28.18,28.0,0.17999999999999972,0.17999999999999972,0.0323999999999999,/home/ubuntu/EdgeRanked/sports/wnba/outputs/archive/projections/wnba_projections_20260710.csv,2026-07-13T11:30:43Z
2026-07-10,2026-07-10,Kate Martin,kate martin,kate martin,LAS,CHI,11.73,5.0,6.73,6.73,45.2929,/home/ubuntu/EdgeRanked/sports/wnba/outputs/archive/projections/wnba_projections_20260710.csv,2026-07-13T11:30:43Z
2026-07-10,2026-07-10,Kayla Thornton,kayla thornton,kayla thornton,GSV,CON,18.94,13.0,5.940000000000001,5.940000000000001,35.283600000000014,/home/ubuntu/EdgeRanked/sports/wnba/outputs/archive/projections/wnba_projections_20260710.csv,2026-07-13T11:30:43Z
2026-07-10,2026-07-10,Kennedy Burke,kennedy burke,kennedy burke,CON,GSV,29.46,20.0,9.46,9.46,89.49160000000002,/home/ubuntu/EdgeRanked/sports/wnba/outputs/archive/projections/wnba_projections_20260710.csv,2026-07-13T11:30:43Z
2026-07-10,2026-07-10,Kia Nurse,kia nurse,kia nurse,TOR,DAL,18.31,15.0,3.3099999999999987,3.3099999999999987,10.956099999999992,/home/ubuntu/EdgeRanked/sports/wnba/outputs/archive/projections/wnba_projections_20260710.csv,2026-07-13T11:30:43Z
2026-07-10,2026-07-10,Kiah Stokes,kiah stokes,kiah stokes,GSV,CON,22.74,20.0,2.7399999999999984,2.7399999999999984,7.507599999999991,/home/ubuntu/EdgeRanked/sports/wnba/outputs/archive/projections/wnba_projections_20260710.csv,2026-07-13T11:30:43Z
2026-07-10,2026-07-10,Kiana Williams,kiana williams,kiana williams,LAS,CHI,16.41,15.0,1.4100000000000001,1.4100000000000001,1.9881000000000004,/home/ubuntu/EdgeRanked/sports/wnba/outputs/archive/projections/wnba_projections_20260710.csv,2026-07-13T11:30:43Z
2026-07-10,2026-07-10,Laeticia Amihere,laeticia amihere,laeticia amihere,GSV,CON,12.44,17.0,-4.5600000000000005,4.5600000000000005,20.793600000000005,/home/ubuntu/EdgeRanked/sports/wnba/outputs/archive/projections/wnba_projections_20260710.csv,2026-07-13T11:30:43Z
2026-07-10,2026-07-10,Laura Juskaite,laura juskaite,laura juskaite,TOR,DAL,21.01,36.0,-14.989999999999998,14.989999999999998,224.70009999999996,/home/ubuntu/EdgeRanked/sports/wnba/outputs/archive/projections/wnba_projections_20260710.csv,2026-07-13T11:30:43Z
2026-07-10,2026-07-10,Leila Lacan,leila lacan,leila lacan,CON,GSV,29.49,32.0,-2.5100000000000016,2.5100000000000016,6.300100000000008,/home/ubuntu/EdgeRanked/sports/wnba/outputs/archive/projections/wnba_projections_20260710.csv,2026-07-13T11:30:43Z
2026-07-10,2026-07-10,Maddy Siegrist,maddy siegrist,maddy siegrist,DAL,TOR,13.05,3.0,10.05,10.05,101.00250000000001,/home/ubuntu/EdgeRanked/sports/wnba/outputs/archive/projections/wnba_projections_20260710.csv,2026-07-13T11:30:43Z
2026-07-10,2026-07-10,Maria Conde,maria conde,maria conde,TOR,DAL,28.06,35.0,-6.940000000000001,6.940000000000001,48.16360000000002,/home/ubuntu/EdgeRanked/sports/wnba/outputs/archive/projections/wnba_projections_20260710.csv,2026-07-13T11:30:43Z
2026-07-10,2026-07-10,Marina Mabrey,marina mabrey,marina mabrey,TOR,DAL,32.01,27.0,5.009999999999998,5.009999999999998,25.10009999999998,/home/ubuntu/EdgeRanked/sports/wnba/outputs/archive/projections/wnba_projections_20260710.csv,2026-07-13T11:30:43Z
2026-07-10,2026-07-10,Nadia Fingall,nadia fingall,nadia fingall,GSV,CON,8.0,2.0,6.0,6.0,36.0,/home/ubuntu/EdgeRanked/sports/wnba/outputs/archive/projections/wnba_projections_20260710.csv,2026-07-13T11:30:43Z
2026-07-10,2026-07-10,Natasha Cloud,natasha cloud,natasha cloud,CHI,LAS,29.93,27.0,2.9299999999999997,2.9299999999999997,8.584899999999998,/home/ubuntu/EdgeRanked/sports/wnba/outputs/archive/projections/wnba_projections_20260710.csv,2026-07-13T11:30:43Z
2026-07-10,2026-07-10,Nell Angloma,nell angloma,nell angloma,CON,GSV,8.0,16.0,-8.0,8.0,64.0,/home/ubuntu/EdgeRanked/sports/wnba/outputs/archive/projections/wnba_projections_20260710.csv,2026-07-13T11:30:43Z
2026-07-10,2026-07-10,Nneka Ogwumike,nneka ogwumike,nneka ogwumike,LAS,CHI,29.65,33.0,-3.3500000000000014,3.3500000000000014,11.222500000000009,/home/ubuntu/EdgeRanked/sports/wnba/outputs/archive/projections/wnba_projections_20260710.csv,2026-07-13T11:30:43Z
2026-07-10,2026-07-10,Odyssey Sims,odyssey sims,odyssey sims,DAL,TOR,9.45,12.0,-2.5500000000000007,2.5500000000000007,6.502500000000004,/home/ubuntu/EdgeRanked/sports/wnba/outputs/archive/projections/wnba_projections_20260710.csv,2026-07-13T11:30:43Z
2026-07-10,2026-07-10,Olivia Nelson-Ododa,olivia nelson-ododa,olivia nelson-ododa,CON,GSV,23.36,25.0,-1.6400000000000006,1.6400000000000006,2.6896000000000018,/home/ubuntu/EdgeRanked/sports/wnba/outputs/archive/projections/wnba_projections_20260710.csv,2026-07-13T11:30:43Z
2026-07-10,2026-07-10,Paige Bueckers,paige bueckers,paige bueckers,DAL,TOR,33.31,38.0,-4.689999999999998,4.689999999999998,21.996099999999977,/home/ubuntu/EdgeRanked/sports/wnba/outputs/archive/projections/wnba_projections_20260710.csv,2026-07-13T11:30:43Z
2026-07-10,2026-07-10,Rachel Banham,rachel banham,rachel banham,CHI,LAS,11.66,12.0,-0.33999999999999986,0.33999999999999986,0.1155999999999999,/home/ubuntu/EdgeRanked/sports/wnba/outputs/archive/projections/wnba_projections_20260710.csv,2026-07-13T11:30:43Z
2026-07-10,2026-07-10,Rae Burrell,rae burrell,rae burrell,LAS,CHI,25.27,33.0,-7.73,7.73,59.752900000000004,/home/ubuntu/EdgeRanked/sports/wnba/outputs/archive/projections/wnba_projections_20260710.csv,2026-07-13T11:30:43Z
2026-07-10,2026-07-10,Raegan Beers,raegan beers,raegan beers,CON,GSV,9.26,10.0,-0.7400000000000002,0.7400000000000002,0.5476000000000003,/home/ubuntu/EdgeRanked/sports/wnba/outputs/archive/projections/wnba_projections_20260710.csv,2026-07-13T11:30:43Z
2026-07-10,2026-07-10,Sydney Taylor,sydney taylor,sydney taylor,CHI,LAS,24.2,21.0,3.1999999999999993,3.1999999999999993,10.239999999999995,/home/ubuntu/EdgeRanked/sports/wnba/outputs/archive/projections/wnba_projections_20260710.csv,2026-07-13T11:30:43Z
2026-07-10,2026-07-10,Teonni Key,teonni key,teonni key,TOR,DAL,8.0,7.0,1.0,1.0,1.0,/home/ubuntu/EdgeRanked/sports/wnba/outputs/archive/projections/wnba_projections_20260710.csv,2026-07-13T11:30:43Z
2026-07-10,2026-07-10,Tiffany Hayes,tiffany hayes,tiffany hayes,GSV,CON,15.84,17.0,-1.1600000000000001,1.1600000000000001,1.3456000000000004,/home/ubuntu/EdgeRanked/sports/wnba/outputs/archive/projections/wnba_projections_20260710.csv,2026-07-13T11:30:43Z
2026-07-10,2026-07-10,Tima Pouye,tima pouye,tima pouye,TOR,DAL,17.0,9.0,8.0,8.0,64.0,/home/ubuntu/EdgeRanked/sports/wnba/outputs/archive/projections/wnba_projections_20260710.csv,2026-07-13T11:30:43Z
2026-07-10,2026-07-10,Veronica Burton,veronica burton,veronica burton,GSV,CON,27.25,33.0,-5.75,5.75,33.0625,/home/ubuntu/EdgeRanked/sports/wnba/outputs/archive/projections/wnba_projections_20260710.csv,2026-07-13T11:30:43Z
2026-07-11,2026-07-11,A'ja Wilson,a'ja wilson,a'ja wilson,LVA,PHX,34.03,25.0,9.030000000000001,9.030000000000001,81.54090000000002,/home/ubuntu/EdgeRanked/sports/wnba/outputs/archive/projections/wnba_projections_20260711.csv,2026-07-13T11:30:43Z
2026-07-11,2026-07-11,Aaliyah Nye,aaliyah nye,aaliyah nye,ATL,POR,8.0,2.0,6.0,6.0,36.0,/home/ubuntu/EdgeRanked/sports/wnba/outputs/archive/projections/wnba_projections_20260711.csv,2026-07-13T11:30:43Z
2026-07-11,2026-07-11,Allisha Gray,allisha gray,allisha gray,ATL,POR,31.65,31.0,0.6499999999999986,0.6499999999999986,0.42249999999999815,/home/ubuntu/EdgeRanked/sports/wnba/outputs/archive/projections/wnba_projections_20260711.csv,2026-07-13T11:30:43Z
2026-07-11,2026-07-11,Alyssa Thomas,alyssa thomas,alyssa thomas,PHX,LVA,31.98,29.0,2.9800000000000004,2.9800000000000004,8.880400000000003,/home/ubuntu/EdgeRanked/sports/wnba/outputs/archive/projections/wnba_projections_20260711.csv,2026-07-13T11:30:43Z
2026-07-11,2026-07-11,Anastasiia Olairi Kosu,anastasiia olairi kosu,anastasiia olairi kosu,MIN,NYL,10.06,1.0,9.06,9.06,82.0836,/home/ubuntu/EdgeRanked/sports/wnba/outputs/archive/projections/wnba_projections_20260711.csv,2026-07-13T11:30:43Z
2026-07-11,2026-07-11,Antonia Delaere,antonia delaere,antonia delaere,MIN,NYL,16.22,7.0,9.219999999999999,9.219999999999999,85.00839999999998,/home/ubuntu/EdgeRanked/sports/wnba/outputs/archive/projections/wnba_projections_20260711.csv,2026-07-13T11:30:43Z
2026-07-11,2026-07-11,Betnijah Laney-Hamilton,betnijah laney-hamilton,betnijah laney-hamilton,NYL,MIN,11.14,7.0,4.140000000000001,4.140000000000001,17.139600000000005,/home/ubuntu/EdgeRanked/sports/wnba/outputs/archive/projections/wnba_projections_20260711.csv,2026-07-13T11:30:43Z
2026-07-11,2026-07-11,Breanna Stewart,breanna stewart,breanna stewart,NYL,MIN,35.91,37.0,-1.0900000000000034,1.0900000000000034,1.1881000000000075,/home/ubuntu/EdgeRanked/sports/wnba/outputs/archive/projections/wnba_projections_20260711.csv,2026-07-13T11:30:43Z
2026-07-11,2026-07-11,Brianna Turner,brianna turner,brianna turner,LVA,PHX,14.26,12.0,2.26,2.26,5.107599999999999,/home/ubuntu/EdgeRanked/sports/wnba/outputs/archive/projections/wnba_projections_20260711.csv,2026-07-13T11:30:43Z
2026-07-11,2026-07-11,Bridget Carleton,bridget carleton,bridget carleton,POR,ATL,37.04,34.0,3.039999999999999,3.039999999999999,9.241599999999995,/home/ubuntu/EdgeRanked/sports/wnba/outputs/archive/projections/wnba_projections_20260711.csv,2026-07-13T11:30:43Z
2026-07-11,2026-07-11,Carla Leite,carla leite,carla leite,POR,ATL,34.51,26.0,8.509999999999998,8.509999999999998,72.42009999999996,/home/ubuntu/EdgeRanked/sports/wnba/outputs/archive/projections/wnba_projections_20260711.csv,2026-07-13T11:30:43Z
2026-07-11,2026-07-11,Chelsea Gray,chelsea gray,chelsea gray,LVA,PHX,32.31,28.0,4.310000000000002,4.310000000000002,18.576100000000018,/home/ubuntu/EdgeRanked/sports/wnba/outputs/archive/projections/wnba_projections_20260711.csv,2026-07-13T11:30:43Z
2026-07-11,2026-07-11,Cheyenne Parker-Tyus,cheyenne parker-tyus,cheyenne parker-tyus,LVA,PHX,15.11,14.0,1.1099999999999994,1.1099999999999994,1.2320999999999986,/home/ubuntu/EdgeRanked/sports/wnba/outputs/archive/projections/wnba_projections_20260711.csv,2026-07-13T11:30:43Z
2026-07-11,2026-07-11,Courtney Williams,courtney williams,courtney williams,MIN,NYL,31.94,36.0,-4.059999999999999,4.059999999999999,16.48359999999999,/home/ubuntu/EdgeRanked/sports/wnba/outputs/archive/projections/wnba_projections_20260711.csv,2026-07-13T11:30:43Z
2026-07-11,2026-07-11,DeWanna Bonner,dewanna bonner,dewanna bonner,PHX,LVA,28.02,22.0,6.02,6.02,36.240399999999994,/home/ubuntu/EdgeRanked/sports/wnba/outputs/archive/projections/wnba_projections_20260711.csv,2026-07-13T11:30:43Z
2026-07-11,2026-07-11,Dorka Juhasz,dorka juhasz,dorka juhasz,MIN,NYL,19.93,16.0,3.9299999999999997,3.9299999999999997,15.444899999999997,/home/ubuntu/EdgeRanked/sports/wnba/outputs/archive/projections/wnba_projections_20260711.csv,2026-07-13T11:30:43Z
2026-07-11,2026-07-11,Eliska Hamzova,eliska hamzova,eliska hamzova,MIN,NYL,8.78,4.0,4.779999999999999,4.779999999999999,22.848399999999994,/home/ubuntu/EdgeRanked/sports/wnba/outputs/archive/projections/wnba_projections_20260711.csv,2026-07-13T11:30:43Z
2026-07-11,2026-07-11,Emily Engstler,emily engstler,emily engstler,POR,ATL,26.55,25.0,1.5500000000000007,1.5500000000000007,2.402500000000002,/home/ubuntu/EdgeRanked/sports/wnba/outputs/archive/projections/wnba_projections_20260711.csv,2026-07-13T11:30:43Z
2026-07-11,2026-07-11,Frieda Buhner,frieda buhner,frieda buhner,POR,ATL,20.41,15.0,5.41,5.41,29.2681,/home/ubuntu/EdgeRanked/sports/wnba/outputs/archive/projections/wnba_projections_20260711.csv,2026-07-13T11:30:43Z
2026-07-11,2026-07-11,Han Xu,han xu,han xu,NYL,MIN,10.78,18.0,-7.220000000000001,7.220000000000001,52.128400000000006,/home/ubuntu/EdgeRanked/sports/wnba/outputs/archive/projections/wnba_projections_20260711.csv,2026-07-13T11:30:43Z
2026-07-11,2026-07-11,Holly Winterburn,holly winterburn,holly winterburn,POR,ATL,9.34,13.0,-3.66,3.66,13.395600000000002,/home/ubuntu/EdgeRanked/sports/wnba/outputs/archive/projections/wnba_projections_20260711.csv,2026-07-13T11:30:43Z
2026-07-11,2026-07-11,Indya Nivar,indya nivar,indya nivar,ATL,POR,8.0,1.0,7.0,7.0,49.0,/home/ubuntu/EdgeRanked/sports/wnba/outputs/archive/projections/wnba_projections_20260711.csv,2026-07-13T11:30:43Z
2026-07-11,2026-07-11,Isobel Borlase,isobel borlase,isobel borlase,ATL,POR,10.39,18.0,-7.609999999999999,7.609999999999999,57.91209999999999,/home/ubuntu/EdgeRanked/sports/wnba/outputs/archive/projections/wnba_projections_20260711.csv,2026-07-13T11:30:43Z
2026-07-11,2026-07-11,Jackie Young,jackie young,jackie young,LVA,PHX,33.34,24.0,9.340000000000003,9.340000000000003,87.23560000000006,/home/ubuntu/EdgeRanked/sports/wnba/outputs/archive/projections/wnba_projections_20260711.csv,2026-07-13T11:30:43Z
2026-07-11,2026-07-11,Jewell Loyd,jewell loyd,jewell loyd,LVA,PHX,29.71,28.0,1.7100000000000009,1.7100000000000009,2.924100000000003,/home/ubuntu/EdgeRanked/sports/wnba/outputs/archive/projections/wnba_projections_20260711.csv,2026-07-13T11:30:43Z
2026-07-11,2026-07-11,Jonquel Jones,jonquel jones,jonquel jones,NYL,MIN,31.18,33.0,-1.8200000000000003,1.8200000000000003,3.312400000000001,/home/ubuntu/EdgeRanked/sports/wnba/outputs/archive/projections/wnba_projections_20260711.csv,2026-07-13T11:30:43Z
2026-07-11,2026-07-11,Jordin Canada,jordin canada,jordin canada,ATL,POR,30.89,35.0,-4.109999999999999,4.109999999999999,16.892099999999996,/home/ubuntu/EdgeRanked/sports/wnba/outputs/archive/projections/wnba_projections_20260711.csv,2026-07-13T11:30:43Z
2026-07-11,2026-07-11,Justine Pissott,justine pissott,justine pissott,LVA,PHX,8.0,10.0,-2.0,2.0,4.0,/home/ubuntu/EdgeRanked/sports/wnba/outputs/archive/projections/wnba_projections_20260711.csv,2026-07-13T11:30:43Z
2026-07-11,2026-07-11,Kahleah Copper,kahleah copper,kahleah copper,PHX,LVA,34.45,29.0,5.450000000000003,5.450000000000003,29.702500000000033,/home/ubuntu/EdgeRanked/sports/wnba/outputs/archive/projections/wnba_projections_20260711.csv,2026-07-13T11:30:43Z
2026-07-11,2026-07-11,Karlie Samuelson,karlie samuelson,karlie samuelson,POR,ATL,17.17,8.0,9.170000000000002,9.170000000000002,84.08890000000004,/home/ubuntu/EdgeRanked/sports/wnba/outputs/archive/projections/wnba_projections_20260711.csv,2026-07-13T11:30:43Z
2026-07-11,2026-07-11,Kayla McBride,kayla mcbride,kayla mcbride,MIN,NYL,32.65,33.0,-0.3500000000000014,0.3500000000000014,0.122500000000001,/home/ubuntu/EdgeRanked/sports/wnba/outputs/archive/projections/wnba_projections_20260711.csv,2026-07-13T11:30:43Z
2026-07-11,2026-07-11,Kierstan Bell,kierstan bell,kierstan bell,LVA,PHX,9.48,17.0,-7.52,7.52,56.550399999999996,/home/ubuntu/EdgeRanked/sports/wnba/outputs/archive/projections/wnba_projections_20260711.csv,2026-07-13T11:30:43Z
2026-07-11,2026-07-11,Lexi Held,lexi held,lexi held,PHX,LVA,20.27,23.0,-2.7300000000000004,2.7300000000000004,7.452900000000002,/home/ubuntu/EdgeRanked/sports/wnba/outputs/archive/projections/wnba_projections_20260711.csv,2026-07-13T11:30:43Z
2026-07-11,2026-07-11,Madina Okot,madina okot,madina okot,ATL,POR,13.48,22.0,-8.52,8.52,72.59039999999999,/home/ubuntu/EdgeRanked/sports/wnba/outputs/archive/projections/wnba_projections_20260711.csv,2026-07-13T11:30:43Z
2026-07-11,2026-07-11,Marine Johannes,marine johannes,marine johannes,NYL,MIN,23.39,23.0,0.39000000000000057,0.39000000000000057,0.15210000000000046,/home/ubuntu/EdgeRanked/sports/wnba/outputs/archive/projections/wnba_projections_20260711.csv,2026-07-13T11:30:43Z
2026-07-11,2026-07-11,Marta Suarez,marta suarez,marta suarez,PHX,LVA,8.67,12.0,-3.33,3.33,11.0889,/home/ubuntu/EdgeRanked/sports/wnba/outputs/archive/projections/wnba_projections_20260711.csv,2026-07-13T11:30:43Z
2026-07-11,2026-07-11,Megan Gustafson,megan gustafson,megan gustafson,POR,ATL,32.78,27.0,5.780000000000001,5.780000000000001,33.408400000000015,/home/ubuntu/EdgeRanked/sports/wnba/outputs/archive/projections/wnba_projections_20260711.csv,2026-07-13T11:30:43Z
2026-07-11,2026-07-11,Monique Akoa Makani,monique akoa makani,monique akoa makani,PHX,LVA,19.8,26.0,-6.199999999999999,6.199999999999999,38.43999999999999,/home/ubuntu/EdgeRanked/sports/wnba/outputs/archive/projections/wnba_projections_20260711.csv,2026-07-13T11:30:43Z
2026-07-11,2026-07-11,NaLyssa Smith,nalyssa smith,nalyssa smith,LVA,PHX,23.83,18.0,5.829999999999998,5.829999999999998,33.98889999999998,/home/ubuntu/EdgeRanked/sports/wnba/outputs/archive/projections/wnba_projections_20260711.csv,2026-07-13T11:30:43Z
2026-07-11,2026-07-11,Natasha Howard,natasha howard,natasha howard,MIN,NYL,29.59,36.0,-6.41,6.41,41.088100000000004,/home/ubuntu/EdgeRanked/sports/wnba/outputs/archive/projections/wnba_projections_20260711.csv,2026-07-13T11:30:43Z
2026-07-11,2026-07-11,Naz Hillmon,naz hillmon,naz hillmon,ATL,POR,18.43,36.0,-17.57,17.57,308.7049,/home/ubuntu/EdgeRanked/sports/wnba/outputs/archive/projections/wnba_projections_20260711.csv,2026-07-13T11:30:43Z
2026-07-11,2026-07-11,Nia Coffey,nia coffey,nia coffey,MIN,NYL,26.63,28.0,-1.370000000000001,1.370000000000001,1.8769000000000027,/home/ubuntu/EdgeRanked/sports/wnba/outputs/archive/projections/wnba_projections_20260711.csv,2026-07-13T11:30:43Z
2026-07-11,2026-07-11,Noemie Brochant,noemie brochant,noemie brochant,PHX,LVA,22.55,20.0,2.5500000000000007,2.5500000000000007,6.502500000000004,/home/ubuntu/EdgeRanked/sports/wnba/outputs/archive/projections/wnba_projections_20260711.csv,2026-07-13T11:30:43Z
2026-07-11,2026-07-11,Nyadiew Puoch,nyadiew puoch,nyadiew puoch,POR,ATL,16.66,25.0,-8.34,8.34,69.5556,/home/ubuntu/EdgeRanked/sports/wnba/outputs/archive/projections/wnba_projections_20260711.csv,2026-07-13T11:30:43Z
2026-07-11,2026-07-11,Olivia Miles,olivia miles,olivia miles,MIN,NYL,29.72,32.0,-2.280000000000001,2.280000000000001,5.198400000000005,/home/ubuntu/EdgeRanked/sports/wnba/outputs/archive/projections/wnba_projections_20260711.csv,2026-07-13T11:30:43Z
2026-07-11,2026-07-11,Pauline Astier,pauline astier,pauline astier,NYL,MIN,26.72,23.0,3.719999999999999,3.719999999999999,13.838399999999991,/home/ubuntu/EdgeRanked/sports/wnba/outputs/archive/projections/wnba_projections_20260711.csv,2026-07-13T11:30:43Z
2026-07-11,2026-07-11,Raquel Carrera,raquel carrera,raquel carrera,NYL,MIN,8.0,3.0,5.0,5.0,25.0,/home/ubuntu/EdgeRanked/sports/wnba/outputs/archive/projections/wnba_projections_20260711.csv,2026-07-13T11:30:43Z
2026-07-11,2026-07-11,Rebecca Allen,rebecca allen,rebecca allen,NYL,MIN,8.0,7.0,1.0,1.0,1.0,/home/ubuntu/EdgeRanked/sports/wnba/outputs/archive/projections/wnba_projections_20260711.csv,2026-07-13T11:30:43Z
2026-07-11,2026-07-11,Rebekah Gardner,rebekah gardner,rebekah gardner,NYL,MIN,9.91,14.0,-4.09,4.09,16.728099999999998,/home/ubuntu/EdgeRanked/sports/wnba/outputs/archive/projections/wnba_projections_20260711.csv,2026-07-13T11:30:43Z
2026-07-11,2026-07-11,Rhyne Howard,rhyne howard,rhyne howard,ATL,POR,34.05,31.0,3.049999999999997,3.049999999999997,9.302499999999982,/home/ubuntu/EdgeRanked/sports/wnba/outputs/archive/projections/wnba_projections_20260711.csv,2026-07-13T11:30:43Z
2026-07-11,2026-07-11,Sabrina Ionescu,sabrina ionescu,sabrina ionescu,NYL,MIN,29.62,35.0,-5.379999999999999,5.379999999999999,28.94439999999999,/home/ubuntu/EdgeRanked/sports/wnba/outputs/archive/projections/wnba_projections_20260711.csv,2026-07-13T11:30:43Z
2026-07-11,2026-07-11,Sami Whitcomb,sami whitcomb,sami whitcomb,PHX,LVA,8.0,11.0,-3.0,3.0,9.0,/home/ubuntu/EdgeRanked/sports/wnba/outputs/archive/projections/wnba_projections_20260711.csv,2026-07-13T11:30:43Z
2026-07-11,2026-07-11,Serah Williams,serah williams,serah williams,POR,ATL,10.01,13.0,-2.99,2.99,8.940100000000001,/home/ubuntu/EdgeRanked/sports/wnba/outputs/archive/projections/wnba_projections_20260711.csv,2026-07-13T11:30:43Z
2026-07-11,2026-07-11,Sika Kone,sika kone,sika kone,ATL,POR,10.09,17.0,-6.91,6.91,47.7481,/home/ubuntu/EdgeRanked/sports/wnba/outputs/archive/projections/wnba_projections_20260711.csv,2026-07-13T11:30:43Z
2026-07-11,2026-07-11,Stephanie Talbot,stephanie talbot,stephanie talbot,LVA,PHX,18.35,24.0,-5.649999999999999,5.649999999999999,31.922499999999985,/home/ubuntu/EdgeRanked/sports/wnba/outputs/archive/projections/wnba_projections_20260711.csv,2026-07-13T11:30:43Z
2026-07-11,2026-07-11,Te-Hina Paopao,te-hina paopao,te-hina paopao,ATL,POR,9.29,6.0,3.289999999999999,3.289999999999999,10.824099999999994,/home/ubuntu/EdgeRanked/sports/wnba/outputs/archive/projections/wnba_projections_20260711.csv,2026-07-13T11:30:43Z
2026-07-11,2026-07-11,Teja Oblak,teja oblak,teja oblak,POR,ATL,14.14,14.0,0.14000000000000057,0.14000000000000057,0.01960000000000016,/home/ubuntu/EdgeRanked/sports/wnba/outputs/archive/projections/wnba_projections_20260711.csv,2026-07-13T11:30:43Z
2026-07-11,2026-07-11,Valeriane Ayayi,valeriane ayayi,valeriane ayayi,PHX,LVA,22.62,31.0,-8.379999999999999,8.379999999999999,70.22439999999999,/home/ubuntu/EdgeRanked/sports/wnba/outputs/archive/projections/wnba_projections_20260711.csv,2026-07-13T11:30:43Z
2026-07-12,2026-07-12,A'ja Wilson,a'ja wilson,a'ja wilson,LVA,IND,32.74,31.0,1.740000000000002,1.740000000000002,3.0276000000000067,/home/ubuntu/EdgeRanked/sports/wnba/projections.csv,2026-07-13T11:30:43Z
2026-07-12,2026-07-12,Alanna Smith,alanna smith,alanna smith,DAL,CHI,14.57,6.0,8.57,8.57,73.4449,/home/ubuntu/EdgeRanked/sports/wnba/projections.csv,2026-07-13T11:30:43Z
2026-07-12,2026-07-12,Alicia Florez,alicia florez,alicia florez,WAS,SEA,26.57,18.0,8.57,8.57,73.4449,/home/ubuntu/EdgeRanked/sports/wnba/projections.csv,2026-07-13T11:30:43Z
2026-07-12,2026-07-12,Aliyah Boston,aliyah boston,aliyah boston,IND,LVA,27.34,29.0,-1.6600000000000001,1.6600000000000001,2.7556000000000003,/home/ubuntu/EdgeRanked/sports/wnba/projections.csv,2026-07-13T11:30:43Z
2026-07-12,2026-07-12,Alysha Clark,alysha clark,alysha clark,DAL,CHI,8.03,6.0,2.0299999999999994,2.0299999999999994,4.120899999999997,/home/ubuntu/EdgeRanked/sports/wnba/projections.csv,2026-07-13T11:30:43Z
2026-07-12,2026-07-12,Angela Dugalic,angela dugalic,angela dugalic,WAS,SEA,8.4,2.0,6.4,6.4,40.96000000000001,/home/ubuntu/EdgeRanked/sports/wnba/projections.csv,2026-07-13T11:30:43Z
2026-07-12,2026-07-12,Anneli Maley,anneli maley,anneli maley,NYL,TOR,8.0,11.0,-3.0,3.0,9.0,/home/ubuntu/EdgeRanked/sports/wnba/projections.csv,2026-07-13T11:30:43Z
2026-07-12,2026-07-12,Arike Ogunbowale,arike ogunbowale,arike ogunbowale,DAL,CHI,25.42,30.0,-4.579999999999998,4.579999999999998,20.976399999999984,/home/ubuntu/EdgeRanked/sports/wnba/projections.csv,2026-07-13T11:30:43Z
2026-07-12,2026-07-12,Awa Fam,awa fam,awa fam,SEA,WAS,28.58,32.0,-3.4200000000000017,3.4200000000000017,11.696400000000011,/home/ubuntu/EdgeRanked/sports/wnba/projections.csv,2026-07-13T11:30:43Z
2026-07-12,2026-07-12,Awak Kuier,awak kuier,awak kuier,DAL,CHI,24.33,8.0,16.33,16.33,266.66889999999995,/home/ubuntu/EdgeRanked/sports/wnba/projections.csv,2026-07-13T11:30:43Z
2026-07-12,2026-07-12,Aziaha James,aziaha james,aziaha james,DAL,CHI,11.48,6.0,5.48,5.48,30.030400000000004,/home/ubuntu/EdgeRanked/sports/wnba/projections.csv,2026-07-13T11:30:43Z
2026-07-12,2026-07-12,Azura Stevens,azura stevens,azura stevens,CHI,DAL,27.67,32.0,-4.329999999999998,4.329999999999998,18.748899999999985,/home/ubuntu/EdgeRanked/sports/wnba/projections.csv,2026-07-13T11:30:43Z
2026-07-12,2026-07-12,Azzi Fudd,azzi fudd,azzi fudd,DAL,CHI,30.55,35.0,-4.449999999999999,4.449999999999999,19.802499999999995,/home/ubuntu/EdgeRanked/sports/wnba/projections.csv,2026-07-13T11:30:43Z
2026-07-12,2026-07-12,Betnijah Laney-Hamilton,betnijah laney-hamilton,betnijah laney-hamilton,NYL,TOR,9.4,16.0,-6.6,6.6,43.559999999999995,/home/ubuntu/EdgeRanked/sports/wnba/projections.csv,2026-07-13T11:30:43Z
2026-07-12,2026-07-12,Breanna Stewart,breanna stewart,breanna stewart,NYL,TOR,36.58,34.0,2.5799999999999983,2.5799999999999983,6.656399999999991,/home/ubuntu/EdgeRanked/sports/wnba/projections.csv,2026-07-13T11:30:43Z
2026-07-12,2026-07-12,Brianna Turner,brianna turner,brianna turner,LVA,IND,13.59,11.0,2.59,2.59,6.708099999999999,/home/ubuntu/EdgeRanked/sports/wnba/projections.csv,2026-07-13T11:30:43Z
2026-07-12,2026-07-12,Caitlin Clark,caitlin clark,caitlin clark,IND,LVA,22.66,24.0,-1.3399999999999999,1.3399999999999999,1.7955999999999996,/home/ubuntu/EdgeRanked/sports/wnba/projections.csv,2026-07-13T11:30:43Z
2026-07-12,2026-07-12,Cassandre Prosper,cassandre prosper,cassandre prosper,WAS,SEA,14.39,10.0,4.390000000000001,4.390000000000001,19.272100000000005,/home/ubuntu/EdgeRanked/sports/wnba/projections.csv,2026-07-13T11:30:43Z
2026-07-12,2026-07-12,Chelsea Gray,chelsea gray,chelsea gray,LVA,IND,30.61,30.0,0.6099999999999994,0.6099999999999994,0.3720999999999993,/home/ubuntu/EdgeRanked/sports/wnba/projections.csv,2026-07-13T11:30:43Z
2026-07-12,2026-07-12,Cheyenne Parker-Tyus,cheyenne parker-tyus,cheyenne parker-tyus,LVA,IND,11.62,4.0,7.619999999999999,7.619999999999999,58.064399999999985,/home/ubuntu/EdgeRanked/sports/wnba/projections.csv,2026-07-13T11:30:43Z
2026-07-12,2026-07-12,Cotie McMahon,cotie mcmahon,cotie mcmahon,WAS,SEA,19.86,14.0,5.859999999999999,5.859999999999999,34.33959999999999,/home/ubuntu/EdgeRanked/sports/wnba/projections.csv,2026-07-13T11:30:43Z
2026-07-12,2026-07-12,Courtney Vandersloot,courtney vandersloot,courtney vandersloot,CHI,DAL,14.99,20.0,-5.01,5.01,25.100099999999998,/home/ubuntu/EdgeRanked/sports/wnba/projections.csv,2026-07-13T11:30:43Z
2026-07-12,2026-07-12,Damiris Dantas,damiris dantas,damiris dantas,IND,LVA,11.78,2.0,9.78,9.78,95.64839999999998,/home/ubuntu/EdgeRanked/sports/wnba/projections.csv,2026-07-13T11:30:43Z
2026-07-12,2026-07-12,Dominique Malonga,dominique malonga,dominique malonga,SEA,WAS,22.69,22.0,0.6900000000000013,0.6900000000000013,0.47610000000000174,/home/ubuntu/EdgeRanked/sports/wnba/projections.csv,2026-07-13T11:30:43Z
2026-07-12,2026-07-12,Elizabeth Williams,elizabeth williams,elizabeth williams,CHI,DAL,13.93,11.0,2.9299999999999997,2.9299999999999997,8.584899999999998,/home/ubuntu/EdgeRanked/sports/wnba/projections.csv,2026-07-13T11:30:43Z
2026-07-12,2026-07-12,Flau'jae Johnson,flau'jae johnson,flau'jae johnson,SEA,WAS,31.13,31.0,0.129999999999999,0.129999999999999,0.01689999999999974,/home/ubuntu/EdgeRanked/sports/wnba/projections.csv,2026-07-13T11:30:43Z
2026-07-12,2026-07-12,Gabriela Jaquez,gabriela jaquez,gabriela jaquez,CHI,DAL,15.55,17.0,-1.4499999999999993,1.4499999999999993,2.102499999999998,/home/ubuntu/EdgeRanked/sports/wnba/projections.csv,2026-07-13T11:30:43Z
2026-07-12,2026-07-12,Georgia Amoore,georgia amoore,georgia amoore,WAS,SEA,18.83,22.0,-3.1700000000000017,3.1700000000000017,10.04890000000001,/home/ubuntu/EdgeRanked/sports/wnba/projections.csv,2026-07-13T11:30:43Z
2026-07-12,2026-07-12,Grace VanSlooten,grace vanslooten,grace vanslooten,IND,LVA,8.0,3.0,5.0,5.0,25.0,/home/ubuntu/EdgeRanked/sports/wnba/projections.csv,2026-07-13T11:30:43Z
2026-07-12,2026-07-12,Han Xu,han xu,han xu,NYL,TOR,10.31,19.0,-8.69,8.69,75.5161,/home/ubuntu/EdgeRanked/sports/wnba/projections.csv,2026-07-13T11:30:43Z
2026-07-12,2026-07-12,Isabelle Harrison,isabelle harrison,isabelle harrison,TOR,NYL,27.74,23.0,4.739999999999998,4.739999999999998,22.467599999999987,/home/ubuntu/EdgeRanked/sports/wnba/projections.csv,2026-07-13T11:30:43Z
2026-07-12,2026-07-12,Jackie Young,jackie young,jackie young,LVA,IND,33.97,32.0,1.9699999999999989,1.9699999999999989,3.8808999999999956,/home/ubuntu/EdgeRanked/sports/wnba/projections.csv,2026-07-13T11:30:43Z
2026-07-12,2026-07-12,Jacy Sheldon,jacy sheldon,jacy sheldon,CHI,DAL,19.05,14.0,5.050000000000001,5.050000000000001,25.50250000000001,/home/ubuntu/EdgeRanked/sports/wnba/projections.csv,2026-07-13T11:30:43Z
2026-07-12,2026-07-12,Jade Melbourne,jade melbourne,jade melbourne,SEA,WAS,23.89,30.0,-6.109999999999999,6.109999999999999,37.33209999999999,/home/ubuntu/EdgeRanked/sports/wnba/projections.csv,2026-07-13T11:30:43Z
2026-07-12,2026-07-12,Jessica Shepard,jessica shepard,jessica shepard,DAL,CHI,34.12,34.0,0.11999999999999744,0.11999999999999744,0.014399999999999386,/home/ubuntu/EdgeRanked/sports/wnba/projections.csv,2026-07-13T11:30:43Z
2026-07-12,2026-07-12,Jewell Loyd,jewell loyd,jewell loyd,LVA,IND,27.17,28.0,-0.8299999999999983,0.8299999999999983,0.6888999999999972,/home/ubuntu/EdgeRanked/sports/wnba/projections.csv,2026-07-13T11:30:43Z
2026-07-12,2026-07-12,Jonquel Jones,jonquel jones,jonquel jones,NYL,TOR,31.95,31.0,0.9499999999999993,0.9499999999999993,0.9024999999999986,/home/ubuntu/EdgeRanked/sports/wnba/projections.csv,2026-07-13T11:30:43Z
2026-07-12,2026-07-12,Jordan Horston,jordan horston,jordan horston,SEA,WAS,15.32,15.0,0.3200000000000003,0.3200000000000003,0.10240000000000019,/home/ubuntu/EdgeRanked/sports/wnba/projections.csv,2026-07-13T11:30:43Z
2026-07-12,2026-07-12,Julie Allemand,julie allemand,julie allemand,TOR,NYL,30.72,34.0,-3.280000000000001,3.280000000000001,10.758400000000007,/home/ubuntu/EdgeRanked/sports/wnba/projections.csv,2026-07-13T11:30:43Z
2026-07-12,2026-07-12,Justine Pissott,justine pissott,justine pissott,LVA,IND,8.0,14.0,-6.0,6.0,36.0,/home/ubuntu/EdgeRanked/sports/wnba/projections.csv,2026-07-13T11:30:43Z
2026-07-12,2026-07-12,Kamilla Cardoso,kamilla cardoso,kamilla cardoso,CHI,DAL,27.64,29.0,-1.3599999999999994,1.3599999999999994,1.8495999999999984,/home/ubuntu/EdgeRanked/sports/wnba/projections.csv,2026-07-13T11:30:43Z
2026-07-12,2026-07-12,Katie Lou Samuelson,katie lou samuelson,katie lou samuelson,SEA,WAS,14.32,12.0,2.3200000000000003,2.3200000000000003,5.382400000000001,/home/ubuntu/EdgeRanked/sports/wnba/projections.csv,2026-07-13T11:30:43Z
2026-07-12,2026-07-12,Kelsey Mitchell,kelsey mitchell,kelsey mitchell,IND,LVA,32.55,30.0,2.549999999999997,2.549999999999997,6.502499999999985,/home/ubuntu/EdgeRanked/sports/wnba/projections.csv,2026-07-13T11:30:43Z
2026-07-12,2026-07-12,Kia Nurse,kia nurse,kia nurse,TOR,NYL,16.67,5.0,11.670000000000002,11.670000000000002,136.18890000000005,/home/ubuntu/EdgeRanked/sports/wnba/projections.csv,2026-07-13T11:30:43Z
2026-07-12,2026-07-12,Kiki Iriafen,kiki iriafen,kiki iriafen,WAS,SEA,29.63,29.0,0.629999999999999,0.629999999999999,0.39689999999999875,/home/ubuntu/EdgeRanked/sports/wnba/projections.csv,2026-07-13T11:30:43Z
2026-07-12,2026-07-12,Laura Juskaite,laura juskaite,laura juskaite,TOR,NYL,19.71,31.0,-11.29,11.29,127.46409999999999,/home/ubuntu/EdgeRanked/sports/wnba/projections.csv,2026-07-13T11:30:43Z
2026-07-12,2026-07-12,Lauren Betts,lauren betts,lauren betts,WAS,SEA,12.61,16.0,-3.3900000000000006,3.3900000000000006,11.492100000000004,/home/ubuntu/EdgeRanked/sports/wnba/projections.csv,2026-07-13T11:30:43Z
2026-07-12,2026-07-12,Lexie Hull,lexie hull,lexie hull,IND,LVA,20.65,20.0,0.6499999999999986,0.6499999999999986,0.42249999999999815,/home/ubuntu/EdgeRanked/sports/wnba/projections.csv,2026-07-13T11:30:43Z
2026-07-12,2026-07-12,Li Yueru,li yueru,li yueru,DAL,CHI,8.0,23.0,-15.0,15.0,225.0,/home/ubuntu/EdgeRanked/sports/wnba/projections.csv,2026-07-13T11:30:43Z
2026-07-12,2026-07-12,Mackenzie Holmes,mackenzie holmes,mackenzie holmes,SEA,WAS,8.0,3.0,5.0,5.0,25.0,/home/ubuntu/EdgeRanked/sports/wnba/projections.csv,2026-07-13T11:30:43Z
2026-07-12,2026-07-12,Maddy Siegrist,maddy siegrist,maddy siegrist,DAL,CHI,12.69,9.0,3.6899999999999995,3.6899999999999995,13.616099999999996,/home/ubuntu/EdgeRanked/sports/wnba/projections.csv,2026-07-13T11:30:43Z
2026-07-12,2026-07-12,Maddy Westbeld,maddy westbeld,maddy westbeld,CHI,DAL,12.25,8.0,4.25,4.25,18.0625,/home/ubuntu/EdgeRanked/sports/wnba/projections.csv,2026-07-13T11:30:43Z
2026-07-12,2026-07-12,Makayla Timpson,makayla timpson,makayla timpson,IND,LVA,13.15,19.0,-5.85,5.85,34.2225,/home/ubuntu/EdgeRanked/sports/wnba/projections.csv,2026-07-13T11:30:43Z
2026-07-12,2026-07-12,Maria Conde,maria conde,maria conde,TOR,NYL,27.91,34.0,-6.09,6.09,37.0881,/home/ubuntu/EdgeRanked/sports/wnba/projections.csv,2026-07-13T11:30:43Z
2026-07-12,2026-07-12,Marina Mabrey,marina mabrey,marina mabrey,TOR,NYL,32.98,35.0,-2.020000000000003,2.020000000000003,4.0804000000000125,/home/ubuntu/EdgeRanked/sports/wnba/projections.csv,2026-07-13T11:30:43Z
2026-07-12,2026-07-12,Marine Johannes,marine johannes,marine johannes,NYL,TOR,23.21,22.0,1.2100000000000009,1.2100000000000009,1.464100000000002,/home/ubuntu/EdgeRanked/sports/wnba/projections.csv,2026-07-13T11:30:43Z
2026-07-12,2026-07-12,Michaela Onyenwere,michaela onyenwere,michaela onyenwere,WAS,SEA,26.23,24.0,2.2300000000000004,2.2300000000000004,4.972900000000002,/home/ubuntu/EdgeRanked/sports/wnba/projections.csv,2026-07-13T11:30:43Z
2026-07-12,2026-07-12,Monique Billings,monique billings,monique billings,IND,LVA,20.28,25.0,-4.719999999999999,4.719999999999999,22.27839999999999,/home/ubuntu/EdgeRanked/sports/wnba/projections.csv,2026-07-13T11:30:43Z
2026-07-12,2026-07-12,NaLyssa Smith,nalyssa smith,nalyssa smith,LVA,IND,23.29,21.0,2.289999999999999,2.289999999999999,5.244099999999996,/home/ubuntu/EdgeRanked/sports/wnba/projections.csv,2026-07-13T11:30:43Z
2026-07-12,2026-07-12,Natasha Cloud,natasha cloud,natasha cloud,CHI,DAL,31.0,32.0,-1.0,1.0,1.0,/home/ubuntu/EdgeRanked/sports/wnba/projections.csv,2026-07-13T11:30:43Z
2026-07-12,2026-07-12,Natisha Hiedeman,natisha hiedeman,natisha hiedeman,SEA,WAS,30.42,33.0,-2.5799999999999983,2.5799999999999983,6.656399999999991,/home/ubuntu/EdgeRanked/sports/wnba/projections.csv,2026-07-13T11:30:43Z
2026-07-12,2026-07-12,Nyara Sabally,nyara sabally,nyara sabally,TOR,NYL,22.28,26.0,-3.719999999999999,3.719999999999999,13.838399999999991,/home/ubuntu/EdgeRanked/sports/wnba/projections.csv,2026-07-13T11:30:43Z
2026-07-12,2026-07-12,Odyssey Sims,odyssey sims,odyssey sims,DAL,CHI,11.8,6.0,5.800000000000001,5.800000000000001,33.64000000000001,/home/ubuntu/EdgeRanked/sports/wnba/projections.csv,2026-07-13T11:30:43Z
2026-07-12,2026-07-12,Ornella Bankole,ornella bankole,ornella bankole,TOR,NYL,13.25,2.0,11.25,11.25,126.5625,/home/ubuntu/EdgeRanked/sports/wnba/projections.csv,2026-07-13T11:30:43Z
2026-07-12,2026-07-12,Paige Bueckers,paige bueckers,paige bueckers,DAL,CHI,33.72,36.0,-2.280000000000001,2.280000000000001,5.198400000000005,/home/ubuntu/EdgeRanked/sports/wnba/projections.csv,2026-07-13T11:30:43Z
2026-07-12,2026-07-12,Pauline Astier,pauline astier,pauline astier,NYL,TOR,23.65,25.0,-1.3500000000000014,1.3500000000000014,1.8225000000000038,/home/ubuntu/EdgeRanked/sports/wnba/projections.csv,2026-07-13T11:30:43Z
2026-07-12,2026-07-12,Rachel Banham,rachel banham,rachel banham,CHI,DAL,17.48,11.0,6.48,6.48,41.99040000000001,/home/ubuntu/EdgeRanked/sports/wnba/projections.csv,2026-07-13T11:30:43Z
2026-07-12,2026-07-12,Raquel Carrera,raquel carrera,raquel carrera,NYL,TOR,8.0,7.0,1.0,1.0,1.0,/home/ubuntu/EdgeRanked/sports/wnba/projections.csv,2026-07-13T11:30:43Z
2026-07-12,2026-07-12,Raven Johnson,raven johnson,raven johnson,IND,LVA,15.93,3.0,12.93,12.93,167.1849,/home/ubuntu/EdgeRanked/sports/wnba/projections.csv,2026-07-13T11:30:43Z
2026-07-12,2026-07-12,Rebekah Gardner,rebekah gardner,rebekah gardner,NYL,TOR,17.27,2.0,15.27,15.27,233.1729,/home/ubuntu/EdgeRanked/sports/wnba/projections.csv,2026-07-13T11:30:43Z
2026-07-12,2026-07-12,Sabrina Ionescu,sabrina ionescu,sabrina ionescu,NYL,TOR,29.18,33.0,-3.8200000000000003,3.8200000000000003,14.592400000000001,/home/ubuntu/EdgeRanked/sports/wnba/projections.csv,2026-07-13T11:30:43Z
2026-07-12,2026-07-12,Shakira Austin,shakira austin,shakira austin,WAS,SEA,30.2,33.0,-2.8000000000000007,2.8000000000000007,7.840000000000004,/home/ubuntu/EdgeRanked/sports/wnba/projections.csv,2026-07-13T11:30:43Z
2026-07-12,2026-07-12,Sonia Citron,sonia citron,sonia citron,WAS,SEA,34.78,33.0,1.7800000000000011,1.7800000000000011,3.168400000000004,/home/ubuntu/EdgeRanked/sports/wnba/projections.csv,2026-07-13T11:30:43Z
2026-07-12,2026-07-12,Sophie Cunningham,sophie cunningham,sophie cunningham,IND,LVA,17.99,23.0,-5.010000000000002,5.010000000000002,25.100100000000015,/home/ubuntu/EdgeRanked/sports/wnba/projections.csv,2026-07-13T11:30:43Z
2026-07-12,2026-07-12,Stefanie Dolson,stefanie dolson,stefanie dolson,SEA,WAS,11.89,14.0,-2.1099999999999994,2.1099999999999994,4.452099999999998,/home/ubuntu/EdgeRanked/sports/wnba/projections.csv,2026-07-13T11:30:43Z
2026-07-12,2026-07-12,Stephanie Talbot,stephanie talbot,stephanie talbot,LVA,IND,16.04,13.0,3.039999999999999,3.039999999999999,9.241599999999995,/home/ubuntu/EdgeRanked/sports/wnba/projections.csv,2026-07-13T11:30:43Z
2026-07-12,2026-07-12,Sug Sutton,sug sutton,sug sutton,DAL,CHI,8.56,2.0,6.5600000000000005,6.5600000000000005,43.03360000000001,/home/ubuntu/EdgeRanked/sports/wnba/projections.csv,2026-07-13T11:30:43Z
2026-07-12,2026-07-12,Sydney Taylor,sydney taylor,sydney taylor,CHI,DAL,26.04,26.0,0.03999999999999915,0.03999999999999915,0.0015999999999999318,/home/ubuntu/EdgeRanked/sports/wnba/projections.csv,2026-07-13T11:30:43Z
2026-07-12,2026-07-12,Tima Pouye,tima pouye,tima pouye,TOR,NYL,13.83,10.0,3.83,3.83,14.6689,/home/ubuntu/EdgeRanked/sports/wnba/projections.csv,2026-07-13T11:30:43Z
2026-07-12,2026-07-12,Tyasha Harris,tyasha harris,tyasha harris,IND,LVA,21.14,23.0,-1.8599999999999994,1.8599999999999994,3.459599999999998,/home/ubuntu/EdgeRanked/sports/wnba/projections.csv,2026-07-13T11:30:43Z
2026-07-12,2026-07-12,Zia Cooke,zia cooke,zia cooke,SEA,WAS,11.96,8.0,3.960000000000001,3.960000000000001,15.681600000000007,/home/ubuntu/EdgeRanked/sports/wnba/projections.csv,2026-07-13T11:30:43Z
