slate_date,game_date,player_name,player_id,player_key,team,opponent,stat,projected_value,source_file,reason,candidate_actual_rows,created_at_utc
2025-07-05,2025-07-05,A'ja Wilson,a'ja wilson,a'ja wilson,LVA,NYL,points,23.72,/home/ubuntu/EdgeRanked/sports/wnba/outputs/archive/projections/wnba_projections_20250705.csv,no_safe_player_match,0,2026-06-21T11:30:44Z
2025-07-05,2025-07-05,A'ja Wilson,a'ja wilson,a'ja wilson,LVA,NYL,rebounds,9.73,/home/ubuntu/EdgeRanked/sports/wnba/outputs/archive/projections/wnba_projections_20250705.csv,no_safe_player_match,0,2026-06-21T11:30:44Z
2025-07-05,2025-07-05,A'ja Wilson,a'ja wilson,a'ja wilson,LVA,NYL,assists,3.41,/home/ubuntu/EdgeRanked/sports/wnba/outputs/archive/projections/wnba_projections_20250705.csv,no_safe_player_match,0,2026-06-21T11:30:44Z
2025-07-05,2025-07-05,A'ja Wilson,a'ja wilson,a'ja wilson,LVA,NYL,threes_made,1.04,/home/ubuntu/EdgeRanked/sports/wnba/outputs/archive/projections/wnba_projections_20250705.csv,no_safe_player_match,0,2026-06-21T11:30:44Z
2025-07-05,2025-07-05,A'ja Wilson,a'ja wilson,a'ja wilson,LVA,NYL,steals,1.54,/home/ubuntu/EdgeRanked/sports/wnba/outputs/archive/projections/wnba_projections_20250705.csv,no_safe_player_match,0,2026-06-21T11:30:44Z
2025-07-05,2025-07-05,A'ja Wilson,a'ja wilson,a'ja wilson,LVA,NYL,blocks,2.33,/home/ubuntu/EdgeRanked/sports/wnba/outputs/archive/projections/wnba_projections_20250705.csv,no_safe_player_match,0,2026-06-21T11:30:44Z
2025-07-05,2025-07-05,Aliyah Boston,aliyah boston,aliyah boston,IND,CON,points,15.43,/home/ubuntu/EdgeRanked/sports/wnba/outputs/archive/projections/wnba_projections_20250705.csv,no_safe_player_match,0,2026-06-21T11:30:44Z
2025-07-05,2025-07-05,Aliyah Boston,aliyah boston,aliyah boston,IND,CON,rebounds,7.51,/home/ubuntu/EdgeRanked/sports/wnba/outputs/archive/projections/wnba_projections_20250705.csv,no_safe_player_match,0,2026-06-21T11:30:44Z
2025-07-05,2025-07-05,Aliyah Boston,aliyah boston,aliyah boston,IND,CON,assists,3.62,/home/ubuntu/EdgeRanked/sports/wnba/outputs/archive/projections/wnba_projections_20250705.csv,no_safe_player_match,0,2026-06-21T11:30:44Z
2025-07-05,2025-07-05,Aliyah Boston,aliyah boston,aliyah boston,IND,CON,threes_made,0.83,/home/ubuntu/EdgeRanked/sports/wnba/outputs/archive/projections/wnba_projections_20250705.csv,no_safe_player_match,0,2026-06-21T11:30:44Z
2025-07-05,2025-07-05,Aliyah Boston,aliyah boston,aliyah boston,IND,CON,steals,0.76,/home/ubuntu/EdgeRanked/sports/wnba/outputs/archive/projections/wnba_projections_20250705.csv,no_safe_player_match,0,2026-06-21T11:30:44Z
2025-07-05,2025-07-05,Aliyah Boston,aliyah boston,aliyah boston,IND,CON,blocks,1.1,/home/ubuntu/EdgeRanked/sports/wnba/outputs/archive/projections/wnba_projections_20250705.csv,no_safe_player_match,0,2026-06-21T11:30:44Z
2025-07-05,2025-07-05,Alysha Clark,alysha clark,alysha clark,LVA,NYL,points,8.22,/home/ubuntu/EdgeRanked/sports/wnba/outputs/archive/projections/wnba_projections_20250705.csv,no_safe_player_match,0,2026-06-21T11:30:44Z
2025-07-05,2025-07-05,Alysha Clark,alysha clark,alysha clark,LVA,NYL,rebounds,4.33,/home/ubuntu/EdgeRanked/sports/wnba/outputs/archive/projections/wnba_projections_20250705.csv,no_safe_player_match,0,2026-06-21T11:30:44Z
2025-07-05,2025-07-05,Alysha Clark,alysha clark,alysha clark,LVA,NYL,assists,1.91,/home/ubuntu/EdgeRanked/sports/wnba/outputs/archive/projections/wnba_projections_20250705.csv,no_safe_player_match,0,2026-06-21T11:30:44Z
2025-07-05,2025-07-05,Alysha Clark,alysha clark,alysha clark,LVA,NYL,threes_made,0.75,/home/ubuntu/EdgeRanked/sports/wnba/outputs/archive/projections/wnba_projections_20250705.csv,no_safe_player_match,0,2026-06-21T11:30:44Z
2025-07-05,2025-07-05,Alysha Clark,alysha clark,alysha clark,LVA,NYL,steals,1.05,/home/ubuntu/EdgeRanked/sports/wnba/outputs/archive/projections/wnba_projections_20250705.csv,no_safe_player_match,0,2026-06-21T11:30:44Z
2025-07-05,2025-07-05,Alysha Clark,alysha clark,alysha clark,LVA,NYL,blocks,0.51,/home/ubuntu/EdgeRanked/sports/wnba/outputs/archive/projections/wnba_projections_20250705.csv,no_safe_player_match,0,2026-06-21T11:30:44Z
2025-07-05,2025-07-05,Alyssa Thomas,alyssa thomas,alyssa thomas,CON,IND,points,13.55,/home/ubuntu/EdgeRanked/sports/wnba/outputs/archive/projections/wnba_projections_20250705.csv,no_safe_player_match,0,2026-06-21T11:30:44Z
2025-07-05,2025-07-05,Alyssa Thomas,alyssa thomas,alyssa thomas,CON,IND,rebounds,9.27,/home/ubuntu/EdgeRanked/sports/wnba/outputs/archive/projections/wnba_projections_20250705.csv,no_safe_player_match,0,2026-06-21T11:30:44Z
2025-07-05,2025-07-05,Alyssa Thomas,alyssa thomas,alyssa thomas,CON,IND,assists,8.05,/home/ubuntu/EdgeRanked/sports/wnba/outputs/archive/projections/wnba_projections_20250705.csv,no_safe_player_match,0,2026-06-21T11:30:44Z
2025-07-05,2025-07-05,Alyssa Thomas,alyssa thomas,alyssa thomas,CON,IND,threes_made,1.12,/home/ubuntu/EdgeRanked/sports/wnba/outputs/archive/projections/wnba_projections_20250705.csv,no_safe_player_match,0,2026-06-21T11:30:44Z
2025-07-05,2025-07-05,Alyssa Thomas,alyssa thomas,alyssa thomas,CON,IND,steals,1.39,/home/ubuntu/EdgeRanked/sports/wnba/outputs/archive/projections/wnba_projections_20250705.csv,no_safe_player_match,0,2026-06-21T11:30:44Z
2025-07-05,2025-07-05,Alyssa Thomas,alyssa thomas,alyssa thomas,CON,IND,blocks,0.6,/home/ubuntu/EdgeRanked/sports/wnba/outputs/archive/projections/wnba_projections_20250705.csv,no_safe_player_match,0,2026-06-21T11:30:44Z
2025-07-05,2025-07-05,Betnijah Laney-Hamilton,betnijah laney-hamilton,betnijah laney-hamilton,NYL,LVA,points,12.56,/home/ubuntu/EdgeRanked/sports/wnba/outputs/archive/projections/wnba_projections_20250705.csv,no_safe_player_match,0,2026-06-21T11:30:44Z
2025-07-05,2025-07-05,Betnijah Laney-Hamilton,betnijah laney-hamilton,betnijah laney-hamilton,NYL,LVA,rebounds,4.34,/home/ubuntu/EdgeRanked/sports/wnba/outputs/archive/projections/wnba_projections_20250705.csv,no_safe_player_match,0,2026-06-21T11:30:44Z
2025-07-05,2025-07-05,Betnijah Laney-Hamilton,betnijah laney-hamilton,betnijah laney-hamilton,NYL,LVA,assists,3.28,/home/ubuntu/EdgeRanked/sports/wnba/outputs/archive/projections/wnba_projections_20250705.csv,no_safe_player_match,0,2026-06-21T11:30:44Z
2025-07-05,2025-07-05,Betnijah Laney-Hamilton,betnijah laney-hamilton,betnijah laney-hamilton,NYL,LVA,threes_made,1.52,/home/ubuntu/EdgeRanked/sports/wnba/outputs/archive/projections/wnba_projections_20250705.csv,no_safe_player_match,0,2026-06-21T11:30:44Z
2025-07-05,2025-07-05,Betnijah Laney-Hamilton,betnijah laney-hamilton,betnijah laney-hamilton,NYL,LVA,steals,0.88,/home/ubuntu/EdgeRanked/sports/wnba/outputs/archive/projections/wnba_projections_20250705.csv,no_safe_player_match,0,2026-06-21T11:30:44Z
2025-07-05,2025-07-05,Betnijah Laney-Hamilton,betnijah laney-hamilton,betnijah laney-hamilton,NYL,LVA,blocks,0.48,/home/ubuntu/EdgeRanked/sports/wnba/outputs/archive/projections/wnba_projections_20250705.csv,no_safe_player_match,0,2026-06-21T11:30:44Z
2025-07-05,2025-07-05,Breanna Stewart,breanna stewart,breanna stewart,NYL,LVA,points,22.7,/home/ubuntu/EdgeRanked/sports/wnba/outputs/archive/projections/wnba_projections_20250705.csv,no_safe_player_match,0,2026-06-21T11:30:44Z
2025-07-05,2025-07-05,Breanna Stewart,breanna stewart,breanna stewart,NYL,LVA,rebounds,8.44,/home/ubuntu/EdgeRanked/sports/wnba/outputs/archive/projections/wnba_projections_20250705.csv,no_safe_player_match,0,2026-06-21T11:30:44Z
2025-07-05,2025-07-05,Breanna Stewart,breanna stewart,breanna stewart,NYL,LVA,assists,3.54,/home/ubuntu/EdgeRanked/sports/wnba/outputs/archive/projections/wnba_projections_20250705.csv,no_safe_player_match,0,2026-06-21T11:30:44Z
2025-07-05,2025-07-05,Breanna Stewart,breanna stewart,breanna stewart,NYL,LVA,threes_made,2.04,/home/ubuntu/EdgeRanked/sports/wnba/outputs/archive/projections/wnba_projections_20250705.csv,no_safe_player_match,0,2026-06-21T11:30:44Z
2025-07-05,2025-07-05,Breanna Stewart,breanna stewart,breanna stewart,NYL,LVA,steals,1.66,/home/ubuntu/EdgeRanked/sports/wnba/outputs/archive/projections/wnba_projections_20250705.csv,no_safe_player_match,0,2026-06-21T11:30:44Z
2025-07-05,2025-07-05,Breanna Stewart,breanna stewart,breanna stewart,NYL,LVA,blocks,1.49,/home/ubuntu/EdgeRanked/sports/wnba/outputs/archive/projections/wnba_projections_20250705.csv,no_safe_player_match,0,2026-06-21T11:30:44Z
2025-07-05,2025-07-05,Brionna Jones,brionna jones,brionna jones,CON,IND,points,13.97,/home/ubuntu/EdgeRanked/sports/wnba/outputs/archive/projections/wnba_projections_20250705.csv,no_safe_player_match,0,2026-06-21T11:30:44Z
2025-07-05,2025-07-05,Brionna Jones,brionna jones,brionna jones,CON,IND,rebounds,8.32,/home/ubuntu/EdgeRanked/sports/wnba/outputs/archive/projections/wnba_projections_20250705.csv,no_safe_player_match,0,2026-06-21T11:30:44Z
2025-07-05,2025-07-05,Brionna Jones,brionna jones,brionna jones,CON,IND,assists,3.56,/home/ubuntu/EdgeRanked/sports/wnba/outputs/archive/projections/wnba_projections_20250705.csv,no_safe_player_match,0,2026-06-21T11:30:44Z
2025-07-05,2025-07-05,Brionna Jones,brionna jones,brionna jones,CON,IND,threes_made,0.5,/home/ubuntu/EdgeRanked/sports/wnba/outputs/archive/projections/wnba_projections_20250705.csv,no_safe_player_match,0,2026-06-21T11:30:44Z
2025-07-05,2025-07-05,Brionna Jones,brionna jones,brionna jones,CON,IND,steals,0.68,/home/ubuntu/EdgeRanked/sports/wnba/outputs/archive/projections/wnba_projections_20250705.csv,no_safe_player_match,0,2026-06-21T11:30:44Z
2025-07-05,2025-07-05,Brionna Jones,brionna jones,brionna jones,CON,IND,blocks,1.0,/home/ubuntu/EdgeRanked/sports/wnba/outputs/archive/projections/wnba_projections_20250705.csv,no_safe_player_match,0,2026-06-21T11:30:44Z
2025-07-05,2025-07-05,Caitlin Clark,caitlin clark,caitlin clark,IND,CON,points,24.28,/home/ubuntu/EdgeRanked/sports/wnba/outputs/archive/projections/wnba_projections_20250705.csv,no_safe_player_match,0,2026-06-21T11:30:44Z
2025-07-05,2025-07-05,Caitlin Clark,caitlin clark,caitlin clark,IND,CON,rebounds,6.02,/home/ubuntu/EdgeRanked/sports/wnba/outputs/archive/projections/wnba_projections_20250705.csv,no_safe_player_match,0,2026-06-21T11:30:44Z
2025-07-05,2025-07-05,Caitlin Clark,caitlin clark,caitlin clark,IND,CON,assists,8.24,/home/ubuntu/EdgeRanked/sports/wnba/outputs/archive/projections/wnba_projections_20250705.csv,no_safe_player_match,0,2026-06-21T11:30:44Z
2025-07-05,2025-07-05,Caitlin Clark,caitlin clark,caitlin clark,IND,CON,threes_made,3.29,/home/ubuntu/EdgeRanked/sports/wnba/outputs/archive/projections/wnba_projections_20250705.csv,no_safe_player_match,0,2026-06-21T11:30:44Z
2025-07-05,2025-07-05,Caitlin Clark,caitlin clark,caitlin clark,IND,CON,steals,1.43,/home/ubuntu/EdgeRanked/sports/wnba/outputs/archive/projections/wnba_projections_20250705.csv,no_safe_player_match,0,2026-06-21T11:30:44Z
2025-07-05,2025-07-05,Caitlin Clark,caitlin clark,caitlin clark,IND,CON,blocks,0.53,/home/ubuntu/EdgeRanked/sports/wnba/outputs/archive/projections/wnba_projections_20250705.csv,no_safe_player_match,0,2026-06-21T11:30:44Z
2025-07-05,2025-07-05,Chelsea Gray,chelsea gray,chelsea gray,LVA,NYL,points,16.26,/home/ubuntu/EdgeRanked/sports/wnba/outputs/archive/projections/wnba_projections_20250705.csv,no_safe_player_match,0,2026-06-21T11:30:44Z
2025-07-05,2025-07-05,Chelsea Gray,chelsea gray,chelsea gray,LVA,NYL,rebounds,3.19,/home/ubuntu/EdgeRanked/sports/wnba/outputs/archive/projections/wnba_projections_20250705.csv,no_safe_player_match,0,2026-06-21T11:30:44Z
2025-07-05,2025-07-05,Chelsea Gray,chelsea gray,chelsea gray,LVA,NYL,assists,7.1,/home/ubuntu/EdgeRanked/sports/wnba/outputs/archive/projections/wnba_projections_20250705.csv,no_safe_player_match,0,2026-06-21T11:30:44Z
2025-07-05,2025-07-05,Chelsea Gray,chelsea gray,chelsea gray,LVA,NYL,threes_made,2.09,/home/ubuntu/EdgeRanked/sports/wnba/outputs/archive/projections/wnba_projections_20250705.csv,no_safe_player_match,0,2026-06-21T11:30:44Z
2025-07-05,2025-07-05,Chelsea Gray,chelsea gray,chelsea gray,LVA,NYL,steals,1.46,/home/ubuntu/EdgeRanked/sports/wnba/outputs/archive/projections/wnba_projections_20250705.csv,no_safe_player_match,0,2026-06-21T11:30:44Z
2025-07-05,2025-07-05,Chelsea Gray,chelsea gray,chelsea gray,LVA,NYL,blocks,0.34,/home/ubuntu/EdgeRanked/sports/wnba/outputs/archive/projections/wnba_projections_20250705.csv,no_safe_player_match,0,2026-06-21T11:30:44Z
2025-07-05,2025-07-05,Courtney Vandersloot,courtney vandersloot,courtney vandersloot,NYL,LVA,points,9.59,/home/ubuntu/EdgeRanked/sports/wnba/outputs/archive/projections/wnba_projections_20250705.csv,no_safe_player_match,0,2026-06-21T11:30:44Z
2025-07-05,2025-07-05,Courtney Vandersloot,courtney vandersloot,courtney vandersloot,NYL,LVA,rebounds,3.44,/home/ubuntu/EdgeRanked/sports/wnba/outputs/archive/projections/wnba_projections_20250705.csv,no_safe_player_match,0,2026-06-21T11:30:44Z
2025-07-05,2025-07-05,Courtney Vandersloot,courtney vandersloot,courtney vandersloot,NYL,LVA,assists,5.59,/home/ubuntu/EdgeRanked/sports/wnba/outputs/archive/projections/wnba_projections_20250705.csv,no_safe_player_match,0,2026-06-21T11:30:44Z
2025-07-05,2025-07-05,Courtney Vandersloot,courtney vandersloot,courtney vandersloot,NYL,LVA,threes_made,1.52,/home/ubuntu/EdgeRanked/sports/wnba/outputs/archive/projections/wnba_projections_20250705.csv,no_safe_player_match,0,2026-06-21T11:30:44Z
2025-07-05,2025-07-05,Courtney Vandersloot,courtney vandersloot,courtney vandersloot,NYL,LVA,steals,1.31,/home/ubuntu/EdgeRanked/sports/wnba/outputs/archive/projections/wnba_projections_20250705.csv,no_safe_player_match,0,2026-06-21T11:30:44Z
2025-07-05,2025-07-05,Courtney Vandersloot,courtney vandersloot,courtney vandersloot,NYL,LVA,blocks,0.31,/home/ubuntu/EdgeRanked/sports/wnba/outputs/archive/projections/wnba_projections_20250705.csv,no_safe_player_match,0,2026-06-21T11:30:44Z
2025-07-05,2025-07-05,DeWanna Bonner,dewanna bonner,dewanna bonner,CON,IND,points,16.95,/home/ubuntu/EdgeRanked/sports/wnba/outputs/archive/projections/wnba_projections_20250705.csv,no_safe_player_match,0,2026-06-21T11:30:44Z
2025-07-05,2025-07-05,DeWanna Bonner,dewanna bonner,dewanna bonner,CON,IND,rebounds,7.31,/home/ubuntu/EdgeRanked/sports/wnba/outputs/archive/projections/wnba_projections_20250705.csv,no_safe_player_match,0,2026-06-21T11:30:44Z
2025-07-05,2025-07-05,DeWanna Bonner,dewanna bonner,dewanna bonner,CON,IND,assists,2.92,/home/ubuntu/EdgeRanked/sports/wnba/outputs/archive/projections/wnba_projections_20250705.csv,no_safe_player_match,0,2026-06-21T11:30:44Z
2025-07-05,2025-07-05,DeWanna Bonner,dewanna bonner,dewanna bonner,CON,IND,threes_made,1.71,/home/ubuntu/EdgeRanked/sports/wnba/outputs/archive/projections/wnba_projections_20250705.csv,no_safe_player_match,0,2026-06-21T11:30:44Z
2025-07-05,2025-07-05,DeWanna Bonner,dewanna bonner,dewanna bonner,CON,IND,steals,0.98,/home/ubuntu/EdgeRanked/sports/wnba/outputs/archive/projections/wnba_projections_20250705.csv,no_safe_player_match,0,2026-06-21T11:30:44Z
2025-07-05,2025-07-05,DeWanna Bonner,dewanna bonner,dewanna bonner,CON,IND,blocks,0.72,/home/ubuntu/EdgeRanked/sports/wnba/outputs/archive/projections/wnba_projections_20250705.csv,no_safe_player_match,0,2026-06-21T11:30:44Z
2025-07-05,2025-07-05,DiJonai Carrington,dijonai carrington,dijonai carrington,CON,IND,points,12.46,/home/ubuntu/EdgeRanked/sports/wnba/outputs/archive/projections/wnba_projections_20250705.csv,no_safe_player_match,0,2026-06-21T11:30:44Z
2025-07-05,2025-07-05,DiJonai Carrington,dijonai carrington,dijonai carrington,CON,IND,rebounds,4.94,/home/ubuntu/EdgeRanked/sports/wnba/outputs/archive/projections/wnba_projections_20250705.csv,no_safe_player_match,0,2026-06-21T11:30:44Z
2025-07-05,2025-07-05,DiJonai Carrington,dijonai carrington,dijonai carrington,CON,IND,assists,3.64,/home/ubuntu/EdgeRanked/sports/wnba/outputs/archive/projections/wnba_projections_20250705.csv,no_safe_player_match,0,2026-06-21T11:30:44Z
2025-07-05,2025-07-05,DiJonai Carrington,dijonai carrington,dijonai carrington,CON,IND,threes_made,1.41,/home/ubuntu/EdgeRanked/sports/wnba/outputs/archive/projections/wnba_projections_20250705.csv,no_safe_player_match,0,2026-06-21T11:30:44Z
2025-07-05,2025-07-05,DiJonai Carrington,dijonai carrington,dijonai carrington,CON,IND,steals,1.15,/home/ubuntu/EdgeRanked/sports/wnba/outputs/archive/projections/wnba_projections_20250705.csv,no_safe_player_match,0,2026-06-21T11:30:44Z
2025-07-05,2025-07-05,DiJonai Carrington,dijonai carrington,dijonai carrington,CON,IND,blocks,0.41,/home/ubuntu/EdgeRanked/sports/wnba/outputs/archive/projections/wnba_projections_20250705.csv,no_safe_player_match,0,2026-06-21T11:30:44Z
2025-07-05,2025-07-05,Erica Wheeler,erica wheeler,erica wheeler,IND,CON,points,7.87,/home/ubuntu/EdgeRanked/sports/wnba/outputs/archive/projections/wnba_projections_20250705.csv,no_safe_player_match,0,2026-06-21T11:30:44Z
2025-07-05,2025-07-05,Erica Wheeler,erica wheeler,erica wheeler,IND,CON,rebounds,2.43,/home/ubuntu/EdgeRanked/sports/wnba/outputs/archive/projections/wnba_projections_20250705.csv,no_safe_player_match,0,2026-06-21T11:30:44Z
2025-07-05,2025-07-05,Erica Wheeler,erica wheeler,erica wheeler,IND,CON,assists,4.53,/home/ubuntu/EdgeRanked/sports/wnba/outputs/archive/projections/wnba_projections_20250705.csv,no_safe_player_match,0,2026-06-21T11:30:44Z
2025-07-05,2025-07-05,Erica Wheeler,erica wheeler,erica wheeler,IND,CON,threes_made,1.33,/home/ubuntu/EdgeRanked/sports/wnba/outputs/archive/projections/wnba_projections_20250705.csv,no_safe_player_match,0,2026-06-21T11:30:44Z
2025-07-05,2025-07-05,Erica Wheeler,erica wheeler,erica wheeler,IND,CON,steals,1.04,/home/ubuntu/EdgeRanked/sports/wnba/outputs/archive/projections/wnba_projections_20250705.csv,no_safe_player_match,0,2026-06-21T11:30:44Z
2025-07-05,2025-07-05,Erica Wheeler,erica wheeler,erica wheeler,IND,CON,blocks,0.3,/home/ubuntu/EdgeRanked/sports/wnba/outputs/archive/projections/wnba_projections_20250705.csv,no_safe_player_match,0,2026-06-21T11:30:44Z
2025-07-05,2025-07-05,Jackie Young,jackie young,jackie young,LVA,NYL,points,19.05,/home/ubuntu/EdgeRanked/sports/wnba/outputs/archive/projections/wnba_projections_20250705.csv,no_safe_player_match,0,2026-06-21T11:30:44Z
2025-07-05,2025-07-05,Jackie Young,jackie young,jackie young,LVA,NYL,rebounds,3.94,/home/ubuntu/EdgeRanked/sports/wnba/outputs/archive/projections/wnba_projections_20250705.csv,no_safe_player_match,0,2026-06-21T11:30:44Z
2025-07-05,2025-07-05,Jackie Young,jackie young,jackie young,LVA,NYL,assists,5.7,/home/ubuntu/EdgeRanked/sports/wnba/outputs/archive/projections/wnba_projections_20250705.csv,no_safe_player_match,0,2026-06-21T11:30:44Z
2025-07-05,2025-07-05,Jackie Young,jackie young,jackie young,LVA,NYL,threes_made,2.09,/home/ubuntu/EdgeRanked/sports/wnba/outputs/archive/projections/wnba_projections_20250705.csv,no_safe_player_match,0,2026-06-21T11:30:44Z
2025-07-05,2025-07-05,Jackie Young,jackie young,jackie young,LVA,NYL,steals,1.4,/home/ubuntu/EdgeRanked/sports/wnba/outputs/archive/projections/wnba_projections_20250705.csv,no_safe_player_match,0,2026-06-21T11:30:44Z
2025-07-05,2025-07-05,Jackie Young,jackie young,jackie young,LVA,NYL,blocks,0.4,/home/ubuntu/EdgeRanked/sports/wnba/outputs/archive/projections/wnba_projections_20250705.csv,no_safe_player_match,0,2026-06-21T11:30:44Z
2025-07-05,2025-07-05,Jonquel Jones,jonquel jones,jonquel jones,NYL,LVA,points,15.88,/home/ubuntu/EdgeRanked/sports/wnba/outputs/archive/projections/wnba_projections_20250705.csv,no_safe_player_match,0,2026-06-21T11:30:44Z
2025-07-05,2025-07-05,Jonquel Jones,jonquel jones,jonquel jones,NYL,LVA,rebounds,8.47,/home/ubuntu/EdgeRanked/sports/wnba/outputs/archive/projections/wnba_projections_20250705.csv,no_safe_player_match,0,2026-06-21T11:30:44Z
2025-07-05,2025-07-05,Jonquel Jones,jonquel jones,jonquel jones,NYL,LVA,assists,2.34,/home/ubuntu/EdgeRanked/sports/wnba/outputs/archive/projections/wnba_projections_20250705.csv,no_safe_player_match,0,2026-06-21T11:30:44Z
2025-07-05,2025-07-05,Jonquel Jones,jonquel jones,jonquel jones,NYL,LVA,threes_made,1.38,/home/ubuntu/EdgeRanked/sports/wnba/outputs/archive/projections/wnba_projections_20250705.csv,no_safe_player_match,0,2026-06-21T11:30:44Z
2025-07-05,2025-07-05,Jonquel Jones,jonquel jones,jonquel jones,NYL,LVA,steals,1.0,/home/ubuntu/EdgeRanked/sports/wnba/outputs/archive/projections/wnba_projections_20250705.csv,no_safe_player_match,0,2026-06-21T11:30:44Z
2025-07-05,2025-07-05,Jonquel Jones,jonquel jones,jonquel jones,NYL,LVA,blocks,1.62,/home/ubuntu/EdgeRanked/sports/wnba/outputs/archive/projections/wnba_projections_20250705.csv,no_safe_player_match,0,2026-06-21T11:30:44Z
2025-07-05,2025-07-05,Kelsey Mitchell,kelsey mitchell,kelsey mitchell,IND,CON,points,20.74,/home/ubuntu/EdgeRanked/sports/wnba/outputs/archive/projections/wnba_projections_20250705.csv,no_safe_player_match,0,2026-06-21T11:30:44Z
2025-07-05,2025-07-05,Kelsey Mitchell,kelsey mitchell,kelsey mitchell,IND,CON,rebounds,3.43,/home/ubuntu/EdgeRanked/sports/wnba/outputs/archive/projections/wnba_projections_20250705.csv,no_safe_player_match,0,2026-06-21T11:30:44Z
2025-07-05,2025-07-05,Kelsey Mitchell,kelsey mitchell,kelsey mitchell,IND,CON,assists,2.65,/home/ubuntu/EdgeRanked/sports/wnba/outputs/archive/projections/wnba_projections_20250705.csv,no_safe_player_match,0,2026-06-21T11:30:44Z
2025-07-05,2025-07-05,Kelsey Mitchell,kelsey mitchell,kelsey mitchell,IND,CON,threes_made,2.38,/home/ubuntu/EdgeRanked/sports/wnba/outputs/archive/projections/wnba_projections_20250705.csv,no_safe_player_match,0,2026-06-21T11:30:44Z
2025-07-05,2025-07-05,Kelsey Mitchell,kelsey mitchell,kelsey mitchell,IND,CON,steals,1.06,/home/ubuntu/EdgeRanked/sports/wnba/outputs/archive/projections/wnba_projections_20250705.csv,no_safe_player_match,0,2026-06-21T11:30:44Z
2025-07-05,2025-07-05,Kelsey Mitchell,kelsey mitchell,kelsey mitchell,IND,CON,blocks,0.46,/home/ubuntu/EdgeRanked/sports/wnba/outputs/archive/projections/wnba_projections_20250705.csv,no_safe_player_match,0,2026-06-21T11:30:44Z
2025-07-05,2025-07-05,Kelsey Plum,kelsey plum,kelsey plum,LVA,NYL,points,20.32,/home/ubuntu/EdgeRanked/sports/wnba/outputs/archive/projections/wnba_projections_20250705.csv,no_safe_player_match,0,2026-06-21T11:30:44Z
2025-07-05,2025-07-05,Kelsey Plum,kelsey plum,kelsey plum,LVA,NYL,rebounds,3.95,/home/ubuntu/EdgeRanked/sports/wnba/outputs/archive/projections/wnba_projections_20250705.csv,no_safe_player_match,0,2026-06-21T11:30:44Z
2025-07-05,2025-07-05,Kelsey Plum,kelsey plum,kelsey plum,LVA,NYL,assists,4.2,/home/ubuntu/EdgeRanked/sports/wnba/outputs/archive/projections/wnba_projections_20250705.csv,no_safe_player_match,0,2026-06-21T11:30:44Z
2025-07-05,2025-07-05,Kelsey Plum,kelsey plum,kelsey plum,LVA,NYL,threes_made,3.01,/home/ubuntu/EdgeRanked/sports/wnba/outputs/archive/projections/wnba_projections_20250705.csv,no_safe_player_match,0,2026-06-21T11:30:44Z
2025-07-05,2025-07-05,Kelsey Plum,kelsey plum,kelsey plum,LVA,NYL,steals,1.32,/home/ubuntu/EdgeRanked/sports/wnba/outputs/archive/projections/wnba_projections_20250705.csv,no_safe_player_match,0,2026-06-21T11:30:44Z
2025-07-05,2025-07-05,Kelsey Plum,kelsey plum,kelsey plum,LVA,NYL,blocks,0.5,/home/ubuntu/EdgeRanked/sports/wnba/outputs/archive/projections/wnba_projections_20250705.csv,no_safe_player_match,0,2026-06-21T11:30:44Z
2025-07-05,2025-07-05,Marina Mabrey,marina mabrey,marina mabrey,CON,IND,points,16.51,/home/ubuntu/EdgeRanked/sports/wnba/outputs/archive/projections/wnba_projections_20250705.csv,no_safe_player_match,0,2026-06-21T11:30:44Z
2025-07-05,2025-07-05,Marina Mabrey,marina mabrey,marina mabrey,CON,IND,rebounds,3.27,/home/ubuntu/EdgeRanked/sports/wnba/outputs/archive/projections/wnba_projections_20250705.csv,no_safe_player_match,0,2026-06-21T11:30:44Z
2025-07-05,2025-07-05,Marina Mabrey,marina mabrey,marina mabrey,CON,IND,assists,4.7,/home/ubuntu/EdgeRanked/sports/wnba/outputs/archive/projections/wnba_projections_20250705.csv,no_safe_player_match,0,2026-06-21T11:30:44Z
2025-07-05,2025-07-05,Marina Mabrey,marina mabrey,marina mabrey,CON,IND,threes_made,2.52,/home/ubuntu/EdgeRanked/sports/wnba/outputs/archive/projections/wnba_projections_20250705.csv,no_safe_player_match,0,2026-06-21T11:30:44Z
2025-07-05,2025-07-05,Marina Mabrey,marina mabrey,marina mabrey,CON,IND,steals,1.16,/home/ubuntu/EdgeRanked/sports/wnba/outputs/archive/projections/wnba_projections_20250705.csv,no_safe_player_match,0,2026-06-21T11:30:44Z
2025-07-05,2025-07-05,Marina Mabrey,marina mabrey,marina mabrey,CON,IND,blocks,0.35,/home/ubuntu/EdgeRanked/sports/wnba/outputs/archive/projections/wnba_projections_20250705.csv,no_safe_player_match,0,2026-06-21T11:30:44Z
2025-07-05,2025-07-05,NaLyssa Smith,nalyssa smith,nalyssa smith,IND,CON,points,10.76,/home/ubuntu/EdgeRanked/sports/wnba/outputs/archive/projections/wnba_projections_20250705.csv,no_safe_player_match,0,2026-06-21T11:30:44Z
2025-07-05,2025-07-05,NaLyssa Smith,nalyssa smith,nalyssa smith,IND,CON,rebounds,7.2,/home/ubuntu/EdgeRanked/sports/wnba/outputs/archive/projections/wnba_projections_20250705.csv,no_safe_player_match,0,2026-06-21T11:30:44Z
2025-07-05,2025-07-05,NaLyssa Smith,nalyssa smith,nalyssa smith,IND,CON,assists,1.92,/home/ubuntu/EdgeRanked/sports/wnba/outputs/archive/projections/wnba_projections_20250705.csv,no_safe_player_match,0,2026-06-21T11:30:44Z
2025-07-05,2025-07-05,NaLyssa Smith,nalyssa smith,nalyssa smith,IND,CON,threes_made,0.46,/home/ubuntu/EdgeRanked/sports/wnba/outputs/archive/projections/wnba_projections_20250705.csv,no_safe_player_match,0,2026-06-21T11:30:44Z
2025-07-05,2025-07-05,NaLyssa Smith,nalyssa smith,nalyssa smith,IND,CON,steals,0.86,/home/ubuntu/EdgeRanked/sports/wnba/outputs/archive/projections/wnba_projections_20250705.csv,no_safe_player_match,0,2026-06-21T11:30:44Z
2025-07-05,2025-07-05,NaLyssa Smith,nalyssa smith,nalyssa smith,IND,CON,blocks,0.85,/home/ubuntu/EdgeRanked/sports/wnba/outputs/archive/projections/wnba_projections_20250705.csv,no_safe_player_match,0,2026-06-21T11:30:44Z
2025-07-05,2025-07-05,Sabrina Ionescu,sabrina ionescu,sabrina ionescu,NYL,LVA,points,18.6,/home/ubuntu/EdgeRanked/sports/wnba/outputs/archive/projections/wnba_projections_20250705.csv,no_safe_player_match,0,2026-06-21T11:30:44Z
2025-07-05,2025-07-05,Sabrina Ionescu,sabrina ionescu,sabrina ionescu,NYL,LVA,rebounds,6.17,/home/ubuntu/EdgeRanked/sports/wnba/outputs/archive/projections/wnba_projections_20250705.csv,no_safe_player_match,0,2026-06-21T11:30:44Z
2025-07-05,2025-07-05,Sabrina Ionescu,sabrina ionescu,sabrina ionescu,NYL,LVA,assists,7.24,/home/ubuntu/EdgeRanked/sports/wnba/outputs/archive/projections/wnba_projections_20250705.csv,no_safe_player_match,0,2026-06-21T11:30:44Z
2025-07-05,2025-07-05,Sabrina Ionescu,sabrina ionescu,sabrina ionescu,NYL,LVA,threes_made,2.57,/home/ubuntu/EdgeRanked/sports/wnba/outputs/archive/projections/wnba_projections_20250705.csv,no_safe_player_match,0,2026-06-21T11:30:44Z
2025-07-05,2025-07-05,Sabrina Ionescu,sabrina ionescu,sabrina ionescu,NYL,LVA,steals,1.64,/home/ubuntu/EdgeRanked/sports/wnba/outputs/archive/projections/wnba_projections_20250705.csv,no_safe_player_match,0,2026-06-21T11:30:44Z
2025-07-05,2025-07-05,Sabrina Ionescu,sabrina ionescu,sabrina ionescu,NYL,LVA,blocks,0.38,/home/ubuntu/EdgeRanked/sports/wnba/outputs/archive/projections/wnba_projections_20250705.csv,no_safe_player_match,0,2026-06-21T11:30:44Z
2026-03-31,2026-03-31,A'ja Wilson,a'ja wilson,a'ja wilson,LVA,NYL,points,23.45,/home/ubuntu/EdgeRanked/sports/wnba/outputs/archive/projections/wnba_projections_20260331.csv,no_actual_rows_for_game_date,0,2026-06-21T11:30:44Z
2026-03-31,2026-03-31,A'ja Wilson,a'ja wilson,a'ja wilson,LVA,NYL,rebounds,9.73,/home/ubuntu/EdgeRanked/sports/wnba/outputs/archive/projections/wnba_projections_20260331.csv,no_actual_rows_for_game_date,0,2026-06-21T11:30:44Z
2026-03-31,2026-03-31,A'ja Wilson,a'ja wilson,a'ja wilson,LVA,NYL,assists,3.37,/home/ubuntu/EdgeRanked/sports/wnba/outputs/archive/projections/wnba_projections_20260331.csv,no_actual_rows_for_game_date,0,2026-06-21T11:30:44Z
2026-03-31,2026-03-31,A'ja Wilson,a'ja wilson,a'ja wilson,LVA,NYL,threes_made,1.02,/home/ubuntu/EdgeRanked/sports/wnba/outputs/archive/projections/wnba_projections_20260331.csv,no_actual_rows_for_game_date,0,2026-06-21T11:30:44Z
2026-03-31,2026-03-31,A'ja Wilson,a'ja wilson,a'ja wilson,LVA,NYL,steals,1.51,/home/ubuntu/EdgeRanked/sports/wnba/outputs/archive/projections/wnba_projections_20260331.csv,no_actual_rows_for_game_date,0,2026-06-21T11:30:44Z
2026-03-31,2026-03-31,A'ja Wilson,a'ja wilson,a'ja wilson,LVA,NYL,blocks,2.34,/home/ubuntu/EdgeRanked/sports/wnba/outputs/archive/projections/wnba_projections_20260331.csv,no_actual_rows_for_game_date,0,2026-06-21T11:30:44Z
2026-03-31,2026-03-31,Aliyah Boston,aliyah boston,aliyah boston,IND,CON,points,15.58,/home/ubuntu/EdgeRanked/sports/wnba/outputs/archive/projections/wnba_projections_20260331.csv,no_actual_rows_for_game_date,0,2026-06-21T11:30:44Z
2026-03-31,2026-03-31,Aliyah Boston,aliyah boston,aliyah boston,IND,CON,rebounds,7.52,/home/ubuntu/EdgeRanked/sports/wnba/outputs/archive/projections/wnba_projections_20260331.csv,no_actual_rows_for_game_date,0,2026-06-21T11:30:44Z
2026-03-31,2026-03-31,Aliyah Boston,aliyah boston,aliyah boston,IND,CON,assists,3.48,/home/ubuntu/EdgeRanked/sports/wnba/outputs/archive/projections/wnba_projections_20260331.csv,no_actual_rows_for_game_date,0,2026-06-21T11:30:44Z
2026-03-31,2026-03-31,Aliyah Boston,aliyah boston,aliyah boston,IND,CON,threes_made,0.8,/home/ubuntu/EdgeRanked/sports/wnba/outputs/archive/projections/wnba_projections_20260331.csv,no_actual_rows_for_game_date,0,2026-06-21T11:30:44Z
2026-03-31,2026-03-31,Aliyah Boston,aliyah boston,aliyah boston,IND,CON,steals,0.76,/home/ubuntu/EdgeRanked/sports/wnba/outputs/archive/projections/wnba_projections_20260331.csv,no_actual_rows_for_game_date,0,2026-06-21T11:30:44Z
2026-03-31,2026-03-31,Aliyah Boston,aliyah boston,aliyah boston,IND,CON,blocks,1.12,/home/ubuntu/EdgeRanked/sports/wnba/outputs/archive/projections/wnba_projections_20260331.csv,no_actual_rows_for_game_date,0,2026-06-21T11:30:44Z
2026-03-31,2026-03-31,Alysha Clark,alysha clark,alysha clark,LVA,NYL,points,8.43,/home/ubuntu/EdgeRanked/sports/wnba/outputs/archive/projections/wnba_projections_20260331.csv,no_actual_rows_for_game_date,0,2026-06-21T11:30:44Z
2026-03-31,2026-03-31,Alysha Clark,alysha clark,alysha clark,LVA,NYL,rebounds,4.4,/home/ubuntu/EdgeRanked/sports/wnba/outputs/archive/projections/wnba_projections_20260331.csv,no_actual_rows_for_game_date,0,2026-06-21T11:30:44Z
2026-03-31,2026-03-31,Alysha Clark,alysha clark,alysha clark,LVA,NYL,assists,1.89,/home/ubuntu/EdgeRanked/sports/wnba/outputs/archive/projections/wnba_projections_20260331.csv,no_actual_rows_for_game_date,0,2026-06-21T11:30:44Z
2026-03-31,2026-03-31,Alysha Clark,alysha clark,alysha clark,LVA,NYL,threes_made,0.74,/home/ubuntu/EdgeRanked/sports/wnba/outputs/archive/projections/wnba_projections_20260331.csv,no_actual_rows_for_game_date,0,2026-06-21T11:30:44Z
2026-03-31,2026-03-31,Alysha Clark,alysha clark,alysha clark,LVA,NYL,steals,1.01,/home/ubuntu/EdgeRanked/sports/wnba/outputs/archive/projections/wnba_projections_20260331.csv,no_actual_rows_for_game_date,0,2026-06-21T11:30:44Z
2026-03-31,2026-03-31,Alysha Clark,alysha clark,alysha clark,LVA,NYL,blocks,0.5,/home/ubuntu/EdgeRanked/sports/wnba/outputs/archive/projections/wnba_projections_20260331.csv,no_actual_rows_for_game_date,0,2026-06-21T11:30:44Z
2026-03-31,2026-03-31,Alyssa Thomas,alyssa thomas,alyssa thomas,CON,IND,points,13.88,/home/ubuntu/EdgeRanked/sports/wnba/outputs/archive/projections/wnba_projections_20260331.csv,no_actual_rows_for_game_date,0,2026-06-21T11:30:44Z
2026-03-31,2026-03-31,Alyssa Thomas,alyssa thomas,alyssa thomas,CON,IND,rebounds,9.38,/home/ubuntu/EdgeRanked/sports/wnba/outputs/archive/projections/wnba_projections_20260331.csv,no_actual_rows_for_game_date,0,2026-06-21T11:30:44Z
2026-03-31,2026-03-31,Alyssa Thomas,alyssa thomas,alyssa thomas,CON,IND,assists,7.99,/home/ubuntu/EdgeRanked/sports/wnba/outputs/archive/projections/wnba_projections_20260331.csv,no_actual_rows_for_game_date,0,2026-06-21T11:30:44Z
2026-03-31,2026-03-31,Alyssa Thomas,alyssa thomas,alyssa thomas,CON,IND,threes_made,1.16,/home/ubuntu/EdgeRanked/sports/wnba/outputs/archive/projections/wnba_projections_20260331.csv,no_actual_rows_for_game_date,0,2026-06-21T11:30:44Z
2026-03-31,2026-03-31,Alyssa Thomas,alyssa thomas,alyssa thomas,CON,IND,steals,1.42,/home/ubuntu/EdgeRanked/sports/wnba/outputs/archive/projections/wnba_projections_20260331.csv,no_actual_rows_for_game_date,0,2026-06-21T11:30:44Z
2026-03-31,2026-03-31,Alyssa Thomas,alyssa thomas,alyssa thomas,CON,IND,blocks,0.59,/home/ubuntu/EdgeRanked/sports/wnba/outputs/archive/projections/wnba_projections_20260331.csv,no_actual_rows_for_game_date,0,2026-06-21T11:30:44Z
2026-03-31,2026-03-31,Betnijah Laney-Hamilton,betnijah laney-hamilton,betnijah laney-hamilton,NYL,LVA,points,12.7,/home/ubuntu/EdgeRanked/sports/wnba/outputs/archive/projections/wnba_projections_20260331.csv,no_actual_rows_for_game_date,0,2026-06-21T11:30:44Z
2026-03-31,2026-03-31,Betnijah Laney-Hamilton,betnijah laney-hamilton,betnijah laney-hamilton,NYL,LVA,rebounds,4.3,/home/ubuntu/EdgeRanked/sports/wnba/outputs/archive/projections/wnba_projections_20260331.csv,no_actual_rows_for_game_date,0,2026-06-21T11:30:44Z
2026-03-31,2026-03-31,Betnijah Laney-Hamilton,betnijah laney-hamilton,betnijah laney-hamilton,NYL,LVA,assists,3.17,/home/ubuntu/EdgeRanked/sports/wnba/outputs/archive/projections/wnba_projections_20260331.csv,no_actual_rows_for_game_date,0,2026-06-21T11:30:44Z
2026-03-31,2026-03-31,Betnijah Laney-Hamilton,betnijah laney-hamilton,betnijah laney-hamilton,NYL,LVA,threes_made,1.5,/home/ubuntu/EdgeRanked/sports/wnba/outputs/archive/projections/wnba_projections_20260331.csv,no_actual_rows_for_game_date,0,2026-06-21T11:30:44Z
2026-03-31,2026-03-31,Betnijah Laney-Hamilton,betnijah laney-hamilton,betnijah laney-hamilton,NYL,LVA,steals,0.84,/home/ubuntu/EdgeRanked/sports/wnba/outputs/archive/projections/wnba_projections_20260331.csv,no_actual_rows_for_game_date,0,2026-06-21T11:30:44Z
2026-03-31,2026-03-31,Betnijah Laney-Hamilton,betnijah laney-hamilton,betnijah laney-hamilton,NYL,LVA,blocks,0.5,/home/ubuntu/EdgeRanked/sports/wnba/outputs/archive/projections/wnba_projections_20260331.csv,no_actual_rows_for_game_date,0,2026-06-21T11:30:44Z
2026-03-31,2026-03-31,Breanna Stewart,breanna stewart,breanna stewart,NYL,LVA,points,22.53,/home/ubuntu/EdgeRanked/sports/wnba/outputs/archive/projections/wnba_projections_20260331.csv,no_actual_rows_for_game_date,0,2026-06-21T11:30:44Z
2026-03-31,2026-03-31,Breanna Stewart,breanna stewart,breanna stewart,NYL,LVA,rebounds,8.5,/home/ubuntu/EdgeRanked/sports/wnba/outputs/archive/projections/wnba_projections_20260331.csv,no_actual_rows_for_game_date,0,2026-06-21T11:30:44Z
2026-03-31,2026-03-31,Breanna Stewart,breanna stewart,breanna stewart,NYL,LVA,assists,3.61,/home/ubuntu/EdgeRanked/sports/wnba/outputs/archive/projections/wnba_projections_20260331.csv,no_actual_rows_for_game_date,0,2026-06-21T11:30:44Z
2026-03-31,2026-03-31,Breanna Stewart,breanna stewart,breanna stewart,NYL,LVA,threes_made,2.02,/home/ubuntu/EdgeRanked/sports/wnba/outputs/archive/projections/wnba_projections_20260331.csv,no_actual_rows_for_game_date,0,2026-06-21T11:30:44Z
2026-03-31,2026-03-31,Breanna Stewart,breanna stewart,breanna stewart,NYL,LVA,steals,1.64,/home/ubuntu/EdgeRanked/sports/wnba/outputs/archive/projections/wnba_projections_20260331.csv,no_actual_rows_for_game_date,0,2026-06-21T11:30:44Z
2026-03-31,2026-03-31,Breanna Stewart,breanna stewart,breanna stewart,NYL,LVA,blocks,1.51,/home/ubuntu/EdgeRanked/sports/wnba/outputs/archive/projections/wnba_projections_20260331.csv,no_actual_rows_for_game_date,0,2026-06-21T11:30:44Z
2026-03-31,2026-03-31,Brionna Jones,brionna jones,brionna jones,CON,IND,points,13.91,/home/ubuntu/EdgeRanked/sports/wnba/outputs/archive/projections/wnba_projections_20260331.csv,no_actual_rows_for_game_date,0,2026-06-21T11:30:44Z
2026-03-31,2026-03-31,Brionna Jones,brionna jones,brionna jones,CON,IND,rebounds,8.33,/home/ubuntu/EdgeRanked/sports/wnba/outputs/archive/projections/wnba_projections_20260331.csv,no_actual_rows_for_game_date,0,2026-06-21T11:30:44Z
2026-03-31,2026-03-31,Brionna Jones,brionna jones,brionna jones,CON,IND,assists,3.54,/home/ubuntu/EdgeRanked/sports/wnba/outputs/archive/projections/wnba_projections_20260331.csv,no_actual_rows_for_game_date,0,2026-06-21T11:30:44Z
2026-03-31,2026-03-31,Brionna Jones,brionna jones,brionna jones,CON,IND,threes_made,0.55,/home/ubuntu/EdgeRanked/sports/wnba/outputs/archive/projections/wnba_projections_20260331.csv,no_actual_rows_for_game_date,0,2026-06-21T11:30:44Z
2026-03-31,2026-03-31,Brionna Jones,brionna jones,brionna jones,CON,IND,steals,0.69,/home/ubuntu/EdgeRanked/sports/wnba/outputs/archive/projections/wnba_projections_20260331.csv,no_actual_rows_for_game_date,0,2026-06-21T11:30:44Z
2026-03-31,2026-03-31,Brionna Jones,brionna jones,brionna jones,CON,IND,blocks,0.99,/home/ubuntu/EdgeRanked/sports/wnba/outputs/archive/projections/wnba_projections_20260331.csv,no_actual_rows_for_game_date,0,2026-06-21T11:30:44Z
2026-03-31,2026-03-31,Caitlin Clark,caitlin clark,caitlin clark,IND,CON,points,24.46,/home/ubuntu/EdgeRanked/sports/wnba/outputs/archive/projections/wnba_projections_20260331.csv,no_actual_rows_for_game_date,0,2026-06-21T11:30:44Z
2026-03-31,2026-03-31,Caitlin Clark,caitlin clark,caitlin clark,IND,CON,rebounds,5.95,/home/ubuntu/EdgeRanked/sports/wnba/outputs/archive/projections/wnba_projections_20260331.csv,no_actual_rows_for_game_date,0,2026-06-21T11:30:44Z
2026-03-31,2026-03-31,Caitlin Clark,caitlin clark,caitlin clark,IND,CON,assists,8.24,/home/ubuntu/EdgeRanked/sports/wnba/outputs/archive/projections/wnba_projections_20260331.csv,no_actual_rows_for_game_date,0,2026-06-21T11:30:44Z
2026-03-31,2026-03-31,Caitlin Clark,caitlin clark,caitlin clark,IND,CON,threes_made,3.27,/home/ubuntu/EdgeRanked/sports/wnba/outputs/archive/projections/wnba_projections_20260331.csv,no_actual_rows_for_game_date,0,2026-06-21T11:30:44Z
2026-03-31,2026-03-31,Caitlin Clark,caitlin clark,caitlin clark,IND,CON,steals,1.45,/home/ubuntu/EdgeRanked/sports/wnba/outputs/archive/projections/wnba_projections_20260331.csv,no_actual_rows_for_game_date,0,2026-06-21T11:30:44Z
2026-03-31,2026-03-31,Caitlin Clark,caitlin clark,caitlin clark,IND,CON,blocks,0.53,/home/ubuntu/EdgeRanked/sports/wnba/outputs/archive/projections/wnba_projections_20260331.csv,no_actual_rows_for_game_date,0,2026-06-21T11:30:44Z
2026-03-31,2026-03-31,Chelsea Gray,chelsea gray,chelsea gray,LVA,NYL,points,16.02,/home/ubuntu/EdgeRanked/sports/wnba/outputs/archive/projections/wnba_projections_20260331.csv,no_actual_rows_for_game_date,0,2026-06-21T11:30:44Z
2026-03-31,2026-03-31,Chelsea Gray,chelsea gray,chelsea gray,LVA,NYL,rebounds,3.07,/home/ubuntu/EdgeRanked/sports/wnba/outputs/archive/projections/wnba_projections_20260331.csv,no_actual_rows_for_game_date,0,2026-06-21T11:30:44Z
2026-03-31,2026-03-31,Chelsea Gray,chelsea gray,chelsea gray,LVA,NYL,assists,7.1,/home/ubuntu/EdgeRanked/sports/wnba/outputs/archive/projections/wnba_projections_20260331.csv,no_actual_rows_for_game_date,0,2026-06-21T11:30:44Z
2026-03-31,2026-03-31,Chelsea Gray,chelsea gray,chelsea gray,LVA,NYL,threes_made,2.1,/home/ubuntu/EdgeRanked/sports/wnba/outputs/archive/projections/wnba_projections_20260331.csv,no_actual_rows_for_game_date,0,2026-06-21T11:30:44Z
2026-03-31,2026-03-31,Chelsea Gray,chelsea gray,chelsea gray,LVA,NYL,steals,1.45,/home/ubuntu/EdgeRanked/sports/wnba/outputs/archive/projections/wnba_projections_20260331.csv,no_actual_rows_for_game_date,0,2026-06-21T11:30:44Z
2026-03-31,2026-03-31,Chelsea Gray,chelsea gray,chelsea gray,LVA,NYL,blocks,0.34,/home/ubuntu/EdgeRanked/sports/wnba/outputs/archive/projections/wnba_projections_20260331.csv,no_actual_rows_for_game_date,0,2026-06-21T11:30:44Z
2026-03-31,2026-03-31,Courtney Vandersloot,courtney vandersloot,courtney vandersloot,NYL,LVA,points,9.52,/home/ubuntu/EdgeRanked/sports/wnba/outputs/archive/projections/wnba_projections_20260331.csv,no_actual_rows_for_game_date,0,2026-06-21T11:30:44Z
2026-03-31,2026-03-31,Courtney Vandersloot,courtney vandersloot,courtney vandersloot,NYL,LVA,rebounds,3.46,/home/ubuntu/EdgeRanked/sports/wnba/outputs/archive/projections/wnba_projections_20260331.csv,no_actual_rows_for_game_date,0,2026-06-21T11:30:44Z
2026-03-31,2026-03-31,Courtney Vandersloot,courtney vandersloot,courtney vandersloot,NYL,LVA,assists,5.6,/home/ubuntu/EdgeRanked/sports/wnba/outputs/archive/projections/wnba_projections_20260331.csv,no_actual_rows_for_game_date,0,2026-06-21T11:30:44Z
2026-03-31,2026-03-31,Courtney Vandersloot,courtney vandersloot,courtney vandersloot,NYL,LVA,threes_made,1.52,/home/ubuntu/EdgeRanked/sports/wnba/outputs/archive/projections/wnba_projections_20260331.csv,no_actual_rows_for_game_date,0,2026-06-21T11:30:44Z
2026-03-31,2026-03-31,Courtney Vandersloot,courtney vandersloot,courtney vandersloot,NYL,LVA,steals,1.31,/home/ubuntu/EdgeRanked/sports/wnba/outputs/archive/projections/wnba_projections_20260331.csv,no_actual_rows_for_game_date,0,2026-06-21T11:30:44Z
2026-03-31,2026-03-31,Courtney Vandersloot,courtney vandersloot,courtney vandersloot,NYL,LVA,blocks,0.31,/home/ubuntu/EdgeRanked/sports/wnba/outputs/archive/projections/wnba_projections_20260331.csv,no_actual_rows_for_game_date,0,2026-06-21T11:30:44Z
2026-03-31,2026-03-31,DeWanna Bonner,dewanna bonner,dewanna bonner,CON,IND,points,16.74,/home/ubuntu/EdgeRanked/sports/wnba/outputs/archive/projections/wnba_projections_20260331.csv,no_actual_rows_for_game_date,0,2026-06-21T11:30:44Z
2026-03-31,2026-03-31,DeWanna Bonner,dewanna bonner,dewanna bonner,CON,IND,rebounds,7.37,/home/ubuntu/EdgeRanked/sports/wnba/outputs/archive/projections/wnba_projections_20260331.csv,no_actual_rows_for_game_date,0,2026-06-21T11:30:44Z
2026-03-31,2026-03-31,DeWanna Bonner,dewanna bonner,dewanna bonner,CON,IND,assists,2.96,/home/ubuntu/EdgeRanked/sports/wnba/outputs/archive/projections/wnba_projections_20260331.csv,no_actual_rows_for_game_date,0,2026-06-21T11:30:44Z
2026-03-31,2026-03-31,DeWanna Bonner,dewanna bonner,dewanna bonner,CON,IND,threes_made,1.73,/home/ubuntu/EdgeRanked/sports/wnba/outputs/archive/projections/wnba_projections_20260331.csv,no_actual_rows_for_game_date,0,2026-06-21T11:30:44Z
2026-03-31,2026-03-31,DeWanna Bonner,dewanna bonner,dewanna bonner,CON,IND,steals,0.98,/home/ubuntu/EdgeRanked/sports/wnba/outputs/archive/projections/wnba_projections_20260331.csv,no_actual_rows_for_game_date,0,2026-06-21T11:30:44Z
2026-03-31,2026-03-31,DeWanna Bonner,dewanna bonner,dewanna bonner,CON,IND,blocks,0.7,/home/ubuntu/EdgeRanked/sports/wnba/outputs/archive/projections/wnba_projections_20260331.csv,no_actual_rows_for_game_date,0,2026-06-21T11:30:44Z
2026-03-31,2026-03-31,DiJonai Carrington,dijonai carrington,dijonai carrington,CON,IND,points,12.29,/home/ubuntu/EdgeRanked/sports/wnba/outputs/archive/projections/wnba_projections_20260331.csv,no_actual_rows_for_game_date,0,2026-06-21T11:30:44Z
2026-03-31,2026-03-31,DiJonai Carrington,dijonai carrington,dijonai carrington,CON,IND,rebounds,4.81,/home/ubuntu/EdgeRanked/sports/wnba/outputs/archive/projections/wnba_projections_20260331.csv,no_actual_rows_for_game_date,0,2026-06-21T11:30:44Z
2026-03-31,2026-03-31,DiJonai Carrington,dijonai carrington,dijonai carrington,CON,IND,assists,3.59,/home/ubuntu/EdgeRanked/sports/wnba/outputs/archive/projections/wnba_projections_20260331.csv,no_actual_rows_for_game_date,0,2026-06-21T11:30:44Z
2026-03-31,2026-03-31,DiJonai Carrington,dijonai carrington,dijonai carrington,CON,IND,threes_made,1.41,/home/ubuntu/EdgeRanked/sports/wnba/outputs/archive/projections/wnba_projections_20260331.csv,no_actual_rows_for_game_date,0,2026-06-21T11:30:44Z
2026-03-31,2026-03-31,DiJonai Carrington,dijonai carrington,dijonai carrington,CON,IND,steals,1.19,/home/ubuntu/EdgeRanked/sports/wnba/outputs/archive/projections/wnba_projections_20260331.csv,no_actual_rows_for_game_date,0,2026-06-21T11:30:44Z
2026-03-31,2026-03-31,DiJonai Carrington,dijonai carrington,dijonai carrington,CON,IND,blocks,0.4,/home/ubuntu/EdgeRanked/sports/wnba/outputs/archive/projections/wnba_projections_20260331.csv,no_actual_rows_for_game_date,0,2026-06-21T11:30:44Z
2026-03-31,2026-03-31,Erica Wheeler,erica wheeler,erica wheeler,IND,CON,points,7.92,/home/ubuntu/EdgeRanked/sports/wnba/outputs/archive/projections/wnba_projections_20260331.csv,no_actual_rows_for_game_date,0,2026-06-21T11:30:44Z
2026-03-31,2026-03-31,Erica Wheeler,erica wheeler,erica wheeler,IND,CON,rebounds,2.58,/home/ubuntu/EdgeRanked/sports/wnba/outputs/archive/projections/wnba_projections_20260331.csv,no_actual_rows_for_game_date,0,2026-06-21T11:30:44Z
2026-03-31,2026-03-31,Erica Wheeler,erica wheeler,erica wheeler,IND,CON,assists,4.48,/home/ubuntu/EdgeRanked/sports/wnba/outputs/archive/projections/wnba_projections_20260331.csv,no_actual_rows_for_game_date,0,2026-06-21T11:30:44Z
2026-03-31,2026-03-31,Erica Wheeler,erica wheeler,erica wheeler,IND,CON,threes_made,1.35,/home/ubuntu/EdgeRanked/sports/wnba/outputs/archive/projections/wnba_projections_20260331.csv,no_actual_rows_for_game_date,0,2026-06-21T11:30:44Z
2026-03-31,2026-03-31,Erica Wheeler,erica wheeler,erica wheeler,IND,CON,steals,1.1,/home/ubuntu/EdgeRanked/sports/wnba/outputs/archive/projections/wnba_projections_20260331.csv,no_actual_rows_for_game_date,0,2026-06-21T11:30:44Z
2026-03-31,2026-03-31,Erica Wheeler,erica wheeler,erica wheeler,IND,CON,blocks,0.28,/home/ubuntu/EdgeRanked/sports/wnba/outputs/archive/projections/wnba_projections_20260331.csv,no_actual_rows_for_game_date,0,2026-06-21T11:30:44Z
2026-03-31,2026-03-31,Jackie Young,jackie young,jackie young,LVA,NYL,points,18.78,/home/ubuntu/EdgeRanked/sports/wnba/outputs/archive/projections/wnba_projections_20260331.csv,no_actual_rows_for_game_date,0,2026-06-21T11:30:44Z
2026-03-31,2026-03-31,Jackie Young,jackie young,jackie young,LVA,NYL,rebounds,3.94,/home/ubuntu/EdgeRanked/sports/wnba/outputs/archive/projections/wnba_projections_20260331.csv,no_actual_rows_for_game_date,0,2026-06-21T11:30:44Z
2026-03-31,2026-03-31,Jackie Young,jackie young,jackie young,LVA,NYL,assists,5.77,/home/ubuntu/EdgeRanked/sports/wnba/outputs/archive/projections/wnba_projections_20260331.csv,no_actual_rows_for_game_date,0,2026-06-21T11:30:44Z
2026-03-31,2026-03-31,Jackie Young,jackie young,jackie young,LVA,NYL,threes_made,2.05,/home/ubuntu/EdgeRanked/sports/wnba/outputs/archive/projections/wnba_projections_20260331.csv,no_actual_rows_for_game_date,0,2026-06-21T11:30:44Z
2026-03-31,2026-03-31,Jackie Young,jackie young,jackie young,LVA,NYL,steals,1.39,/home/ubuntu/EdgeRanked/sports/wnba/outputs/archive/projections/wnba_projections_20260331.csv,no_actual_rows_for_game_date,0,2026-06-21T11:30:44Z
2026-03-31,2026-03-31,Jackie Young,jackie young,jackie young,LVA,NYL,blocks,0.4,/home/ubuntu/EdgeRanked/sports/wnba/outputs/archive/projections/wnba_projections_20260331.csv,no_actual_rows_for_game_date,0,2026-06-21T11:30:44Z
2026-03-31,2026-03-31,Jonquel Jones,jonquel jones,jonquel jones,NYL,LVA,points,15.76,/home/ubuntu/EdgeRanked/sports/wnba/outputs/archive/projections/wnba_projections_20260331.csv,no_actual_rows_for_game_date,0,2026-06-21T11:30:44Z
2026-03-31,2026-03-31,Jonquel Jones,jonquel jones,jonquel jones,NYL,LVA,rebounds,8.48,/home/ubuntu/EdgeRanked/sports/wnba/outputs/archive/projections/wnba_projections_20260331.csv,no_actual_rows_for_game_date,0,2026-06-21T11:30:44Z
2026-03-31,2026-03-31,Jonquel Jones,jonquel jones,jonquel jones,NYL,LVA,assists,2.41,/home/ubuntu/EdgeRanked/sports/wnba/outputs/archive/projections/wnba_projections_20260331.csv,no_actual_rows_for_game_date,0,2026-06-21T11:30:44Z
2026-03-31,2026-03-31,Jonquel Jones,jonquel jones,jonquel jones,NYL,LVA,threes_made,1.3,/home/ubuntu/EdgeRanked/sports/wnba/outputs/archive/projections/wnba_projections_20260331.csv,no_actual_rows_for_game_date,0,2026-06-21T11:30:44Z
2026-03-31,2026-03-31,Jonquel Jones,jonquel jones,jonquel jones,NYL,LVA,steals,1.03,/home/ubuntu/EdgeRanked/sports/wnba/outputs/archive/projections/wnba_projections_20260331.csv,no_actual_rows_for_game_date,0,2026-06-21T11:30:44Z
2026-03-31,2026-03-31,Jonquel Jones,jonquel jones,jonquel jones,NYL,LVA,blocks,1.61,/home/ubuntu/EdgeRanked/sports/wnba/outputs/archive/projections/wnba_projections_20260331.csv,no_actual_rows_for_game_date,0,2026-06-21T11:30:44Z
2026-03-31,2026-03-31,Kelsey Mitchell,kelsey mitchell,kelsey mitchell,IND,CON,points,20.85,/home/ubuntu/EdgeRanked/sports/wnba/outputs/archive/projections/wnba_projections_20260331.csv,no_actual_rows_for_game_date,0,2026-06-21T11:30:44Z
2026-03-31,2026-03-31,Kelsey Mitchell,kelsey mitchell,kelsey mitchell,IND,CON,rebounds,3.42,/home/ubuntu/EdgeRanked/sports/wnba/outputs/archive/projections/wnba_projections_20260331.csv,no_actual_rows_for_game_date,0,2026-06-21T11:30:44Z
2026-03-31,2026-03-31,Kelsey Mitchell,kelsey mitchell,kelsey mitchell,IND,CON,assists,2.75,/home/ubuntu/EdgeRanked/sports/wnba/outputs/archive/projections/wnba_projections_20260331.csv,no_actual_rows_for_game_date,0,2026-06-21T11:30:44Z
2026-03-31,2026-03-31,Kelsey Mitchell,kelsey mitchell,kelsey mitchell,IND,CON,threes_made,2.36,/home/ubuntu/EdgeRanked/sports/wnba/outputs/archive/projections/wnba_projections_20260331.csv,no_actual_rows_for_game_date,0,2026-06-21T11:30:44Z
2026-03-31,2026-03-31,Kelsey Mitchell,kelsey mitchell,kelsey mitchell,IND,CON,steals,1.13,/home/ubuntu/EdgeRanked/sports/wnba/outputs/archive/projections/wnba_projections_20260331.csv,no_actual_rows_for_game_date,0,2026-06-21T11:30:44Z
2026-03-31,2026-03-31,Kelsey Mitchell,kelsey mitchell,kelsey mitchell,IND,CON,blocks,0.47,/home/ubuntu/EdgeRanked/sports/wnba/outputs/archive/projections/wnba_projections_20260331.csv,no_actual_rows_for_game_date,0,2026-06-21T11:30:44Z
2026-03-31,2026-03-31,Kelsey Plum,kelsey plum,kelsey plum,LVA,NYL,points,20.3,/home/ubuntu/EdgeRanked/sports/wnba/outputs/archive/projections/wnba_projections_20260331.csv,no_actual_rows_for_game_date,0,2026-06-21T11:30:44Z
2026-03-31,2026-03-31,Kelsey Plum,kelsey plum,kelsey plum,LVA,NYL,rebounds,3.98,/home/ubuntu/EdgeRanked/sports/wnba/outputs/archive/projections/wnba_projections_20260331.csv,no_actual_rows_for_game_date,0,2026-06-21T11:30:44Z
2026-03-31,2026-03-31,Kelsey Plum,kelsey plum,kelsey plum,LVA,NYL,assists,4.15,/home/ubuntu/EdgeRanked/sports/wnba/outputs/archive/projections/wnba_projections_20260331.csv,no_actual_rows_for_game_date,0,2026-06-21T11:30:44Z
2026-03-31,2026-03-31,Kelsey Plum,kelsey plum,kelsey plum,LVA,NYL,threes_made,2.96,/home/ubuntu/EdgeRanked/sports/wnba/outputs/archive/projections/wnba_projections_20260331.csv,no_actual_rows_for_game_date,0,2026-06-21T11:30:44Z
2026-03-31,2026-03-31,Kelsey Plum,kelsey plum,kelsey plum,LVA,NYL,steals,1.3,/home/ubuntu/EdgeRanked/sports/wnba/outputs/archive/projections/wnba_projections_20260331.csv,no_actual_rows_for_game_date,0,2026-06-21T11:30:44Z
2026-03-31,2026-03-31,Kelsey Plum,kelsey plum,kelsey plum,LVA,NYL,blocks,0.51,/home/ubuntu/EdgeRanked/sports/wnba/outputs/archive/projections/wnba_projections_20260331.csv,no_actual_rows_for_game_date,0,2026-06-21T11:30:44Z
2026-03-31,2026-03-31,Marina Mabrey,marina mabrey,marina mabrey,CON,IND,points,16.64,/home/ubuntu/EdgeRanked/sports/wnba/outputs/archive/projections/wnba_projections_20260331.csv,no_actual_rows_for_game_date,0,2026-06-21T11:30:44Z
2026-03-31,2026-03-31,Marina Mabrey,marina mabrey,marina mabrey,CON,IND,rebounds,3.39,/home/ubuntu/EdgeRanked/sports/wnba/outputs/archive/projections/wnba_projections_20260331.csv,no_actual_rows_for_game_date,0,2026-06-21T11:30:44Z
2026-03-31,2026-03-31,Marina Mabrey,marina mabrey,marina mabrey,CON,IND,assists,4.61,/home/ubuntu/EdgeRanked/sports/wnba/outputs/archive/projections/wnba_projections_20260331.csv,no_actual_rows_for_game_date,0,2026-06-21T11:30:44Z
2026-03-31,2026-03-31,Marina Mabrey,marina mabrey,marina mabrey,CON,IND,threes_made,2.58,/home/ubuntu/EdgeRanked/sports/wnba/outputs/archive/projections/wnba_projections_20260331.csv,no_actual_rows_for_game_date,0,2026-06-21T11:30:44Z
2026-03-31,2026-03-31,Marina Mabrey,marina mabrey,marina mabrey,CON,IND,steals,1.15,/home/ubuntu/EdgeRanked/sports/wnba/outputs/archive/projections/wnba_projections_20260331.csv,no_actual_rows_for_game_date,0,2026-06-21T11:30:44Z
2026-03-31,2026-03-31,Marina Mabrey,marina mabrey,marina mabrey,CON,IND,blocks,0.35,/home/ubuntu/EdgeRanked/sports/wnba/outputs/archive/projections/wnba_projections_20260331.csv,no_actual_rows_for_game_date,0,2026-06-21T11:30:44Z
2026-03-31,2026-03-31,NaLyssa Smith,nalyssa smith,nalyssa smith,IND,CON,points,10.9,/home/ubuntu/EdgeRanked/sports/wnba/outputs/archive/projections/wnba_projections_20260331.csv,no_actual_rows_for_game_date,0,2026-06-21T11:30:44Z
2026-03-31,2026-03-31,NaLyssa Smith,nalyssa smith,nalyssa smith,IND,CON,rebounds,7.18,/home/ubuntu/EdgeRanked/sports/wnba/outputs/archive/projections/wnba_projections_20260331.csv,no_actual_rows_for_game_date,0,2026-06-21T11:30:44Z
2026-03-31,2026-03-31,NaLyssa Smith,nalyssa smith,nalyssa smith,IND,CON,assists,1.96,/home/ubuntu/EdgeRanked/sports/wnba/outputs/archive/projections/wnba_projections_20260331.csv,no_actual_rows_for_game_date,0,2026-06-21T11:30:44Z
2026-03-31,2026-03-31,NaLyssa Smith,nalyssa smith,nalyssa smith,IND,CON,threes_made,0.46,/home/ubuntu/EdgeRanked/sports/wnba/outputs/archive/projections/wnba_projections_20260331.csv,no_actual_rows_for_game_date,0,2026-06-21T11:30:44Z
2026-03-31,2026-03-31,NaLyssa Smith,nalyssa smith,nalyssa smith,IND,CON,steals,0.86,/home/ubuntu/EdgeRanked/sports/wnba/outputs/archive/projections/wnba_projections_20260331.csv,no_actual_rows_for_game_date,0,2026-06-21T11:30:44Z
2026-03-31,2026-03-31,NaLyssa Smith,nalyssa smith,nalyssa smith,IND,CON,blocks,0.84,/home/ubuntu/EdgeRanked/sports/wnba/outputs/archive/projections/wnba_projections_20260331.csv,no_actual_rows_for_game_date,0,2026-06-21T11:30:44Z
2026-03-31,2026-03-31,Sabrina Ionescu,sabrina ionescu,sabrina ionescu,NYL,LVA,points,18.61,/home/ubuntu/EdgeRanked/sports/wnba/outputs/archive/projections/wnba_projections_20260331.csv,no_actual_rows_for_game_date,0,2026-06-21T11:30:44Z
2026-03-31,2026-03-31,Sabrina Ionescu,sabrina ionescu,sabrina ionescu,NYL,LVA,rebounds,6.16,/home/ubuntu/EdgeRanked/sports/wnba/outputs/archive/projections/wnba_projections_20260331.csv,no_actual_rows_for_game_date,0,2026-06-21T11:30:44Z
2026-03-31,2026-03-31,Sabrina Ionescu,sabrina ionescu,sabrina ionescu,NYL,LVA,assists,7.38,/home/ubuntu/EdgeRanked/sports/wnba/outputs/archive/projections/wnba_projections_20260331.csv,no_actual_rows_for_game_date,0,2026-06-21T11:30:44Z
2026-03-31,2026-03-31,Sabrina Ionescu,sabrina ionescu,sabrina ionescu,NYL,LVA,threes_made,2.53,/home/ubuntu/EdgeRanked/sports/wnba/outputs/archive/projections/wnba_projections_20260331.csv,no_actual_rows_for_game_date,0,2026-06-21T11:30:44Z
2026-03-31,2026-03-31,Sabrina Ionescu,sabrina ionescu,sabrina ionescu,NYL,LVA,steals,1.63,/home/ubuntu/EdgeRanked/sports/wnba/outputs/archive/projections/wnba_projections_20260331.csv,no_actual_rows_for_game_date,0,2026-06-21T11:30:44Z
2026-03-31,2026-03-31,Sabrina Ionescu,sabrina ionescu,sabrina ionescu,NYL,LVA,blocks,0.38,/home/ubuntu/EdgeRanked/sports/wnba/outputs/archive/projections/wnba_projections_20260331.csv,no_actual_rows_for_game_date,0,2026-06-21T11:30:44Z
2026-05-09,2026-05-09,Monique Billings,monique billings,monique billings,IND,DAL,points,7.01,/home/ubuntu/EdgeRanked/sports/wnba/outputs/archive/projections/wnba_projections_20260509.csv,missing_projected_or_actual_value,1,2026-06-21T11:30:44Z
2026-05-09,2026-05-09,Monique Billings,monique billings,monique billings,IND,DAL,rebounds,4.21,/home/ubuntu/EdgeRanked/sports/wnba/outputs/archive/projections/wnba_projections_20260509.csv,missing_projected_or_actual_value,1,2026-06-21T11:30:44Z
2026-05-09,2026-05-09,Monique Billings,monique billings,monique billings,IND,DAL,assists,0.8,/home/ubuntu/EdgeRanked/sports/wnba/outputs/archive/projections/wnba_projections_20260509.csv,missing_projected_or_actual_value,1,2026-06-21T11:30:44Z
2026-05-09,2026-05-09,Monique Billings,monique billings,monique billings,IND,DAL,threes_made,0.55,/home/ubuntu/EdgeRanked/sports/wnba/outputs/archive/projections/wnba_projections_20260509.csv,missing_projected_or_actual_value,1,2026-06-21T11:30:44Z
2026-05-09,2026-05-09,Monique Billings,monique billings,monique billings,IND,DAL,steals,0.45,/home/ubuntu/EdgeRanked/sports/wnba/outputs/archive/projections/wnba_projections_20260509.csv,missing_projected_or_actual_value,1,2026-06-21T11:30:44Z
2026-05-09,2026-05-09,Monique Billings,monique billings,monique billings,IND,DAL,blocks,0.82,/home/ubuntu/EdgeRanked/sports/wnba/outputs/archive/projections/wnba_projections_20260509.csv,missing_projected_or_actual_value,1,2026-06-21T11:30:44Z
2026-05-14,2026-05-14,Carla Leite,carla leite,carla leite,POR,NYL,points,5.46,/home/ubuntu/EdgeRanked/sports/wnba/outputs/archive/projections/wnba_projections_20260514.csv,no_safe_player_match,0,2026-06-21T11:30:44Z
2026-05-14,2026-05-14,Carla Leite,carla leite,carla leite,POR,NYL,rebounds,0.9,/home/ubuntu/EdgeRanked/sports/wnba/outputs/archive/projections/wnba_projections_20260514.csv,no_safe_player_match,0,2026-06-21T11:30:44Z
2026-05-14,2026-05-14,Carla Leite,carla leite,carla leite,POR,NYL,assists,2.12,/home/ubuntu/EdgeRanked/sports/wnba/outputs/archive/projections/wnba_projections_20260514.csv,no_safe_player_match,0,2026-06-21T11:30:44Z
2026-05-14,2026-05-14,Carla Leite,carla leite,carla leite,POR,NYL,threes_made,0.41,/home/ubuntu/EdgeRanked/sports/wnba/outputs/archive/projections/wnba_projections_20260514.csv,no_safe_player_match,0,2026-06-21T11:30:44Z
2026-05-14,2026-05-14,Carla Leite,carla leite,carla leite,POR,NYL,steals,0.83,/home/ubuntu/EdgeRanked/sports/wnba/outputs/archive/projections/wnba_projections_20260514.csv,no_safe_player_match,0,2026-06-21T11:30:44Z
2026-05-14,2026-05-14,Carla Leite,carla leite,carla leite,POR,NYL,blocks,0.15,/home/ubuntu/EdgeRanked/sports/wnba/outputs/archive/projections/wnba_projections_20260514.csv,no_safe_player_match,0,2026-06-21T11:30:44Z
2026-05-17,2026-05-17,Aliyah Boston,aliyah boston,aliyah boston,IND,SEA,points,15.42,/home/ubuntu/EdgeRanked/sports/wnba/outputs/archive/projections/wnba_projections_20260517.csv,missing_projected_or_actual_value,1,2026-06-21T11:30:44Z
2026-05-17,2026-05-17,Aliyah Boston,aliyah boston,aliyah boston,IND,SEA,rebounds,8.15,/home/ubuntu/EdgeRanked/sports/wnba/outputs/archive/projections/wnba_projections_20260517.csv,missing_projected_or_actual_value,1,2026-06-21T11:30:44Z
2026-05-17,2026-05-17,Aliyah Boston,aliyah boston,aliyah boston,IND,SEA,assists,3.43,/home/ubuntu/EdgeRanked/sports/wnba/outputs/archive/projections/wnba_projections_20260517.csv,missing_projected_or_actual_value,1,2026-06-21T11:30:44Z
2026-05-17,2026-05-17,Aliyah Boston,aliyah boston,aliyah boston,IND,SEA,threes_made,0.87,/home/ubuntu/EdgeRanked/sports/wnba/outputs/archive/projections/wnba_projections_20260517.csv,missing_projected_or_actual_value,1,2026-06-21T11:30:44Z
2026-05-17,2026-05-17,Aliyah Boston,aliyah boston,aliyah boston,IND,SEA,steals,0.86,/home/ubuntu/EdgeRanked/sports/wnba/outputs/archive/projections/wnba_projections_20260517.csv,missing_projected_or_actual_value,1,2026-06-21T11:30:44Z
2026-05-17,2026-05-17,Aliyah Boston,aliyah boston,aliyah boston,IND,SEA,blocks,1.28,/home/ubuntu/EdgeRanked/sports/wnba/outputs/archive/projections/wnba_projections_20260517.csv,missing_projected_or_actual_value,1,2026-06-21T11:30:44Z
2026-05-17,2026-05-17,Skylar Diggins,skylar diggins,skylar diggins,CHI,MIN,points,14.08,/home/ubuntu/EdgeRanked/sports/wnba/outputs/archive/projections/wnba_projections_20260517.csv,missing_projected_or_actual_value,1,2026-06-21T11:30:44Z
2026-05-17,2026-05-17,Skylar Diggins,skylar diggins,skylar diggins,CHI,MIN,rebounds,1.94,/home/ubuntu/EdgeRanked/sports/wnba/outputs/archive/projections/wnba_projections_20260517.csv,missing_projected_or_actual_value,1,2026-06-21T11:30:44Z
2026-05-17,2026-05-17,Skylar Diggins,skylar diggins,skylar diggins,CHI,MIN,assists,6.17,/home/ubuntu/EdgeRanked/sports/wnba/outputs/archive/projections/wnba_projections_20260517.csv,missing_projected_or_actual_value,1,2026-06-21T11:30:44Z
2026-05-17,2026-05-17,Skylar Diggins,skylar diggins,skylar diggins,CHI,MIN,threes_made,1.55,/home/ubuntu/EdgeRanked/sports/wnba/outputs/archive/projections/wnba_projections_20260517.csv,missing_projected_or_actual_value,1,2026-06-21T11:30:44Z
2026-05-17,2026-05-17,Skylar Diggins,skylar diggins,skylar diggins,CHI,MIN,steals,1.5,/home/ubuntu/EdgeRanked/sports/wnba/outputs/archive/projections/wnba_projections_20260517.csv,missing_projected_or_actual_value,1,2026-06-21T11:30:44Z
2026-05-17,2026-05-17,Skylar Diggins,skylar diggins,skylar diggins,CHI,MIN,blocks,0.98,/home/ubuntu/EdgeRanked/sports/wnba/outputs/archive/projections/wnba_projections_20260517.csv,missing_projected_or_actual_value,1,2026-06-21T11:30:44Z
2026-05-18,2026-05-18,Carla Leite,carla leite,carla leite,POR,CON,points,5.6,/home/ubuntu/EdgeRanked/sports/wnba/outputs/archive/projections/wnba_projections_20260518.csv,no_safe_player_match,0,2026-06-21T11:30:44Z
2026-05-18,2026-05-18,Carla Leite,carla leite,carla leite,POR,CON,rebounds,1.04,/home/ubuntu/EdgeRanked/sports/wnba/outputs/archive/projections/wnba_projections_20260518.csv,no_safe_player_match,0,2026-06-21T11:30:44Z
2026-05-18,2026-05-18,Carla Leite,carla leite,carla leite,POR,CON,assists,2.08,/home/ubuntu/EdgeRanked/sports/wnba/outputs/archive/projections/wnba_projections_20260518.csv,no_safe_player_match,0,2026-06-21T11:30:44Z
2026-05-18,2026-05-18,Carla Leite,carla leite,carla leite,POR,CON,threes_made,0.38,/home/ubuntu/EdgeRanked/sports/wnba/outputs/archive/projections/wnba_projections_20260518.csv,no_safe_player_match,0,2026-06-21T11:30:44Z
2026-05-18,2026-05-18,Carla Leite,carla leite,carla leite,POR,CON,steals,0.85,/home/ubuntu/EdgeRanked/sports/wnba/outputs/archive/projections/wnba_projections_20260518.csv,no_safe_player_match,0,2026-06-21T11:30:44Z
2026-05-18,2026-05-18,Carla Leite,carla leite,carla leite,POR,CON,blocks,0.16,/home/ubuntu/EdgeRanked/sports/wnba/outputs/archive/projections/wnba_projections_20260518.csv,no_safe_player_match,0,2026-06-21T11:30:44Z
2026-05-20,2026-05-20,Brittney Griner,brittney griner,brittney griner,CON,SEA,points,9.78,/home/ubuntu/EdgeRanked/sports/wnba/outputs/archive/projections/wnba_projections_20260520.csv,missing_projected_or_actual_value,1,2026-06-21T11:30:44Z
2026-05-20,2026-05-20,Brittney Griner,brittney griner,brittney griner,CON,SEA,rebounds,5.63,/home/ubuntu/EdgeRanked/sports/wnba/outputs/archive/projections/wnba_projections_20260520.csv,missing_projected_or_actual_value,1,2026-06-21T11:30:44Z
2026-05-20,2026-05-20,Brittney Griner,brittney griner,brittney griner,CON,SEA,assists,1.1,/home/ubuntu/EdgeRanked/sports/wnba/outputs/archive/projections/wnba_projections_20260520.csv,missing_projected_or_actual_value,1,2026-06-21T11:30:44Z
2026-05-20,2026-05-20,Brittney Griner,brittney griner,brittney griner,CON,SEA,threes_made,0.19,/home/ubuntu/EdgeRanked/sports/wnba/outputs/archive/projections/wnba_projections_20260520.csv,missing_projected_or_actual_value,1,2026-06-21T11:30:44Z
2026-05-20,2026-05-20,Brittney Griner,brittney griner,brittney griner,CON,SEA,steals,0.72,/home/ubuntu/EdgeRanked/sports/wnba/outputs/archive/projections/wnba_projections_20260520.csv,missing_projected_or_actual_value,1,2026-06-21T11:30:44Z
2026-05-20,2026-05-20,Brittney Griner,brittney griner,brittney griner,CON,SEA,blocks,1.1,/home/ubuntu/EdgeRanked/sports/wnba/outputs/archive/projections/wnba_projections_20260520.csv,missing_projected_or_actual_value,1,2026-06-21T11:30:44Z
2026-05-22,2026-05-22,Brittney Griner,brittney griner,brittney griner,CON,SEA,points,9.81,/home/ubuntu/EdgeRanked/sports/wnba/outputs/archive/projections/wnba_projections_20260522.csv,missing_projected_or_actual_value,1,2026-06-21T11:30:44Z
2026-05-22,2026-05-22,Brittney Griner,brittney griner,brittney griner,CON,SEA,rebounds,5.56,/home/ubuntu/EdgeRanked/sports/wnba/outputs/archive/projections/wnba_projections_20260522.csv,missing_projected_or_actual_value,1,2026-06-21T11:30:44Z
2026-05-22,2026-05-22,Brittney Griner,brittney griner,brittney griner,CON,SEA,assists,1.07,/home/ubuntu/EdgeRanked/sports/wnba/outputs/archive/projections/wnba_projections_20260522.csv,missing_projected_or_actual_value,1,2026-06-21T11:30:44Z
2026-05-22,2026-05-22,Brittney Griner,brittney griner,brittney griner,CON,SEA,threes_made,0.19,/home/ubuntu/EdgeRanked/sports/wnba/outputs/archive/projections/wnba_projections_20260522.csv,missing_projected_or_actual_value,1,2026-06-21T11:30:44Z
2026-05-22,2026-05-22,Brittney Griner,brittney griner,brittney griner,CON,SEA,steals,0.7,/home/ubuntu/EdgeRanked/sports/wnba/outputs/archive/projections/wnba_projections_20260522.csv,missing_projected_or_actual_value,1,2026-06-21T11:30:44Z
2026-05-22,2026-05-22,Brittney Griner,brittney griner,brittney griner,CON,SEA,blocks,1.14,/home/ubuntu/EdgeRanked/sports/wnba/outputs/archive/projections/wnba_projections_20260522.csv,missing_projected_or_actual_value,1,2026-06-21T11:30:44Z
2026-05-23,2026-05-23,Alysha Clark,alysha clark,alysha clark,LVA,LAS,points,9.21,/home/ubuntu/EdgeRanked/sports/wnba/outputs/archive/projections/wnba_projections_20260523.csv,no_safe_player_match,0,2026-06-21T11:30:44Z
2026-05-23,2026-05-23,Alysha Clark,alysha clark,alysha clark,LVA,LAS,rebounds,4.51,/home/ubuntu/EdgeRanked/sports/wnba/outputs/archive/projections/wnba_projections_20260523.csv,no_safe_player_match,0,2026-06-21T11:30:44Z
2026-05-23,2026-05-23,Alysha Clark,alysha clark,alysha clark,LVA,LAS,assists,2.03,/home/ubuntu/EdgeRanked/sports/wnba/outputs/archive/projections/wnba_projections_20260523.csv,no_safe_player_match,0,2026-06-21T11:30:44Z
2026-05-23,2026-05-23,Alysha Clark,alysha clark,alysha clark,LVA,LAS,threes_made,1.0,/home/ubuntu/EdgeRanked/sports/wnba/outputs/archive/projections/wnba_projections_20260523.csv,no_safe_player_match,0,2026-06-21T11:30:44Z
2026-05-23,2026-05-23,Alysha Clark,alysha clark,alysha clark,LVA,LAS,steals,0.84,/home/ubuntu/EdgeRanked/sports/wnba/outputs/archive/projections/wnba_projections_20260523.csv,no_safe_player_match,0,2026-06-21T11:30:44Z
2026-05-23,2026-05-23,Alysha Clark,alysha clark,alysha clark,LVA,LAS,blocks,0.46,/home/ubuntu/EdgeRanked/sports/wnba/outputs/archive/projections/wnba_projections_20260523.csv,no_safe_player_match,0,2026-06-21T11:30:44Z
2026-05-23,2026-05-23,Haley Jones,haley jones,haley jones,POR,TOR,points,8.62,/home/ubuntu/EdgeRanked/sports/wnba/outputs/archive/projections/wnba_projections_20260523.csv,no_safe_player_match,0,2026-06-21T11:30:44Z
2026-05-23,2026-05-23,Haley Jones,haley jones,haley jones,POR,TOR,rebounds,4.8,/home/ubuntu/EdgeRanked/sports/wnba/outputs/archive/projections/wnba_projections_20260523.csv,no_safe_player_match,0,2026-06-21T11:30:44Z
2026-05-23,2026-05-23,Haley Jones,haley jones,haley jones,POR,TOR,assists,2.77,/home/ubuntu/EdgeRanked/sports/wnba/outputs/archive/projections/wnba_projections_20260523.csv,no_safe_player_match,0,2026-06-21T11:30:44Z
2026-05-23,2026-05-23,Haley Jones,haley jones,haley jones,POR,TOR,threes_made,0.67,/home/ubuntu/EdgeRanked/sports/wnba/outputs/archive/projections/wnba_projections_20260523.csv,no_safe_player_match,0,2026-06-21T11:30:44Z
2026-05-23,2026-05-23,Haley Jones,haley jones,haley jones,POR,TOR,steals,1.1,/home/ubuntu/EdgeRanked/sports/wnba/outputs/archive/projections/wnba_projections_20260523.csv,no_safe_player_match,0,2026-06-21T11:30:44Z
2026-05-23,2026-05-23,Haley Jones,haley jones,haley jones,POR,TOR,blocks,0.85,/home/ubuntu/EdgeRanked/sports/wnba/outputs/archive/projections/wnba_projections_20260523.csv,no_safe_player_match,0,2026-06-21T11:30:44Z
2026-05-23,2026-05-23,Julie Allemand,julie allemand,julie allemand,TOR,POR,points,8.13,/home/ubuntu/EdgeRanked/sports/wnba/outputs/archive/projections/wnba_projections_20260523.csv,missing_projected_or_actual_value,1,2026-06-21T11:30:44Z
2026-05-23,2026-05-23,Julie Allemand,julie allemand,julie allemand,TOR,POR,rebounds,2.83,/home/ubuntu/EdgeRanked/sports/wnba/outputs/archive/projections/wnba_projections_20260523.csv,missing_projected_or_actual_value,1,2026-06-21T11:30:44Z
2026-05-23,2026-05-23,Julie Allemand,julie allemand,julie allemand,TOR,POR,assists,5.03,/home/ubuntu/EdgeRanked/sports/wnba/outputs/archive/projections/wnba_projections_20260523.csv,missing_projected_or_actual_value,1,2026-06-21T11:30:44Z
2026-05-23,2026-05-23,Julie Allemand,julie allemand,julie allemand,TOR,POR,threes_made,1.27,/home/ubuntu/EdgeRanked/sports/wnba/outputs/archive/projections/wnba_projections_20260523.csv,missing_projected_or_actual_value,1,2026-06-21T11:30:44Z
2026-05-23,2026-05-23,Julie Allemand,julie allemand,julie allemand,TOR,POR,steals,1.68,/home/ubuntu/EdgeRanked/sports/wnba/outputs/archive/projections/wnba_projections_20260523.csv,missing_projected_or_actual_value,1,2026-06-21T11:30:44Z
2026-05-23,2026-05-23,Julie Allemand,julie allemand,julie allemand,TOR,POR,blocks,0.28,/home/ubuntu/EdgeRanked/sports/wnba/outputs/archive/projections/wnba_projections_20260523.csv,missing_projected_or_actual_value,1,2026-06-21T11:30:44Z
2026-05-23,2026-05-23,Karlie Samuelson,karlie samuelson,karlie samuelson,POR,TOR,points,1.78,/home/ubuntu/EdgeRanked/sports/wnba/outputs/archive/projections/wnba_projections_20260523.csv,missing_projected_or_actual_value,1,2026-06-21T11:30:44Z
2026-05-23,2026-05-23,Karlie Samuelson,karlie samuelson,karlie samuelson,POR,TOR,rebounds,0.74,/home/ubuntu/EdgeRanked/sports/wnba/outputs/archive/projections/wnba_projections_20260523.csv,missing_projected_or_actual_value,1,2026-06-21T11:30:44Z
2026-05-23,2026-05-23,Karlie Samuelson,karlie samuelson,karlie samuelson,POR,TOR,assists,0.68,/home/ubuntu/EdgeRanked/sports/wnba/outputs/archive/projections/wnba_projections_20260523.csv,missing_projected_or_actual_value,1,2026-06-21T11:30:44Z
2026-05-23,2026-05-23,Karlie Samuelson,karlie samuelson,karlie samuelson,POR,TOR,threes_made,0.69,/home/ubuntu/EdgeRanked/sports/wnba/outputs/archive/projections/wnba_projections_20260523.csv,missing_projected_or_actual_value,1,2026-06-21T11:30:44Z
2026-05-23,2026-05-23,Karlie Samuelson,karlie samuelson,karlie samuelson,POR,TOR,steals,0.42,/home/ubuntu/EdgeRanked/sports/wnba/outputs/archive/projections/wnba_projections_20260523.csv,missing_projected_or_actual_value,1,2026-06-21T11:30:44Z
2026-05-23,2026-05-23,Karlie Samuelson,karlie samuelson,karlie samuelson,POR,TOR,blocks,0.2,/home/ubuntu/EdgeRanked/sports/wnba/outputs/archive/projections/wnba_projections_20260523.csv,missing_projected_or_actual_value,1,2026-06-21T11:30:44Z
2026-05-23,2026-05-23,Nneka Ogwumike,nneka ogwumike,nneka ogwumike,LAS,LVA,points,16.54,/home/ubuntu/EdgeRanked/sports/wnba/outputs/archive/projections/wnba_projections_20260523.csv,no_safe_player_match,0,2026-06-21T11:30:44Z
2026-05-23,2026-05-23,Nneka Ogwumike,nneka ogwumike,nneka ogwumike,LAS,LVA,rebounds,6.1,/home/ubuntu/EdgeRanked/sports/wnba/outputs/archive/projections/wnba_projections_20260523.csv,no_safe_player_match,0,2026-06-21T11:30:44Z
2026-05-23,2026-05-23,Nneka Ogwumike,nneka ogwumike,nneka ogwumike,LAS,LVA,assists,2.26,/home/ubuntu/EdgeRanked/sports/wnba/outputs/archive/projections/wnba_projections_20260523.csv,no_safe_player_match,0,2026-06-21T11:30:44Z
2026-05-23,2026-05-23,Nneka Ogwumike,nneka ogwumike,nneka ogwumike,LAS,LVA,threes_made,2.04,/home/ubuntu/EdgeRanked/sports/wnba/outputs/archive/projections/wnba_projections_20260523.csv,no_safe_player_match,0,2026-06-21T11:30:44Z
2026-05-23,2026-05-23,Nneka Ogwumike,nneka ogwumike,nneka ogwumike,LAS,LVA,steals,1.31,/home/ubuntu/EdgeRanked/sports/wnba/outputs/archive/projections/wnba_projections_20260523.csv,no_safe_player_match,0,2026-06-21T11:30:44Z
2026-05-23,2026-05-23,Nneka Ogwumike,nneka ogwumike,nneka ogwumike,LAS,LVA,blocks,0.3,/home/ubuntu/EdgeRanked/sports/wnba/outputs/archive/projections/wnba_projections_20260523.csv,no_safe_player_match,0,2026-06-21T11:30:44Z
2026-05-23,2026-05-23,Rickea Jackson,rickea jackson,rickea jackson,CHI,MIN,points,11.42,/home/ubuntu/EdgeRanked/sports/wnba/outputs/archive/projections/wnba_projections_20260523.csv,missing_projected_or_actual_value,1,2026-06-21T11:30:44Z
2026-05-23,2026-05-23,Rickea Jackson,rickea jackson,rickea jackson,CHI,MIN,rebounds,2.22,/home/ubuntu/EdgeRanked/sports/wnba/outputs/archive/projections/wnba_projections_20260523.csv,missing_projected_or_actual_value,1,2026-06-21T11:30:44Z
2026-05-23,2026-05-23,Rickea Jackson,rickea jackson,rickea jackson,CHI,MIN,assists,1.04,/home/ubuntu/EdgeRanked/sports/wnba/outputs/archive/projections/wnba_projections_20260523.csv,missing_projected_or_actual_value,1,2026-06-21T11:30:44Z
2026-05-23,2026-05-23,Rickea Jackson,rickea jackson,rickea jackson,CHI,MIN,threes_made,1.9,/home/ubuntu/EdgeRanked/sports/wnba/outputs/archive/projections/wnba_projections_20260523.csv,missing_projected_or_actual_value,1,2026-06-21T11:30:44Z
2026-05-23,2026-05-23,Rickea Jackson,rickea jackson,rickea jackson,CHI,MIN,steals,0.65,/home/ubuntu/EdgeRanked/sports/wnba/outputs/archive/projections/wnba_projections_20260523.csv,missing_projected_or_actual_value,1,2026-06-21T11:30:44Z
2026-05-23,2026-05-23,Rickea Jackson,rickea jackson,rickea jackson,CHI,MIN,blocks,0.45,/home/ubuntu/EdgeRanked/sports/wnba/outputs/archive/projections/wnba_projections_20260523.csv,missing_projected_or_actual_value,1,2026-06-21T11:30:44Z
2026-05-23,2026-05-23,Temi Fágbénlé,temi fágbénlé,temi fágbénlé,TOR,POR,points,8.9,/home/ubuntu/EdgeRanked/sports/wnba/outputs/archive/projections/wnba_projections_20260523.csv,missing_projected_or_actual_value,1,2026-06-21T11:30:44Z
2026-05-23,2026-05-23,Temi Fágbénlé,temi fágbénlé,temi fágbénlé,TOR,POR,rebounds,4.15,/home/ubuntu/EdgeRanked/sports/wnba/outputs/archive/projections/wnba_projections_20260523.csv,missing_projected_or_actual_value,1,2026-06-21T11:30:44Z
2026-05-23,2026-05-23,Temi Fágbénlé,temi fágbénlé,temi fágbénlé,TOR,POR,assists,1.42,/home/ubuntu/EdgeRanked/sports/wnba/outputs/archive/projections/wnba_projections_20260523.csv,missing_projected_or_actual_value,1,2026-06-21T11:30:44Z
2026-05-23,2026-05-23,Temi Fágbénlé,temi fágbénlé,temi fágbénlé,TOR,POR,threes_made,0.74,/home/ubuntu/EdgeRanked/sports/wnba/outputs/archive/projections/wnba_projections_20260523.csv,missing_projected_or_actual_value,1,2026-06-21T11:30:44Z
2026-05-23,2026-05-23,Temi Fágbénlé,temi fágbénlé,temi fágbénlé,TOR,POR,steals,0.94,/home/ubuntu/EdgeRanked/sports/wnba/outputs/archive/projections/wnba_projections_20260523.csv,missing_projected_or_actual_value,1,2026-06-21T11:30:44Z
2026-05-23,2026-05-23,Temi Fágbénlé,temi fágbénlé,temi fágbénlé,TOR,POR,blocks,0.82,/home/ubuntu/EdgeRanked/sports/wnba/outputs/archive/projections/wnba_projections_20260523.csv,missing_projected_or_actual_value,1,2026-06-21T11:30:44Z
2026-05-24,2026-05-24,Betnijah Laney-Hamilton,betnijah laney-hamilton,betnijah laney-hamilton,NYL,DAL,points,11.94,/home/ubuntu/EdgeRanked/sports/wnba/outputs/archive/projections/wnba_projections_20260524.csv,no_safe_player_match,0,2026-06-21T11:30:44Z
2026-05-24,2026-05-24,Betnijah Laney-Hamilton,betnijah laney-hamilton,betnijah laney-hamilton,NYL,DAL,rebounds,3.65,/home/ubuntu/EdgeRanked/sports/wnba/outputs/archive/projections/wnba_projections_20260524.csv,no_safe_player_match,0,2026-06-21T11:30:44Z
2026-05-24,2026-05-24,Betnijah Laney-Hamilton,betnijah laney-hamilton,betnijah laney-hamilton,NYL,DAL,assists,3.26,/home/ubuntu/EdgeRanked/sports/wnba/outputs/archive/projections/wnba_projections_20260524.csv,no_safe_player_match,0,2026-06-21T11:30:44Z
2026-05-24,2026-05-24,Betnijah Laney-Hamilton,betnijah laney-hamilton,betnijah laney-hamilton,NYL,DAL,threes_made,1.85,/home/ubuntu/EdgeRanked/sports/wnba/outputs/archive/projections/wnba_projections_20260524.csv,no_safe_player_match,0,2026-06-21T11:30:44Z
2026-05-24,2026-05-24,Betnijah Laney-Hamilton,betnijah laney-hamilton,betnijah laney-hamilton,NYL,DAL,steals,0.92,/home/ubuntu/EdgeRanked/sports/wnba/outputs/archive/projections/wnba_projections_20260524.csv,no_safe_player_match,0,2026-06-21T11:30:44Z
2026-05-24,2026-05-24,Betnijah Laney-Hamilton,betnijah laney-hamilton,betnijah laney-hamilton,NYL,DAL,blocks,0.28,/home/ubuntu/EdgeRanked/sports/wnba/outputs/archive/projections/wnba_projections_20260524.csv,no_safe_player_match,0,2026-06-21T11:30:44Z
2026-05-24,2026-05-24,Courtney Vandersloot,courtney vandersloot,courtney vandersloot,NYL,DAL,points,10.1,/home/ubuntu/EdgeRanked/sports/wnba/outputs/archive/projections/wnba_projections_20260524.csv,no_safe_player_match,0,2026-06-21T11:30:44Z
2026-05-24,2026-05-24,Courtney Vandersloot,courtney vandersloot,courtney vandersloot,NYL,DAL,rebounds,2.41,/home/ubuntu/EdgeRanked/sports/wnba/outputs/archive/projections/wnba_projections_20260524.csv,no_safe_player_match,0,2026-06-21T11:30:44Z
2026-05-24,2026-05-24,Courtney Vandersloot,courtney vandersloot,courtney vandersloot,NYL,DAL,assists,5.45,/home/ubuntu/EdgeRanked/sports/wnba/outputs/archive/projections/wnba_projections_20260524.csv,no_safe_player_match,0,2026-06-21T11:30:44Z
2026-05-24,2026-05-24,Courtney Vandersloot,courtney vandersloot,courtney vandersloot,NYL,DAL,threes_made,1.57,/home/ubuntu/EdgeRanked/sports/wnba/outputs/archive/projections/wnba_projections_20260524.csv,no_safe_player_match,0,2026-06-21T11:30:44Z
2026-05-24,2026-05-24,Courtney Vandersloot,courtney vandersloot,courtney vandersloot,NYL,DAL,steals,1.04,/home/ubuntu/EdgeRanked/sports/wnba/outputs/archive/projections/wnba_projections_20260524.csv,no_safe_player_match,0,2026-06-21T11:30:44Z
2026-05-24,2026-05-24,Courtney Vandersloot,courtney vandersloot,courtney vandersloot,NYL,DAL,blocks,0.32,/home/ubuntu/EdgeRanked/sports/wnba/outputs/archive/projections/wnba_projections_20260524.csv,no_safe_player_match,0,2026-06-21T11:30:44Z
2026-05-24,2026-05-24,Dominique Malonga,dominique malonga,dominique malonga,SEA,WAS,points,10.3,/home/ubuntu/EdgeRanked/sports/wnba/outputs/archive/projections/wnba_projections_20260524.csv,missing_projected_or_actual_value,1,2026-06-21T11:30:44Z
2026-05-24,2026-05-24,Dominique Malonga,dominique malonga,dominique malonga,SEA,WAS,rebounds,5.48,/home/ubuntu/EdgeRanked/sports/wnba/outputs/archive/projections/wnba_projections_20260524.csv,missing_projected_or_actual_value,1,2026-06-21T11:30:44Z
2026-05-24,2026-05-24,Dominique Malonga,dominique malonga,dominique malonga,SEA,WAS,assists,1.18,/home/ubuntu/EdgeRanked/sports/wnba/outputs/archive/projections/wnba_projections_20260524.csv,missing_projected_or_actual_value,1,2026-06-21T11:30:44Z
2026-05-24,2026-05-24,Dominique Malonga,dominique malonga,dominique malonga,SEA,WAS,threes_made,0.38,/home/ubuntu/EdgeRanked/sports/wnba/outputs/archive/projections/wnba_projections_20260524.csv,missing_projected_or_actual_value,1,2026-06-21T11:30:44Z
2026-05-24,2026-05-24,Dominique Malonga,dominique malonga,dominique malonga,SEA,WAS,steals,0.87,/home/ubuntu/EdgeRanked/sports/wnba/outputs/archive/projections/wnba_projections_20260524.csv,missing_projected_or_actual_value,1,2026-06-21T11:30:44Z
2026-05-24,2026-05-24,Dominique Malonga,dominique malonga,dominique malonga,SEA,WAS,blocks,1.09,/home/ubuntu/EdgeRanked/sports/wnba/outputs/archive/projections/wnba_projections_20260524.csv,missing_projected_or_actual_value,1,2026-06-21T11:30:44Z
2026-05-25,2026-05-25,Sabrina Ionescu,sabrina ionescu,sabrina ionescu,NYL,POR,points,19.55,/home/ubuntu/EdgeRanked/sports/wnba/outputs/archive/projections/wnba_projections_20260525.csv,no_safe_player_match,0,2026-06-21T11:30:44Z
2026-05-25,2026-05-25,Sabrina Ionescu,sabrina ionescu,sabrina ionescu,NYL,POR,rebounds,5.99,/home/ubuntu/EdgeRanked/sports/wnba/outputs/archive/projections/wnba_projections_20260525.csv,no_safe_player_match,0,2026-06-21T11:30:44Z
2026-05-25,2026-05-25,Sabrina Ionescu,sabrina ionescu,sabrina ionescu,NYL,POR,assists,7.31,/home/ubuntu/EdgeRanked/sports/wnba/outputs/archive/projections/wnba_projections_20260525.csv,no_safe_player_match,0,2026-06-21T11:30:44Z
2026-05-25,2026-05-25,Sabrina Ionescu,sabrina ionescu,sabrina ionescu,NYL,POR,threes_made,2.79,/home/ubuntu/EdgeRanked/sports/wnba/outputs/archive/projections/wnba_projections_20260525.csv,no_safe_player_match,0,2026-06-21T11:30:44Z
2026-05-25,2026-05-25,Sabrina Ionescu,sabrina ionescu,sabrina ionescu,NYL,POR,steals,1.51,/home/ubuntu/EdgeRanked/sports/wnba/outputs/archive/projections/wnba_projections_20260525.csv,no_safe_player_match,0,2026-06-21T11:30:44Z
2026-05-25,2026-05-25,Sabrina Ionescu,sabrina ionescu,sabrina ionescu,NYL,POR,blocks,0.43,/home/ubuntu/EdgeRanked/sports/wnba/outputs/archive/projections/wnba_projections_20260525.csv,no_safe_player_match,0,2026-06-21T11:30:44Z
2026-05-29,2026-05-29,Bridget Carleton,bridget carleton,bridget carleton,POR,ATL,points,7.77,/home/ubuntu/EdgeRanked/sports/wnba/outputs/archive/projections/wnba_projections_20260529.csv,missing_projected_or_actual_value,1,2026-06-21T11:30:44Z
2026-05-29,2026-05-29,Bridget Carleton,bridget carleton,bridget carleton,POR,ATL,rebounds,3.78,/home/ubuntu/EdgeRanked/sports/wnba/outputs/archive/projections/wnba_projections_20260529.csv,missing_projected_or_actual_value,1,2026-06-21T11:30:44Z
2026-05-29,2026-05-29,Bridget Carleton,bridget carleton,bridget carleton,POR,ATL,assists,1.53,/home/ubuntu/EdgeRanked/sports/wnba/outputs/archive/projections/wnba_projections_20260529.csv,missing_projected_or_actual_value,1,2026-06-21T11:30:44Z
2026-05-29,2026-05-29,Bridget Carleton,bridget carleton,bridget carleton,POR,ATL,threes_made,1.72,/home/ubuntu/EdgeRanked/sports/wnba/outputs/archive/projections/wnba_projections_20260529.csv,missing_projected_or_actual_value,1,2026-06-21T11:30:44Z
2026-05-29,2026-05-29,Bridget Carleton,bridget carleton,bridget carleton,POR,ATL,steals,0.74,/home/ubuntu/EdgeRanked/sports/wnba/outputs/archive/projections/wnba_projections_20260529.csv,missing_projected_or_actual_value,1,2026-06-21T11:30:44Z
2026-05-29,2026-05-29,Bridget Carleton,bridget carleton,bridget carleton,POR,ATL,blocks,0.38,/home/ubuntu/EdgeRanked/sports/wnba/outputs/archive/projections/wnba_projections_20260529.csv,missing_projected_or_actual_value,1,2026-06-21T11:30:44Z
2026-05-31,2026-05-31,Alysha Clark,alysha clark,alysha clark,LVA,GSV,points,8.97,/home/ubuntu/EdgeRanked/sports/wnba/outputs/archive/projections/wnba_projections_20260531.csv,no_safe_player_match,0,2026-06-21T11:30:44Z
2026-05-31,2026-05-31,Alysha Clark,alysha clark,alysha clark,LVA,GSV,rebounds,4.65,/home/ubuntu/EdgeRanked/sports/wnba/outputs/archive/projections/wnba_projections_20260531.csv,no_safe_player_match,0,2026-06-21T11:30:44Z
2026-05-31,2026-05-31,Alysha Clark,alysha clark,alysha clark,LVA,GSV,assists,1.87,/home/ubuntu/EdgeRanked/sports/wnba/outputs/archive/projections/wnba_projections_20260531.csv,no_safe_player_match,0,2026-06-21T11:30:44Z
2026-05-31,2026-05-31,Alysha Clark,alysha clark,alysha clark,LVA,GSV,threes_made,1.09,/home/ubuntu/EdgeRanked/sports/wnba/outputs/archive/projections/wnba_projections_20260531.csv,no_safe_player_match,0,2026-06-21T11:30:44Z
2026-05-31,2026-05-31,Alysha Clark,alysha clark,alysha clark,LVA,GSV,steals,0.85,/home/ubuntu/EdgeRanked/sports/wnba/outputs/archive/projections/wnba_projections_20260531.csv,no_safe_player_match,0,2026-06-21T11:30:44Z
2026-05-31,2026-05-31,Alysha Clark,alysha clark,alysha clark,LVA,GSV,blocks,0.38,/home/ubuntu/EdgeRanked/sports/wnba/outputs/archive/projections/wnba_projections_20260531.csv,no_safe_player_match,0,2026-06-21T11:30:44Z
2026-05-31,2026-05-31,Jewell Loyd,jewell loyd,jewell loyd,LVA,GSV,points,9.84,/home/ubuntu/EdgeRanked/sports/wnba/outputs/archive/projections/wnba_projections_20260531.csv,no_safe_player_match,0,2026-06-21T11:30:44Z
2026-05-31,2026-05-31,Jewell Loyd,jewell loyd,jewell loyd,LVA,GSV,rebounds,2.52,/home/ubuntu/EdgeRanked/sports/wnba/outputs/archive/projections/wnba_projections_20260531.csv,no_safe_player_match,0,2026-06-21T11:30:44Z
2026-05-31,2026-05-31,Jewell Loyd,jewell loyd,jewell loyd,LVA,GSV,assists,2.18,/home/ubuntu/EdgeRanked/sports/wnba/outputs/archive/projections/wnba_projections_20260531.csv,no_safe_player_match,0,2026-06-21T11:30:44Z
2026-05-31,2026-05-31,Jewell Loyd,jewell loyd,jewell loyd,LVA,GSV,threes_made,2.21,/home/ubuntu/EdgeRanked/sports/wnba/outputs/archive/projections/wnba_projections_20260531.csv,no_safe_player_match,0,2026-06-21T11:30:44Z
2026-05-31,2026-05-31,Jewell Loyd,jewell loyd,jewell loyd,LVA,GSV,steals,1.49,/home/ubuntu/EdgeRanked/sports/wnba/outputs/archive/projections/wnba_projections_20260531.csv,no_safe_player_match,0,2026-06-21T11:30:44Z
2026-05-31,2026-05-31,Jewell Loyd,jewell loyd,jewell loyd,LVA,GSV,blocks,0.45,/home/ubuntu/EdgeRanked/sports/wnba/outputs/archive/projections/wnba_projections_20260531.csv,no_safe_player_match,0,2026-06-21T11:30:44Z
2026-05-31,2026-05-31,Kelsey Plum,kelsey plum,kelsey plum,LVA,GSV,points,20.54,/home/ubuntu/EdgeRanked/sports/wnba/outputs/archive/projections/wnba_projections_20260531.csv,no_safe_player_match,0,2026-06-21T11:30:44Z
2026-05-31,2026-05-31,Kelsey Plum,kelsey plum,kelsey plum,LVA,GSV,rebounds,3.77,/home/ubuntu/EdgeRanked/sports/wnba/outputs/archive/projections/wnba_projections_20260531.csv,no_safe_player_match,0,2026-06-21T11:30:44Z
2026-05-31,2026-05-31,Kelsey Plum,kelsey plum,kelsey plum,LVA,GSV,assists,4.88,/home/ubuntu/EdgeRanked/sports/wnba/outputs/archive/projections/wnba_projections_20260531.csv,no_safe_player_match,0,2026-06-21T11:30:44Z
2026-05-31,2026-05-31,Kelsey Plum,kelsey plum,kelsey plum,LVA,GSV,threes_made,3.05,/home/ubuntu/EdgeRanked/sports/wnba/outputs/archive/projections/wnba_projections_20260531.csv,no_safe_player_match,0,2026-06-21T11:30:44Z
2026-05-31,2026-05-31,Kelsey Plum,kelsey plum,kelsey plum,LVA,GSV,steals,1.06,/home/ubuntu/EdgeRanked/sports/wnba/outputs/archive/projections/wnba_projections_20260531.csv,no_safe_player_match,0,2026-06-21T11:30:44Z
2026-05-31,2026-05-31,Kelsey Plum,kelsey plum,kelsey plum,LVA,GSV,blocks,0.34,/home/ubuntu/EdgeRanked/sports/wnba/outputs/archive/projections/wnba_projections_20260531.csv,no_safe_player_match,0,2026-06-21T11:30:44Z
2026-06-02,2026-06-02,Chennedy Carter,chennedy carter,chennedy carter,LVA,LAS,points,19.82,/home/ubuntu/EdgeRanked/sports/wnba/outputs/archive/projections/wnba_projections_20260602.csv,no_safe_player_match,0,2026-06-21T11:30:44Z
2026-06-02,2026-06-02,Chennedy Carter,chennedy carter,chennedy carter,LVA,LAS,rebounds,5.27,/home/ubuntu/EdgeRanked/sports/wnba/outputs/archive/projections/wnba_projections_20260602.csv,no_safe_player_match,0,2026-06-21T11:30:44Z
2026-06-02,2026-06-02,Chennedy Carter,chennedy carter,chennedy carter,LVA,LAS,assists,3.99,/home/ubuntu/EdgeRanked/sports/wnba/outputs/archive/projections/wnba_projections_20260602.csv,no_safe_player_match,0,2026-06-21T11:30:44Z
2026-06-02,2026-06-02,Chennedy Carter,chennedy carter,chennedy carter,LVA,LAS,threes_made,0.9,/home/ubuntu/EdgeRanked/sports/wnba/outputs/archive/projections/wnba_projections_20260602.csv,no_safe_player_match,0,2026-06-21T11:30:44Z
2026-06-02,2026-06-02,Chennedy Carter,chennedy carter,chennedy carter,LVA,LAS,steals,1.1,/home/ubuntu/EdgeRanked/sports/wnba/outputs/archive/projections/wnba_projections_20260602.csv,no_safe_player_match,0,2026-06-21T11:30:44Z
2026-06-02,2026-06-02,Chennedy Carter,chennedy carter,chennedy carter,LVA,LAS,blocks,0.36,/home/ubuntu/EdgeRanked/sports/wnba/outputs/archive/projections/wnba_projections_20260602.csv,no_safe_player_match,0,2026-06-21T11:30:44Z
2026-06-06,2026-06-06,Alysha Clark,alysha clark,alysha clark,LVA,GSV,points,9.06,/home/ubuntu/EdgeRanked/sports/wnba/outputs/archive/projections/wnba_projections_20260606.csv,no_safe_player_match,0,2026-06-21T11:30:44Z
2026-06-06,2026-06-06,Alysha Clark,alysha clark,alysha clark,LVA,GSV,rebounds,4.63,/home/ubuntu/EdgeRanked/sports/wnba/outputs/archive/projections/wnba_projections_20260606.csv,no_safe_player_match,0,2026-06-21T11:30:44Z
2026-06-06,2026-06-06,Alysha Clark,alysha clark,alysha clark,LVA,GSV,assists,1.82,/home/ubuntu/EdgeRanked/sports/wnba/outputs/archive/projections/wnba_projections_20260606.csv,no_safe_player_match,0,2026-06-21T11:30:44Z
2026-06-06,2026-06-06,Alysha Clark,alysha clark,alysha clark,LVA,GSV,threes_made,1.02,/home/ubuntu/EdgeRanked/sports/wnba/outputs/archive/projections/wnba_projections_20260606.csv,no_safe_player_match,0,2026-06-21T11:30:44Z
2026-06-06,2026-06-06,Alysha Clark,alysha clark,alysha clark,LVA,GSV,steals,0.97,/home/ubuntu/EdgeRanked/sports/wnba/outputs/archive/projections/wnba_projections_20260606.csv,no_safe_player_match,0,2026-06-21T11:30:44Z
2026-06-06,2026-06-06,Alysha Clark,alysha clark,alysha clark,LVA,GSV,blocks,0.38,/home/ubuntu/EdgeRanked/sports/wnba/outputs/archive/projections/wnba_projections_20260606.csv,no_safe_player_match,0,2026-06-21T11:30:44Z
2026-06-06,2026-06-06,Chennedy Carter,chennedy carter,chennedy carter,LVA,GSV,points,19.5,/home/ubuntu/EdgeRanked/sports/wnba/outputs/archive/projections/wnba_projections_20260606.csv,no_safe_player_match,0,2026-06-21T11:30:44Z
2026-06-06,2026-06-06,Chennedy Carter,chennedy carter,chennedy carter,LVA,GSV,rebounds,5.45,/home/ubuntu/EdgeRanked/sports/wnba/outputs/archive/projections/wnba_projections_20260606.csv,no_safe_player_match,0,2026-06-21T11:30:44Z
2026-06-06,2026-06-06,Chennedy Carter,chennedy carter,chennedy carter,LVA,GSV,assists,3.69,/home/ubuntu/EdgeRanked/sports/wnba/outputs/archive/projections/wnba_projections_20260606.csv,no_safe_player_match,0,2026-06-21T11:30:44Z
2026-06-06,2026-06-06,Chennedy Carter,chennedy carter,chennedy carter,LVA,GSV,threes_made,0.9,/home/ubuntu/EdgeRanked/sports/wnba/outputs/archive/projections/wnba_projections_20260606.csv,no_safe_player_match,0,2026-06-21T11:30:44Z
2026-06-06,2026-06-06,Chennedy Carter,chennedy carter,chennedy carter,LVA,GSV,steals,1.14,/home/ubuntu/EdgeRanked/sports/wnba/outputs/archive/projections/wnba_projections_20260606.csv,no_safe_player_match,0,2026-06-21T11:30:44Z
2026-06-06,2026-06-06,Chennedy Carter,chennedy carter,chennedy carter,LVA,GSV,blocks,0.32,/home/ubuntu/EdgeRanked/sports/wnba/outputs/archive/projections/wnba_projections_20260606.csv,no_safe_player_match,0,2026-06-21T11:30:44Z
2026-06-06,2026-06-06,Courtney Vandersloot,courtney vandersloot,courtney vandersloot,NYL,IND,points,10.12,/home/ubuntu/EdgeRanked/sports/wnba/outputs/archive/projections/wnba_projections_20260606.csv,no_safe_player_match,0,2026-06-21T11:30:44Z
2026-06-06,2026-06-06,Courtney Vandersloot,courtney vandersloot,courtney vandersloot,NYL,IND,rebounds,2.59,/home/ubuntu/EdgeRanked/sports/wnba/outputs/archive/projections/wnba_projections_20260606.csv,no_safe_player_match,0,2026-06-21T11:30:44Z
2026-06-06,2026-06-06,Courtney Vandersloot,courtney vandersloot,courtney vandersloot,NYL,IND,assists,5.22,/home/ubuntu/EdgeRanked/sports/wnba/outputs/archive/projections/wnba_projections_20260606.csv,no_safe_player_match,0,2026-06-21T11:30:44Z
2026-06-06,2026-06-06,Courtney Vandersloot,courtney vandersloot,courtney vandersloot,NYL,IND,threes_made,1.52,/home/ubuntu/EdgeRanked/sports/wnba/outputs/archive/projections/wnba_projections_20260606.csv,no_safe_player_match,0,2026-06-21T11:30:44Z
2026-06-06,2026-06-06,Courtney Vandersloot,courtney vandersloot,courtney vandersloot,NYL,IND,steals,1.11,/home/ubuntu/EdgeRanked/sports/wnba/outputs/archive/projections/wnba_projections_20260606.csv,no_safe_player_match,0,2026-06-21T11:30:44Z
2026-06-06,2026-06-06,Courtney Vandersloot,courtney vandersloot,courtney vandersloot,NYL,IND,blocks,0.3,/home/ubuntu/EdgeRanked/sports/wnba/outputs/archive/projections/wnba_projections_20260606.csv,no_safe_player_match,0,2026-06-21T11:30:44Z
2026-06-06,2026-06-06,Erica Wheeler,erica wheeler,erica wheeler,IND,NYL,points,6.69,/home/ubuntu/EdgeRanked/sports/wnba/outputs/archive/projections/wnba_projections_20260606.csv,no_safe_player_match,0,2026-06-21T11:30:44Z
2026-06-06,2026-06-06,Erica Wheeler,erica wheeler,erica wheeler,IND,NYL,rebounds,2.42,/home/ubuntu/EdgeRanked/sports/wnba/outputs/archive/projections/wnba_projections_20260606.csv,no_safe_player_match,0,2026-06-21T11:30:44Z
2026-06-06,2026-06-06,Erica Wheeler,erica wheeler,erica wheeler,IND,NYL,assists,4.08,/home/ubuntu/EdgeRanked/sports/wnba/outputs/archive/projections/wnba_projections_20260606.csv,no_safe_player_match,0,2026-06-21T11:30:44Z
2026-06-06,2026-06-06,Erica Wheeler,erica wheeler,erica wheeler,IND,NYL,threes_made,1.44,/home/ubuntu/EdgeRanked/sports/wnba/outputs/archive/projections/wnba_projections_20260606.csv,no_safe_player_match,0,2026-06-21T11:30:44Z
2026-06-06,2026-06-06,Erica Wheeler,erica wheeler,erica wheeler,IND,NYL,steals,0.88,/home/ubuntu/EdgeRanked/sports/wnba/outputs/archive/projections/wnba_projections_20260606.csv,no_safe_player_match,0,2026-06-21T11:30:44Z
2026-06-06,2026-06-06,Erica Wheeler,erica wheeler,erica wheeler,IND,NYL,blocks,0.3,/home/ubuntu/EdgeRanked/sports/wnba/outputs/archive/projections/wnba_projections_20260606.csv,no_safe_player_match,0,2026-06-21T11:30:44Z
2026-06-06,2026-06-06,Sabrina Ionescu,sabrina ionescu,sabrina ionescu,NYL,IND,points,20.18,/home/ubuntu/EdgeRanked/sports/wnba/outputs/archive/projections/wnba_projections_20260606.csv,no_safe_player_match,0,2026-06-21T11:30:44Z
2026-06-06,2026-06-06,Sabrina Ionescu,sabrina ionescu,sabrina ionescu,NYL,IND,rebounds,5.99,/home/ubuntu/EdgeRanked/sports/wnba/outputs/archive/projections/wnba_projections_20260606.csv,no_safe_player_match,0,2026-06-21T11:30:44Z
2026-06-06,2026-06-06,Sabrina Ionescu,sabrina ionescu,sabrina ionescu,NYL,IND,assists,7.53,/home/ubuntu/EdgeRanked/sports/wnba/outputs/archive/projections/wnba_projections_20260606.csv,no_safe_player_match,0,2026-06-21T11:30:44Z
2026-06-06,2026-06-06,Sabrina Ionescu,sabrina ionescu,sabrina ionescu,NYL,IND,threes_made,2.82,/home/ubuntu/EdgeRanked/sports/wnba/outputs/archive/projections/wnba_projections_20260606.csv,no_safe_player_match,0,2026-06-21T11:30:44Z
2026-06-06,2026-06-06,Sabrina Ionescu,sabrina ionescu,sabrina ionescu,NYL,IND,steals,1.55,/home/ubuntu/EdgeRanked/sports/wnba/outputs/archive/projections/wnba_projections_20260606.csv,no_safe_player_match,0,2026-06-21T11:30:44Z
2026-06-06,2026-06-06,Sabrina Ionescu,sabrina ionescu,sabrina ionescu,NYL,IND,blocks,0.4,/home/ubuntu/EdgeRanked/sports/wnba/outputs/archive/projections/wnba_projections_20260606.csv,no_safe_player_match,0,2026-06-21T11:30:44Z
2026-06-07,2026-06-07,Aicha Coulibaly,aicha coulibaly,aicha coulibaly,CHI,TOR,points,4.5,/home/ubuntu/EdgeRanked/sports/wnba/outputs/archive/projections/wnba_projections_20260607.csv,no_safe_player_match,0,2026-06-21T11:30:44Z
2026-06-07,2026-06-07,Aicha Coulibaly,aicha coulibaly,aicha coulibaly,CHI,TOR,rebounds,2.0,/home/ubuntu/EdgeRanked/sports/wnba/outputs/archive/projections/wnba_projections_20260607.csv,no_safe_player_match,0,2026-06-21T11:30:44Z
2026-06-07,2026-06-07,Aicha Coulibaly,aicha coulibaly,aicha coulibaly,CHI,TOR,assists,0.98,/home/ubuntu/EdgeRanked/sports/wnba/outputs/archive/projections/wnba_projections_20260607.csv,no_safe_player_match,0,2026-06-21T11:30:44Z
2026-06-07,2026-06-07,Aicha Coulibaly,aicha coulibaly,aicha coulibaly,CHI,TOR,threes_made,0.21,/home/ubuntu/EdgeRanked/sports/wnba/outputs/archive/projections/wnba_projections_20260607.csv,no_safe_player_match,0,2026-06-21T11:30:44Z
2026-06-07,2026-06-07,Aicha Coulibaly,aicha coulibaly,aicha coulibaly,CHI,TOR,steals,0.85,/home/ubuntu/EdgeRanked/sports/wnba/outputs/archive/projections/wnba_projections_20260607.csv,no_safe_player_match,0,2026-06-21T11:30:44Z
2026-06-07,2026-06-07,Aicha Coulibaly,aicha coulibaly,aicha coulibaly,CHI,TOR,blocks,0.19,/home/ubuntu/EdgeRanked/sports/wnba/outputs/archive/projections/wnba_projections_20260607.csv,no_safe_player_match,0,2026-06-21T11:30:44Z
2026-06-07,2026-06-07,Courtney Vandersloot,courtney vandersloot,courtney vandersloot,CHI,TOR,points,11.97,/home/ubuntu/EdgeRanked/sports/wnba/outputs/archive/projections/wnba_projections_20260607.csv,missing_projected_or_actual_value,1,2026-06-21T11:30:44Z
2026-06-07,2026-06-07,Courtney Vandersloot,courtney vandersloot,courtney vandersloot,CHI,TOR,rebounds,3.15,/home/ubuntu/EdgeRanked/sports/wnba/outputs/archive/projections/wnba_projections_20260607.csv,missing_projected_or_actual_value,1,2026-06-21T11:30:44Z
2026-06-07,2026-06-07,Courtney Vandersloot,courtney vandersloot,courtney vandersloot,CHI,TOR,assists,3.78,/home/ubuntu/EdgeRanked/sports/wnba/outputs/archive/projections/wnba_projections_20260607.csv,missing_projected_or_actual_value,1,2026-06-21T11:30:44Z
2026-06-07,2026-06-07,Courtney Vandersloot,courtney vandersloot,courtney vandersloot,CHI,TOR,threes_made,1.34,/home/ubuntu/EdgeRanked/sports/wnba/outputs/archive/projections/wnba_projections_20260607.csv,missing_projected_or_actual_value,1,2026-06-21T11:30:44Z
2026-06-07,2026-06-07,Courtney Vandersloot,courtney vandersloot,courtney vandersloot,CHI,TOR,steals,1.04,/home/ubuntu/EdgeRanked/sports/wnba/outputs/archive/projections/wnba_projections_20260607.csv,missing_projected_or_actual_value,1,2026-06-21T11:30:44Z
2026-06-07,2026-06-07,Courtney Vandersloot,courtney vandersloot,courtney vandersloot,CHI,TOR,blocks,0.42,/home/ubuntu/EdgeRanked/sports/wnba/outputs/archive/projections/wnba_projections_20260607.csv,missing_projected_or_actual_value,1,2026-06-21T11:30:44Z
2026-06-07,2026-06-07,DiJonai Carrington,dijonai carrington,dijonai carrington,CHI,TOR,points,11.65,/home/ubuntu/EdgeRanked/sports/wnba/outputs/archive/projections/wnba_projections_20260607.csv,missing_projected_or_actual_value,1,2026-06-21T11:30:44Z
2026-06-07,2026-06-07,DiJonai Carrington,dijonai carrington,dijonai carrington,CHI,TOR,rebounds,6.4,/home/ubuntu/EdgeRanked/sports/wnba/outputs/archive/projections/wnba_projections_20260607.csv,missing_projected_or_actual_value,1,2026-06-21T11:30:44Z
2026-06-07,2026-06-07,DiJonai Carrington,dijonai carrington,dijonai carrington,CHI,TOR,assists,2.8,/home/ubuntu/EdgeRanked/sports/wnba/outputs/archive/projections/wnba_projections_20260607.csv,missing_projected_or_actual_value,1,2026-06-21T11:30:44Z
2026-06-07,2026-06-07,DiJonai Carrington,dijonai carrington,dijonai carrington,CHI,TOR,threes_made,1.29,/home/ubuntu/EdgeRanked/sports/wnba/outputs/archive/projections/wnba_projections_20260607.csv,missing_projected_or_actual_value,1,2026-06-21T11:30:44Z
2026-06-07,2026-06-07,DiJonai Carrington,dijonai carrington,dijonai carrington,CHI,TOR,steals,1.01,/home/ubuntu/EdgeRanked/sports/wnba/outputs/archive/projections/wnba_projections_20260607.csv,missing_projected_or_actual_value,1,2026-06-21T11:30:44Z
2026-06-07,2026-06-07,DiJonai Carrington,dijonai carrington,dijonai carrington,CHI,TOR,blocks,0.71,/home/ubuntu/EdgeRanked/sports/wnba/outputs/archive/projections/wnba_projections_20260607.csv,missing_projected_or_actual_value,1,2026-06-21T11:30:44Z
2026-06-07,2026-06-07,Emma Cannon,emma cannon,emma cannon,LAS,POR,points,3.35,/home/ubuntu/EdgeRanked/sports/wnba/outputs/archive/projections/wnba_projections_20260607.csv,missing_projected_or_actual_value,1,2026-06-21T11:30:44Z
2026-06-07,2026-06-07,Emma Cannon,emma cannon,emma cannon,LAS,POR,rebounds,0.17,/home/ubuntu/EdgeRanked/sports/wnba/outputs/archive/projections/wnba_projections_20260607.csv,missing_projected_or_actual_value,1,2026-06-21T11:30:44Z
2026-06-07,2026-06-07,Emma Cannon,emma cannon,emma cannon,LAS,POR,assists,0.58,/home/ubuntu/EdgeRanked/sports/wnba/outputs/archive/projections/wnba_projections_20260607.csv,missing_projected_or_actual_value,1,2026-06-21T11:30:44Z
2026-06-07,2026-06-07,Emma Cannon,emma cannon,emma cannon,LAS,POR,threes_made,1.16,/home/ubuntu/EdgeRanked/sports/wnba/outputs/archive/projections/wnba_projections_20260607.csv,missing_projected_or_actual_value,1,2026-06-21T11:30:44Z
2026-06-07,2026-06-07,Emma Cannon,emma cannon,emma cannon,LAS,POR,steals,0.34,/home/ubuntu/EdgeRanked/sports/wnba/outputs/archive/projections/wnba_projections_20260607.csv,missing_projected_or_actual_value,1,2026-06-21T11:30:44Z
2026-06-07,2026-06-07,Emma Cannon,emma cannon,emma cannon,LAS,POR,blocks,0.11,/home/ubuntu/EdgeRanked/sports/wnba/outputs/archive/projections/wnba_projections_20260607.csv,missing_projected_or_actual_value,1,2026-06-21T11:30:44Z
2026-06-07,2026-06-07,Haley Jones,haley jones,haley jones,POR,LAS,points,5.87,/home/ubuntu/EdgeRanked/sports/wnba/outputs/archive/projections/wnba_projections_20260607.csv,no_safe_player_match,0,2026-06-21T11:30:44Z
2026-06-07,2026-06-07,Haley Jones,haley jones,haley jones,POR,LAS,rebounds,3.38,/home/ubuntu/EdgeRanked/sports/wnba/outputs/archive/projections/wnba_projections_20260607.csv,no_safe_player_match,0,2026-06-21T11:30:44Z
2026-06-07,2026-06-07,Haley Jones,haley jones,haley jones,POR,LAS,assists,2.24,/home/ubuntu/EdgeRanked/sports/wnba/outputs/archive/projections/wnba_projections_20260607.csv,no_safe_player_match,0,2026-06-21T11:30:44Z
2026-06-07,2026-06-07,Haley Jones,haley jones,haley jones,POR,LAS,threes_made,0.47,/home/ubuntu/EdgeRanked/sports/wnba/outputs/archive/projections/wnba_projections_20260607.csv,no_safe_player_match,0,2026-06-21T11:30:44Z
2026-06-07,2026-06-07,Haley Jones,haley jones,haley jones,POR,LAS,steals,1.03,/home/ubuntu/EdgeRanked/sports/wnba/outputs/archive/projections/wnba_projections_20260607.csv,no_safe_player_match,0,2026-06-21T11:30:44Z
2026-06-07,2026-06-07,Haley Jones,haley jones,haley jones,POR,LAS,blocks,0.91,/home/ubuntu/EdgeRanked/sports/wnba/outputs/archive/projections/wnba_projections_20260607.csv,no_safe_player_match,0,2026-06-21T11:30:44Z
2026-06-07,2026-06-07,Holly Winterburn,holly winterburn,holly winterburn,POR,LAS,points,2.97,/home/ubuntu/EdgeRanked/sports/wnba/outputs/archive/projections/wnba_projections_20260607.csv,missing_projected_or_actual_value,1,2026-06-21T11:30:44Z
2026-06-07,2026-06-07,Holly Winterburn,holly winterburn,holly winterburn,POR,LAS,rebounds,2.39,/home/ubuntu/EdgeRanked/sports/wnba/outputs/archive/projections/wnba_projections_20260607.csv,missing_projected_or_actual_value,1,2026-06-21T11:30:44Z
2026-06-07,2026-06-07,Holly Winterburn,holly winterburn,holly winterburn,POR,LAS,assists,3.13,/home/ubuntu/EdgeRanked/sports/wnba/outputs/archive/projections/wnba_projections_20260607.csv,missing_projected_or_actual_value,1,2026-06-21T11:30:44Z
2026-06-07,2026-06-07,Holly Winterburn,holly winterburn,holly winterburn,POR,LAS,threes_made,0.2,/home/ubuntu/EdgeRanked/sports/wnba/outputs/archive/projections/wnba_projections_20260607.csv,missing_projected_or_actual_value,1,2026-06-21T11:30:44Z
2026-06-07,2026-06-07,Holly Winterburn,holly winterburn,holly winterburn,POR,LAS,steals,0.86,/home/ubuntu/EdgeRanked/sports/wnba/outputs/archive/projections/wnba_projections_20260607.csv,missing_projected_or_actual_value,1,2026-06-21T11:30:44Z
2026-06-07,2026-06-07,Holly Winterburn,holly winterburn,holly winterburn,POR,LAS,blocks,0.18,/home/ubuntu/EdgeRanked/sports/wnba/outputs/archive/projections/wnba_projections_20260607.csv,missing_projected_or_actual_value,1,2026-06-21T11:30:44Z
2026-06-07,2026-06-07,Jihyun Park,jihyun park,jihyun park,LAS,POR,points,1.51,/home/ubuntu/EdgeRanked/sports/wnba/outputs/archive/projections/wnba_projections_20260607.csv,missing_projected_or_actual_value,1,2026-06-21T11:30:44Z
2026-06-07,2026-06-07,Jihyun Park,jihyun park,jihyun park,LAS,POR,rebounds,1.04,/home/ubuntu/EdgeRanked/sports/wnba/outputs/archive/projections/wnba_projections_20260607.csv,missing_projected_or_actual_value,1,2026-06-21T11:30:44Z
2026-06-07,2026-06-07,Jihyun Park,jihyun park,jihyun park,LAS,POR,assists,0.99,/home/ubuntu/EdgeRanked/sports/wnba/outputs/archive/projections/wnba_projections_20260607.csv,missing_projected_or_actual_value,1,2026-06-21T11:30:44Z
2026-06-07,2026-06-07,Jihyun Park,jihyun park,jihyun park,LAS,POR,threes_made,0.19,/home/ubuntu/EdgeRanked/sports/wnba/outputs/archive/projections/wnba_projections_20260607.csv,missing_projected_or_actual_value,1,2026-06-21T11:30:44Z
2026-06-07,2026-06-07,Jihyun Park,jihyun park,jihyun park,LAS,POR,steals,0.66,/home/ubuntu/EdgeRanked/sports/wnba/outputs/archive/projections/wnba_projections_20260607.csv,missing_projected_or_actual_value,1,2026-06-21T11:30:44Z
2026-06-07,2026-06-07,Jihyun Park,jihyun park,jihyun park,LAS,POR,blocks,0.12,/home/ubuntu/EdgeRanked/sports/wnba/outputs/archive/projections/wnba_projections_20260607.csv,missing_projected_or_actual_value,1,2026-06-21T11:30:44Z
2026-06-07,2026-06-07,Jordan Harrison,jordan harrison,jordan harrison,POR,LAS,points,3.54,/home/ubuntu/EdgeRanked/sports/wnba/outputs/archive/projections/wnba_projections_20260607.csv,missing_projected_or_actual_value,1,2026-06-21T11:30:44Z
2026-06-07,2026-06-07,Jordan Harrison,jordan harrison,jordan harrison,POR,LAS,rebounds,1.17,/home/ubuntu/EdgeRanked/sports/wnba/outputs/archive/projections/wnba_projections_20260607.csv,missing_projected_or_actual_value,1,2026-06-21T11:30:44Z
2026-06-07,2026-06-07,Jordan Harrison,jordan harrison,jordan harrison,POR,LAS,assists,2.95,/home/ubuntu/EdgeRanked/sports/wnba/outputs/archive/projections/wnba_projections_20260607.csv,missing_projected_or_actual_value,1,2026-06-21T11:30:44Z
2026-06-07,2026-06-07,Jordan Harrison,jordan harrison,jordan harrison,POR,LAS,threes_made,0.14,/home/ubuntu/EdgeRanked/sports/wnba/outputs/archive/projections/wnba_projections_20260607.csv,missing_projected_or_actual_value,1,2026-06-21T11:30:44Z
2026-06-07,2026-06-07,Jordan Harrison,jordan harrison,jordan harrison,POR,LAS,steals,0.53,/home/ubuntu/EdgeRanked/sports/wnba/outputs/archive/projections/wnba_projections_20260607.csv,missing_projected_or_actual_value,1,2026-06-21T11:30:44Z
2026-06-07,2026-06-07,Jordan Harrison,jordan harrison,jordan harrison,POR,LAS,blocks,0.24,/home/ubuntu/EdgeRanked/sports/wnba/outputs/archive/projections/wnba_projections_20260607.csv,missing_projected_or_actual_value,1,2026-06-21T11:30:44Z
2026-06-07,2026-06-07,Kamiah Smalls,kamiah smalls,kamiah smalls,POR,LAS,points,6.79,/home/ubuntu/EdgeRanked/sports/wnba/outputs/archive/projections/wnba_projections_20260607.csv,no_safe_player_match,0,2026-06-21T11:30:44Z
2026-06-07,2026-06-07,Kamiah Smalls,kamiah smalls,kamiah smalls,POR,LAS,rebounds,0.29,/home/ubuntu/EdgeRanked/sports/wnba/outputs/archive/projections/wnba_projections_20260607.csv,no_safe_player_match,0,2026-06-21T11:30:44Z
2026-06-07,2026-06-07,Kamiah Smalls,kamiah smalls,kamiah smalls,POR,LAS,assists,2.61,/home/ubuntu/EdgeRanked/sports/wnba/outputs/archive/projections/wnba_projections_20260607.csv,no_safe_player_match,0,2026-06-21T11:30:44Z
2026-06-07,2026-06-07,Kamiah Smalls,kamiah smalls,kamiah smalls,POR,LAS,threes_made,1.94,/home/ubuntu/EdgeRanked/sports/wnba/outputs/archive/projections/wnba_projections_20260607.csv,no_safe_player_match,0,2026-06-21T11:30:44Z
2026-06-07,2026-06-07,Kamiah Smalls,kamiah smalls,kamiah smalls,POR,LAS,steals,0.61,/home/ubuntu/EdgeRanked/sports/wnba/outputs/archive/projections/wnba_projections_20260607.csv,no_safe_player_match,0,2026-06-21T11:30:44Z
2026-06-07,2026-06-07,Kamiah Smalls,kamiah smalls,kamiah smalls,POR,LAS,blocks,0.19,/home/ubuntu/EdgeRanked/sports/wnba/outputs/archive/projections/wnba_projections_20260607.csv,no_safe_player_match,0,2026-06-21T11:30:44Z
2026-06-07,2026-06-07,Kiki Rice,kiki rice,kiki rice,TOR,CHI,points,11.34,/home/ubuntu/EdgeRanked/sports/wnba/outputs/archive/projections/wnba_projections_20260607.csv,missing_projected_or_actual_value,1,2026-06-21T11:30:44Z
2026-06-07,2026-06-07,Kiki Rice,kiki rice,kiki rice,TOR,CHI,rebounds,4.33,/home/ubuntu/EdgeRanked/sports/wnba/outputs/archive/projections/wnba_projections_20260607.csv,missing_projected_or_actual_value,1,2026-06-21T11:30:44Z
2026-06-07,2026-06-07,Kiki Rice,kiki rice,kiki rice,TOR,CHI,assists,3.14,/home/ubuntu/EdgeRanked/sports/wnba/outputs/archive/projections/wnba_projections_20260607.csv,missing_projected_or_actual_value,1,2026-06-21T11:30:44Z
2026-06-07,2026-06-07,Kiki Rice,kiki rice,kiki rice,TOR,CHI,threes_made,0.89,/home/ubuntu/EdgeRanked/sports/wnba/outputs/archive/projections/wnba_projections_20260607.csv,missing_projected_or_actual_value,1,2026-06-21T11:30:44Z
2026-06-07,2026-06-07,Kiki Rice,kiki rice,kiki rice,TOR,CHI,steals,1.45,/home/ubuntu/EdgeRanked/sports/wnba/outputs/archive/projections/wnba_projections_20260607.csv,missing_projected_or_actual_value,1,2026-06-21T11:30:44Z
2026-06-07,2026-06-07,Kiki Rice,kiki rice,kiki rice,TOR,CHI,blocks,0.31,/home/ubuntu/EdgeRanked/sports/wnba/outputs/archive/projections/wnba_projections_20260607.csv,missing_projected_or_actual_value,1,2026-06-21T11:30:44Z
2026-06-07,2026-06-07,Mariella Fasoula,mariella fasoula,mariella fasoula,TOR,CHI,points,2.32,/home/ubuntu/EdgeRanked/sports/wnba/outputs/archive/projections/wnba_projections_20260607.csv,no_safe_player_match,0,2026-06-21T11:30:44Z
2026-06-07,2026-06-07,Mariella Fasoula,mariella fasoula,mariella fasoula,TOR,CHI,rebounds,1.41,/home/ubuntu/EdgeRanked/sports/wnba/outputs/archive/projections/wnba_projections_20260607.csv,no_safe_player_match,0,2026-06-21T11:30:44Z
2026-06-07,2026-06-07,Mariella Fasoula,mariella fasoula,mariella fasoula,TOR,CHI,assists,0.93,/home/ubuntu/EdgeRanked/sports/wnba/outputs/archive/projections/wnba_projections_20260607.csv,no_safe_player_match,0,2026-06-21T11:30:44Z
2026-06-07,2026-06-07,Mariella Fasoula,mariella fasoula,mariella fasoula,TOR,CHI,threes_made,0.14,/home/ubuntu/EdgeRanked/sports/wnba/outputs/archive/projections/wnba_projections_20260607.csv,no_safe_player_match,0,2026-06-21T11:30:44Z
2026-06-07,2026-06-07,Mariella Fasoula,mariella fasoula,mariella fasoula,TOR,CHI,steals,0.81,/home/ubuntu/EdgeRanked/sports/wnba/outputs/archive/projections/wnba_projections_20260607.csv,no_safe_player_match,0,2026-06-21T11:30:44Z
2026-06-07,2026-06-07,Mariella Fasoula,mariella fasoula,mariella fasoula,TOR,CHI,blocks,1.25,/home/ubuntu/EdgeRanked/sports/wnba/outputs/archive/projections/wnba_projections_20260607.csv,no_safe_player_match,0,2026-06-21T11:30:44Z
2026-06-07,2026-06-07,Nikolina Milic,nikolina milic,nikolina milic,TOR,CHI,points,2.58,/home/ubuntu/EdgeRanked/sports/wnba/outputs/archive/projections/wnba_projections_20260607.csv,no_safe_player_match,0,2026-06-21T11:30:44Z
2026-06-07,2026-06-07,Nikolina Milic,nikolina milic,nikolina milic,TOR,CHI,rebounds,1.62,/home/ubuntu/EdgeRanked/sports/wnba/outputs/archive/projections/wnba_projections_20260607.csv,no_safe_player_match,0,2026-06-21T11:30:44Z
2026-06-07,2026-06-07,Nikolina Milic,nikolina milic,nikolina milic,TOR,CHI,assists,0.65,/home/ubuntu/EdgeRanked/sports/wnba/outputs/archive/projections/wnba_projections_20260607.csv,no_safe_player_match,0,2026-06-21T11:30:44Z
2026-06-07,2026-06-07,Nikolina Milic,nikolina milic,nikolina milic,TOR,CHI,threes_made,0.13,/home/ubuntu/EdgeRanked/sports/wnba/outputs/archive/projections/wnba_projections_20260607.csv,no_safe_player_match,0,2026-06-21T11:30:44Z
2026-06-07,2026-06-07,Nikolina Milic,nikolina milic,nikolina milic,TOR,CHI,steals,0.34,/home/ubuntu/EdgeRanked/sports/wnba/outputs/archive/projections/wnba_projections_20260607.csv,no_safe_player_match,0,2026-06-21T11:30:44Z
2026-06-07,2026-06-07,Nikolina Milic,nikolina milic,nikolina milic,TOR,CHI,blocks,0.21,/home/ubuntu/EdgeRanked/sports/wnba/outputs/archive/projections/wnba_projections_20260607.csv,no_safe_player_match,0,2026-06-21T11:30:44Z
2026-06-07,2026-06-07,Rickea Jackson,rickea jackson,rickea jackson,CHI,TOR,points,14.04,/home/ubuntu/EdgeRanked/sports/wnba/outputs/archive/projections/wnba_projections_20260607.csv,missing_projected_or_actual_value,1,2026-06-21T11:30:44Z
2026-06-07,2026-06-07,Rickea Jackson,rickea jackson,rickea jackson,CHI,TOR,rebounds,4.27,/home/ubuntu/EdgeRanked/sports/wnba/outputs/archive/projections/wnba_projections_20260607.csv,missing_projected_or_actual_value,1,2026-06-21T11:30:44Z
2026-06-07,2026-06-07,Rickea Jackson,rickea jackson,rickea jackson,CHI,TOR,assists,1.81,/home/ubuntu/EdgeRanked/sports/wnba/outputs/archive/projections/wnba_projections_20260607.csv,missing_projected_or_actual_value,1,2026-06-21T11:30:44Z
2026-06-07,2026-06-07,Rickea Jackson,rickea jackson,rickea jackson,CHI,TOR,threes_made,1.49,/home/ubuntu/EdgeRanked/sports/wnba/outputs/archive/projections/wnba_projections_20260607.csv,missing_projected_or_actual_value,1,2026-06-21T11:30:44Z
2026-06-07,2026-06-07,Rickea Jackson,rickea jackson,rickea jackson,CHI,TOR,steals,0.55,/home/ubuntu/EdgeRanked/sports/wnba/outputs/archive/projections/wnba_projections_20260607.csv,missing_projected_or_actual_value,1,2026-06-21T11:30:44Z
2026-06-07,2026-06-07,Rickea Jackson,rickea jackson,rickea jackson,CHI,TOR,blocks,1.38,/home/ubuntu/EdgeRanked/sports/wnba/outputs/archive/projections/wnba_projections_20260607.csv,missing_projected_or_actual_value,1,2026-06-21T11:30:44Z
2026-06-07,2026-06-07,Sania Feagin,sania feagin,sania feagin,LAS,POR,points,0.27,/home/ubuntu/EdgeRanked/sports/wnba/outputs/archive/projections/wnba_projections_20260607.csv,missing_projected_or_actual_value,1,2026-06-21T11:30:44Z
2026-06-07,2026-06-07,Sania Feagin,sania feagin,sania feagin,LAS,POR,rebounds,0.52,/home/ubuntu/EdgeRanked/sports/wnba/outputs/archive/projections/wnba_projections_20260607.csv,missing_projected_or_actual_value,1,2026-06-21T11:30:44Z
2026-06-07,2026-06-07,Sania Feagin,sania feagin,sania feagin,LAS,POR,assists,0.22,/home/ubuntu/EdgeRanked/sports/wnba/outputs/archive/projections/wnba_projections_20260607.csv,missing_projected_or_actual_value,1,2026-06-21T11:30:44Z
2026-06-07,2026-06-07,Sania Feagin,sania feagin,sania feagin,LAS,POR,threes_made,0.13,/home/ubuntu/EdgeRanked/sports/wnba/outputs/archive/projections/wnba_projections_20260607.csv,missing_projected_or_actual_value,1,2026-06-21T11:30:44Z
2026-06-07,2026-06-07,Sania Feagin,sania feagin,sania feagin,LAS,POR,steals,0.33,/home/ubuntu/EdgeRanked/sports/wnba/outputs/archive/projections/wnba_projections_20260607.csv,missing_projected_or_actual_value,1,2026-06-21T11:30:44Z
2026-06-07,2026-06-07,Sania Feagin,sania feagin,sania feagin,LAS,POR,blocks,0.19,/home/ubuntu/EdgeRanked/sports/wnba/outputs/archive/projections/wnba_projections_20260607.csv,missing_projected_or_actual_value,1,2026-06-21T11:30:44Z
2026-06-07,2026-06-07,Serah Williams,serah williams,serah williams,POR,LAS,points,3.5,/home/ubuntu/EdgeRanked/sports/wnba/outputs/archive/projections/wnba_projections_20260607.csv,no_safe_player_match,0,2026-06-21T11:30:44Z
2026-06-07,2026-06-07,Serah Williams,serah williams,serah williams,POR,LAS,rebounds,3.44,/home/ubuntu/EdgeRanked/sports/wnba/outputs/archive/projections/wnba_projections_20260607.csv,no_safe_player_match,0,2026-06-21T11:30:44Z
2026-06-07,2026-06-07,Serah Williams,serah williams,serah williams,POR,LAS,assists,0.71,/home/ubuntu/EdgeRanked/sports/wnba/outputs/archive/projections/wnba_projections_20260607.csv,no_safe_player_match,0,2026-06-21T11:30:44Z
2026-06-07,2026-06-07,Serah Williams,serah williams,serah williams,POR,LAS,threes_made,0.22,/home/ubuntu/EdgeRanked/sports/wnba/outputs/archive/projections/wnba_projections_20260607.csv,no_safe_player_match,0,2026-06-21T11:30:44Z
2026-06-07,2026-06-07,Serah Williams,serah williams,serah williams,POR,LAS,steals,0.7,/home/ubuntu/EdgeRanked/sports/wnba/outputs/archive/projections/wnba_projections_20260607.csv,no_safe_player_match,0,2026-06-21T11:30:44Z
2026-06-07,2026-06-07,Serah Williams,serah williams,serah williams,POR,LAS,blocks,0.59,/home/ubuntu/EdgeRanked/sports/wnba/outputs/archive/projections/wnba_projections_20260607.csv,no_safe_player_match,0,2026-06-21T11:30:44Z
2026-06-07,2026-06-07,Sug Sutton,sug sutton,sug sutton,POR,LAS,points,10.07,/home/ubuntu/EdgeRanked/sports/wnba/outputs/archive/projections/wnba_projections_20260607.csv,no_safe_player_match,0,2026-06-21T11:30:44Z
2026-06-07,2026-06-07,Sug Sutton,sug sutton,sug sutton,POR,LAS,rebounds,2.4,/home/ubuntu/EdgeRanked/sports/wnba/outputs/archive/projections/wnba_projections_20260607.csv,no_safe_player_match,0,2026-06-21T11:30:44Z
2026-06-07,2026-06-07,Sug Sutton,sug sutton,sug sutton,POR,LAS,assists,5.82,/home/ubuntu/EdgeRanked/sports/wnba/outputs/archive/projections/wnba_projections_20260607.csv,no_safe_player_match,0,2026-06-21T11:30:44Z
2026-06-07,2026-06-07,Sug Sutton,sug sutton,sug sutton,POR,LAS,threes_made,1.06,/home/ubuntu/EdgeRanked/sports/wnba/outputs/archive/projections/wnba_projections_20260607.csv,no_safe_player_match,0,2026-06-21T11:30:44Z
2026-06-07,2026-06-07,Sug Sutton,sug sutton,sug sutton,POR,LAS,steals,1.08,/home/ubuntu/EdgeRanked/sports/wnba/outputs/archive/projections/wnba_projections_20260607.csv,no_safe_player_match,0,2026-06-21T11:30:44Z
2026-06-07,2026-06-07,Sug Sutton,sug sutton,sug sutton,POR,LAS,blocks,0.22,/home/ubuntu/EdgeRanked/sports/wnba/outputs/archive/projections/wnba_projections_20260607.csv,no_safe_player_match,0,2026-06-21T11:30:44Z
2026-06-07,2026-06-07,Ta'Niya Latson,ta'niya latson,ta'niya latson,LAS,POR,points,2.42,/home/ubuntu/EdgeRanked/sports/wnba/outputs/archive/projections/wnba_projections_20260607.csv,missing_projected_or_actual_value,1,2026-06-21T11:30:44Z
2026-06-07,2026-06-07,Ta'Niya Latson,ta'niya latson,ta'niya latson,LAS,POR,rebounds,1.21,/home/ubuntu/EdgeRanked/sports/wnba/outputs/archive/projections/wnba_projections_20260607.csv,missing_projected_or_actual_value,1,2026-06-21T11:30:44Z
2026-06-07,2026-06-07,Ta'Niya Latson,ta'niya latson,ta'niya latson,LAS,POR,assists,0.55,/home/ubuntu/EdgeRanked/sports/wnba/outputs/archive/projections/wnba_projections_20260607.csv,missing_projected_or_actual_value,1,2026-06-21T11:30:44Z
2026-06-07,2026-06-07,Ta'Niya Latson,ta'niya latson,ta'niya latson,LAS,POR,threes_made,0.35,/home/ubuntu/EdgeRanked/sports/wnba/outputs/archive/projections/wnba_projections_20260607.csv,missing_projected_or_actual_value,1,2026-06-21T11:30:44Z
2026-06-07,2026-06-07,Ta'Niya Latson,ta'niya latson,ta'niya latson,LAS,POR,steals,0.42,/home/ubuntu/EdgeRanked/sports/wnba/outputs/archive/projections/wnba_projections_20260607.csv,missing_projected_or_actual_value,1,2026-06-21T11:30:44Z
2026-06-07,2026-06-07,Ta'Niya Latson,ta'niya latson,ta'niya latson,LAS,POR,blocks,0.14,/home/ubuntu/EdgeRanked/sports/wnba/outputs/archive/projections/wnba_projections_20260607.csv,missing_projected_or_actual_value,1,2026-06-21T11:30:44Z
2026-06-07,2026-06-07,Temi Fagbenle,temi fagbenle,temi fagbenle,TOR,CHI,points,2.46,/home/ubuntu/EdgeRanked/sports/wnba/outputs/archive/projections/wnba_projections_20260607.csv,missing_projected_or_actual_value,1,2026-06-21T11:30:44Z
2026-06-07,2026-06-07,Temi Fagbenle,temi fagbenle,temi fagbenle,TOR,CHI,rebounds,1.52,/home/ubuntu/EdgeRanked/sports/wnba/outputs/archive/projections/wnba_projections_20260607.csv,missing_projected_or_actual_value,1,2026-06-21T11:30:44Z
2026-06-07,2026-06-07,Temi Fagbenle,temi fagbenle,temi fagbenle,TOR,CHI,assists,1.47,/home/ubuntu/EdgeRanked/sports/wnba/outputs/archive/projections/wnba_projections_20260607.csv,missing_projected_or_actual_value,1,2026-06-21T11:30:44Z
2026-06-07,2026-06-07,Temi Fagbenle,temi fagbenle,temi fagbenle,TOR,CHI,threes_made,0.22,/home/ubuntu/EdgeRanked/sports/wnba/outputs/archive/projections/wnba_projections_20260607.csv,missing_projected_or_actual_value,1,2026-06-21T11:30:44Z
2026-06-07,2026-06-07,Temi Fagbenle,temi fagbenle,temi fagbenle,TOR,CHI,steals,0.87,/home/ubuntu/EdgeRanked/sports/wnba/outputs/archive/projections/wnba_projections_20260607.csv,missing_projected_or_actual_value,1,2026-06-21T11:30:44Z
2026-06-07,2026-06-07,Temi Fagbenle,temi fagbenle,temi fagbenle,TOR,CHI,blocks,0.22,/home/ubuntu/EdgeRanked/sports/wnba/outputs/archive/projections/wnba_projections_20260607.csv,missing_projected_or_actual_value,1,2026-06-21T11:30:44Z
2026-06-08,2026-06-08,Alex Fowler,alex fowler,alex fowler,NYL,CON,points,8.55,/home/ubuntu/EdgeRanked/sports/wnba/outputs/archive/projections/wnba_projections_20260608.csv,no_safe_player_match,0,2026-06-21T11:30:44Z
2026-06-08,2026-06-08,Alex Fowler,alex fowler,alex fowler,NYL,CON,rebounds,1.05,/home/ubuntu/EdgeRanked/sports/wnba/outputs/archive/projections/wnba_projections_20260608.csv,no_safe_player_match,0,2026-06-21T11:30:44Z
2026-06-08,2026-06-08,Alex Fowler,alex fowler,alex fowler,NYL,CON,assists,1.14,/home/ubuntu/EdgeRanked/sports/wnba/outputs/archive/projections/wnba_projections_20260608.csv,no_safe_player_match,0,2026-06-21T11:30:44Z
2026-06-08,2026-06-08,Alex Fowler,alex fowler,alex fowler,NYL,CON,threes_made,1.48,/home/ubuntu/EdgeRanked/sports/wnba/outputs/archive/projections/wnba_projections_20260608.csv,no_safe_player_match,0,2026-06-21T11:30:44Z
2026-06-08,2026-06-08,Alex Fowler,alex fowler,alex fowler,NYL,CON,steals,0.36,/home/ubuntu/EdgeRanked/sports/wnba/outputs/archive/projections/wnba_projections_20260608.csv,no_safe_player_match,0,2026-06-21T11:30:44Z
2026-06-08,2026-06-08,Alex Fowler,alex fowler,alex fowler,NYL,CON,blocks,0.17,/home/ubuntu/EdgeRanked/sports/wnba/outputs/archive/projections/wnba_projections_20260608.csv,no_safe_player_match,0,2026-06-21T11:30:44Z
2026-06-08,2026-06-08,Alex Wilson,alex wilson,alex wilson,WAS,IND,points,3.16,/home/ubuntu/EdgeRanked/sports/wnba/outputs/archive/projections/wnba_projections_20260608.csv,no_safe_player_match,0,2026-06-21T11:30:44Z
2026-06-08,2026-06-08,Alex Wilson,alex wilson,alex wilson,WAS,IND,rebounds,1.91,/home/ubuntu/EdgeRanked/sports/wnba/outputs/archive/projections/wnba_projections_20260608.csv,no_safe_player_match,0,2026-06-21T11:30:44Z
2026-06-08,2026-06-08,Alex Wilson,alex wilson,alex wilson,WAS,IND,assists,0.88,/home/ubuntu/EdgeRanked/sports/wnba/outputs/archive/projections/wnba_projections_20260608.csv,no_safe_player_match,0,2026-06-21T11:30:44Z
2026-06-08,2026-06-08,Alex Wilson,alex wilson,alex wilson,WAS,IND,threes_made,0.67,/home/ubuntu/EdgeRanked/sports/wnba/outputs/archive/projections/wnba_projections_20260608.csv,no_safe_player_match,0,2026-06-21T11:30:44Z
2026-06-08,2026-06-08,Alex Wilson,alex wilson,alex wilson,WAS,IND,steals,0.34,/home/ubuntu/EdgeRanked/sports/wnba/outputs/archive/projections/wnba_projections_20260608.csv,no_safe_player_match,0,2026-06-21T11:30:44Z
2026-06-08,2026-06-08,Alex Wilson,alex wilson,alex wilson,WAS,IND,blocks,0.4,/home/ubuntu/EdgeRanked/sports/wnba/outputs/archive/projections/wnba_projections_20260608.csv,no_safe_player_match,0,2026-06-21T11:30:44Z
2026-06-08,2026-06-08,Alicia Florez Getino,alicia florez getino,alicia florez getino,WAS,IND,points,7.27,/home/ubuntu/EdgeRanked/sports/wnba/outputs/archive/projections/wnba_projections_20260608.csv,no_safe_player_match,0,2026-06-21T11:30:44Z
2026-06-08,2026-06-08,Alicia Florez Getino,alicia florez getino,alicia florez getino,WAS,IND,rebounds,2.48,/home/ubuntu/EdgeRanked/sports/wnba/outputs/archive/projections/wnba_projections_20260608.csv,no_safe_player_match,0,2026-06-21T11:30:44Z
2026-06-08,2026-06-08,Alicia Florez Getino,alicia florez getino,alicia florez getino,WAS,IND,assists,4.08,/home/ubuntu/EdgeRanked/sports/wnba/outputs/archive/projections/wnba_projections_20260608.csv,no_safe_player_match,0,2026-06-21T11:30:44Z
2026-06-08,2026-06-08,Alicia Florez Getino,alicia florez getino,alicia florez getino,WAS,IND,threes_made,0.51,/home/ubuntu/EdgeRanked/sports/wnba/outputs/archive/projections/wnba_projections_20260608.csv,no_safe_player_match,0,2026-06-21T11:30:44Z
2026-06-08,2026-06-08,Alicia Florez Getino,alicia florez getino,alicia florez getino,WAS,IND,steals,1.0,/home/ubuntu/EdgeRanked/sports/wnba/outputs/archive/projections/wnba_projections_20260608.csv,no_safe_player_match,0,2026-06-21T11:30:44Z
2026-06-08,2026-06-08,Alicia Florez Getino,alicia florez getino,alicia florez getino,WAS,IND,blocks,0.25,/home/ubuntu/EdgeRanked/sports/wnba/outputs/archive/projections/wnba_projections_20260608.csv,no_safe_player_match,0,2026-06-21T11:30:44Z
2026-06-08,2026-06-08,Aneesah Morrow,aneesah morrow,aneesah morrow,CON,NYL,points,13.0,/home/ubuntu/EdgeRanked/sports/wnba/outputs/archive/projections/wnba_projections_20260608.csv,missing_projected_or_actual_value,1,2026-06-21T11:30:44Z
2026-06-08,2026-06-08,Aneesah Morrow,aneesah morrow,aneesah morrow,CON,NYL,rebounds,10.18,/home/ubuntu/EdgeRanked/sports/wnba/outputs/archive/projections/wnba_projections_20260608.csv,missing_projected_or_actual_value,1,2026-06-21T11:30:44Z
2026-06-08,2026-06-08,Aneesah Morrow,aneesah morrow,aneesah morrow,CON,NYL,assists,1.86,/home/ubuntu/EdgeRanked/sports/wnba/outputs/archive/projections/wnba_projections_20260608.csv,missing_projected_or_actual_value,1,2026-06-21T11:30:44Z
2026-06-08,2026-06-08,Aneesah Morrow,aneesah morrow,aneesah morrow,CON,NYL,threes_made,1.04,/home/ubuntu/EdgeRanked/sports/wnba/outputs/archive/projections/wnba_projections_20260608.csv,missing_projected_or_actual_value,1,2026-06-21T11:30:44Z
2026-06-08,2026-06-08,Aneesah Morrow,aneesah morrow,aneesah morrow,CON,NYL,steals,1.05,/home/ubuntu/EdgeRanked/sports/wnba/outputs/archive/projections/wnba_projections_20260608.csv,missing_projected_or_actual_value,1,2026-06-21T11:30:44Z
2026-06-08,2026-06-08,Aneesah Morrow,aneesah morrow,aneesah morrow,CON,NYL,blocks,0.83,/home/ubuntu/EdgeRanked/sports/wnba/outputs/archive/projections/wnba_projections_20260608.csv,missing_projected_or_actual_value,1,2026-06-21T11:30:44Z
2026-06-08,2026-06-08,Anneli Maley,anneli maley,anneli maley,NYL,CON,points,1.67,/home/ubuntu/EdgeRanked/sports/wnba/outputs/archive/projections/wnba_projections_20260608.csv,missing_projected_or_actual_value,1,2026-06-21T11:30:44Z
2026-06-08,2026-06-08,Anneli Maley,anneli maley,anneli maley,NYL,CON,rebounds,2.99,/home/ubuntu/EdgeRanked/sports/wnba/outputs/archive/projections/wnba_projections_20260608.csv,missing_projected_or_actual_value,1,2026-06-21T11:30:44Z
2026-06-08,2026-06-08,Anneli Maley,anneli maley,anneli maley,NYL,CON,assists,0.47,/home/ubuntu/EdgeRanked/sports/wnba/outputs/archive/projections/wnba_projections_20260608.csv,missing_projected_or_actual_value,1,2026-06-21T11:30:44Z
2026-06-08,2026-06-08,Anneli Maley,anneli maley,anneli maley,NYL,CON,threes_made,0.36,/home/ubuntu/EdgeRanked/sports/wnba/outputs/archive/projections/wnba_projections_20260608.csv,missing_projected_or_actual_value,1,2026-06-21T11:30:44Z
2026-06-08,2026-06-08,Anneli Maley,anneli maley,anneli maley,NYL,CON,steals,0.63,/home/ubuntu/EdgeRanked/sports/wnba/outputs/archive/projections/wnba_projections_20260608.csv,missing_projected_or_actual_value,1,2026-06-21T11:30:44Z
2026-06-08,2026-06-08,Anneli Maley,anneli maley,anneli maley,NYL,CON,blocks,0.26,/home/ubuntu/EdgeRanked/sports/wnba/outputs/archive/projections/wnba_projections_20260608.csv,missing_projected_or_actual_value,1,2026-06-21T11:30:44Z
2026-06-08,2026-06-08,Ashlon Jackson,ashlon jackson,ashlon jackson,CON,NYL,points,2.01,/home/ubuntu/EdgeRanked/sports/wnba/outputs/archive/projections/wnba_projections_20260608.csv,missing_projected_or_actual_value,1,2026-06-21T11:30:44Z
2026-06-08,2026-06-08,Ashlon Jackson,ashlon jackson,ashlon jackson,CON,NYL,rebounds,0.63,/home/ubuntu/EdgeRanked/sports/wnba/outputs/archive/projections/wnba_projections_20260608.csv,missing_projected_or_actual_value,1,2026-06-21T11:30:44Z
2026-06-08,2026-06-08,Ashlon Jackson,ashlon jackson,ashlon jackson,CON,NYL,assists,1.17,/home/ubuntu/EdgeRanked/sports/wnba/outputs/archive/projections/wnba_projections_20260608.csv,missing_projected_or_actual_value,1,2026-06-21T11:30:44Z
2026-06-08,2026-06-08,Ashlon Jackson,ashlon jackson,ashlon jackson,CON,NYL,threes_made,0.58,/home/ubuntu/EdgeRanked/sports/wnba/outputs/archive/projections/wnba_projections_20260608.csv,missing_projected_or_actual_value,1,2026-06-21T11:30:44Z
2026-06-08,2026-06-08,Ashlon Jackson,ashlon jackson,ashlon jackson,CON,NYL,steals,1.0,/home/ubuntu/EdgeRanked/sports/wnba/outputs/archive/projections/wnba_projections_20260608.csv,missing_projected_or_actual_value,1,2026-06-21T11:30:44Z
2026-06-08,2026-06-08,Ashlon Jackson,ashlon jackson,ashlon jackson,CON,NYL,blocks,0.17,/home/ubuntu/EdgeRanked/sports/wnba/outputs/archive/projections/wnba_projections_20260608.csv,missing_projected_or_actual_value,1,2026-06-21T11:30:44Z
2026-06-08,2026-06-08,Aubrey Griffin,aubrey griffin,aubrey griffin,NYL,CON,points,1.86,/home/ubuntu/EdgeRanked/sports/wnba/outputs/archive/projections/wnba_projections_20260608.csv,no_safe_player_match,0,2026-06-21T11:30:44Z
2026-06-08,2026-06-08,Aubrey Griffin,aubrey griffin,aubrey griffin,NYL,CON,rebounds,0.49,/home/ubuntu/EdgeRanked/sports/wnba/outputs/archive/projections/wnba_projections_20260608.csv,no_safe_player_match,0,2026-06-21T11:30:44Z
2026-06-08,2026-06-08,Aubrey Griffin,aubrey griffin,aubrey griffin,NYL,CON,assists,0.14,/home/ubuntu/EdgeRanked/sports/wnba/outputs/archive/projections/wnba_projections_20260608.csv,no_safe_player_match,0,2026-06-21T11:30:44Z
2026-06-08,2026-06-08,Aubrey Griffin,aubrey griffin,aubrey griffin,NYL,CON,threes_made,0.19,/home/ubuntu/EdgeRanked/sports/wnba/outputs/archive/projections/wnba_projections_20260608.csv,no_safe_player_match,0,2026-06-21T11:30:44Z
2026-06-08,2026-06-08,Aubrey Griffin,aubrey griffin,aubrey griffin,NYL,CON,steals,0.19,/home/ubuntu/EdgeRanked/sports/wnba/outputs/archive/projections/wnba_projections_20260608.csv,no_safe_player_match,0,2026-06-21T11:30:44Z
2026-06-08,2026-06-08,Aubrey Griffin,aubrey griffin,aubrey griffin,NYL,CON,blocks,0.11,/home/ubuntu/EdgeRanked/sports/wnba/outputs/archive/projections/wnba_projections_20260608.csv,no_safe_player_match,0,2026-06-21T11:30:44Z
2026-06-08,2026-06-08,Bree Hall,bree hall,bree hall,IND,WAS,points,5.78,/home/ubuntu/EdgeRanked/sports/wnba/outputs/archive/projections/wnba_projections_20260608.csv,no_safe_player_match,0,2026-06-21T11:30:44Z
2026-06-08,2026-06-08,Bree Hall,bree hall,bree hall,IND,WAS,rebounds,3.1,/home/ubuntu/EdgeRanked/sports/wnba/outputs/archive/projections/wnba_projections_20260608.csv,no_safe_player_match,0,2026-06-21T11:30:44Z
2026-06-08,2026-06-08,Bree Hall,bree hall,bree hall,IND,WAS,assists,2.13,/home/ubuntu/EdgeRanked/sports/wnba/outputs/archive/projections/wnba_projections_20260608.csv,no_safe_player_match,0,2026-06-21T11:30:44Z
2026-06-08,2026-06-08,Bree Hall,bree hall,bree hall,IND,WAS,threes_made,0.62,/home/ubuntu/EdgeRanked/sports/wnba/outputs/archive/projections/wnba_projections_20260608.csv,no_safe_player_match,0,2026-06-21T11:30:44Z
2026-06-08,2026-06-08,Bree Hall,bree hall,bree hall,IND,WAS,steals,0.93,/home/ubuntu/EdgeRanked/sports/wnba/outputs/archive/projections/wnba_projections_20260608.csv,no_safe_player_match,0,2026-06-21T11:30:44Z
2026-06-08,2026-06-08,Bree Hall,bree hall,bree hall,IND,WAS,blocks,0.37,/home/ubuntu/EdgeRanked/sports/wnba/outputs/archive/projections/wnba_projections_20260608.csv,no_safe_player_match,0,2026-06-21T11:30:44Z
2026-06-08,2026-06-08,Brittney Griner,brittney griner,brittney griner,CON,NYL,points,12.3,/home/ubuntu/EdgeRanked/sports/wnba/outputs/archive/projections/wnba_projections_20260608.csv,missing_projected_or_actual_value,1,2026-06-21T11:30:44Z
2026-06-08,2026-06-08,Brittney Griner,brittney griner,brittney griner,CON,NYL,rebounds,4.79,/home/ubuntu/EdgeRanked/sports/wnba/outputs/archive/projections/wnba_projections_20260608.csv,missing_projected_or_actual_value,1,2026-06-21T11:30:44Z
2026-06-08,2026-06-08,Brittney Griner,brittney griner,brittney griner,CON,NYL,assists,2.47,/home/ubuntu/EdgeRanked/sports/wnba/outputs/archive/projections/wnba_projections_20260608.csv,missing_projected_or_actual_value,1,2026-06-21T11:30:44Z
2026-06-08,2026-06-08,Brittney Griner,brittney griner,brittney griner,CON,NYL,threes_made,0.32,/home/ubuntu/EdgeRanked/sports/wnba/outputs/archive/projections/wnba_projections_20260608.csv,missing_projected_or_actual_value,1,2026-06-21T11:30:44Z
2026-06-08,2026-06-08,Brittney Griner,brittney griner,brittney griner,CON,NYL,steals,1.17,/home/ubuntu/EdgeRanked/sports/wnba/outputs/archive/projections/wnba_projections_20260608.csv,missing_projected_or_actual_value,1,2026-06-21T11:30:44Z
2026-06-08,2026-06-08,Brittney Griner,brittney griner,brittney griner,CON,NYL,blocks,1.42,/home/ubuntu/EdgeRanked/sports/wnba/outputs/archive/projections/wnba_projections_20260608.csv,missing_projected_or_actual_value,1,2026-06-21T11:30:44Z
2026-06-08,2026-06-08,Chennedy Carter,chennedy carter,chennedy carter,LVA,SEA,points,10.95,/home/ubuntu/EdgeRanked/sports/wnba/outputs/archive/projections/wnba_projections_20260608.csv,no_safe_player_match,0,2026-06-21T11:30:44Z
2026-06-08,2026-06-08,Chennedy Carter,chennedy carter,chennedy carter,LVA,SEA,rebounds,2.1,/home/ubuntu/EdgeRanked/sports/wnba/outputs/archive/projections/wnba_projections_20260608.csv,no_safe_player_match,0,2026-06-21T11:30:44Z
2026-06-08,2026-06-08,Chennedy Carter,chennedy carter,chennedy carter,LVA,SEA,assists,1.47,/home/ubuntu/EdgeRanked/sports/wnba/outputs/archive/projections/wnba_projections_20260608.csv,no_safe_player_match,0,2026-06-21T11:30:44Z
2026-06-08,2026-06-08,Chennedy Carter,chennedy carter,chennedy carter,LVA,SEA,threes_made,0.87,/home/ubuntu/EdgeRanked/sports/wnba/outputs/archive/projections/wnba_projections_20260608.csv,no_safe_player_match,0,2026-06-21T11:30:44Z
2026-06-08,2026-06-08,Chennedy Carter,chennedy carter,chennedy carter,LVA,SEA,steals,0.8,/home/ubuntu/EdgeRanked/sports/wnba/outputs/archive/projections/wnba_projections_20260608.csv,no_safe_player_match,0,2026-06-21T11:30:44Z
2026-06-08,2026-06-08,Chennedy Carter,chennedy carter,chennedy carter,LVA,SEA,blocks,0.31,/home/ubuntu/EdgeRanked/sports/wnba/outputs/archive/projections/wnba_projections_20260608.csv,no_safe_player_match,0,2026-06-21T11:30:44Z
2026-06-08,2026-06-08,Dana Evans,dana evans,dana evans,LVA,SEA,points,7.2,/home/ubuntu/EdgeRanked/sports/wnba/outputs/archive/projections/wnba_projections_20260608.csv,no_safe_player_match,0,2026-06-21T11:30:44Z
2026-06-08,2026-06-08,Dana Evans,dana evans,dana evans,LVA,SEA,rebounds,2.87,/home/ubuntu/EdgeRanked/sports/wnba/outputs/archive/projections/wnba_projections_20260608.csv,no_safe_player_match,0,2026-06-21T11:30:44Z
2026-06-08,2026-06-08,Dana Evans,dana evans,dana evans,LVA,SEA,assists,1.47,/home/ubuntu/EdgeRanked/sports/wnba/outputs/archive/projections/wnba_projections_20260608.csv,no_safe_player_match,0,2026-06-21T11:30:44Z
2026-06-08,2026-06-08,Dana Evans,dana evans,dana evans,LVA,SEA,threes_made,0.77,/home/ubuntu/EdgeRanked/sports/wnba/outputs/archive/projections/wnba_projections_20260608.csv,no_safe_player_match,0,2026-06-21T11:30:44Z
2026-06-08,2026-06-08,Dana Evans,dana evans,dana evans,LVA,SEA,steals,0.75,/home/ubuntu/EdgeRanked/sports/wnba/outputs/archive/projections/wnba_projections_20260608.csv,no_safe_player_match,0,2026-06-21T11:30:44Z
2026-06-08,2026-06-08,Dana Evans,dana evans,dana evans,LVA,SEA,blocks,0.39,/home/ubuntu/EdgeRanked/sports/wnba/outputs/archive/projections/wnba_projections_20260608.csv,no_safe_player_match,0,2026-06-21T11:30:44Z
2026-06-08,2026-06-08,Darianna Littlepage-Buggs,darianna littlepage-buggs,darianna littlepage-buggs,WAS,IND,points,7.48,/home/ubuntu/EdgeRanked/sports/wnba/outputs/archive/projections/wnba_projections_20260608.csv,no_safe_player_match,0,2026-06-21T11:30:44Z
2026-06-08,2026-06-08,Darianna Littlepage-Buggs,darianna littlepage-buggs,darianna littlepage-buggs,WAS,IND,rebounds,3.19,/home/ubuntu/EdgeRanked/sports/wnba/outputs/archive/projections/wnba_projections_20260608.csv,no_safe_player_match,0,2026-06-21T11:30:44Z
2026-06-08,2026-06-08,Darianna Littlepage-Buggs,darianna littlepage-buggs,darianna littlepage-buggs,WAS,IND,assists,1.72,/home/ubuntu/EdgeRanked/sports/wnba/outputs/archive/projections/wnba_projections_20260608.csv,no_safe_player_match,0,2026-06-21T11:30:44Z
2026-06-08,2026-06-08,Darianna Littlepage-Buggs,darianna littlepage-buggs,darianna littlepage-buggs,WAS,IND,threes_made,0.73,/home/ubuntu/EdgeRanked/sports/wnba/outputs/archive/projections/wnba_projections_20260608.csv,no_safe_player_match,0,2026-06-21T11:30:44Z
2026-06-08,2026-06-08,Darianna Littlepage-Buggs,darianna littlepage-buggs,darianna littlepage-buggs,WAS,IND,steals,0.71,/home/ubuntu/EdgeRanked/sports/wnba/outputs/archive/projections/wnba_projections_20260608.csv,no_safe_player_match,0,2026-06-21T11:30:44Z
2026-06-08,2026-06-08,Darianna Littlepage-Buggs,darianna littlepage-buggs,darianna littlepage-buggs,WAS,IND,blocks,0.46,/home/ubuntu/EdgeRanked/sports/wnba/outputs/archive/projections/wnba_projections_20260608.csv,no_safe_player_match,0,2026-06-21T11:30:44Z
2026-06-08,2026-06-08,Ezi Magbegor,ezi magbegor,ezi magbegor,SEA,LVA,points,6.16,/home/ubuntu/EdgeRanked/sports/wnba/outputs/archive/projections/wnba_projections_20260608.csv,missing_projected_or_actual_value,1,2026-06-21T11:30:44Z
2026-06-08,2026-06-08,Ezi Magbegor,ezi magbegor,ezi magbegor,SEA,LVA,rebounds,2.93,/home/ubuntu/EdgeRanked/sports/wnba/outputs/archive/projections/wnba_projections_20260608.csv,missing_projected_or_actual_value,1,2026-06-21T11:30:44Z
2026-06-08,2026-06-08,Ezi Magbegor,ezi magbegor,ezi magbegor,SEA,LVA,assists,1.67,/home/ubuntu/EdgeRanked/sports/wnba/outputs/archive/projections/wnba_projections_20260608.csv,missing_projected_or_actual_value,1,2026-06-21T11:30:44Z
2026-06-08,2026-06-08,Ezi Magbegor,ezi magbegor,ezi magbegor,SEA,LVA,threes_made,0.62,/home/ubuntu/EdgeRanked/sports/wnba/outputs/archive/projections/wnba_projections_20260608.csv,missing_projected_or_actual_value,1,2026-06-21T11:30:44Z
2026-06-08,2026-06-08,Ezi Magbegor,ezi magbegor,ezi magbegor,SEA,LVA,steals,0.74,/home/ubuntu/EdgeRanked/sports/wnba/outputs/archive/projections/wnba_projections_20260608.csv,missing_projected_or_actual_value,1,2026-06-21T11:30:44Z
2026-06-08,2026-06-08,Ezi Magbegor,ezi magbegor,ezi magbegor,SEA,LVA,blocks,0.35,/home/ubuntu/EdgeRanked/sports/wnba/outputs/archive/projections/wnba_projections_20260608.csv,missing_projected_or_actual_value,1,2026-06-21T11:30:44Z
2026-06-08,2026-06-08,Grace VanSlooten,grace vanslooten,grace vanslooten,IND,WAS,points,2.47,/home/ubuntu/EdgeRanked/sports/wnba/outputs/archive/projections/wnba_projections_20260608.csv,missing_projected_or_actual_value,1,2026-06-21T11:30:44Z
2026-06-08,2026-06-08,Grace VanSlooten,grace vanslooten,grace vanslooten,IND,WAS,rebounds,1.25,/home/ubuntu/EdgeRanked/sports/wnba/outputs/archive/projections/wnba_projections_20260608.csv,missing_projected_or_actual_value,1,2026-06-21T11:30:44Z
2026-06-08,2026-06-08,Grace VanSlooten,grace vanslooten,grace vanslooten,IND,WAS,assists,1.19,/home/ubuntu/EdgeRanked/sports/wnba/outputs/archive/projections/wnba_projections_20260608.csv,missing_projected_or_actual_value,1,2026-06-21T11:30:44Z
2026-06-08,2026-06-08,Grace VanSlooten,grace vanslooten,grace vanslooten,IND,WAS,threes_made,0.4,/home/ubuntu/EdgeRanked/sports/wnba/outputs/archive/projections/wnba_projections_20260608.csv,missing_projected_or_actual_value,1,2026-06-21T11:30:44Z
2026-06-08,2026-06-08,Grace VanSlooten,grace vanslooten,grace vanslooten,IND,WAS,steals,0.75,/home/ubuntu/EdgeRanked/sports/wnba/outputs/archive/projections/wnba_projections_20260608.csv,missing_projected_or_actual_value,1,2026-06-21T11:30:44Z
2026-06-08,2026-06-08,Grace VanSlooten,grace vanslooten,grace vanslooten,IND,WAS,blocks,0.5,/home/ubuntu/EdgeRanked/sports/wnba/outputs/archive/projections/wnba_projections_20260608.csv,missing_projected_or_actual_value,1,2026-06-21T11:30:44Z
2026-06-08,2026-06-08,Hailey Van Lith,hailey van lith,hailey van lith,CON,NYL,points,4.44,/home/ubuntu/EdgeRanked/sports/wnba/outputs/archive/projections/wnba_projections_20260608.csv,missing_projected_or_actual_value,1,2026-06-21T11:30:44Z
2026-06-08,2026-06-08,Hailey Van Lith,hailey van lith,hailey van lith,CON,NYL,rebounds,0.81,/home/ubuntu/EdgeRanked/sports/wnba/outputs/archive/projections/wnba_projections_20260608.csv,missing_projected_or_actual_value,1,2026-06-21T11:30:44Z
2026-06-08,2026-06-08,Hailey Van Lith,hailey van lith,hailey van lith,CON,NYL,assists,1.64,/home/ubuntu/EdgeRanked/sports/wnba/outputs/archive/projections/wnba_projections_20260608.csv,missing_projected_or_actual_value,1,2026-06-21T11:30:44Z
2026-06-08,2026-06-08,Hailey Van Lith,hailey van lith,hailey van lith,CON,NYL,threes_made,0.61,/home/ubuntu/EdgeRanked/sports/wnba/outputs/archive/projections/wnba_projections_20260608.csv,missing_projected_or_actual_value,1,2026-06-21T11:30:44Z
2026-06-08,2026-06-08,Hailey Van Lith,hailey van lith,hailey van lith,CON,NYL,steals,0.53,/home/ubuntu/EdgeRanked/sports/wnba/outputs/archive/projections/wnba_projections_20260608.csv,missing_projected_or_actual_value,1,2026-06-21T11:30:44Z
2026-06-08,2026-06-08,Hailey Van Lith,hailey van lith,hailey van lith,CON,NYL,blocks,0.3,/home/ubuntu/EdgeRanked/sports/wnba/outputs/archive/projections/wnba_projections_20260608.csv,missing_projected_or_actual_value,1,2026-06-21T11:30:44Z
2026-06-08,2026-06-08,Janiah Barker,janiah barker,janiah barker,LVA,SEA,points,6.88,/home/ubuntu/EdgeRanked/sports/wnba/outputs/archive/projections/wnba_projections_20260608.csv,missing_projected_or_actual_value,1,2026-06-21T11:30:44Z
2026-06-08,2026-06-08,Janiah Barker,janiah barker,janiah barker,LVA,SEA,rebounds,2.85,/home/ubuntu/EdgeRanked/sports/wnba/outputs/archive/projections/wnba_projections_20260608.csv,missing_projected_or_actual_value,1,2026-06-21T11:30:44Z
2026-06-08,2026-06-08,Janiah Barker,janiah barker,janiah barker,LVA,SEA,assists,1.47,/home/ubuntu/EdgeRanked/sports/wnba/outputs/archive/projections/wnba_projections_20260608.csv,missing_projected_or_actual_value,1,2026-06-21T11:30:44Z
2026-06-08,2026-06-08,Janiah Barker,janiah barker,janiah barker,LVA,SEA,threes_made,0.67,/home/ubuntu/EdgeRanked/sports/wnba/outputs/archive/projections/wnba_projections_20260608.csv,missing_projected_or_actual_value,1,2026-06-21T11:30:44Z
2026-06-08,2026-06-08,Janiah Barker,janiah barker,janiah barker,LVA,SEA,steals,0.73,/home/ubuntu/EdgeRanked/sports/wnba/outputs/archive/projections/wnba_projections_20260608.csv,missing_projected_or_actual_value,1,2026-06-21T11:30:44Z
2026-06-08,2026-06-08,Janiah Barker,janiah barker,janiah barker,LVA,SEA,blocks,0.38,/home/ubuntu/EdgeRanked/sports/wnba/outputs/archive/projections/wnba_projections_20260608.csv,missing_projected_or_actual_value,1,2026-06-21T11:30:44Z
2026-06-08,2026-06-08,Jonquel Jones,jonquel jones,jonquel jones,NYL,CON,points,12.64,/home/ubuntu/EdgeRanked/sports/wnba/outputs/archive/projections/wnba_projections_20260608.csv,missing_projected_or_actual_value,1,2026-06-21T11:30:44Z
2026-06-08,2026-06-08,Jonquel Jones,jonquel jones,jonquel jones,NYL,CON,rebounds,9.23,/home/ubuntu/EdgeRanked/sports/wnba/outputs/archive/projections/wnba_projections_20260608.csv,missing_projected_or_actual_value,1,2026-06-21T11:30:44Z
2026-06-08,2026-06-08,Jonquel Jones,jonquel jones,jonquel jones,NYL,CON,assists,2.56,/home/ubuntu/EdgeRanked/sports/wnba/outputs/archive/projections/wnba_projections_20260608.csv,missing_projected_or_actual_value,1,2026-06-21T11:30:44Z
2026-06-08,2026-06-08,Jonquel Jones,jonquel jones,jonquel jones,NYL,CON,threes_made,1.46,/home/ubuntu/EdgeRanked/sports/wnba/outputs/archive/projections/wnba_projections_20260608.csv,missing_projected_or_actual_value,1,2026-06-21T11:30:44Z
2026-06-08,2026-06-08,Jonquel Jones,jonquel jones,jonquel jones,NYL,CON,steals,0.78,/home/ubuntu/EdgeRanked/sports/wnba/outputs/archive/projections/wnba_projections_20260608.csv,missing_projected_or_actual_value,1,2026-06-21T11:30:44Z
2026-06-08,2026-06-08,Jonquel Jones,jonquel jones,jonquel jones,NYL,CON,blocks,1.28,/home/ubuntu/EdgeRanked/sports/wnba/outputs/archive/projections/wnba_projections_20260608.csv,missing_projected_or_actual_value,1,2026-06-21T11:30:44Z
2026-06-08,2026-06-08,Joyner Holmes,joyner holmes,joyner holmes,SEA,LVA,points,2.93,/home/ubuntu/EdgeRanked/sports/wnba/outputs/archive/projections/wnba_projections_20260608.csv,no_safe_player_match,0,2026-06-21T11:30:44Z
2026-06-08,2026-06-08,Joyner Holmes,joyner holmes,joyner holmes,SEA,LVA,rebounds,4.86,/home/ubuntu/EdgeRanked/sports/wnba/outputs/archive/projections/wnba_projections_20260608.csv,no_safe_player_match,0,2026-06-21T11:30:44Z
2026-06-08,2026-06-08,Joyner Holmes,joyner holmes,joyner holmes,SEA,LVA,assists,1.02,/home/ubuntu/EdgeRanked/sports/wnba/outputs/archive/projections/wnba_projections_20260608.csv,no_safe_player_match,0,2026-06-21T11:30:44Z
2026-06-08,2026-06-08,Joyner Holmes,joyner holmes,joyner holmes,SEA,LVA,threes_made,0.15,/home/ubuntu/EdgeRanked/sports/wnba/outputs/archive/projections/wnba_projections_20260608.csv,no_safe_player_match,0,2026-06-21T11:30:44Z
2026-06-08,2026-06-08,Joyner Holmes,joyner holmes,joyner holmes,SEA,LVA,steals,0.37,/home/ubuntu/EdgeRanked/sports/wnba/outputs/archive/projections/wnba_projections_20260608.csv,no_safe_player_match,0,2026-06-21T11:30:44Z
2026-06-08,2026-06-08,Joyner Holmes,joyner holmes,joyner holmes,SEA,LVA,blocks,2.37,/home/ubuntu/EdgeRanked/sports/wnba/outputs/archive/projections/wnba_projections_20260608.csv,no_safe_player_match,0,2026-06-21T11:30:44Z
2026-06-08,2026-06-08,Julie Vanloo,julie vanloo,julie vanloo,NYL,CON,points,5.56,/home/ubuntu/EdgeRanked/sports/wnba/outputs/archive/projections/wnba_projections_20260608.csv,no_safe_player_match,0,2026-06-21T11:30:44Z
2026-06-08,2026-06-08,Julie Vanloo,julie vanloo,julie vanloo,NYL,CON,rebounds,2.45,/home/ubuntu/EdgeRanked/sports/wnba/outputs/archive/projections/wnba_projections_20260608.csv,no_safe_player_match,0,2026-06-21T11:30:44Z
2026-06-08,2026-06-08,Julie Vanloo,julie vanloo,julie vanloo,NYL,CON,assists,4.47,/home/ubuntu/EdgeRanked/sports/wnba/outputs/archive/projections/wnba_projections_20260608.csv,no_safe_player_match,0,2026-06-21T11:30:44Z
2026-06-08,2026-06-08,Julie Vanloo,julie vanloo,julie vanloo,NYL,CON,threes_made,1.43,/home/ubuntu/EdgeRanked/sports/wnba/outputs/archive/projections/wnba_projections_20260608.csv,no_safe_player_match,0,2026-06-21T11:30:44Z
2026-06-08,2026-06-08,Julie Vanloo,julie vanloo,julie vanloo,NYL,CON,steals,0.73,/home/ubuntu/EdgeRanked/sports/wnba/outputs/archive/projections/wnba_projections_20260608.csv,no_safe_player_match,0,2026-06-21T11:30:44Z
2026-06-08,2026-06-08,Julie Vanloo,julie vanloo,julie vanloo,NYL,CON,blocks,0.19,/home/ubuntu/EdgeRanked/sports/wnba/outputs/archive/projections/wnba_projections_20260608.csv,no_safe_player_match,0,2026-06-21T11:30:44Z
2026-06-08,2026-06-08,Justine Pissott,justine pissott,justine pissott,IND,WAS,points,5.79,/home/ubuntu/EdgeRanked/sports/wnba/outputs/archive/projections/wnba_projections_20260608.csv,no_safe_player_match,0,2026-06-21T11:30:44Z
2026-06-08,2026-06-08,Justine Pissott,justine pissott,justine pissott,IND,WAS,rebounds,3.09,/home/ubuntu/EdgeRanked/sports/wnba/outputs/archive/projections/wnba_projections_20260608.csv,no_safe_player_match,0,2026-06-21T11:30:44Z
2026-06-08,2026-06-08,Justine Pissott,justine pissott,justine pissott,IND,WAS,assists,2.13,/home/ubuntu/EdgeRanked/sports/wnba/outputs/archive/projections/wnba_projections_20260608.csv,no_safe_player_match,0,2026-06-21T11:30:44Z
2026-06-08,2026-06-08,Justine Pissott,justine pissott,justine pissott,IND,WAS,threes_made,0.63,/home/ubuntu/EdgeRanked/sports/wnba/outputs/archive/projections/wnba_projections_20260608.csv,no_safe_player_match,0,2026-06-21T11:30:44Z
2026-06-08,2026-06-08,Justine Pissott,justine pissott,justine pissott,IND,WAS,steals,0.93,/home/ubuntu/EdgeRanked/sports/wnba/outputs/archive/projections/wnba_projections_20260608.csv,no_safe_player_match,0,2026-06-21T11:30:44Z
2026-06-08,2026-06-08,Justine Pissott,justine pissott,justine pissott,IND,WAS,blocks,0.37,/home/ubuntu/EdgeRanked/sports/wnba/outputs/archive/projections/wnba_projections_20260608.csv,no_safe_player_match,0,2026-06-21T11:30:44Z
2026-06-08,2026-06-08,Lexie Brown,lexie brown,lexie brown,SEA,LVA,points,3.41,/home/ubuntu/EdgeRanked/sports/wnba/outputs/archive/projections/wnba_projections_20260608.csv,no_safe_player_match,0,2026-06-21T11:30:44Z
2026-06-08,2026-06-08,Lexie Brown,lexie brown,lexie brown,SEA,LVA,rebounds,1.35,/home/ubuntu/EdgeRanked/sports/wnba/outputs/archive/projections/wnba_projections_20260608.csv,no_safe_player_match,0,2026-06-21T11:30:44Z
2026-06-08,2026-06-08,Lexie Brown,lexie brown,lexie brown,SEA,LVA,assists,0.72,/home/ubuntu/EdgeRanked/sports/wnba/outputs/archive/projections/wnba_projections_20260608.csv,no_safe_player_match,0,2026-06-21T11:30:44Z
2026-06-08,2026-06-08,Lexie Brown,lexie brown,lexie brown,SEA,LVA,threes_made,1.05,/home/ubuntu/EdgeRanked/sports/wnba/outputs/archive/projections/wnba_projections_20260608.csv,no_safe_player_match,0,2026-06-21T11:30:44Z
2026-06-08,2026-06-08,Lexie Brown,lexie brown,lexie brown,SEA,LVA,steals,0.68,/home/ubuntu/EdgeRanked/sports/wnba/outputs/archive/projections/wnba_projections_20260608.csv,no_safe_player_match,0,2026-06-21T11:30:44Z
2026-06-08,2026-06-08,Lexie Brown,lexie brown,lexie brown,SEA,LVA,blocks,0.21,/home/ubuntu/EdgeRanked/sports/wnba/outputs/archive/projections/wnba_projections_20260608.csv,no_safe_player_match,0,2026-06-21T11:30:44Z
2026-06-08,2026-06-08,Lucy Olsen,lucy olsen,lucy olsen,WAS,IND,points,3.78,/home/ubuntu/EdgeRanked/sports/wnba/outputs/archive/projections/wnba_projections_20260608.csv,missing_projected_or_actual_value,1,2026-06-21T11:30:44Z
2026-06-08,2026-06-08,Lucy Olsen,lucy olsen,lucy olsen,WAS,IND,rebounds,1.1,/home/ubuntu/EdgeRanked/sports/wnba/outputs/archive/projections/wnba_projections_20260608.csv,missing_projected_or_actual_value,1,2026-06-21T11:30:44Z
2026-06-08,2026-06-08,Lucy Olsen,lucy olsen,lucy olsen,WAS,IND,assists,1.93,/home/ubuntu/EdgeRanked/sports/wnba/outputs/archive/projections/wnba_projections_20260608.csv,missing_projected_or_actual_value,1,2026-06-21T11:30:44Z
2026-06-08,2026-06-08,Lucy Olsen,lucy olsen,lucy olsen,WAS,IND,threes_made,0.49,/home/ubuntu/EdgeRanked/sports/wnba/outputs/archive/projections/wnba_projections_20260608.csv,missing_projected_or_actual_value,1,2026-06-21T11:30:44Z
2026-06-08,2026-06-08,Lucy Olsen,lucy olsen,lucy olsen,WAS,IND,steals,0.25,/home/ubuntu/EdgeRanked/sports/wnba/outputs/archive/projections/wnba_projections_20260608.csv,missing_projected_or_actual_value,1,2026-06-21T11:30:44Z
2026-06-08,2026-06-08,Lucy Olsen,lucy olsen,lucy olsen,WAS,IND,blocks,0.16,/home/ubuntu/EdgeRanked/sports/wnba/outputs/archive/projections/wnba_projections_20260608.csv,missing_projected_or_actual_value,1,2026-06-21T11:30:44Z
2026-06-08,2026-06-08,Rebecca Allen,rebecca allen,rebecca allen,NYL,CON,points,2.64,/home/ubuntu/EdgeRanked/sports/wnba/outputs/archive/projections/wnba_projections_20260608.csv,missing_projected_or_actual_value,1,2026-06-21T11:30:44Z
2026-06-08,2026-06-08,Rebecca Allen,rebecca allen,rebecca allen,NYL,CON,rebounds,1.97,/home/ubuntu/EdgeRanked/sports/wnba/outputs/archive/projections/wnba_projections_20260608.csv,missing_projected_or_actual_value,1,2026-06-21T11:30:44Z
2026-06-08,2026-06-08,Rebecca Allen,rebecca allen,rebecca allen,NYL,CON,assists,0.97,/home/ubuntu/EdgeRanked/sports/wnba/outputs/archive/projections/wnba_projections_20260608.csv,missing_projected_or_actual_value,1,2026-06-21T11:30:44Z
2026-06-08,2026-06-08,Rebecca Allen,rebecca allen,rebecca allen,NYL,CON,threes_made,0.69,/home/ubuntu/EdgeRanked/sports/wnba/outputs/archive/projections/wnba_projections_20260608.csv,missing_projected_or_actual_value,1,2026-06-21T11:30:44Z
2026-06-08,2026-06-08,Rebecca Allen,rebecca allen,rebecca allen,NYL,CON,steals,0.55,/home/ubuntu/EdgeRanked/sports/wnba/outputs/archive/projections/wnba_projections_20260608.csv,missing_projected_or_actual_value,1,2026-06-21T11:30:44Z
2026-06-08,2026-06-08,Rebecca Allen,rebecca allen,rebecca allen,NYL,CON,blocks,0.32,/home/ubuntu/EdgeRanked/sports/wnba/outputs/archive/projections/wnba_projections_20260608.csv,missing_projected_or_actual_value,1,2026-06-21T11:30:44Z
2026-06-08,2026-06-08,Rori Harmon,rori harmon,rori harmon,WAS,IND,points,1.07,/home/ubuntu/EdgeRanked/sports/wnba/outputs/archive/projections/wnba_projections_20260608.csv,missing_projected_or_actual_value,1,2026-06-21T11:30:44Z
2026-06-08,2026-06-08,Rori Harmon,rori harmon,rori harmon,WAS,IND,rebounds,1.22,/home/ubuntu/EdgeRanked/sports/wnba/outputs/archive/projections/wnba_projections_20260608.csv,missing_projected_or_actual_value,1,2026-06-21T11:30:44Z
2026-06-08,2026-06-08,Rori Harmon,rori harmon,rori harmon,WAS,IND,assists,1.71,/home/ubuntu/EdgeRanked/sports/wnba/outputs/archive/projections/wnba_projections_20260608.csv,missing_projected_or_actual_value,1,2026-06-21T11:30:44Z
2026-06-08,2026-06-08,Rori Harmon,rori harmon,rori harmon,WAS,IND,threes_made,0.35,/home/ubuntu/EdgeRanked/sports/wnba/outputs/archive/projections/wnba_projections_20260608.csv,missing_projected_or_actual_value,1,2026-06-21T11:30:44Z
2026-06-08,2026-06-08,Rori Harmon,rori harmon,rori harmon,WAS,IND,steals,0.94,/home/ubuntu/EdgeRanked/sports/wnba/outputs/archive/projections/wnba_projections_20260608.csv,missing_projected_or_actual_value,1,2026-06-21T11:30:44Z
2026-06-08,2026-06-08,Rori Harmon,rori harmon,rori harmon,WAS,IND,blocks,0.15,/home/ubuntu/EdgeRanked/sports/wnba/outputs/archive/projections/wnba_projections_20260608.csv,missing_projected_or_actual_value,1,2026-06-21T11:30:44Z
2026-06-08,2026-06-08,Sabrina Ionescu,sabrina ionescu,sabrina ionescu,NYL,CON,points,16.43,/home/ubuntu/EdgeRanked/sports/wnba/outputs/archive/projections/wnba_projections_20260608.csv,missing_projected_or_actual_value,1,2026-06-21T11:30:44Z
2026-06-08,2026-06-08,Sabrina Ionescu,sabrina ionescu,sabrina ionescu,NYL,CON,rebounds,5.17,/home/ubuntu/EdgeRanked/sports/wnba/outputs/archive/projections/wnba_projections_20260608.csv,missing_projected_or_actual_value,1,2026-06-21T11:30:44Z
2026-06-08,2026-06-08,Sabrina Ionescu,sabrina ionescu,sabrina ionescu,NYL,CON,assists,5.92,/home/ubuntu/EdgeRanked/sports/wnba/outputs/archive/projections/wnba_projections_20260608.csv,missing_projected_or_actual_value,1,2026-06-21T11:30:44Z
2026-06-08,2026-06-08,Sabrina Ionescu,sabrina ionescu,sabrina ionescu,NYL,CON,threes_made,2.11,/home/ubuntu/EdgeRanked/sports/wnba/outputs/archive/projections/wnba_projections_20260608.csv,missing_projected_or_actual_value,1,2026-06-21T11:30:44Z
2026-06-08,2026-06-08,Sabrina Ionescu,sabrina ionescu,sabrina ionescu,NYL,CON,steals,1.5,/home/ubuntu/EdgeRanked/sports/wnba/outputs/archive/projections/wnba_projections_20260608.csv,missing_projected_or_actual_value,1,2026-06-21T11:30:44Z
2026-06-08,2026-06-08,Sabrina Ionescu,sabrina ionescu,sabrina ionescu,NYL,CON,blocks,0.61,/home/ubuntu/EdgeRanked/sports/wnba/outputs/archive/projections/wnba_projections_20260608.csv,missing_projected_or_actual_value,1,2026-06-21T11:30:44Z
2026-06-08,2026-06-08,Shatori Walker-Kimbrough,shatori walker-kimbrough,shatori walker-kimbrough,IND,WAS,points,0.11,/home/ubuntu/EdgeRanked/sports/wnba/outputs/archive/projections/wnba_projections_20260608.csv,no_safe_player_match,0,2026-06-21T11:30:44Z
2026-06-08,2026-06-08,Shatori Walker-Kimbrough,shatori walker-kimbrough,shatori walker-kimbrough,IND,WAS,rebounds,0.49,/home/ubuntu/EdgeRanked/sports/wnba/outputs/archive/projections/wnba_projections_20260608.csv,no_safe_player_match,0,2026-06-21T11:30:44Z
2026-06-08,2026-06-08,Shatori Walker-Kimbrough,shatori walker-kimbrough,shatori walker-kimbrough,IND,WAS,assists,0.43,/home/ubuntu/EdgeRanked/sports/wnba/outputs/archive/projections/wnba_projections_20260608.csv,no_safe_player_match,0,2026-06-21T11:30:44Z
2026-06-08,2026-06-08,Shatori Walker-Kimbrough,shatori walker-kimbrough,shatori walker-kimbrough,IND,WAS,threes_made,0.17,/home/ubuntu/EdgeRanked/sports/wnba/outputs/archive/projections/wnba_projections_20260608.csv,no_safe_player_match,0,2026-06-21T11:30:44Z
2026-06-08,2026-06-08,Shatori Walker-Kimbrough,shatori walker-kimbrough,shatori walker-kimbrough,IND,WAS,steals,0.3,/home/ubuntu/EdgeRanked/sports/wnba/outputs/archive/projections/wnba_projections_20260608.csv,no_safe_player_match,0,2026-06-21T11:30:44Z
2026-06-08,2026-06-08,Shatori Walker-Kimbrough,shatori walker-kimbrough,shatori walker-kimbrough,IND,WAS,blocks,0.11,/home/ubuntu/EdgeRanked/sports/wnba/outputs/archive/projections/wnba_projections_20260608.csv,no_safe_player_match,0,2026-06-21T11:30:44Z
2026-06-08,2026-06-08,Shey Peddy,shey peddy,shey peddy,CON,NYL,points,6.16,/home/ubuntu/EdgeRanked/sports/wnba/outputs/archive/projections/wnba_projections_20260608.csv,no_safe_player_match,0,2026-06-21T11:30:44Z
2026-06-08,2026-06-08,Shey Peddy,shey peddy,shey peddy,CON,NYL,rebounds,2.75,/home/ubuntu/EdgeRanked/sports/wnba/outputs/archive/projections/wnba_projections_20260608.csv,no_safe_player_match,0,2026-06-21T11:30:44Z
2026-06-08,2026-06-08,Shey Peddy,shey peddy,shey peddy,CON,NYL,assists,1.87,/home/ubuntu/EdgeRanked/sports/wnba/outputs/archive/projections/wnba_projections_20260608.csv,no_safe_player_match,0,2026-06-21T11:30:44Z
2026-06-08,2026-06-08,Shey Peddy,shey peddy,shey peddy,CON,NYL,threes_made,0.66,/home/ubuntu/EdgeRanked/sports/wnba/outputs/archive/projections/wnba_projections_20260608.csv,no_safe_player_match,0,2026-06-21T11:30:44Z
2026-06-08,2026-06-08,Shey Peddy,shey peddy,shey peddy,CON,NYL,steals,0.73,/home/ubuntu/EdgeRanked/sports/wnba/outputs/archive/projections/wnba_projections_20260608.csv,no_safe_player_match,0,2026-06-21T11:30:44Z
2026-06-08,2026-06-08,Shey Peddy,shey peddy,shey peddy,CON,NYL,blocks,0.36,/home/ubuntu/EdgeRanked/sports/wnba/outputs/archive/projections/wnba_projections_20260608.csv,no_safe_player_match,0,2026-06-21T11:30:44Z
2026-06-08,2026-06-08,Taina Mair,taina mair,taina mair,SEA,LVA,points,0.15,/home/ubuntu/EdgeRanked/sports/wnba/outputs/archive/projections/wnba_projections_20260608.csv,no_safe_player_match,0,2026-06-21T11:30:44Z
2026-06-08,2026-06-08,Taina Mair,taina mair,taina mair,SEA,LVA,rebounds,0.49,/home/ubuntu/EdgeRanked/sports/wnba/outputs/archive/projections/wnba_projections_20260608.csv,no_safe_player_match,0,2026-06-21T11:30:44Z
2026-06-08,2026-06-08,Taina Mair,taina mair,taina mair,SEA,LVA,assists,1.07,/home/ubuntu/EdgeRanked/sports/wnba/outputs/archive/projections/wnba_projections_20260608.csv,no_safe_player_match,0,2026-06-21T11:30:44Z
2026-06-08,2026-06-08,Taina Mair,taina mair,taina mair,SEA,LVA,threes_made,0.15,/home/ubuntu/EdgeRanked/sports/wnba/outputs/archive/projections/wnba_projections_20260608.csv,no_safe_player_match,0,2026-06-21T11:30:44Z
2026-06-08,2026-06-08,Taina Mair,taina mair,taina mair,SEA,LVA,steals,0.25,/home/ubuntu/EdgeRanked/sports/wnba/outputs/archive/projections/wnba_projections_20260608.csv,no_safe_player_match,0,2026-06-21T11:30:44Z
2026-06-08,2026-06-08,Taina Mair,taina mair,taina mair,SEA,LVA,blocks,0.11,/home/ubuntu/EdgeRanked/sports/wnba/outputs/archive/projections/wnba_projections_20260608.csv,no_safe_player_match,0,2026-06-21T11:30:44Z
2026-06-08,2026-06-08,Taylor Thierry,taylor thierry,taylor thierry,SEA,LVA,points,2.89,/home/ubuntu/EdgeRanked/sports/wnba/outputs/archive/projections/wnba_projections_20260608.csv,missing_projected_or_actual_value,1,2026-06-21T11:30:44Z
2026-06-08,2026-06-08,Taylor Thierry,taylor thierry,taylor thierry,SEA,LVA,rebounds,1.41,/home/ubuntu/EdgeRanked/sports/wnba/outputs/archive/projections/wnba_projections_20260608.csv,missing_projected_or_actual_value,1,2026-06-21T11:30:44Z
2026-06-08,2026-06-08,Taylor Thierry,taylor thierry,taylor thierry,SEA,LVA,assists,0.13,/home/ubuntu/EdgeRanked/sports/wnba/outputs/archive/projections/wnba_projections_20260608.csv,missing_projected_or_actual_value,1,2026-06-21T11:30:44Z
2026-06-08,2026-06-08,Taylor Thierry,taylor thierry,taylor thierry,SEA,LVA,threes_made,1.05,/home/ubuntu/EdgeRanked/sports/wnba/outputs/archive/projections/wnba_projections_20260608.csv,missing_projected_or_actual_value,1,2026-06-21T11:30:44Z
2026-06-08,2026-06-08,Taylor Thierry,taylor thierry,taylor thierry,SEA,LVA,steals,0.17,/home/ubuntu/EdgeRanked/sports/wnba/outputs/archive/projections/wnba_projections_20260608.csv,missing_projected_or_actual_value,1,2026-06-21T11:30:44Z
2026-06-08,2026-06-08,Taylor Thierry,taylor thierry,taylor thierry,SEA,LVA,blocks,0.13,/home/ubuntu/EdgeRanked/sports/wnba/outputs/archive/projections/wnba_projections_20260608.csv,missing_projected_or_actual_value,1,2026-06-21T11:30:44Z
2026-06-09,2026-06-09,Aicha Coulibaly,aicha coulibaly,aicha coulibaly,CHI,ATL,points,4.13,/home/ubuntu/EdgeRanked/sports/wnba/outputs/archive/projections/wnba_projections_20260609.csv,no_safe_player_match,0,2026-06-21T11:30:44Z
2026-06-09,2026-06-09,Aicha Coulibaly,aicha coulibaly,aicha coulibaly,CHI,ATL,rebounds,1.94,/home/ubuntu/EdgeRanked/sports/wnba/outputs/archive/projections/wnba_projections_20260609.csv,no_safe_player_match,0,2026-06-21T11:30:44Z
2026-06-09,2026-06-09,Aicha Coulibaly,aicha coulibaly,aicha coulibaly,CHI,ATL,assists,0.81,/home/ubuntu/EdgeRanked/sports/wnba/outputs/archive/projections/wnba_projections_20260609.csv,no_safe_player_match,0,2026-06-21T11:30:44Z
2026-06-09,2026-06-09,Aicha Coulibaly,aicha coulibaly,aicha coulibaly,CHI,ATL,threes_made,0.19,/home/ubuntu/EdgeRanked/sports/wnba/outputs/archive/projections/wnba_projections_20260609.csv,no_safe_player_match,0,2026-06-21T11:30:44Z
2026-06-09,2026-06-09,Aicha Coulibaly,aicha coulibaly,aicha coulibaly,CHI,ATL,steals,0.86,/home/ubuntu/EdgeRanked/sports/wnba/outputs/archive/projections/wnba_projections_20260609.csv,no_safe_player_match,0,2026-06-21T11:30:44Z
2026-06-09,2026-06-09,Aicha Coulibaly,aicha coulibaly,aicha coulibaly,CHI,ATL,blocks,0.19,/home/ubuntu/EdgeRanked/sports/wnba/outputs/archive/projections/wnba_projections_20260609.csv,no_safe_player_match,0,2026-06-21T11:30:44Z
2026-06-09,2026-06-09,Ashten Prechtel,ashten prechtel,ashten prechtel,GSV,PHX,points,4.73,/home/ubuntu/EdgeRanked/sports/wnba/outputs/archive/projections/wnba_projections_20260609.csv,no_safe_player_match,0,2026-06-21T11:30:44Z
2026-06-09,2026-06-09,Ashten Prechtel,ashten prechtel,ashten prechtel,GSV,PHX,rebounds,1.78,/home/ubuntu/EdgeRanked/sports/wnba/outputs/archive/projections/wnba_projections_20260609.csv,no_safe_player_match,0,2026-06-21T11:30:44Z
2026-06-09,2026-06-09,Ashten Prechtel,ashten prechtel,ashten prechtel,GSV,PHX,assists,0.5,/home/ubuntu/EdgeRanked/sports/wnba/outputs/archive/projections/wnba_projections_20260609.csv,no_safe_player_match,0,2026-06-21T11:30:44Z
2026-06-09,2026-06-09,Ashten Prechtel,ashten prechtel,ashten prechtel,GSV,PHX,threes_made,1.18,/home/ubuntu/EdgeRanked/sports/wnba/outputs/archive/projections/wnba_projections_20260609.csv,no_safe_player_match,0,2026-06-21T11:30:44Z
2026-06-09,2026-06-09,Ashten Prechtel,ashten prechtel,ashten prechtel,GSV,PHX,steals,0.2,/home/ubuntu/EdgeRanked/sports/wnba/outputs/archive/projections/wnba_projections_20260609.csv,no_safe_player_match,0,2026-06-21T11:30:44Z
2026-06-09,2026-06-09,Ashten Prechtel,ashten prechtel,ashten prechtel,GSV,PHX,blocks,0.14,/home/ubuntu/EdgeRanked/sports/wnba/outputs/archive/projections/wnba_projections_20260609.csv,no_safe_player_match,0,2026-06-21T11:30:44Z
2026-06-09,2026-06-09,Awak Kuier,awak kuier,awak kuier,DAL,MIN,points,8.37,/home/ubuntu/EdgeRanked/sports/wnba/outputs/archive/projections/wnba_projections_20260609.csv,missing_projected_or_actual_value,1,2026-06-21T11:30:44Z
2026-06-09,2026-06-09,Awak Kuier,awak kuier,awak kuier,DAL,MIN,rebounds,4.34,/home/ubuntu/EdgeRanked/sports/wnba/outputs/archive/projections/wnba_projections_20260609.csv,missing_projected_or_actual_value,1,2026-06-21T11:30:44Z
2026-06-09,2026-06-09,Awak Kuier,awak kuier,awak kuier,DAL,MIN,assists,1.58,/home/ubuntu/EdgeRanked/sports/wnba/outputs/archive/projections/wnba_projections_20260609.csv,missing_projected_or_actual_value,1,2026-06-21T11:30:44Z
2026-06-09,2026-06-09,Awak Kuier,awak kuier,awak kuier,DAL,MIN,threes_made,1.02,/home/ubuntu/EdgeRanked/sports/wnba/outputs/archive/projections/wnba_projections_20260609.csv,missing_projected_or_actual_value,1,2026-06-21T11:30:44Z
2026-06-09,2026-06-09,Awak Kuier,awak kuier,awak kuier,DAL,MIN,steals,1.08,/home/ubuntu/EdgeRanked/sports/wnba/outputs/archive/projections/wnba_projections_20260609.csv,missing_projected_or_actual_value,1,2026-06-21T11:30:44Z
2026-06-09,2026-06-09,Awak Kuier,awak kuier,awak kuier,DAL,MIN,blocks,0.93,/home/ubuntu/EdgeRanked/sports/wnba/outputs/archive/projections/wnba_projections_20260609.csv,missing_projected_or_actual_value,1,2026-06-21T11:30:44Z
2026-06-09,2026-06-09,Brionna Jones,brionna jones,brionna jones,ATL,CHI,points,16.64,/home/ubuntu/EdgeRanked/sports/wnba/outputs/archive/projections/wnba_projections_20260609.csv,missing_projected_or_actual_value,1,2026-06-21T11:30:44Z
2026-06-09,2026-06-09,Brionna Jones,brionna jones,brionna jones,ATL,CHI,rebounds,6.84,/home/ubuntu/EdgeRanked/sports/wnba/outputs/archive/projections/wnba_projections_20260609.csv,missing_projected_or_actual_value,1,2026-06-21T11:30:44Z
2026-06-09,2026-06-09,Brionna Jones,brionna jones,brionna jones,ATL,CHI,assists,2.88,/home/ubuntu/EdgeRanked/sports/wnba/outputs/archive/projections/wnba_projections_20260609.csv,missing_projected_or_actual_value,1,2026-06-21T11:30:44Z
2026-06-09,2026-06-09,Brionna Jones,brionna jones,brionna jones,ATL,CHI,threes_made,0.65,/home/ubuntu/EdgeRanked/sports/wnba/outputs/archive/projections/wnba_projections_20260609.csv,missing_projected_or_actual_value,1,2026-06-21T11:30:44Z
2026-06-09,2026-06-09,Brionna Jones,brionna jones,brionna jones,ATL,CHI,steals,1.44,/home/ubuntu/EdgeRanked/sports/wnba/outputs/archive/projections/wnba_projections_20260609.csv,missing_projected_or_actual_value,1,2026-06-21T11:30:44Z
2026-06-09,2026-06-09,Brionna Jones,brionna jones,brionna jones,ATL,CHI,blocks,1.37,/home/ubuntu/EdgeRanked/sports/wnba/outputs/archive/projections/wnba_projections_20260609.csv,missing_projected_or_actual_value,1,2026-06-21T11:30:44Z
2026-06-09,2026-06-09,Courtney Vandersloot,courtney vandersloot,courtney vandersloot,CHI,ATL,points,12.44,/home/ubuntu/EdgeRanked/sports/wnba/outputs/archive/projections/wnba_projections_20260609.csv,missing_projected_or_actual_value,1,2026-06-21T11:30:44Z
2026-06-09,2026-06-09,Courtney Vandersloot,courtney vandersloot,courtney vandersloot,CHI,ATL,rebounds,3.9,/home/ubuntu/EdgeRanked/sports/wnba/outputs/archive/projections/wnba_projections_20260609.csv,missing_projected_or_actual_value,1,2026-06-21T11:30:44Z
2026-06-09,2026-06-09,Courtney Vandersloot,courtney vandersloot,courtney vandersloot,CHI,ATL,assists,4.53,/home/ubuntu/EdgeRanked/sports/wnba/outputs/archive/projections/wnba_projections_20260609.csv,missing_projected_or_actual_value,1,2026-06-21T11:30:44Z
2026-06-09,2026-06-09,Courtney Vandersloot,courtney vandersloot,courtney vandersloot,CHI,ATL,threes_made,1.34,/home/ubuntu/EdgeRanked/sports/wnba/outputs/archive/projections/wnba_projections_20260609.csv,missing_projected_or_actual_value,1,2026-06-21T11:30:44Z
2026-06-09,2026-06-09,Courtney Vandersloot,courtney vandersloot,courtney vandersloot,CHI,ATL,steals,1.09,/home/ubuntu/EdgeRanked/sports/wnba/outputs/archive/projections/wnba_projections_20260609.csv,missing_projected_or_actual_value,1,2026-06-21T11:30:44Z
2026-06-09,2026-06-09,Courtney Vandersloot,courtney vandersloot,courtney vandersloot,CHI,ATL,blocks,0.53,/home/ubuntu/EdgeRanked/sports/wnba/outputs/archive/projections/wnba_projections_20260609.csv,missing_projected_or_actual_value,1,2026-06-21T11:30:44Z
2026-06-09,2026-06-09,DiJonai Carrington,dijonai carrington,dijonai carrington,CHI,ATL,points,11.13,/home/ubuntu/EdgeRanked/sports/wnba/outputs/archive/projections/wnba_projections_20260609.csv,missing_projected_or_actual_value,1,2026-06-21T11:30:44Z
2026-06-09,2026-06-09,DiJonai Carrington,dijonai carrington,dijonai carrington,CHI,ATL,rebounds,6.71,/home/ubuntu/EdgeRanked/sports/wnba/outputs/archive/projections/wnba_projections_20260609.csv,missing_projected_or_actual_value,1,2026-06-21T11:30:44Z
2026-06-09,2026-06-09,DiJonai Carrington,dijonai carrington,dijonai carrington,CHI,ATL,assists,3.22,/home/ubuntu/EdgeRanked/sports/wnba/outputs/archive/projections/wnba_projections_20260609.csv,missing_projected_or_actual_value,1,2026-06-21T11:30:44Z
2026-06-09,2026-06-09,DiJonai Carrington,dijonai carrington,dijonai carrington,CHI,ATL,threes_made,0.96,/home/ubuntu/EdgeRanked/sports/wnba/outputs/archive/projections/wnba_projections_20260609.csv,missing_projected_or_actual_value,1,2026-06-21T11:30:44Z
2026-06-09,2026-06-09,DiJonai Carrington,dijonai carrington,dijonai carrington,CHI,ATL,steals,0.89,/home/ubuntu/EdgeRanked/sports/wnba/outputs/archive/projections/wnba_projections_20260609.csv,missing_projected_or_actual_value,1,2026-06-21T11:30:44Z
2026-06-09,2026-06-09,DiJonai Carrington,dijonai carrington,dijonai carrington,CHI,ATL,blocks,0.79,/home/ubuntu/EdgeRanked/sports/wnba/outputs/archive/projections/wnba_projections_20260609.csv,missing_projected_or_actual_value,1,2026-06-21T11:30:44Z
2026-06-09,2026-06-09,Dorka Juhasz,dorka juhasz,dorka juhasz,MIN,DAL,points,6.59,/home/ubuntu/EdgeRanked/sports/wnba/outputs/archive/projections/wnba_projections_20260609.csv,missing_projected_or_actual_value,1,2026-06-21T11:30:44Z
2026-06-09,2026-06-09,Dorka Juhasz,dorka juhasz,dorka juhasz,MIN,DAL,rebounds,2.84,/home/ubuntu/EdgeRanked/sports/wnba/outputs/archive/projections/wnba_projections_20260609.csv,missing_projected_or_actual_value,1,2026-06-21T11:30:44Z
2026-06-09,2026-06-09,Dorka Juhasz,dorka juhasz,dorka juhasz,MIN,DAL,assists,1.92,/home/ubuntu/EdgeRanked/sports/wnba/outputs/archive/projections/wnba_projections_20260609.csv,missing_projected_or_actual_value,1,2026-06-21T11:30:44Z
2026-06-09,2026-06-09,Dorka Juhasz,dorka juhasz,dorka juhasz,MIN,DAL,threes_made,0.73,/home/ubuntu/EdgeRanked/sports/wnba/outputs/archive/projections/wnba_projections_20260609.csv,missing_projected_or_actual_value,1,2026-06-21T11:30:44Z
2026-06-09,2026-06-09,Dorka Juhasz,dorka juhasz,dorka juhasz,MIN,DAL,steals,0.7,/home/ubuntu/EdgeRanked/sports/wnba/outputs/archive/projections/wnba_projections_20260609.csv,missing_projected_or_actual_value,1,2026-06-21T11:30:44Z
2026-06-09,2026-06-09,Dorka Juhasz,dorka juhasz,dorka juhasz,MIN,DAL,blocks,0.34,/home/ubuntu/EdgeRanked/sports/wnba/outputs/archive/projections/wnba_projections_20260609.csv,missing_projected_or_actual_value,1,2026-06-21T11:30:44Z
2026-06-09,2026-06-09,Dulcy Fankam Mendjiadeu,dulcy fankam mendjiadeu,dulcy fankam mendjiadeu,DAL,MIN,points,6.3,/home/ubuntu/EdgeRanked/sports/wnba/outputs/archive/projections/wnba_projections_20260609.csv,no_safe_player_match,0,2026-06-21T11:30:44Z
2026-06-09,2026-06-09,Dulcy Fankam Mendjiadeu,dulcy fankam mendjiadeu,dulcy fankam mendjiadeu,DAL,MIN,rebounds,2.94,/home/ubuntu/EdgeRanked/sports/wnba/outputs/archive/projections/wnba_projections_20260609.csv,no_safe_player_match,0,2026-06-21T11:30:44Z
2026-06-09,2026-06-09,Dulcy Fankam Mendjiadeu,dulcy fankam mendjiadeu,dulcy fankam mendjiadeu,DAL,MIN,assists,1.64,/home/ubuntu/EdgeRanked/sports/wnba/outputs/archive/projections/wnba_projections_20260609.csv,no_safe_player_match,0,2026-06-21T11:30:44Z
2026-06-09,2026-06-09,Dulcy Fankam Mendjiadeu,dulcy fankam mendjiadeu,dulcy fankam mendjiadeu,DAL,MIN,threes_made,0.76,/home/ubuntu/EdgeRanked/sports/wnba/outputs/archive/projections/wnba_projections_20260609.csv,no_safe_player_match,0,2026-06-21T11:30:44Z
2026-06-09,2026-06-09,Dulcy Fankam Mendjiadeu,dulcy fankam mendjiadeu,dulcy fankam mendjiadeu,DAL,MIN,steals,0.79,/home/ubuntu/EdgeRanked/sports/wnba/outputs/archive/projections/wnba_projections_20260609.csv,no_safe_player_match,0,2026-06-21T11:30:44Z
2026-06-09,2026-06-09,Dulcy Fankam Mendjiadeu,dulcy fankam mendjiadeu,dulcy fankam mendjiadeu,DAL,MIN,blocks,0.36,/home/ubuntu/EdgeRanked/sports/wnba/outputs/archive/projections/wnba_projections_20260609.csv,no_safe_player_match,0,2026-06-21T11:30:44Z
2026-06-09,2026-06-09,Eliska Hamzova,eliska hamzova,eliska hamzova,MIN,DAL,points,2.88,/home/ubuntu/EdgeRanked/sports/wnba/outputs/archive/projections/wnba_projections_20260609.csv,no_safe_player_match,0,2026-06-21T11:30:44Z
2026-06-09,2026-06-09,Eliska Hamzova,eliska hamzova,eliska hamzova,MIN,DAL,rebounds,3.3,/home/ubuntu/EdgeRanked/sports/wnba/outputs/archive/projections/wnba_projections_20260609.csv,no_safe_player_match,0,2026-06-21T11:30:44Z
2026-06-09,2026-06-09,Eliska Hamzova,eliska hamzova,eliska hamzova,MIN,DAL,assists,1.01,/home/ubuntu/EdgeRanked/sports/wnba/outputs/archive/projections/wnba_projections_20260609.csv,no_safe_player_match,0,2026-06-21T11:30:44Z
2026-06-09,2026-06-09,Eliska Hamzova,eliska hamzova,eliska hamzova,MIN,DAL,threes_made,0.14,/home/ubuntu/EdgeRanked/sports/wnba/outputs/archive/projections/wnba_projections_20260609.csv,no_safe_player_match,0,2026-06-21T11:30:44Z
2026-06-09,2026-06-09,Eliska Hamzova,eliska hamzova,eliska hamzova,MIN,DAL,steals,0.23,/home/ubuntu/EdgeRanked/sports/wnba/outputs/archive/projections/wnba_projections_20260609.csv,no_safe_player_match,0,2026-06-21T11:30:44Z
2026-06-09,2026-06-09,Eliska Hamzova,eliska hamzova,eliska hamzova,MIN,DAL,blocks,0.3,/home/ubuntu/EdgeRanked/sports/wnba/outputs/archive/projections/wnba_projections_20260609.csv,no_safe_player_match,0,2026-06-21T11:30:44Z
2026-06-09,2026-06-09,Emese Hof,emese hof,emese hof,MIN,DAL,points,2.27,/home/ubuntu/EdgeRanked/sports/wnba/outputs/archive/projections/wnba_projections_20260609.csv,no_safe_player_match,0,2026-06-21T11:30:44Z
2026-06-09,2026-06-09,Emese Hof,emese hof,emese hof,MIN,DAL,rebounds,1.93,/home/ubuntu/EdgeRanked/sports/wnba/outputs/archive/projections/wnba_projections_20260609.csv,no_safe_player_match,0,2026-06-21T11:30:44Z
2026-06-09,2026-06-09,Emese Hof,emese hof,emese hof,MIN,DAL,assists,1.18,/home/ubuntu/EdgeRanked/sports/wnba/outputs/archive/projections/wnba_projections_20260609.csv,no_safe_player_match,0,2026-06-21T11:30:44Z
2026-06-09,2026-06-09,Emese Hof,emese hof,emese hof,MIN,DAL,threes_made,0.12,/home/ubuntu/EdgeRanked/sports/wnba/outputs/archive/projections/wnba_projections_20260609.csv,no_safe_player_match,0,2026-06-21T11:30:44Z
2026-06-09,2026-06-09,Emese Hof,emese hof,emese hof,MIN,DAL,steals,0.26,/home/ubuntu/EdgeRanked/sports/wnba/outputs/archive/projections/wnba_projections_20260609.csv,no_safe_player_match,0,2026-06-21T11:30:44Z
2026-06-09,2026-06-09,Emese Hof,emese hof,emese hof,MIN,DAL,blocks,0.16,/home/ubuntu/EdgeRanked/sports/wnba/outputs/archive/projections/wnba_projections_20260609.csv,no_safe_player_match,0,2026-06-21T11:30:44Z
2026-06-09,2026-06-09,Emma Cechova,emma cechova,emma cechova,MIN,DAL,points,7.71,/home/ubuntu/EdgeRanked/sports/wnba/outputs/archive/projections/wnba_projections_20260609.csv,missing_projected_or_actual_value,1,2026-06-21T11:30:44Z
2026-06-09,2026-06-09,Emma Cechova,emma cechova,emma cechova,MIN,DAL,rebounds,4.18,/home/ubuntu/EdgeRanked/sports/wnba/outputs/archive/projections/wnba_projections_20260609.csv,missing_projected_or_actual_value,1,2026-06-21T11:30:44Z
2026-06-09,2026-06-09,Emma Cechova,emma cechova,emma cechova,MIN,DAL,assists,0.51,/home/ubuntu/EdgeRanked/sports/wnba/outputs/archive/projections/wnba_projections_20260609.csv,missing_projected_or_actual_value,1,2026-06-21T11:30:44Z
2026-06-09,2026-06-09,Emma Cechova,emma cechova,emma cechova,MIN,DAL,threes_made,0.2,/home/ubuntu/EdgeRanked/sports/wnba/outputs/archive/projections/wnba_projections_20260609.csv,missing_projected_or_actual_value,1,2026-06-21T11:30:44Z
2026-06-09,2026-06-09,Emma Cechova,emma cechova,emma cechova,MIN,DAL,steals,0.51,/home/ubuntu/EdgeRanked/sports/wnba/outputs/archive/projections/wnba_projections_20260609.csv,missing_projected_or_actual_value,1,2026-06-21T11:30:44Z
2026-06-09,2026-06-09,Emma Cechova,emma cechova,emma cechova,MIN,DAL,blocks,0.74,/home/ubuntu/EdgeRanked/sports/wnba/outputs/archive/projections/wnba_projections_20260609.csv,missing_projected_or_actual_value,1,2026-06-21T11:30:44Z
2026-06-09,2026-06-09,Iliana Rupert,iliana rupert,iliana rupert,GSV,PHX,points,6.64,/home/ubuntu/EdgeRanked/sports/wnba/outputs/archive/projections/wnba_projections_20260609.csv,no_safe_player_match,0,2026-06-21T11:30:44Z
2026-06-09,2026-06-09,Iliana Rupert,iliana rupert,iliana rupert,GSV,PHX,rebounds,3.13,/home/ubuntu/EdgeRanked/sports/wnba/outputs/archive/projections/wnba_projections_20260609.csv,no_safe_player_match,0,2026-06-21T11:30:44Z
2026-06-09,2026-06-09,Iliana Rupert,iliana rupert,iliana rupert,GSV,PHX,assists,1.81,/home/ubuntu/EdgeRanked/sports/wnba/outputs/archive/projections/wnba_projections_20260609.csv,no_safe_player_match,0,2026-06-21T11:30:44Z
2026-06-09,2026-06-09,Iliana Rupert,iliana rupert,iliana rupert,GSV,PHX,threes_made,0.57,/home/ubuntu/EdgeRanked/sports/wnba/outputs/archive/projections/wnba_projections_20260609.csv,no_safe_player_match,0,2026-06-21T11:30:44Z
2026-06-09,2026-06-09,Iliana Rupert,iliana rupert,iliana rupert,GSV,PHX,steals,0.84,/home/ubuntu/EdgeRanked/sports/wnba/outputs/archive/projections/wnba_projections_20260609.csv,no_safe_player_match,0,2026-06-21T11:30:44Z
2026-06-09,2026-06-09,Iliana Rupert,iliana rupert,iliana rupert,GSV,PHX,blocks,0.45,/home/ubuntu/EdgeRanked/sports/wnba/outputs/archive/projections/wnba_projections_20260609.csv,no_safe_player_match,0,2026-06-21T11:30:44Z
2026-06-09,2026-06-09,Juste Jocyte,juste jocyte,juste jocyte,GSV,PHX,points,3.1,/home/ubuntu/EdgeRanked/sports/wnba/outputs/archive/projections/wnba_projections_20260609.csv,missing_projected_or_actual_value,1,2026-06-21T11:30:44Z
2026-06-09,2026-06-09,Juste Jocyte,juste jocyte,juste jocyte,GSV,PHX,rebounds,1.21,/home/ubuntu/EdgeRanked/sports/wnba/outputs/archive/projections/wnba_projections_20260609.csv,missing_projected_or_actual_value,1,2026-06-21T11:30:44Z
2026-06-09,2026-06-09,Juste Jocyte,juste jocyte,juste jocyte,GSV,PHX,assists,1.28,/home/ubuntu/EdgeRanked/sports/wnba/outputs/archive/projections/wnba_projections_20260609.csv,missing_projected_or_actual_value,1,2026-06-21T11:30:44Z
2026-06-09,2026-06-09,Juste Jocyte,juste jocyte,juste jocyte,GSV,PHX,threes_made,0.72,/home/ubuntu/EdgeRanked/sports/wnba/outputs/archive/projections/wnba_projections_20260609.csv,missing_projected_or_actual_value,1,2026-06-21T11:30:44Z
2026-06-09,2026-06-09,Juste Jocyte,juste jocyte,juste jocyte,GSV,PHX,steals,0.37,/home/ubuntu/EdgeRanked/sports/wnba/outputs/archive/projections/wnba_projections_20260609.csv,missing_projected_or_actual_value,1,2026-06-21T11:30:44Z
2026-06-09,2026-06-09,Juste Jocyte,juste jocyte,juste jocyte,GSV,PHX,blocks,0.33,/home/ubuntu/EdgeRanked/sports/wnba/outputs/archive/projections/wnba_projections_20260609.csv,missing_projected_or_actual_value,1,2026-06-21T11:30:44Z
2026-06-09,2026-06-09,Kiana Williams,kiana williams,kiana williams,PHX,GSV,points,3.69,/home/ubuntu/EdgeRanked/sports/wnba/outputs/archive/projections/wnba_projections_20260609.csv,no_safe_player_match,0,2026-06-21T11:30:44Z
2026-06-09,2026-06-09,Kiana Williams,kiana williams,kiana williams,PHX,GSV,rebounds,0.8,/home/ubuntu/EdgeRanked/sports/wnba/outputs/archive/projections/wnba_projections_20260609.csv,no_safe_player_match,0,2026-06-21T11:30:44Z
2026-06-09,2026-06-09,Kiana Williams,kiana williams,kiana williams,PHX,GSV,assists,0.71,/home/ubuntu/EdgeRanked/sports/wnba/outputs/archive/projections/wnba_projections_20260609.csv,no_safe_player_match,0,2026-06-21T11:30:44Z
2026-06-09,2026-06-09,Kiana Williams,kiana williams,kiana williams,PHX,GSV,threes_made,1.13,/home/ubuntu/EdgeRanked/sports/wnba/outputs/archive/projections/wnba_projections_20260609.csv,no_safe_player_match,0,2026-06-21T11:30:44Z
2026-06-09,2026-06-09,Kiana Williams,kiana williams,kiana williams,PHX,GSV,steals,0.7,/home/ubuntu/EdgeRanked/sports/wnba/outputs/archive/projections/wnba_projections_20260609.csv,no_safe_player_match,0,2026-06-21T11:30:44Z
2026-06-09,2026-06-09,Kiana Williams,kiana williams,kiana williams,PHX,GSV,blocks,0.22,/home/ubuntu/EdgeRanked/sports/wnba/outputs/archive/projections/wnba_projections_20260609.csv,no_safe_player_match,0,2026-06-21T11:30:44Z
2026-06-09,2026-06-09,Kyara Linskens,kyara linskens,kyara linskens,PHX,GSV,points,3.36,/home/ubuntu/EdgeRanked/sports/wnba/outputs/archive/projections/wnba_projections_20260609.csv,missing_projected_or_actual_value,1,2026-06-21T11:30:44Z
2026-06-09,2026-06-09,Kyara Linskens,kyara linskens,kyara linskens,PHX,GSV,rebounds,2.35,/home/ubuntu/EdgeRanked/sports/wnba/outputs/archive/projections/wnba_projections_20260609.csv,missing_projected_or_actual_value,1,2026-06-21T11:30:44Z
2026-06-09,2026-06-09,Kyara Linskens,kyara linskens,kyara linskens,PHX,GSV,assists,0.43,/home/ubuntu/EdgeRanked/sports/wnba/outputs/archive/projections/wnba_projections_20260609.csv,missing_projected_or_actual_value,1,2026-06-21T11:30:44Z
2026-06-09,2026-06-09,Kyara Linskens,kyara linskens,kyara linskens,PHX,GSV,threes_made,0.61,/home/ubuntu/EdgeRanked/sports/wnba/outputs/archive/projections/wnba_projections_20260609.csv,missing_projected_or_actual_value,1,2026-06-21T11:30:44Z
2026-06-09,2026-06-09,Kyara Linskens,kyara linskens,kyara linskens,PHX,GSV,steals,0.63,/home/ubuntu/EdgeRanked/sports/wnba/outputs/archive/projections/wnba_projections_20260609.csv,missing_projected_or_actual_value,1,2026-06-21T11:30:44Z
2026-06-09,2026-06-09,Kyara Linskens,kyara linskens,kyara linskens,PHX,GSV,blocks,0.8,/home/ubuntu/EdgeRanked/sports/wnba/outputs/archive/projections/wnba_projections_20260609.csv,missing_projected_or_actual_value,1,2026-06-21T11:30:44Z
2026-06-09,2026-06-09,Laeticia Amihere,laeticia amihere,laeticia amihere,GSV,PHX,points,3.87,/home/ubuntu/EdgeRanked/sports/wnba/outputs/archive/projections/wnba_projections_20260609.csv,missing_projected_or_actual_value,1,2026-06-21T11:30:44Z
2026-06-09,2026-06-09,Laeticia Amihere,laeticia amihere,laeticia amihere,GSV,PHX,rebounds,3.84,/home/ubuntu/EdgeRanked/sports/wnba/outputs/archive/projections/wnba_projections_20260609.csv,missing_projected_or_actual_value,1,2026-06-21T11:30:44Z
2026-06-09,2026-06-09,Laeticia Amihere,laeticia amihere,laeticia amihere,GSV,PHX,assists,1.44,/home/ubuntu/EdgeRanked/sports/wnba/outputs/archive/projections/wnba_projections_20260609.csv,missing_projected_or_actual_value,1,2026-06-21T11:30:44Z
2026-06-09,2026-06-09,Laeticia Amihere,laeticia amihere,laeticia amihere,GSV,PHX,threes_made,0.13,/home/ubuntu/EdgeRanked/sports/wnba/outputs/archive/projections/wnba_projections_20260609.csv,missing_projected_or_actual_value,1,2026-06-21T11:30:44Z
2026-06-09,2026-06-09,Laeticia Amihere,laeticia amihere,laeticia amihere,GSV,PHX,steals,0.49,/home/ubuntu/EdgeRanked/sports/wnba/outputs/archive/projections/wnba_projections_20260609.csv,missing_projected_or_actual_value,1,2026-06-21T11:30:44Z
2026-06-09,2026-06-09,Laeticia Amihere,laeticia amihere,laeticia amihere,GSV,PHX,blocks,1.04,/home/ubuntu/EdgeRanked/sports/wnba/outputs/archive/projections/wnba_projections_20260609.csv,missing_projected_or_actual_value,1,2026-06-21T11:30:44Z
2026-06-09,2026-06-09,Liatu King,liatu king,liatu king,MIN,DAL,points,3.7,/home/ubuntu/EdgeRanked/sports/wnba/outputs/archive/projections/wnba_projections_20260609.csv,no_safe_player_match,0,2026-06-21T11:30:44Z
2026-06-09,2026-06-09,Liatu King,liatu king,liatu king,MIN,DAL,rebounds,3.74,/home/ubuntu/EdgeRanked/sports/wnba/outputs/archive/projections/wnba_projections_20260609.csv,no_safe_player_match,0,2026-06-21T11:30:44Z
2026-06-09,2026-06-09,Liatu King,liatu king,liatu king,MIN,DAL,assists,0.31,/home/ubuntu/EdgeRanked/sports/wnba/outputs/archive/projections/wnba_projections_20260609.csv,no_safe_player_match,0,2026-06-21T11:30:44Z
2026-06-09,2026-06-09,Liatu King,liatu king,liatu king,MIN,DAL,threes_made,0.63,/home/ubuntu/EdgeRanked/sports/wnba/outputs/archive/projections/wnba_projections_20260609.csv,no_safe_player_match,0,2026-06-21T11:30:44Z
2026-06-09,2026-06-09,Liatu King,liatu king,liatu king,MIN,DAL,steals,0.58,/home/ubuntu/EdgeRanked/sports/wnba/outputs/archive/projections/wnba_projections_20260609.csv,no_safe_player_match,0,2026-06-21T11:30:44Z
2026-06-09,2026-06-09,Liatu King,liatu king,liatu king,MIN,DAL,blocks,1.27,/home/ubuntu/EdgeRanked/sports/wnba/outputs/archive/projections/wnba_projections_20260609.csv,no_safe_player_match,0,2026-06-21T11:30:44Z
2026-06-09,2026-06-09,Marta Suarez,marta suarez,marta suarez,PHX,GSV,points,3.4,/home/ubuntu/EdgeRanked/sports/wnba/outputs/archive/projections/wnba_projections_20260609.csv,no_safe_player_match,0,2026-06-21T11:30:44Z
2026-06-09,2026-06-09,Marta Suarez,marta suarez,marta suarez,PHX,GSV,rebounds,2.23,/home/ubuntu/EdgeRanked/sports/wnba/outputs/archive/projections/wnba_projections_20260609.csv,no_safe_player_match,0,2026-06-21T11:30:44Z
2026-06-09,2026-06-09,Marta Suarez,marta suarez,marta suarez,PHX,GSV,assists,0.31,/home/ubuntu/EdgeRanked/sports/wnba/outputs/archive/projections/wnba_projections_20260609.csv,no_safe_player_match,0,2026-06-21T11:30:44Z
2026-06-09,2026-06-09,Marta Suarez,marta suarez,marta suarez,PHX,GSV,threes_made,1.16,/home/ubuntu/EdgeRanked/sports/wnba/outputs/archive/projections/wnba_projections_20260609.csv,no_safe_player_match,0,2026-06-21T11:30:44Z
2026-06-09,2026-06-09,Marta Suarez,marta suarez,marta suarez,PHX,GSV,steals,0.68,/home/ubuntu/EdgeRanked/sports/wnba/outputs/archive/projections/wnba_projections_20260609.csv,no_safe_player_match,0,2026-06-21T11:30:44Z
2026-06-09,2026-06-09,Marta Suarez,marta suarez,marta suarez,PHX,GSV,blocks,0.15,/home/ubuntu/EdgeRanked/sports/wnba/outputs/archive/projections/wnba_projections_20260609.csv,no_safe_player_match,0,2026-06-21T11:30:44Z
2026-06-09,2026-06-09,Miela Sowah,miela sowah,miela sowah,GSV,PHX,points,0.36,/home/ubuntu/EdgeRanked/sports/wnba/outputs/archive/projections/wnba_projections_20260609.csv,no_safe_player_match,0,2026-06-21T11:30:44Z
2026-06-09,2026-06-09,Miela Sowah,miela sowah,miela sowah,GSV,PHX,rebounds,0.52,/home/ubuntu/EdgeRanked/sports/wnba/outputs/archive/projections/wnba_projections_20260609.csv,no_safe_player_match,0,2026-06-21T11:30:44Z
2026-06-09,2026-06-09,Miela Sowah,miela sowah,miela sowah,GSV,PHX,assists,0.22,/home/ubuntu/EdgeRanked/sports/wnba/outputs/archive/projections/wnba_projections_20260609.csv,no_safe_player_match,0,2026-06-21T11:30:44Z
2026-06-09,2026-06-09,Miela Sowah,miela sowah,miela sowah,GSV,PHX,threes_made,0.17,/home/ubuntu/EdgeRanked/sports/wnba/outputs/archive/projections/wnba_projections_20260609.csv,no_safe_player_match,0,2026-06-21T11:30:44Z
2026-06-09,2026-06-09,Miela Sowah,miela sowah,miela sowah,GSV,PHX,steals,0.22,/home/ubuntu/EdgeRanked/sports/wnba/outputs/archive/projections/wnba_projections_20260609.csv,no_safe_player_match,0,2026-06-21T11:30:44Z
2026-06-09,2026-06-09,Miela Sowah,miela sowah,miela sowah,GSV,PHX,blocks,0.15,/home/ubuntu/EdgeRanked/sports/wnba/outputs/archive/projections/wnba_projections_20260609.csv,no_safe_player_match,0,2026-06-21T11:30:44Z
2026-06-09,2026-06-09,Napheesa Collier,napheesa collier,napheesa collier,MIN,DAL,points,6.59,/home/ubuntu/EdgeRanked/sports/wnba/outputs/archive/projections/wnba_projections_20260609.csv,missing_projected_or_actual_value,1,2026-06-21T11:30:44Z
2026-06-09,2026-06-09,Napheesa Collier,napheesa collier,napheesa collier,MIN,DAL,rebounds,2.83,/home/ubuntu/EdgeRanked/sports/wnba/outputs/archive/projections/wnba_projections_20260609.csv,missing_projected_or_actual_value,1,2026-06-21T11:30:44Z
2026-06-09,2026-06-09,Napheesa Collier,napheesa collier,napheesa collier,MIN,DAL,assists,1.92,/home/ubuntu/EdgeRanked/sports/wnba/outputs/archive/projections/wnba_projections_20260609.csv,missing_projected_or_actual_value,1,2026-06-21T11:30:44Z
2026-06-09,2026-06-09,Napheesa Collier,napheesa collier,napheesa collier,MIN,DAL,threes_made,0.74,/home/ubuntu/EdgeRanked/sports/wnba/outputs/archive/projections/wnba_projections_20260609.csv,missing_projected_or_actual_value,1,2026-06-21T11:30:44Z
2026-06-09,2026-06-09,Napheesa Collier,napheesa collier,napheesa collier,MIN,DAL,steals,0.7,/home/ubuntu/EdgeRanked/sports/wnba/outputs/archive/projections/wnba_projections_20260609.csv,missing_projected_or_actual_value,1,2026-06-21T11:30:44Z
2026-06-09,2026-06-09,Napheesa Collier,napheesa collier,napheesa collier,MIN,DAL,blocks,0.34,/home/ubuntu/EdgeRanked/sports/wnba/outputs/archive/projections/wnba_projections_20260609.csv,missing_projected_or_actual_value,1,2026-06-21T11:30:44Z
2026-06-09,2026-06-09,Ndjakalenga Mwenentanda,ndjakalenga mwenentanda,ndjakalenga mwenentanda,GSV,PHX,points,0.49,/home/ubuntu/EdgeRanked/sports/wnba/outputs/archive/projections/wnba_projections_20260609.csv,no_safe_player_match,0,2026-06-21T11:30:44Z
2026-06-09,2026-06-09,Ndjakalenga Mwenentanda,ndjakalenga mwenentanda,ndjakalenga mwenentanda,GSV,PHX,rebounds,1.08,/home/ubuntu/EdgeRanked/sports/wnba/outputs/archive/projections/wnba_projections_20260609.csv,no_safe_player_match,0,2026-06-21T11:30:44Z
2026-06-09,2026-06-09,Ndjakalenga Mwenentanda,ndjakalenga mwenentanda,ndjakalenga mwenentanda,GSV,PHX,assists,0.68,/home/ubuntu/EdgeRanked/sports/wnba/outputs/archive/projections/wnba_projections_20260609.csv,no_safe_player_match,0,2026-06-21T11:30:44Z
2026-06-09,2026-06-09,Ndjakalenga Mwenentanda,ndjakalenga mwenentanda,ndjakalenga mwenentanda,GSV,PHX,threes_made,0.15,/home/ubuntu/EdgeRanked/sports/wnba/outputs/archive/projections/wnba_projections_20260609.csv,no_safe_player_match,0,2026-06-21T11:30:44Z
2026-06-09,2026-06-09,Ndjakalenga Mwenentanda,ndjakalenga mwenentanda,ndjakalenga mwenentanda,GSV,PHX,steals,0.31,/home/ubuntu/EdgeRanked/sports/wnba/outputs/archive/projections/wnba_projections_20260609.csv,no_safe_player_match,0,2026-06-21T11:30:44Z
2026-06-09,2026-06-09,Ndjakalenga Mwenentanda,ndjakalenga mwenentanda,ndjakalenga mwenentanda,GSV,PHX,blocks,0.13,/home/ubuntu/EdgeRanked/sports/wnba/outputs/archive/projections/wnba_projections_20260609.csv,no_safe_player_match,0,2026-06-21T11:30:44Z
2026-06-09,2026-06-09,Odyssey Sims,odyssey sims,odyssey sims,DAL,MIN,points,4.5,/home/ubuntu/EdgeRanked/sports/wnba/outputs/archive/projections/wnba_projections_20260609.csv,missing_projected_or_actual_value,1,2026-06-21T11:30:44Z
2026-06-09,2026-06-09,Odyssey Sims,odyssey sims,odyssey sims,DAL,MIN,rebounds,0.64,/home/ubuntu/EdgeRanked/sports/wnba/outputs/archive/projections/wnba_projections_20260609.csv,missing_projected_or_actual_value,1,2026-06-21T11:30:44Z
2026-06-09,2026-06-09,Odyssey Sims,odyssey sims,odyssey sims,DAL,MIN,assists,1.78,/home/ubuntu/EdgeRanked/sports/wnba/outputs/archive/projections/wnba_projections_20260609.csv,missing_projected_or_actual_value,1,2026-06-21T11:30:44Z
2026-06-09,2026-06-09,Odyssey Sims,odyssey sims,odyssey sims,DAL,MIN,threes_made,0.43,/home/ubuntu/EdgeRanked/sports/wnba/outputs/archive/projections/wnba_projections_20260609.csv,missing_projected_or_actual_value,1,2026-06-21T11:30:44Z
2026-06-09,2026-06-09,Odyssey Sims,odyssey sims,odyssey sims,DAL,MIN,steals,0.68,/home/ubuntu/EdgeRanked/sports/wnba/outputs/archive/projections/wnba_projections_20260609.csv,missing_projected_or_actual_value,1,2026-06-21T11:30:44Z
2026-06-09,2026-06-09,Odyssey Sims,odyssey sims,odyssey sims,DAL,MIN,blocks,0.18,/home/ubuntu/EdgeRanked/sports/wnba/outputs/archive/projections/wnba_projections_20260609.csv,missing_projected_or_actual_value,1,2026-06-21T11:30:44Z
2026-06-09,2026-06-09,Peyton Williams,peyton williams,peyton williams,PHX,GSV,points,0.9,/home/ubuntu/EdgeRanked/sports/wnba/outputs/archive/projections/wnba_projections_20260609.csv,no_safe_player_match,0,2026-06-21T11:30:44Z
2026-06-09,2026-06-09,Peyton Williams,peyton williams,peyton williams,PHX,GSV,rebounds,1.02,/home/ubuntu/EdgeRanked/sports/wnba/outputs/archive/projections/wnba_projections_20260609.csv,no_safe_player_match,0,2026-06-21T11:30:44Z
2026-06-09,2026-06-09,Peyton Williams,peyton williams,peyton williams,PHX,GSV,assists,1.25,/home/ubuntu/EdgeRanked/sports/wnba/outputs/archive/projections/wnba_projections_20260609.csv,no_safe_player_match,0,2026-06-21T11:30:44Z
2026-06-09,2026-06-09,Peyton Williams,peyton williams,peyton williams,PHX,GSV,threes_made,0.32,/home/ubuntu/EdgeRanked/sports/wnba/outputs/archive/projections/wnba_projections_20260609.csv,no_safe_player_match,0,2026-06-21T11:30:44Z
2026-06-09,2026-06-09,Peyton Williams,peyton williams,peyton williams,PHX,GSV,steals,0.36,/home/ubuntu/EdgeRanked/sports/wnba/outputs/archive/projections/wnba_projections_20260609.csv,no_safe_player_match,0,2026-06-21T11:30:44Z
2026-06-09,2026-06-09,Peyton Williams,peyton williams,peyton williams,PHX,GSV,blocks,0.78,/home/ubuntu/EdgeRanked/sports/wnba/outputs/archive/projections/wnba_projections_20260609.csv,no_safe_player_match,0,2026-06-21T11:30:44Z
2026-06-09,2026-06-09,Rickea Jackson,rickea jackson,rickea jackson,CHI,ATL,points,14.0,/home/ubuntu/EdgeRanked/sports/wnba/outputs/archive/projections/wnba_projections_20260609.csv,missing_projected_or_actual_value,1,2026-06-21T11:30:44Z
2026-06-09,2026-06-09,Rickea Jackson,rickea jackson,rickea jackson,CHI,ATL,rebounds,4.13,/home/ubuntu/EdgeRanked/sports/wnba/outputs/archive/projections/wnba_projections_20260609.csv,missing_projected_or_actual_value,1,2026-06-21T11:30:44Z
2026-06-09,2026-06-09,Rickea Jackson,rickea jackson,rickea jackson,CHI,ATL,assists,1.83,/home/ubuntu/EdgeRanked/sports/wnba/outputs/archive/projections/wnba_projections_20260609.csv,missing_projected_or_actual_value,1,2026-06-21T11:30:44Z
2026-06-09,2026-06-09,Rickea Jackson,rickea jackson,rickea jackson,CHI,ATL,threes_made,1.45,/home/ubuntu/EdgeRanked/sports/wnba/outputs/archive/projections/wnba_projections_20260609.csv,missing_projected_or_actual_value,1,2026-06-21T11:30:44Z
2026-06-09,2026-06-09,Rickea Jackson,rickea jackson,rickea jackson,CHI,ATL,steals,0.47,/home/ubuntu/EdgeRanked/sports/wnba/outputs/archive/projections/wnba_projections_20260609.csv,missing_projected_or_actual_value,1,2026-06-21T11:30:44Z
2026-06-09,2026-06-09,Rickea Jackson,rickea jackson,rickea jackson,CHI,ATL,blocks,1.37,/home/ubuntu/EdgeRanked/sports/wnba/outputs/archive/projections/wnba_projections_20260609.csv,missing_projected_or_actual_value,1,2026-06-21T11:30:44Z
2026-06-09,2026-06-09,Sami Whitcomb,sami whitcomb,sami whitcomb,PHX,GSV,points,6.22,/home/ubuntu/EdgeRanked/sports/wnba/outputs/archive/projections/wnba_projections_20260609.csv,no_safe_player_match,0,2026-06-21T11:30:44Z
2026-06-09,2026-06-09,Sami Whitcomb,sami whitcomb,sami whitcomb,PHX,GSV,rebounds,2.66,/home/ubuntu/EdgeRanked/sports/wnba/outputs/archive/projections/wnba_projections_20260609.csv,no_safe_player_match,0,2026-06-21T11:30:44Z
2026-06-09,2026-06-09,Sami Whitcomb,sami whitcomb,sami whitcomb,PHX,GSV,assists,1.64,/home/ubuntu/EdgeRanked/sports/wnba/outputs/archive/projections/wnba_projections_20260609.csv,no_safe_player_match,0,2026-06-21T11:30:44Z
2026-06-09,2026-06-09,Sami Whitcomb,sami whitcomb,sami whitcomb,PHX,GSV,threes_made,0.76,/home/ubuntu/EdgeRanked/sports/wnba/outputs/archive/projections/wnba_projections_20260609.csv,no_safe_player_match,0,2026-06-21T11:30:44Z
2026-06-09,2026-06-09,Sami Whitcomb,sami whitcomb,sami whitcomb,PHX,GSV,steals,0.76,/home/ubuntu/EdgeRanked/sports/wnba/outputs/archive/projections/wnba_projections_20260609.csv,no_safe_player_match,0,2026-06-21T11:30:44Z
2026-06-09,2026-06-09,Sami Whitcomb,sami whitcomb,sami whitcomb,PHX,GSV,blocks,0.32,/home/ubuntu/EdgeRanked/sports/wnba/outputs/archive/projections/wnba_projections_20260609.csv,no_safe_player_match,0,2026-06-21T11:30:44Z
2026-06-09,2026-06-09,Saylor Poffenbarger,saylor poffenbarger,saylor poffenbarger,CHI,ATL,points,1.16,/home/ubuntu/EdgeRanked/sports/wnba/outputs/archive/projections/wnba_projections_20260609.csv,missing_projected_or_actual_value,1,2026-06-21T11:30:44Z
2026-06-09,2026-06-09,Saylor Poffenbarger,saylor poffenbarger,saylor poffenbarger,CHI,ATL,rebounds,1.93,/home/ubuntu/EdgeRanked/sports/wnba/outputs/archive/projections/wnba_projections_20260609.csv,missing_projected_or_actual_value,1,2026-06-21T11:30:44Z
2026-06-09,2026-06-09,Saylor Poffenbarger,saylor poffenbarger,saylor poffenbarger,CHI,ATL,assists,0.43,/home/ubuntu/EdgeRanked/sports/wnba/outputs/archive/projections/wnba_projections_20260609.csv,missing_projected_or_actual_value,1,2026-06-21T11:30:44Z
2026-06-09,2026-06-09,Saylor Poffenbarger,saylor poffenbarger,saylor poffenbarger,CHI,ATL,threes_made,0.14,/home/ubuntu/EdgeRanked/sports/wnba/outputs/archive/projections/wnba_projections_20260609.csv,missing_projected_or_actual_value,1,2026-06-21T11:30:44Z
2026-06-09,2026-06-09,Saylor Poffenbarger,saylor poffenbarger,saylor poffenbarger,CHI,ATL,steals,0.74,/home/ubuntu/EdgeRanked/sports/wnba/outputs/archive/projections/wnba_projections_20260609.csv,missing_projected_or_actual_value,1,2026-06-21T11:30:44Z
2026-06-09,2026-06-09,Saylor Poffenbarger,saylor poffenbarger,saylor poffenbarger,CHI,ATL,blocks,0.19,/home/ubuntu/EdgeRanked/sports/wnba/outputs/archive/projections/wnba_projections_20260609.csv,missing_projected_or_actual_value,1,2026-06-21T11:30:44Z
2026-06-09,2026-06-09,Valeriane Ayayi,valeriane ayayi,valeriane ayayi,PHX,GSV,points,2.16,/home/ubuntu/EdgeRanked/sports/wnba/outputs/archive/projections/wnba_projections_20260609.csv,missing_projected_or_actual_value,1,2026-06-21T11:30:44Z
2026-06-09,2026-06-09,Valeriane Ayayi,valeriane ayayi,valeriane ayayi,PHX,GSV,rebounds,1.44,/home/ubuntu/EdgeRanked/sports/wnba/outputs/archive/projections/wnba_projections_20260609.csv,missing_projected_or_actual_value,1,2026-06-21T11:30:44Z
2026-06-09,2026-06-09,Valeriane Ayayi,valeriane ayayi,valeriane ayayi,PHX,GSV,assists,1.13,/home/ubuntu/EdgeRanked/sports/wnba/outputs/archive/projections/wnba_projections_20260609.csv,missing_projected_or_actual_value,1,2026-06-21T11:30:44Z
2026-06-09,2026-06-09,Valeriane Ayayi,valeriane ayayi,valeriane ayayi,PHX,GSV,threes_made,0.41,/home/ubuntu/EdgeRanked/sports/wnba/outputs/archive/projections/wnba_projections_20260609.csv,missing_projected_or_actual_value,1,2026-06-21T11:30:44Z
2026-06-09,2026-06-09,Valeriane Ayayi,valeriane ayayi,valeriane ayayi,PHX,GSV,steals,0.58,/home/ubuntu/EdgeRanked/sports/wnba/outputs/archive/projections/wnba_projections_20260609.csv,missing_projected_or_actual_value,1,2026-06-21T11:30:44Z
2026-06-09,2026-06-09,Valeriane Ayayi,valeriane ayayi,valeriane ayayi,PHX,GSV,blocks,0.13,/home/ubuntu/EdgeRanked/sports/wnba/outputs/archive/projections/wnba_projections_20260609.csv,missing_projected_or_actual_value,1,2026-06-21T11:30:44Z
2026-06-10,2026-06-10,Aneesah Morrow,aneesah morrow,aneesah morrow,CON,TOR,points,11.62,/home/ubuntu/EdgeRanked/sports/wnba/outputs/archive/projections/wnba_projections_20260610.csv,missing_projected_or_actual_value,1,2026-06-21T11:30:44Z
2026-06-10,2026-06-10,Aneesah Morrow,aneesah morrow,aneesah morrow,CON,TOR,rebounds,10.39,/home/ubuntu/EdgeRanked/sports/wnba/outputs/archive/projections/wnba_projections_20260610.csv,missing_projected_or_actual_value,1,2026-06-21T11:30:44Z
2026-06-10,2026-06-10,Aneesah Morrow,aneesah morrow,aneesah morrow,CON,TOR,assists,1.82,/home/ubuntu/EdgeRanked/sports/wnba/outputs/archive/projections/wnba_projections_20260610.csv,missing_projected_or_actual_value,1,2026-06-21T11:30:44Z
2026-06-10,2026-06-10,Aneesah Morrow,aneesah morrow,aneesah morrow,CON,TOR,threes_made,0.96,/home/ubuntu/EdgeRanked/sports/wnba/outputs/archive/projections/wnba_projections_20260610.csv,missing_projected_or_actual_value,1,2026-06-21T11:30:44Z
2026-06-10,2026-06-10,Aneesah Morrow,aneesah morrow,aneesah morrow,CON,TOR,steals,1.02,/home/ubuntu/EdgeRanked/sports/wnba/outputs/archive/projections/wnba_projections_20260610.csv,missing_projected_or_actual_value,1,2026-06-21T11:30:44Z
2026-06-10,2026-06-10,Aneesah Morrow,aneesah morrow,aneesah morrow,CON,TOR,blocks,0.83,/home/ubuntu/EdgeRanked/sports/wnba/outputs/archive/projections/wnba_projections_20260610.csv,missing_projected_or_actual_value,1,2026-06-21T11:30:44Z
2026-06-10,2026-06-10,Ashlon Jackson,ashlon jackson,ashlon jackson,CON,TOR,points,2.87,/home/ubuntu/EdgeRanked/sports/wnba/outputs/archive/projections/wnba_projections_20260610.csv,no_safe_player_match,0,2026-06-21T11:30:44Z
2026-06-10,2026-06-10,Ashlon Jackson,ashlon jackson,ashlon jackson,CON,TOR,rebounds,1.61,/home/ubuntu/EdgeRanked/sports/wnba/outputs/archive/projections/wnba_projections_20260610.csv,no_safe_player_match,0,2026-06-21T11:30:44Z
2026-06-10,2026-06-10,Ashlon Jackson,ashlon jackson,ashlon jackson,CON,TOR,assists,1.51,/home/ubuntu/EdgeRanked/sports/wnba/outputs/archive/projections/wnba_projections_20260610.csv,no_safe_player_match,0,2026-06-21T11:30:44Z
2026-06-10,2026-06-10,Ashlon Jackson,ashlon jackson,ashlon jackson,CON,TOR,threes_made,0.69,/home/ubuntu/EdgeRanked/sports/wnba/outputs/archive/projections/wnba_projections_20260610.csv,no_safe_player_match,0,2026-06-21T11:30:44Z
2026-06-10,2026-06-10,Ashlon Jackson,ashlon jackson,ashlon jackson,CON,TOR,steals,1.14,/home/ubuntu/EdgeRanked/sports/wnba/outputs/archive/projections/wnba_projections_20260610.csv,no_safe_player_match,0,2026-06-21T11:30:44Z
2026-06-10,2026-06-10,Ashlon Jackson,ashlon jackson,ashlon jackson,CON,TOR,blocks,0.15,/home/ubuntu/EdgeRanked/sports/wnba/outputs/archive/projections/wnba_projections_20260610.csv,no_safe_player_match,0,2026-06-21T11:30:44Z
2026-06-10,2026-06-10,Brittney Griner,brittney griner,brittney griner,CON,TOR,points,11.92,/home/ubuntu/EdgeRanked/sports/wnba/outputs/archive/projections/wnba_projections_20260610.csv,missing_projected_or_actual_value,1,2026-06-21T11:30:44Z
2026-06-10,2026-06-10,Brittney Griner,brittney griner,brittney griner,CON,TOR,rebounds,5.12,/home/ubuntu/EdgeRanked/sports/wnba/outputs/archive/projections/wnba_projections_20260610.csv,missing_projected_or_actual_value,1,2026-06-21T11:30:44Z
2026-06-10,2026-06-10,Brittney Griner,brittney griner,brittney griner,CON,TOR,assists,2.87,/home/ubuntu/EdgeRanked/sports/wnba/outputs/archive/projections/wnba_projections_20260610.csv,missing_projected_or_actual_value,1,2026-06-21T11:30:44Z
2026-06-10,2026-06-10,Brittney Griner,brittney griner,brittney griner,CON,TOR,threes_made,0.26,/home/ubuntu/EdgeRanked/sports/wnba/outputs/archive/projections/wnba_projections_20260610.csv,missing_projected_or_actual_value,1,2026-06-21T11:30:44Z
2026-06-10,2026-06-10,Brittney Griner,brittney griner,brittney griner,CON,TOR,steals,0.98,/home/ubuntu/EdgeRanked/sports/wnba/outputs/archive/projections/wnba_projections_20260610.csv,missing_projected_or_actual_value,1,2026-06-21T11:30:44Z
2026-06-10,2026-06-10,Brittney Griner,brittney griner,brittney griner,CON,TOR,blocks,1.92,/home/ubuntu/EdgeRanked/sports/wnba/outputs/archive/projections/wnba_projections_20260610.csv,missing_projected_or_actual_value,1,2026-06-21T11:30:44Z
2026-06-10,2026-06-10,Emma Cannon,emma cannon,emma cannon,LAS,SEA,points,3.05,/home/ubuntu/EdgeRanked/sports/wnba/outputs/archive/projections/wnba_projections_20260610.csv,missing_projected_or_actual_value,1,2026-06-21T11:30:44Z
2026-06-10,2026-06-10,Emma Cannon,emma cannon,emma cannon,LAS,SEA,rebounds,0.35,/home/ubuntu/EdgeRanked/sports/wnba/outputs/archive/projections/wnba_projections_20260610.csv,missing_projected_or_actual_value,1,2026-06-21T11:30:44Z
2026-06-10,2026-06-10,Emma Cannon,emma cannon,emma cannon,LAS,SEA,assists,0.48,/home/ubuntu/EdgeRanked/sports/wnba/outputs/archive/projections/wnba_projections_20260610.csv,missing_projected_or_actual_value,1,2026-06-21T11:30:44Z
2026-06-10,2026-06-10,Emma Cannon,emma cannon,emma cannon,LAS,SEA,threes_made,1.08,/home/ubuntu/EdgeRanked/sports/wnba/outputs/archive/projections/wnba_projections_20260610.csv,missing_projected_or_actual_value,1,2026-06-21T11:30:44Z
2026-06-10,2026-06-10,Emma Cannon,emma cannon,emma cannon,LAS,SEA,steals,0.31,/home/ubuntu/EdgeRanked/sports/wnba/outputs/archive/projections/wnba_projections_20260610.csv,missing_projected_or_actual_value,1,2026-06-21T11:30:44Z
2026-06-10,2026-06-10,Emma Cannon,emma cannon,emma cannon,LAS,SEA,blocks,0.11,/home/ubuntu/EdgeRanked/sports/wnba/outputs/archive/projections/wnba_projections_20260610.csv,missing_projected_or_actual_value,1,2026-06-21T11:30:44Z
2026-06-10,2026-06-10,Ezi Magbegor,ezi magbegor,ezi magbegor,SEA,LAS,points,6.49,/home/ubuntu/EdgeRanked/sports/wnba/outputs/archive/projections/wnba_projections_20260610.csv,missing_projected_or_actual_value,1,2026-06-21T11:30:44Z
2026-06-10,2026-06-10,Ezi Magbegor,ezi magbegor,ezi magbegor,SEA,LAS,rebounds,3.02,/home/ubuntu/EdgeRanked/sports/wnba/outputs/archive/projections/wnba_projections_20260610.csv,missing_projected_or_actual_value,1,2026-06-21T11:30:44Z
2026-06-10,2026-06-10,Ezi Magbegor,ezi magbegor,ezi magbegor,SEA,LAS,assists,1.83,/home/ubuntu/EdgeRanked/sports/wnba/outputs/archive/projections/wnba_projections_20260610.csv,missing_projected_or_actual_value,1,2026-06-21T11:30:44Z
2026-06-10,2026-06-10,Ezi Magbegor,ezi magbegor,ezi magbegor,SEA,LAS,threes_made,0.78,/home/ubuntu/EdgeRanked/sports/wnba/outputs/archive/projections/wnba_projections_20260610.csv,missing_projected_or_actual_value,1,2026-06-21T11:30:44Z
2026-06-10,2026-06-10,Ezi Magbegor,ezi magbegor,ezi magbegor,SEA,LAS,steals,0.77,/home/ubuntu/EdgeRanked/sports/wnba/outputs/archive/projections/wnba_projections_20260610.csv,missing_projected_or_actual_value,1,2026-06-21T11:30:44Z
2026-06-10,2026-06-10,Ezi Magbegor,ezi magbegor,ezi magbegor,SEA,LAS,blocks,0.43,/home/ubuntu/EdgeRanked/sports/wnba/outputs/archive/projections/wnba_projections_20260610.csv,missing_projected_or_actual_value,1,2026-06-21T11:30:44Z
2026-06-10,2026-06-10,Hailey Van Lith,hailey van lith,hailey van lith,CON,TOR,points,5.64,/home/ubuntu/EdgeRanked/sports/wnba/outputs/archive/projections/wnba_projections_20260610.csv,no_safe_player_match,0,2026-06-21T11:30:44Z
2026-06-10,2026-06-10,Hailey Van Lith,hailey van lith,hailey van lith,CON,TOR,rebounds,1.37,/home/ubuntu/EdgeRanked/sports/wnba/outputs/archive/projections/wnba_projections_20260610.csv,no_safe_player_match,0,2026-06-21T11:30:44Z
2026-06-10,2026-06-10,Hailey Van Lith,hailey van lith,hailey van lith,CON,TOR,assists,1.67,/home/ubuntu/EdgeRanked/sports/wnba/outputs/archive/projections/wnba_projections_20260610.csv,no_safe_player_match,0,2026-06-21T11:30:44Z
2026-06-10,2026-06-10,Hailey Van Lith,hailey van lith,hailey van lith,CON,TOR,threes_made,0.83,/home/ubuntu/EdgeRanked/sports/wnba/outputs/archive/projections/wnba_projections_20260610.csv,no_safe_player_match,0,2026-06-21T11:30:44Z
2026-06-10,2026-06-10,Hailey Van Lith,hailey van lith,hailey van lith,CON,TOR,steals,0.68,/home/ubuntu/EdgeRanked/sports/wnba/outputs/archive/projections/wnba_projections_20260610.csv,no_safe_player_match,0,2026-06-21T11:30:44Z
2026-06-10,2026-06-10,Hailey Van Lith,hailey van lith,hailey van lith,CON,TOR,blocks,0.33,/home/ubuntu/EdgeRanked/sports/wnba/outputs/archive/projections/wnba_projections_20260610.csv,no_safe_player_match,0,2026-06-21T11:30:44Z
2026-06-10,2026-06-10,Joyner Holmes,joyner holmes,joyner holmes,SEA,LAS,points,3.22,/home/ubuntu/EdgeRanked/sports/wnba/outputs/archive/projections/wnba_projections_20260610.csv,no_safe_player_match,0,2026-06-21T11:30:44Z
2026-06-10,2026-06-10,Joyner Holmes,joyner holmes,joyner holmes,SEA,LAS,rebounds,4.89,/home/ubuntu/EdgeRanked/sports/wnba/outputs/archive/projections/wnba_projections_20260610.csv,no_safe_player_match,0,2026-06-21T11:30:44Z
2026-06-10,2026-06-10,Joyner Holmes,joyner holmes,joyner holmes,SEA,LAS,assists,1.17,/home/ubuntu/EdgeRanked/sports/wnba/outputs/archive/projections/wnba_projections_20260610.csv,no_safe_player_match,0,2026-06-21T11:30:44Z
2026-06-10,2026-06-10,Joyner Holmes,joyner holmes,joyner holmes,SEA,LAS,threes_made,0.15,/home/ubuntu/EdgeRanked/sports/wnba/outputs/archive/projections/wnba_projections_20260610.csv,no_safe_player_match,0,2026-06-21T11:30:44Z
2026-06-10,2026-06-10,Joyner Holmes,joyner holmes,joyner holmes,SEA,LAS,steals,0.45,/home/ubuntu/EdgeRanked/sports/wnba/outputs/archive/projections/wnba_projections_20260610.csv,no_safe_player_match,0,2026-06-21T11:30:44Z
2026-06-10,2026-06-10,Joyner Holmes,joyner holmes,joyner holmes,SEA,LAS,blocks,2.58,/home/ubuntu/EdgeRanked/sports/wnba/outputs/archive/projections/wnba_projections_20260610.csv,no_safe_player_match,0,2026-06-21T11:30:44Z
2026-06-10,2026-06-10,Kate Martin,kate martin,kate martin,LAS,SEA,points,3.36,/home/ubuntu/EdgeRanked/sports/wnba/outputs/archive/projections/wnba_projections_20260610.csv,no_safe_player_match,0,2026-06-21T11:30:44Z
2026-06-10,2026-06-10,Kate Martin,kate martin,kate martin,LAS,SEA,rebounds,0.93,/home/ubuntu/EdgeRanked/sports/wnba/outputs/archive/projections/wnba_projections_20260610.csv,no_safe_player_match,0,2026-06-21T11:30:44Z
2026-06-10,2026-06-10,Kate Martin,kate martin,kate martin,LAS,SEA,assists,0.57,/home/ubuntu/EdgeRanked/sports/wnba/outputs/archive/projections/wnba_projections_20260610.csv,no_safe_player_match,0,2026-06-21T11:30:44Z
2026-06-10,2026-06-10,Kate Martin,kate martin,kate martin,LAS,SEA,threes_made,0.84,/home/ubuntu/EdgeRanked/sports/wnba/outputs/archive/projections/wnba_projections_20260610.csv,no_safe_player_match,0,2026-06-21T11:30:44Z
2026-06-10,2026-06-10,Kate Martin,kate martin,kate martin,LAS,SEA,steals,0.67,/home/ubuntu/EdgeRanked/sports/wnba/outputs/archive/projections/wnba_projections_20260610.csv,no_safe_player_match,0,2026-06-21T11:30:44Z
2026-06-10,2026-06-10,Kate Martin,kate martin,kate martin,LAS,SEA,blocks,0.15,/home/ubuntu/EdgeRanked/sports/wnba/outputs/archive/projections/wnba_projections_20260610.csv,no_safe_player_match,0,2026-06-21T11:30:44Z
2026-06-10,2026-06-10,Kiki Rice,kiki rice,kiki rice,TOR,CON,points,12.08,/home/ubuntu/EdgeRanked/sports/wnba/outputs/archive/projections/wnba_projections_20260610.csv,missing_projected_or_actual_value,1,2026-06-21T11:30:44Z
2026-06-10,2026-06-10,Kiki Rice,kiki rice,kiki rice,TOR,CON,rebounds,4.76,/home/ubuntu/EdgeRanked/sports/wnba/outputs/archive/projections/wnba_projections_20260610.csv,missing_projected_or_actual_value,1,2026-06-21T11:30:44Z
2026-06-10,2026-06-10,Kiki Rice,kiki rice,kiki rice,TOR,CON,assists,2.79,/home/ubuntu/EdgeRanked/sports/wnba/outputs/archive/projections/wnba_projections_20260610.csv,missing_projected_or_actual_value,1,2026-06-21T11:30:44Z
2026-06-10,2026-06-10,Kiki Rice,kiki rice,kiki rice,TOR,CON,threes_made,0.94,/home/ubuntu/EdgeRanked/sports/wnba/outputs/archive/projections/wnba_projections_20260610.csv,missing_projected_or_actual_value,1,2026-06-21T11:30:44Z
2026-06-10,2026-06-10,Kiki Rice,kiki rice,kiki rice,TOR,CON,steals,1.33,/home/ubuntu/EdgeRanked/sports/wnba/outputs/archive/projections/wnba_projections_20260610.csv,missing_projected_or_actual_value,1,2026-06-21T11:30:44Z
2026-06-10,2026-06-10,Kiki Rice,kiki rice,kiki rice,TOR,CON,blocks,0.35,/home/ubuntu/EdgeRanked/sports/wnba/outputs/archive/projections/wnba_projections_20260610.csv,missing_projected_or_actual_value,1,2026-06-21T11:30:44Z
2026-06-10,2026-06-10,Laura Ziegler,laura ziegler,laura ziegler,LAS,SEA,points,6.73,/home/ubuntu/EdgeRanked/sports/wnba/outputs/archive/projections/wnba_projections_20260610.csv,no_safe_player_match,0,2026-06-21T11:30:44Z
2026-06-10,2026-06-10,Laura Ziegler,laura ziegler,laura ziegler,LAS,SEA,rebounds,3.2,/home/ubuntu/EdgeRanked/sports/wnba/outputs/archive/projections/wnba_projections_20260610.csv,no_safe_player_match,0,2026-06-21T11:30:44Z
2026-06-10,2026-06-10,Laura Ziegler,laura ziegler,laura ziegler,LAS,SEA,assists,1.67,/home/ubuntu/EdgeRanked/sports/wnba/outputs/archive/projections/wnba_projections_20260610.csv,no_safe_player_match,0,2026-06-21T11:30:44Z
2026-06-10,2026-06-10,Laura Ziegler,laura ziegler,laura ziegler,LAS,SEA,threes_made,0.53,/home/ubuntu/EdgeRanked/sports/wnba/outputs/archive/projections/wnba_projections_20260610.csv,no_safe_player_match,0,2026-06-21T11:30:44Z
2026-06-10,2026-06-10,Laura Ziegler,laura ziegler,laura ziegler,LAS,SEA,steals,0.94,/home/ubuntu/EdgeRanked/sports/wnba/outputs/archive/projections/wnba_projections_20260610.csv,no_safe_player_match,0,2026-06-21T11:30:44Z
2026-06-10,2026-06-10,Laura Ziegler,laura ziegler,laura ziegler,LAS,SEA,blocks,0.49,/home/ubuntu/EdgeRanked/sports/wnba/outputs/archive/projections/wnba_projections_20260610.csv,no_safe_player_match,0,2026-06-21T11:30:44Z
2026-06-10,2026-06-10,Lexie Brown,lexie brown,lexie brown,SEA,LAS,points,3.74,/home/ubuntu/EdgeRanked/sports/wnba/outputs/archive/projections/wnba_projections_20260610.csv,no_safe_player_match,0,2026-06-21T11:30:44Z
2026-06-10,2026-06-10,Lexie Brown,lexie brown,lexie brown,SEA,LAS,rebounds,1.42,/home/ubuntu/EdgeRanked/sports/wnba/outputs/archive/projections/wnba_projections_20260610.csv,no_safe_player_match,0,2026-06-21T11:30:44Z
2026-06-10,2026-06-10,Lexie Brown,lexie brown,lexie brown,SEA,LAS,assists,0.86,/home/ubuntu/EdgeRanked/sports/wnba/outputs/archive/projections/wnba_projections_20260610.csv,no_safe_player_match,0,2026-06-21T11:30:44Z
2026-06-10,2026-06-10,Lexie Brown,lexie brown,lexie brown,SEA,LAS,threes_made,1.16,/home/ubuntu/EdgeRanked/sports/wnba/outputs/archive/projections/wnba_projections_20260610.csv,no_safe_player_match,0,2026-06-21T11:30:44Z
2026-06-10,2026-06-10,Lexie Brown,lexie brown,lexie brown,SEA,LAS,steals,0.75,/home/ubuntu/EdgeRanked/sports/wnba/outputs/archive/projections/wnba_projections_20260610.csv,no_safe_player_match,0,2026-06-21T11:30:44Z
2026-06-10,2026-06-10,Lexie Brown,lexie brown,lexie brown,SEA,LAS,blocks,0.24,/home/ubuntu/EdgeRanked/sports/wnba/outputs/archive/projections/wnba_projections_20260610.csv,no_safe_player_match,0,2026-06-21T11:30:44Z
2026-06-10,2026-06-10,Mariella Fasoula,mariella fasoula,mariella fasoula,TOR,CON,points,2.33,/home/ubuntu/EdgeRanked/sports/wnba/outputs/archive/projections/wnba_projections_20260610.csv,no_safe_player_match,0,2026-06-21T11:30:44Z
2026-06-10,2026-06-10,Mariella Fasoula,mariella fasoula,mariella fasoula,TOR,CON,rebounds,1.59,/home/ubuntu/EdgeRanked/sports/wnba/outputs/archive/projections/wnba_projections_20260610.csv,no_safe_player_match,0,2026-06-21T11:30:44Z
2026-06-10,2026-06-10,Mariella Fasoula,mariella fasoula,mariella fasoula,TOR,CON,assists,0.78,/home/ubuntu/EdgeRanked/sports/wnba/outputs/archive/projections/wnba_projections_20260610.csv,no_safe_player_match,0,2026-06-21T11:30:44Z
2026-06-10,2026-06-10,Mariella Fasoula,mariella fasoula,mariella fasoula,TOR,CON,threes_made,0.15,/home/ubuntu/EdgeRanked/sports/wnba/outputs/archive/projections/wnba_projections_20260610.csv,no_safe_player_match,0,2026-06-21T11:30:44Z
2026-06-10,2026-06-10,Mariella Fasoula,mariella fasoula,mariella fasoula,TOR,CON,steals,0.69,/home/ubuntu/EdgeRanked/sports/wnba/outputs/archive/projections/wnba_projections_20260610.csv,no_safe_player_match,0,2026-06-21T11:30:44Z
2026-06-10,2026-06-10,Mariella Fasoula,mariella fasoula,mariella fasoula,TOR,CON,blocks,1.23,/home/ubuntu/EdgeRanked/sports/wnba/outputs/archive/projections/wnba_projections_20260610.csv,no_safe_player_match,0,2026-06-21T11:30:44Z
2026-06-10,2026-06-10,Nikolina Milic,nikolina milic,nikolina milic,TOR,CON,points,2.61,/home/ubuntu/EdgeRanked/sports/wnba/outputs/archive/projections/wnba_projections_20260610.csv,no_safe_player_match,0,2026-06-21T11:30:44Z
2026-06-10,2026-06-10,Nikolina Milic,nikolina milic,nikolina milic,TOR,CON,rebounds,1.73,/home/ubuntu/EdgeRanked/sports/wnba/outputs/archive/projections/wnba_projections_20260610.csv,no_safe_player_match,0,2026-06-21T11:30:44Z
2026-06-10,2026-06-10,Nikolina Milic,nikolina milic,nikolina milic,TOR,CON,assists,0.52,/home/ubuntu/EdgeRanked/sports/wnba/outputs/archive/projections/wnba_projections_20260610.csv,no_safe_player_match,0,2026-06-21T11:30:44Z
2026-06-10,2026-06-10,Nikolina Milic,nikolina milic,nikolina milic,TOR,CON,threes_made,0.16,/home/ubuntu/EdgeRanked/sports/wnba/outputs/archive/projections/wnba_projections_20260610.csv,no_safe_player_match,0,2026-06-21T11:30:44Z
2026-06-10,2026-06-10,Nikolina Milic,nikolina milic,nikolina milic,TOR,CON,steals,0.27,/home/ubuntu/EdgeRanked/sports/wnba/outputs/archive/projections/wnba_projections_20260610.csv,no_safe_player_match,0,2026-06-21T11:30:44Z
2026-06-10,2026-06-10,Nikolina Milic,nikolina milic,nikolina milic,TOR,CON,blocks,0.21,/home/ubuntu/EdgeRanked/sports/wnba/outputs/archive/projections/wnba_projections_20260610.csv,no_safe_player_match,0,2026-06-21T11:30:44Z
2026-06-10,2026-06-10,Sania Feagin,sania feagin,sania feagin,LAS,SEA,points,0.26,/home/ubuntu/EdgeRanked/sports/wnba/outputs/archive/projections/wnba_projections_20260610.csv,missing_projected_or_actual_value,1,2026-06-21T11:30:44Z
2026-06-10,2026-06-10,Sania Feagin,sania feagin,sania feagin,LAS,SEA,rebounds,0.6,/home/ubuntu/EdgeRanked/sports/wnba/outputs/archive/projections/wnba_projections_20260610.csv,missing_projected_or_actual_value,1,2026-06-21T11:30:44Z
2026-06-10,2026-06-10,Sania Feagin,sania feagin,sania feagin,LAS,SEA,assists,0.16,/home/ubuntu/EdgeRanked/sports/wnba/outputs/archive/projections/wnba_projections_20260610.csv,missing_projected_or_actual_value,1,2026-06-21T11:30:44Z
2026-06-10,2026-06-10,Sania Feagin,sania feagin,sania feagin,LAS,SEA,threes_made,0.12,/home/ubuntu/EdgeRanked/sports/wnba/outputs/archive/projections/wnba_projections_20260610.csv,missing_projected_or_actual_value,1,2026-06-21T11:30:44Z
2026-06-10,2026-06-10,Sania Feagin,sania feagin,sania feagin,LAS,SEA,steals,0.31,/home/ubuntu/EdgeRanked/sports/wnba/outputs/archive/projections/wnba_projections_20260610.csv,missing_projected_or_actual_value,1,2026-06-21T11:30:44Z
2026-06-10,2026-06-10,Sania Feagin,sania feagin,sania feagin,LAS,SEA,blocks,0.2,/home/ubuntu/EdgeRanked/sports/wnba/outputs/archive/projections/wnba_projections_20260610.csv,missing_projected_or_actual_value,1,2026-06-21T11:30:44Z
2026-06-10,2026-06-10,Shey Peddy,shey peddy,shey peddy,CON,TOR,points,6.54,/home/ubuntu/EdgeRanked/sports/wnba/outputs/archive/projections/wnba_projections_20260610.csv,no_safe_player_match,0,2026-06-21T11:30:44Z
2026-06-10,2026-06-10,Shey Peddy,shey peddy,shey peddy,CON,TOR,rebounds,3.0,/home/ubuntu/EdgeRanked/sports/wnba/outputs/archive/projections/wnba_projections_20260610.csv,no_safe_player_match,0,2026-06-21T11:30:44Z
2026-06-10,2026-06-10,Shey Peddy,shey peddy,shey peddy,CON,TOR,assists,1.78,/home/ubuntu/EdgeRanked/sports/wnba/outputs/archive/projections/wnba_projections_20260610.csv,no_safe_player_match,0,2026-06-21T11:30:44Z
2026-06-10,2026-06-10,Shey Peddy,shey peddy,shey peddy,CON,TOR,threes_made,0.8,/home/ubuntu/EdgeRanked/sports/wnba/outputs/archive/projections/wnba_projections_20260610.csv,no_safe_player_match,0,2026-06-21T11:30:44Z
2026-06-10,2026-06-10,Shey Peddy,shey peddy,shey peddy,CON,TOR,steals,0.84,/home/ubuntu/EdgeRanked/sports/wnba/outputs/archive/projections/wnba_projections_20260610.csv,no_safe_player_match,0,2026-06-21T11:30:44Z
2026-06-10,2026-06-10,Shey Peddy,shey peddy,shey peddy,CON,TOR,blocks,0.39,/home/ubuntu/EdgeRanked/sports/wnba/outputs/archive/projections/wnba_projections_20260610.csv,no_safe_player_match,0,2026-06-21T11:30:44Z
2026-06-10,2026-06-10,Ta'Niya Latson,ta'niya latson,ta'niya latson,LAS,SEA,points,2.15,/home/ubuntu/EdgeRanked/sports/wnba/outputs/archive/projections/wnba_projections_20260610.csv,missing_projected_or_actual_value,1,2026-06-21T11:30:44Z
2026-06-10,2026-06-10,Ta'Niya Latson,ta'niya latson,ta'niya latson,LAS,SEA,rebounds,1.3,/home/ubuntu/EdgeRanked/sports/wnba/outputs/archive/projections/wnba_projections_20260610.csv,missing_projected_or_actual_value,1,2026-06-21T11:30:44Z
2026-06-10,2026-06-10,Ta'Niya Latson,ta'niya latson,ta'niya latson,LAS,SEA,assists,0.45,/home/ubuntu/EdgeRanked/sports/wnba/outputs/archive/projections/wnba_projections_20260610.csv,missing_projected_or_actual_value,1,2026-06-21T11:30:44Z
2026-06-10,2026-06-10,Ta'Niya Latson,ta'niya latson,ta'niya latson,LAS,SEA,threes_made,0.35,/home/ubuntu/EdgeRanked/sports/wnba/outputs/archive/projections/wnba_projections_20260610.csv,missing_projected_or_actual_value,1,2026-06-21T11:30:44Z
2026-06-10,2026-06-10,Ta'Niya Latson,ta'niya latson,ta'niya latson,LAS,SEA,steals,0.38,/home/ubuntu/EdgeRanked/sports/wnba/outputs/archive/projections/wnba_projections_20260610.csv,missing_projected_or_actual_value,1,2026-06-21T11:30:44Z
2026-06-10,2026-06-10,Ta'Niya Latson,ta'niya latson,ta'niya latson,LAS,SEA,blocks,0.15,/home/ubuntu/EdgeRanked/sports/wnba/outputs/archive/projections/wnba_projections_20260610.csv,missing_projected_or_actual_value,1,2026-06-21T11:30:44Z
2026-06-10,2026-06-10,Taina Mair,taina mair,taina mair,SEA,LAS,points,0.31,/home/ubuntu/EdgeRanked/sports/wnba/outputs/archive/projections/wnba_projections_20260610.csv,no_safe_player_match,0,2026-06-21T11:30:44Z
2026-06-10,2026-06-10,Taina Mair,taina mair,taina mair,SEA,LAS,rebounds,0.67,/home/ubuntu/EdgeRanked/sports/wnba/outputs/archive/projections/wnba_projections_20260610.csv,no_safe_player_match,0,2026-06-21T11:30:44Z
2026-06-10,2026-06-10,Taina Mair,taina mair,taina mair,SEA,LAS,assists,1.13,/home/ubuntu/EdgeRanked/sports/wnba/outputs/archive/projections/wnba_projections_20260610.csv,no_safe_player_match,0,2026-06-21T11:30:44Z
2026-06-10,2026-06-10,Taina Mair,taina mair,taina mair,SEA,LAS,threes_made,0.17,/home/ubuntu/EdgeRanked/sports/wnba/outputs/archive/projections/wnba_projections_20260610.csv,no_safe_player_match,0,2026-06-21T11:30:44Z
2026-06-10,2026-06-10,Taina Mair,taina mair,taina mair,SEA,LAS,steals,0.3,/home/ubuntu/EdgeRanked/sports/wnba/outputs/archive/projections/wnba_projections_20260610.csv,no_safe_player_match,0,2026-06-21T11:30:44Z
2026-06-10,2026-06-10,Taina Mair,taina mair,taina mair,SEA,LAS,blocks,0.15,/home/ubuntu/EdgeRanked/sports/wnba/outputs/archive/projections/wnba_projections_20260610.csv,no_safe_player_match,0,2026-06-21T11:30:44Z
2026-06-10,2026-06-10,Taylor Thierry,taylor thierry,taylor thierry,SEA,LAS,points,2.56,/home/ubuntu/EdgeRanked/sports/wnba/outputs/archive/projections/wnba_projections_20260610.csv,missing_projected_or_actual_value,1,2026-06-21T11:30:44Z
2026-06-10,2026-06-10,Taylor Thierry,taylor thierry,taylor thierry,SEA,LAS,rebounds,1.65,/home/ubuntu/EdgeRanked/sports/wnba/outputs/archive/projections/wnba_projections_20260610.csv,missing_projected_or_actual_value,1,2026-06-21T11:30:44Z
2026-06-10,2026-06-10,Taylor Thierry,taylor thierry,taylor thierry,SEA,LAS,assists,0.23,/home/ubuntu/EdgeRanked/sports/wnba/outputs/archive/projections/wnba_projections_20260610.csv,missing_projected_or_actual_value,1,2026-06-21T11:30:44Z
2026-06-10,2026-06-10,Taylor Thierry,taylor thierry,taylor thierry,SEA,LAS,threes_made,0.93,/home/ubuntu/EdgeRanked/sports/wnba/outputs/archive/projections/wnba_projections_20260610.csv,missing_projected_or_actual_value,1,2026-06-21T11:30:44Z
2026-06-10,2026-06-10,Taylor Thierry,taylor thierry,taylor thierry,SEA,LAS,steals,0.3,/home/ubuntu/EdgeRanked/sports/wnba/outputs/archive/projections/wnba_projections_20260610.csv,missing_projected_or_actual_value,1,2026-06-21T11:30:44Z
2026-06-10,2026-06-10,Taylor Thierry,taylor thierry,taylor thierry,SEA,LAS,blocks,0.17,/home/ubuntu/EdgeRanked/sports/wnba/outputs/archive/projections/wnba_projections_20260610.csv,missing_projected_or_actual_value,1,2026-06-21T11:30:44Z
2026-06-10,2026-06-10,Temi Fagbenle,temi fagbenle,temi fagbenle,TOR,CON,points,2.34,/home/ubuntu/EdgeRanked/sports/wnba/outputs/archive/projections/wnba_projections_20260610.csv,missing_projected_or_actual_value,1,2026-06-21T11:30:44Z
2026-06-10,2026-06-10,Temi Fagbenle,temi fagbenle,temi fagbenle,TOR,CON,rebounds,1.66,/home/ubuntu/EdgeRanked/sports/wnba/outputs/archive/projections/wnba_projections_20260610.csv,missing_projected_or_actual_value,1,2026-06-21T11:30:44Z
2026-06-10,2026-06-10,Temi Fagbenle,temi fagbenle,temi fagbenle,TOR,CON,assists,1.44,/home/ubuntu/EdgeRanked/sports/wnba/outputs/archive/projections/wnba_projections_20260610.csv,missing_projected_or_actual_value,1,2026-06-21T11:30:44Z
2026-06-10,2026-06-10,Temi Fagbenle,temi fagbenle,temi fagbenle,TOR,CON,threes_made,0.23,/home/ubuntu/EdgeRanked/sports/wnba/outputs/archive/projections/wnba_projections_20260610.csv,missing_projected_or_actual_value,1,2026-06-21T11:30:44Z
2026-06-10,2026-06-10,Temi Fagbenle,temi fagbenle,temi fagbenle,TOR,CON,steals,0.7,/home/ubuntu/EdgeRanked/sports/wnba/outputs/archive/projections/wnba_projections_20260610.csv,missing_projected_or_actual_value,1,2026-06-21T11:30:44Z
2026-06-10,2026-06-10,Temi Fagbenle,temi fagbenle,temi fagbenle,TOR,CON,blocks,0.22,/home/ubuntu/EdgeRanked/sports/wnba/outputs/archive/projections/wnba_projections_20260610.csv,missing_projected_or_actual_value,1,2026-06-21T11:30:44Z
2026-06-11,2026-06-11,Alex Fowler,alex fowler,alex fowler,NYL,ATL,points,8.16,/home/ubuntu/EdgeRanked/sports/wnba/outputs/archive/projections/wnba_projections_20260611.csv,no_safe_player_match,0,2026-06-21T11:30:44Z
2026-06-11,2026-06-11,Alex Fowler,alex fowler,alex fowler,NYL,ATL,rebounds,1.03,/home/ubuntu/EdgeRanked/sports/wnba/outputs/archive/projections/wnba_projections_20260611.csv,no_safe_player_match,0,2026-06-21T11:30:44Z
2026-06-11,2026-06-11,Alex Fowler,alex fowler,alex fowler,NYL,ATL,assists,1.08,/home/ubuntu/EdgeRanked/sports/wnba/outputs/archive/projections/wnba_projections_20260611.csv,no_safe_player_match,0,2026-06-21T11:30:44Z
2026-06-11,2026-06-11,Alex Fowler,alex fowler,alex fowler,NYL,ATL,threes_made,1.47,/home/ubuntu/EdgeRanked/sports/wnba/outputs/archive/projections/wnba_projections_20260611.csv,no_safe_player_match,0,2026-06-21T11:30:44Z
2026-06-11,2026-06-11,Alex Fowler,alex fowler,alex fowler,NYL,ATL,steals,0.36,/home/ubuntu/EdgeRanked/sports/wnba/outputs/archive/projections/wnba_projections_20260611.csv,no_safe_player_match,0,2026-06-21T11:30:44Z
2026-06-11,2026-06-11,Alex Fowler,alex fowler,alex fowler,NYL,ATL,blocks,0.17,/home/ubuntu/EdgeRanked/sports/wnba/outputs/archive/projections/wnba_projections_20260611.csv,no_safe_player_match,0,2026-06-21T11:30:44Z
2026-06-11,2026-06-11,Anneli Maley,anneli maley,anneli maley,NYL,ATL,points,0.9,/home/ubuntu/EdgeRanked/sports/wnba/outputs/archive/projections/wnba_projections_20260611.csv,no_safe_player_match,0,2026-06-21T11:30:44Z
2026-06-11,2026-06-11,Anneli Maley,anneli maley,anneli maley,NYL,ATL,rebounds,1.83,/home/ubuntu/EdgeRanked/sports/wnba/outputs/archive/projections/wnba_projections_20260611.csv,no_safe_player_match,0,2026-06-21T11:30:44Z
2026-06-11,2026-06-11,Anneli Maley,anneli maley,anneli maley,NYL,ATL,assists,0.29,/home/ubuntu/EdgeRanked/sports/wnba/outputs/archive/projections/wnba_projections_20260611.csv,no_safe_player_match,0,2026-06-21T11:30:44Z
2026-06-11,2026-06-11,Anneli Maley,anneli maley,anneli maley,NYL,ATL,threes_made,0.25,/home/ubuntu/EdgeRanked/sports/wnba/outputs/archive/projections/wnba_projections_20260611.csv,no_safe_player_match,0,2026-06-21T11:30:44Z
2026-06-11,2026-06-11,Anneli Maley,anneli maley,anneli maley,NYL,ATL,steals,0.71,/home/ubuntu/EdgeRanked/sports/wnba/outputs/archive/projections/wnba_projections_20260611.csv,no_safe_player_match,0,2026-06-21T11:30:44Z
2026-06-11,2026-06-11,Anneli Maley,anneli maley,anneli maley,NYL,ATL,blocks,0.16,/home/ubuntu/EdgeRanked/sports/wnba/outputs/archive/projections/wnba_projections_20260611.csv,no_safe_player_match,0,2026-06-21T11:30:44Z
2026-06-11,2026-06-11,Aubrey Griffin,aubrey griffin,aubrey griffin,NYL,ATL,points,1.54,/home/ubuntu/EdgeRanked/sports/wnba/outputs/archive/projections/wnba_projections_20260611.csv,no_safe_player_match,0,2026-06-21T11:30:44Z
2026-06-11,2026-06-11,Aubrey Griffin,aubrey griffin,aubrey griffin,NYL,ATL,rebounds,0.54,/home/ubuntu/EdgeRanked/sports/wnba/outputs/archive/projections/wnba_projections_20260611.csv,no_safe_player_match,0,2026-06-21T11:30:44Z
2026-06-11,2026-06-11,Aubrey Griffin,aubrey griffin,aubrey griffin,NYL,ATL,assists,0.14,/home/ubuntu/EdgeRanked/sports/wnba/outputs/archive/projections/wnba_projections_20260611.csv,no_safe_player_match,0,2026-06-21T11:30:44Z
2026-06-11,2026-06-11,Aubrey Griffin,aubrey griffin,aubrey griffin,NYL,ATL,threes_made,0.18,/home/ubuntu/EdgeRanked/sports/wnba/outputs/archive/projections/wnba_projections_20260611.csv,no_safe_player_match,0,2026-06-21T11:30:44Z
2026-06-11,2026-06-11,Aubrey Griffin,aubrey griffin,aubrey griffin,NYL,ATL,steals,0.2,/home/ubuntu/EdgeRanked/sports/wnba/outputs/archive/projections/wnba_projections_20260611.csv,no_safe_player_match,0,2026-06-21T11:30:44Z
2026-06-11,2026-06-11,Aubrey Griffin,aubrey griffin,aubrey griffin,NYL,ATL,blocks,0.11,/home/ubuntu/EdgeRanked/sports/wnba/outputs/archive/projections/wnba_projections_20260611.csv,no_safe_player_match,0,2026-06-21T11:30:44Z
2026-06-11,2026-06-11,Bree Hall,bree hall,bree hall,IND,CHI,points,6.09,/home/ubuntu/EdgeRanked/sports/wnba/outputs/archive/projections/wnba_projections_20260611.csv,missing_projected_or_actual_value,1,2026-06-21T11:30:44Z
2026-06-11,2026-06-11,Bree Hall,bree hall,bree hall,IND,CHI,rebounds,2.98,/home/ubuntu/EdgeRanked/sports/wnba/outputs/archive/projections/wnba_projections_20260611.csv,missing_projected_or_actual_value,1,2026-06-21T11:30:44Z
2026-06-11,2026-06-11,Bree Hall,bree hall,bree hall,IND,CHI,assists,2.33,/home/ubuntu/EdgeRanked/sports/wnba/outputs/archive/projections/wnba_projections_20260611.csv,missing_projected_or_actual_value,1,2026-06-21T11:30:44Z
2026-06-11,2026-06-11,Bree Hall,bree hall,bree hall,IND,CHI,threes_made,0.66,/home/ubuntu/EdgeRanked/sports/wnba/outputs/archive/projections/wnba_projections_20260611.csv,missing_projected_or_actual_value,1,2026-06-21T11:30:44Z
2026-06-11,2026-06-11,Bree Hall,bree hall,bree hall,IND,CHI,steals,1.08,/home/ubuntu/EdgeRanked/sports/wnba/outputs/archive/projections/wnba_projections_20260611.csv,missing_projected_or_actual_value,1,2026-06-21T11:30:44Z
2026-06-11,2026-06-11,Bree Hall,bree hall,bree hall,IND,CHI,blocks,0.39,/home/ubuntu/EdgeRanked/sports/wnba/outputs/archive/projections/wnba_projections_20260611.csv,missing_projected_or_actual_value,1,2026-06-21T11:30:44Z
2026-06-11,2026-06-11,Brionna Jones,brionna jones,brionna jones,ATL,NYL,points,15.81,/home/ubuntu/EdgeRanked/sports/wnba/outputs/archive/projections/wnba_projections_20260611.csv,missing_projected_or_actual_value,1,2026-06-21T11:30:44Z
2026-06-11,2026-06-11,Brionna Jones,brionna jones,brionna jones,ATL,NYL,rebounds,7.15,/home/ubuntu/EdgeRanked/sports/wnba/outputs/archive/projections/wnba_projections_20260611.csv,missing_projected_or_actual_value,1,2026-06-21T11:30:44Z
2026-06-11,2026-06-11,Brionna Jones,brionna jones,brionna jones,ATL,NYL,assists,2.46,/home/ubuntu/EdgeRanked/sports/wnba/outputs/archive/projections/wnba_projections_20260611.csv,missing_projected_or_actual_value,1,2026-06-21T11:30:44Z
2026-06-11,2026-06-11,Brionna Jones,brionna jones,brionna jones,ATL,NYL,threes_made,0.62,/home/ubuntu/EdgeRanked/sports/wnba/outputs/archive/projections/wnba_projections_20260611.csv,missing_projected_or_actual_value,1,2026-06-21T11:30:44Z
2026-06-11,2026-06-11,Brionna Jones,brionna jones,brionna jones,ATL,NYL,steals,1.32,/home/ubuntu/EdgeRanked/sports/wnba/outputs/archive/projections/wnba_projections_20260611.csv,missing_projected_or_actual_value,1,2026-06-21T11:30:44Z
2026-06-11,2026-06-11,Brionna Jones,brionna jones,brionna jones,ATL,NYL,blocks,1.72,/home/ubuntu/EdgeRanked/sports/wnba/outputs/archive/projections/wnba_projections_20260611.csv,missing_projected_or_actual_value,1,2026-06-21T11:30:44Z
2026-06-11,2026-06-11,Costanza Verona,costanza verona,costanza verona,DAL,PHX,points,0.5,/home/ubuntu/EdgeRanked/sports/wnba/outputs/archive/projections/wnba_projections_20260611.csv,no_safe_player_match,0,2026-06-21T11:30:44Z
2026-06-11,2026-06-11,Costanza Verona,costanza verona,costanza verona,DAL,PHX,rebounds,0.6,/home/ubuntu/EdgeRanked/sports/wnba/outputs/archive/projections/wnba_projections_20260611.csv,no_safe_player_match,0,2026-06-21T11:30:44Z
2026-06-11,2026-06-11,Costanza Verona,costanza verona,costanza verona,DAL,PHX,assists,0.5,/home/ubuntu/EdgeRanked/sports/wnba/outputs/archive/projections/wnba_projections_20260611.csv,no_safe_player_match,0,2026-06-21T11:30:44Z
2026-06-11,2026-06-11,Costanza Verona,costanza verona,costanza verona,DAL,PHX,threes_made,0.22,/home/ubuntu/EdgeRanked/sports/wnba/outputs/archive/projections/wnba_projections_20260611.csv,no_safe_player_match,0,2026-06-21T11:30:44Z
2026-06-11,2026-06-11,Costanza Verona,costanza verona,costanza verona,DAL,PHX,steals,0.22,/home/ubuntu/EdgeRanked/sports/wnba/outputs/archive/projections/wnba_projections_20260611.csv,no_safe_player_match,0,2026-06-21T11:30:44Z
2026-06-11,2026-06-11,Costanza Verona,costanza verona,costanza verona,DAL,PHX,blocks,0.22,/home/ubuntu/EdgeRanked/sports/wnba/outputs/archive/projections/wnba_projections_20260611.csv,no_safe_player_match,0,2026-06-21T11:30:44Z
2026-06-11,2026-06-11,Courtney Vandersloot,courtney vandersloot,courtney vandersloot,CHI,IND,points,16.35,/home/ubuntu/EdgeRanked/sports/wnba/outputs/archive/projections/wnba_projections_20260611.csv,missing_projected_or_actual_value,1,2026-06-21T11:30:44Z
2026-06-11,2026-06-11,Courtney Vandersloot,courtney vandersloot,courtney vandersloot,CHI,IND,rebounds,4.73,/home/ubuntu/EdgeRanked/sports/wnba/outputs/archive/projections/wnba_projections_20260611.csv,missing_projected_or_actual_value,1,2026-06-21T11:30:44Z
2026-06-11,2026-06-11,Courtney Vandersloot,courtney vandersloot,courtney vandersloot,CHI,IND,assists,4.0,/home/ubuntu/EdgeRanked/sports/wnba/outputs/archive/projections/wnba_projections_20260611.csv,missing_projected_or_actual_value,1,2026-06-21T11:30:44Z
2026-06-11,2026-06-11,Courtney Vandersloot,courtney vandersloot,courtney vandersloot,CHI,IND,threes_made,0.77,/home/ubuntu/EdgeRanked/sports/wnba/outputs/archive/projections/wnba_projections_20260611.csv,missing_projected_or_actual_value,1,2026-06-21T11:30:44Z
2026-06-11,2026-06-11,Courtney Vandersloot,courtney vandersloot,courtney vandersloot,CHI,IND,steals,1.13,/home/ubuntu/EdgeRanked/sports/wnba/outputs/archive/projections/wnba_projections_20260611.csv,missing_projected_or_actual_value,1,2026-06-21T11:30:44Z
2026-06-11,2026-06-11,Courtney Vandersloot,courtney vandersloot,courtney vandersloot,CHI,IND,blocks,0.85,/home/ubuntu/EdgeRanked/sports/wnba/outputs/archive/projections/wnba_projections_20260611.csv,missing_projected_or_actual_value,1,2026-06-21T11:30:44Z
2026-06-11,2026-06-11,Dana Evans,dana evans,dana evans,LVA,POR,points,7.05,/home/ubuntu/EdgeRanked/sports/wnba/outputs/archive/projections/wnba_projections_20260611.csv,missing_projected_or_actual_value,1,2026-06-21T11:30:44Z
2026-06-11,2026-06-11,Dana Evans,dana evans,dana evans,LVA,POR,rebounds,2.94,/home/ubuntu/EdgeRanked/sports/wnba/outputs/archive/projections/wnba_projections_20260611.csv,missing_projected_or_actual_value,1,2026-06-21T11:30:44Z
2026-06-11,2026-06-11,Dana Evans,dana evans,dana evans,LVA,POR,assists,1.65,/home/ubuntu/EdgeRanked/sports/wnba/outputs/archive/projections/wnba_projections_20260611.csv,missing_projected_or_actual_value,1,2026-06-21T11:30:44Z
2026-06-11,2026-06-11,Dana Evans,dana evans,dana evans,LVA,POR,threes_made,0.78,/home/ubuntu/EdgeRanked/sports/wnba/outputs/archive/projections/wnba_projections_20260611.csv,missing_projected_or_actual_value,1,2026-06-21T11:30:44Z
2026-06-11,2026-06-11,Dana Evans,dana evans,dana evans,LVA,POR,steals,0.81,/home/ubuntu/EdgeRanked/sports/wnba/outputs/archive/projections/wnba_projections_20260611.csv,missing_projected_or_actual_value,1,2026-06-21T11:30:44Z
2026-06-11,2026-06-11,Dana Evans,dana evans,dana evans,LVA,POR,blocks,0.35,/home/ubuntu/EdgeRanked/sports/wnba/outputs/archive/projections/wnba_projections_20260611.csv,missing_projected_or_actual_value,1,2026-06-21T11:30:44Z
2026-06-11,2026-06-11,DiJonai Carrington,dijonai carrington,dijonai carrington,CHI,IND,points,10.83,/home/ubuntu/EdgeRanked/sports/wnba/outputs/archive/projections/wnba_projections_20260611.csv,missing_projected_or_actual_value,1,2026-06-21T11:30:44Z
2026-06-11,2026-06-11,DiJonai Carrington,dijonai carrington,dijonai carrington,CHI,IND,rebounds,8.89,/home/ubuntu/EdgeRanked/sports/wnba/outputs/archive/projections/wnba_projections_20260611.csv,missing_projected_or_actual_value,1,2026-06-21T11:30:44Z
2026-06-11,2026-06-11,DiJonai Carrington,dijonai carrington,dijonai carrington,CHI,IND,assists,2.68,/home/ubuntu/EdgeRanked/sports/wnba/outputs/archive/projections/wnba_projections_20260611.csv,missing_projected_or_actual_value,1,2026-06-21T11:30:44Z
2026-06-11,2026-06-11,DiJonai Carrington,dijonai carrington,dijonai carrington,CHI,IND,threes_made,0.93,/home/ubuntu/EdgeRanked/sports/wnba/outputs/archive/projections/wnba_projections_20260611.csv,missing_projected_or_actual_value,1,2026-06-21T11:30:44Z
2026-06-11,2026-06-11,DiJonai Carrington,dijonai carrington,dijonai carrington,CHI,IND,steals,0.71,/home/ubuntu/EdgeRanked/sports/wnba/outputs/archive/projections/wnba_projections_20260611.csv,missing_projected_or_actual_value,1,2026-06-21T11:30:44Z
2026-06-11,2026-06-11,DiJonai Carrington,dijonai carrington,dijonai carrington,CHI,IND,blocks,1.05,/home/ubuntu/EdgeRanked/sports/wnba/outputs/archive/projections/wnba_projections_20260611.csv,missing_projected_or_actual_value,1,2026-06-21T11:30:44Z
2026-06-11,2026-06-11,Dulcy Fankam Mendjiadeu,dulcy fankam mendjiadeu,dulcy fankam mendjiadeu,DAL,PHX,points,6.64,/home/ubuntu/EdgeRanked/sports/wnba/outputs/archive/projections/wnba_projections_20260611.csv,no_safe_player_match,0,2026-06-21T11:30:44Z
2026-06-11,2026-06-11,Dulcy Fankam Mendjiadeu,dulcy fankam mendjiadeu,dulcy fankam mendjiadeu,DAL,PHX,rebounds,2.78,/home/ubuntu/EdgeRanked/sports/wnba/outputs/archive/projections/wnba_projections_20260611.csv,no_safe_player_match,0,2026-06-21T11:30:44Z
2026-06-11,2026-06-11,Dulcy Fankam Mendjiadeu,dulcy fankam mendjiadeu,dulcy fankam mendjiadeu,DAL,PHX,assists,1.78,/home/ubuntu/EdgeRanked/sports/wnba/outputs/archive/projections/wnba_projections_20260611.csv,no_safe_player_match,0,2026-06-21T11:30:44Z
2026-06-11,2026-06-11,Dulcy Fankam Mendjiadeu,dulcy fankam mendjiadeu,dulcy fankam mendjiadeu,DAL,PHX,threes_made,0.73,/home/ubuntu/EdgeRanked/sports/wnba/outputs/archive/projections/wnba_projections_20260611.csv,no_safe_player_match,0,2026-06-21T11:30:44Z
2026-06-11,2026-06-11,Dulcy Fankam Mendjiadeu,dulcy fankam mendjiadeu,dulcy fankam mendjiadeu,DAL,PHX,steals,0.78,/home/ubuntu/EdgeRanked/sports/wnba/outputs/archive/projections/wnba_projections_20260611.csv,no_safe_player_match,0,2026-06-21T11:30:44Z
2026-06-11,2026-06-11,Dulcy Fankam Mendjiadeu,dulcy fankam mendjiadeu,dulcy fankam mendjiadeu,DAL,PHX,blocks,0.36,/home/ubuntu/EdgeRanked/sports/wnba/outputs/archive/projections/wnba_projections_20260611.csv,no_safe_player_match,0,2026-06-21T11:30:44Z
2026-06-11,2026-06-11,Grace VanSlooten,grace vanslooten,grace vanslooten,IND,CHI,points,1.85,/home/ubuntu/EdgeRanked/sports/wnba/outputs/archive/projections/wnba_projections_20260611.csv,missing_projected_or_actual_value,1,2026-06-21T11:30:44Z
2026-06-11,2026-06-11,Grace VanSlooten,grace vanslooten,grace vanslooten,IND,CHI,rebounds,1.14,/home/ubuntu/EdgeRanked/sports/wnba/outputs/archive/projections/wnba_projections_20260611.csv,missing_projected_or_actual_value,1,2026-06-21T11:30:44Z
2026-06-11,2026-06-11,Grace VanSlooten,grace vanslooten,grace vanslooten,IND,CHI,assists,1.02,/home/ubuntu/EdgeRanked/sports/wnba/outputs/archive/projections/wnba_projections_20260611.csv,missing_projected_or_actual_value,1,2026-06-21T11:30:44Z
2026-06-11,2026-06-11,Grace VanSlooten,grace vanslooten,grace vanslooten,IND,CHI,threes_made,0.37,/home/ubuntu/EdgeRanked/sports/wnba/outputs/archive/projections/wnba_projections_20260611.csv,missing_projected_or_actual_value,1,2026-06-21T11:30:44Z
2026-06-11,2026-06-11,Grace VanSlooten,grace vanslooten,grace vanslooten,IND,CHI,steals,0.69,/home/ubuntu/EdgeRanked/sports/wnba/outputs/archive/projections/wnba_projections_20260611.csv,missing_projected_or_actual_value,1,2026-06-21T11:30:44Z
2026-06-11,2026-06-11,Grace VanSlooten,grace vanslooten,grace vanslooten,IND,CHI,blocks,0.55,/home/ubuntu/EdgeRanked/sports/wnba/outputs/archive/projections/wnba_projections_20260611.csv,missing_projected_or_actual_value,1,2026-06-21T11:30:44Z
2026-06-11,2026-06-11,Haley Jones,haley jones,haley jones,POR,LVA,points,5.82,/home/ubuntu/EdgeRanked/sports/wnba/outputs/archive/projections/wnba_projections_20260611.csv,no_safe_player_match,0,2026-06-21T11:30:44Z
2026-06-11,2026-06-11,Haley Jones,haley jones,haley jones,POR,LVA,rebounds,3.29,/home/ubuntu/EdgeRanked/sports/wnba/outputs/archive/projections/wnba_projections_20260611.csv,no_safe_player_match,0,2026-06-21T11:30:44Z
2026-06-11,2026-06-11,Haley Jones,haley jones,haley jones,POR,LVA,assists,2.32,/home/ubuntu/EdgeRanked/sports/wnba/outputs/archive/projections/wnba_projections_20260611.csv,no_safe_player_match,0,2026-06-21T11:30:44Z
2026-06-11,2026-06-11,Haley Jones,haley jones,haley jones,POR,LVA,threes_made,0.47,/home/ubuntu/EdgeRanked/sports/wnba/outputs/archive/projections/wnba_projections_20260611.csv,no_safe_player_match,0,2026-06-21T11:30:44Z
2026-06-11,2026-06-11,Haley Jones,haley jones,haley jones,POR,LVA,steals,0.94,/home/ubuntu/EdgeRanked/sports/wnba/outputs/archive/projections/wnba_projections_20260611.csv,no_safe_player_match,0,2026-06-21T11:30:44Z
2026-06-11,2026-06-11,Haley Jones,haley jones,haley jones,POR,LVA,blocks,0.85,/home/ubuntu/EdgeRanked/sports/wnba/outputs/archive/projections/wnba_projections_20260611.csv,no_safe_player_match,0,2026-06-21T11:30:44Z
2026-06-11,2026-06-11,Holly Winterburn,holly winterburn,holly winterburn,POR,LVA,points,3.35,/home/ubuntu/EdgeRanked/sports/wnba/outputs/archive/projections/wnba_projections_20260611.csv,missing_projected_or_actual_value,1,2026-06-21T11:30:44Z
2026-06-11,2026-06-11,Holly Winterburn,holly winterburn,holly winterburn,POR,LVA,rebounds,2.14,/home/ubuntu/EdgeRanked/sports/wnba/outputs/archive/projections/wnba_projections_20260611.csv,missing_projected_or_actual_value,1,2026-06-21T11:30:44Z
2026-06-11,2026-06-11,Holly Winterburn,holly winterburn,holly winterburn,POR,LVA,assists,2.94,/home/ubuntu/EdgeRanked/sports/wnba/outputs/archive/projections/wnba_projections_20260611.csv,missing_projected_or_actual_value,1,2026-06-21T11:30:44Z
2026-06-11,2026-06-11,Holly Winterburn,holly winterburn,holly winterburn,POR,LVA,threes_made,0.22,/home/ubuntu/EdgeRanked/sports/wnba/outputs/archive/projections/wnba_projections_20260611.csv,missing_projected_or_actual_value,1,2026-06-21T11:30:44Z
2026-06-11,2026-06-11,Holly Winterburn,holly winterburn,holly winterburn,POR,LVA,steals,0.88,/home/ubuntu/EdgeRanked/sports/wnba/outputs/archive/projections/wnba_projections_20260611.csv,missing_projected_or_actual_value,1,2026-06-21T11:30:44Z
2026-06-11,2026-06-11,Holly Winterburn,holly winterburn,holly winterburn,POR,LVA,blocks,0.16,/home/ubuntu/EdgeRanked/sports/wnba/outputs/archive/projections/wnba_projections_20260611.csv,missing_projected_or_actual_value,1,2026-06-21T11:30:44Z
2026-06-11,2026-06-11,Janiah Barker,janiah barker,janiah barker,LVA,POR,points,7.03,/home/ubuntu/EdgeRanked/sports/wnba/outputs/archive/projections/wnba_projections_20260611.csv,missing_projected_or_actual_value,1,2026-06-21T11:30:44Z
2026-06-11,2026-06-11,Janiah Barker,janiah barker,janiah barker,LVA,POR,rebounds,2.9,/home/ubuntu/EdgeRanked/sports/wnba/outputs/archive/projections/wnba_projections_20260611.csv,missing_projected_or_actual_value,1,2026-06-21T11:30:44Z
2026-06-11,2026-06-11,Janiah Barker,janiah barker,janiah barker,LVA,POR,assists,1.67,/home/ubuntu/EdgeRanked/sports/wnba/outputs/archive/projections/wnba_projections_20260611.csv,missing_projected_or_actual_value,1,2026-06-21T11:30:44Z
2026-06-11,2026-06-11,Janiah Barker,janiah barker,janiah barker,LVA,POR,threes_made,0.74,/home/ubuntu/EdgeRanked/sports/wnba/outputs/archive/projections/wnba_projections_20260611.csv,missing_projected_or_actual_value,1,2026-06-21T11:30:44Z
2026-06-11,2026-06-11,Janiah Barker,janiah barker,janiah barker,LVA,POR,steals,0.77,/home/ubuntu/EdgeRanked/sports/wnba/outputs/archive/projections/wnba_projections_20260611.csv,missing_projected_or_actual_value,1,2026-06-21T11:30:44Z
2026-06-11,2026-06-11,Janiah Barker,janiah barker,janiah barker,LVA,POR,blocks,0.34,/home/ubuntu/EdgeRanked/sports/wnba/outputs/archive/projections/wnba_projections_20260611.csv,missing_projected_or_actual_value,1,2026-06-21T11:30:44Z
2026-06-11,2026-06-11,Jordan Harrison,jordan harrison,jordan harrison,POR,LVA,points,3.21,/home/ubuntu/EdgeRanked/sports/wnba/outputs/archive/projections/wnba_projections_20260611.csv,no_safe_player_match,0,2026-06-21T11:30:44Z
2026-06-11,2026-06-11,Jordan Harrison,jordan harrison,jordan harrison,POR,LVA,rebounds,1.2,/home/ubuntu/EdgeRanked/sports/wnba/outputs/archive/projections/wnba_projections_20260611.csv,no_safe_player_match,0,2026-06-21T11:30:44Z
2026-06-11,2026-06-11,Jordan Harrison,jordan harrison,jordan harrison,POR,LVA,assists,3.13,/home/ubuntu/EdgeRanked/sports/wnba/outputs/archive/projections/wnba_projections_20260611.csv,no_safe_player_match,0,2026-06-21T11:30:44Z
2026-06-11,2026-06-11,Jordan Harrison,jordan harrison,jordan harrison,POR,LVA,threes_made,0.16,/home/ubuntu/EdgeRanked/sports/wnba/outputs/archive/projections/wnba_projections_20260611.csv,no_safe_player_match,0,2026-06-21T11:30:44Z
2026-06-11,2026-06-11,Jordan Harrison,jordan harrison,jordan harrison,POR,LVA,steals,0.37,/home/ubuntu/EdgeRanked/sports/wnba/outputs/archive/projections/wnba_projections_20260611.csv,no_safe_player_match,0,2026-06-21T11:30:44Z
2026-06-11,2026-06-11,Jordan Harrison,jordan harrison,jordan harrison,POR,LVA,blocks,0.14,/home/ubuntu/EdgeRanked/sports/wnba/outputs/archive/projections/wnba_projections_20260611.csv,no_safe_player_match,0,2026-06-21T11:30:44Z
2026-06-11,2026-06-11,Julie Vanloo,julie vanloo,julie vanloo,NYL,ATL,points,5.18,/home/ubuntu/EdgeRanked/sports/wnba/outputs/archive/projections/wnba_projections_20260611.csv,no_safe_player_match,0,2026-06-21T11:30:44Z
2026-06-11,2026-06-11,Julie Vanloo,julie vanloo,julie vanloo,NYL,ATL,rebounds,2.37,/home/ubuntu/EdgeRanked/sports/wnba/outputs/archive/projections/wnba_projections_20260611.csv,no_safe_player_match,0,2026-06-21T11:30:44Z
2026-06-11,2026-06-11,Julie Vanloo,julie vanloo,julie vanloo,NYL,ATL,assists,4.17,/home/ubuntu/EdgeRanked/sports/wnba/outputs/archive/projections/wnba_projections_20260611.csv,no_safe_player_match,0,2026-06-21T11:30:44Z
2026-06-11,2026-06-11,Julie Vanloo,julie vanloo,julie vanloo,NYL,ATL,threes_made,1.4,/home/ubuntu/EdgeRanked/sports/wnba/outputs/archive/projections/wnba_projections_20260611.csv,no_safe_player_match,0,2026-06-21T11:30:44Z
2026-06-11,2026-06-11,Julie Vanloo,julie vanloo,julie vanloo,NYL,ATL,steals,0.69,/home/ubuntu/EdgeRanked/sports/wnba/outputs/archive/projections/wnba_projections_20260611.csv,no_safe_player_match,0,2026-06-21T11:30:44Z
2026-06-11,2026-06-11,Julie Vanloo,julie vanloo,julie vanloo,NYL,ATL,blocks,0.19,/home/ubuntu/EdgeRanked/sports/wnba/outputs/archive/projections/wnba_projections_20260611.csv,no_safe_player_match,0,2026-06-21T11:30:44Z
2026-06-11,2026-06-11,Justine Pissott,justine pissott,justine pissott,IND,CHI,points,6.08,/home/ubuntu/EdgeRanked/sports/wnba/outputs/archive/projections/wnba_projections_20260611.csv,no_safe_player_match,0,2026-06-21T11:30:44Z
2026-06-11,2026-06-11,Justine Pissott,justine pissott,justine pissott,IND,CHI,rebounds,2.98,/home/ubuntu/EdgeRanked/sports/wnba/outputs/archive/projections/wnba_projections_20260611.csv,no_safe_player_match,0,2026-06-21T11:30:44Z
2026-06-11,2026-06-11,Justine Pissott,justine pissott,justine pissott,IND,CHI,assists,2.32,/home/ubuntu/EdgeRanked/sports/wnba/outputs/archive/projections/wnba_projections_20260611.csv,no_safe_player_match,0,2026-06-21T11:30:44Z
2026-06-11,2026-06-11,Justine Pissott,justine pissott,justine pissott,IND,CHI,threes_made,0.66,/home/ubuntu/EdgeRanked/sports/wnba/outputs/archive/projections/wnba_projections_20260611.csv,no_safe_player_match,0,2026-06-21T11:30:44Z
2026-06-11,2026-06-11,Justine Pissott,justine pissott,justine pissott,IND,CHI,steals,1.08,/home/ubuntu/EdgeRanked/sports/wnba/outputs/archive/projections/wnba_projections_20260611.csv,no_safe_player_match,0,2026-06-21T11:30:44Z
2026-06-11,2026-06-11,Justine Pissott,justine pissott,justine pissott,IND,CHI,blocks,0.39,/home/ubuntu/EdgeRanked/sports/wnba/outputs/archive/projections/wnba_projections_20260611.csv,no_safe_player_match,0,2026-06-21T11:30:44Z
2026-06-11,2026-06-11,Kamiah Smalls,kamiah smalls,kamiah smalls,POR,LVA,points,5.85,/home/ubuntu/EdgeRanked/sports/wnba/outputs/archive/projections/wnba_projections_20260611.csv,no_safe_player_match,0,2026-06-21T11:30:44Z
2026-06-11,2026-06-11,Kamiah Smalls,kamiah smalls,kamiah smalls,POR,LVA,rebounds,0.4,/home/ubuntu/EdgeRanked/sports/wnba/outputs/archive/projections/wnba_projections_20260611.csv,no_safe_player_match,0,2026-06-21T11:30:44Z
2026-06-11,2026-06-11,Kamiah Smalls,kamiah smalls,kamiah smalls,POR,LVA,assists,2.47,/home/ubuntu/EdgeRanked/sports/wnba/outputs/archive/projections/wnba_projections_20260611.csv,no_safe_player_match,0,2026-06-21T11:30:44Z
2026-06-11,2026-06-11,Kamiah Smalls,kamiah smalls,kamiah smalls,POR,LVA,threes_made,1.87,/home/ubuntu/EdgeRanked/sports/wnba/outputs/archive/projections/wnba_projections_20260611.csv,no_safe_player_match,0,2026-06-21T11:30:44Z
2026-06-11,2026-06-11,Kamiah Smalls,kamiah smalls,kamiah smalls,POR,LVA,steals,0.53,/home/ubuntu/EdgeRanked/sports/wnba/outputs/archive/projections/wnba_projections_20260611.csv,no_safe_player_match,0,2026-06-21T11:30:44Z
2026-06-11,2026-06-11,Kamiah Smalls,kamiah smalls,kamiah smalls,POR,LVA,blocks,0.16,/home/ubuntu/EdgeRanked/sports/wnba/outputs/archive/projections/wnba_projections_20260611.csv,no_safe_player_match,0,2026-06-21T11:30:44Z
2026-06-11,2026-06-11,Kiana Williams,kiana williams,kiana williams,PHX,DAL,points,3.86,/home/ubuntu/EdgeRanked/sports/wnba/outputs/archive/projections/wnba_projections_20260611.csv,no_safe_player_match,0,2026-06-21T11:30:44Z
2026-06-11,2026-06-11,Kiana Williams,kiana williams,kiana williams,PHX,DAL,rebounds,0.82,/home/ubuntu/EdgeRanked/sports/wnba/outputs/archive/projections/wnba_projections_20260611.csv,no_safe_player_match,0,2026-06-21T11:30:44Z
2026-06-11,2026-06-11,Kiana Williams,kiana williams,kiana williams,PHX,DAL,assists,0.94,/home/ubuntu/EdgeRanked/sports/wnba/outputs/archive/projections/wnba_projections_20260611.csv,no_safe_player_match,0,2026-06-21T11:30:44Z
2026-06-11,2026-06-11,Kiana Williams,kiana williams,kiana williams,PHX,DAL,threes_made,1.06,/home/ubuntu/EdgeRanked/sports/wnba/outputs/archive/projections/wnba_projections_20260611.csv,no_safe_player_match,0,2026-06-21T11:30:44Z
2026-06-11,2026-06-11,Kiana Williams,kiana williams,kiana williams,PHX,DAL,steals,0.69,/home/ubuntu/EdgeRanked/sports/wnba/outputs/archive/projections/wnba_projections_20260611.csv,no_safe_player_match,0,2026-06-21T11:30:44Z
2026-06-11,2026-06-11,Kiana Williams,kiana williams,kiana williams,PHX,DAL,blocks,0.22,/home/ubuntu/EdgeRanked/sports/wnba/outputs/archive/projections/wnba_projections_20260611.csv,no_safe_player_match,0,2026-06-21T11:30:44Z
2026-06-11,2026-06-11,Kierstan Bell,kierstan bell,kierstan bell,LVA,POR,points,1.73,/home/ubuntu/EdgeRanked/sports/wnba/outputs/archive/projections/wnba_projections_20260611.csv,missing_projected_or_actual_value,1,2026-06-21T11:30:44Z
2026-06-11,2026-06-11,Kierstan Bell,kierstan bell,kierstan bell,LVA,POR,rebounds,1.69,/home/ubuntu/EdgeRanked/sports/wnba/outputs/archive/projections/wnba_projections_20260611.csv,missing_projected_or_actual_value,1,2026-06-21T11:30:44Z
2026-06-11,2026-06-11,Kierstan Bell,kierstan bell,kierstan bell,LVA,POR,assists,0.63,/home/ubuntu/EdgeRanked/sports/wnba/outputs/archive/projections/wnba_projections_20260611.csv,missing_projected_or_actual_value,1,2026-06-21T11:30:44Z
2026-06-11,2026-06-11,Kierstan Bell,kierstan bell,kierstan bell,LVA,POR,threes_made,0.5,/home/ubuntu/EdgeRanked/sports/wnba/outputs/archive/projections/wnba_projections_20260611.csv,missing_projected_or_actual_value,1,2026-06-21T11:30:44Z
2026-06-11,2026-06-11,Kierstan Bell,kierstan bell,kierstan bell,LVA,POR,steals,0.48,/home/ubuntu/EdgeRanked/sports/wnba/outputs/archive/projections/wnba_projections_20260611.csv,missing_projected_or_actual_value,1,2026-06-21T11:30:44Z
2026-06-11,2026-06-11,Kierstan Bell,kierstan bell,kierstan bell,LVA,POR,blocks,0.49,/home/ubuntu/EdgeRanked/sports/wnba/outputs/archive/projections/wnba_projections_20260611.csv,missing_projected_or_actual_value,1,2026-06-21T11:30:44Z
2026-06-11,2026-06-11,Kyara Linskens,kyara linskens,kyara linskens,PHX,DAL,points,4.39,/home/ubuntu/EdgeRanked/sports/wnba/outputs/archive/projections/wnba_projections_20260611.csv,missing_projected_or_actual_value,1,2026-06-21T11:30:44Z
2026-06-11,2026-06-11,Kyara Linskens,kyara linskens,kyara linskens,PHX,DAL,rebounds,3.02,/home/ubuntu/EdgeRanked/sports/wnba/outputs/archive/projections/wnba_projections_20260611.csv,missing_projected_or_actual_value,1,2026-06-21T11:30:44Z
2026-06-11,2026-06-11,Kyara Linskens,kyara linskens,kyara linskens,PHX,DAL,assists,0.76,/home/ubuntu/EdgeRanked/sports/wnba/outputs/archive/projections/wnba_projections_20260611.csv,missing_projected_or_actual_value,1,2026-06-21T11:30:44Z
2026-06-11,2026-06-11,Kyara Linskens,kyara linskens,kyara linskens,PHX,DAL,threes_made,0.69,/home/ubuntu/EdgeRanked/sports/wnba/outputs/archive/projections/wnba_projections_20260611.csv,missing_projected_or_actual_value,1,2026-06-21T11:30:44Z
2026-06-11,2026-06-11,Kyara Linskens,kyara linskens,kyara linskens,PHX,DAL,steals,0.68,/home/ubuntu/EdgeRanked/sports/wnba/outputs/archive/projections/wnba_projections_20260611.csv,missing_projected_or_actual_value,1,2026-06-21T11:30:44Z
2026-06-11,2026-06-11,Kyara Linskens,kyara linskens,kyara linskens,PHX,DAL,blocks,0.79,/home/ubuntu/EdgeRanked/sports/wnba/outputs/archive/projections/wnba_projections_20260611.csv,missing_projected_or_actual_value,1,2026-06-21T11:30:44Z
2026-06-11,2026-06-11,Marta Suarez,marta suarez,marta suarez,PHX,DAL,points,3.4,/home/ubuntu/EdgeRanked/sports/wnba/outputs/archive/projections/wnba_projections_20260611.csv,no_safe_player_match,0,2026-06-21T11:30:44Z
2026-06-11,2026-06-11,Marta Suarez,marta suarez,marta suarez,PHX,DAL,rebounds,2.16,/home/ubuntu/EdgeRanked/sports/wnba/outputs/archive/projections/wnba_projections_20260611.csv,no_safe_player_match,0,2026-06-21T11:30:44Z
2026-06-11,2026-06-11,Marta Suarez,marta suarez,marta suarez,PHX,DAL,assists,0.53,/home/ubuntu/EdgeRanked/sports/wnba/outputs/archive/projections/wnba_projections_20260611.csv,no_safe_player_match,0,2026-06-21T11:30:44Z
2026-06-11,2026-06-11,Marta Suarez,marta suarez,marta suarez,PHX,DAL,threes_made,1.17,/home/ubuntu/EdgeRanked/sports/wnba/outputs/archive/projections/wnba_projections_20260611.csv,no_safe_player_match,0,2026-06-21T11:30:44Z
2026-06-11,2026-06-11,Marta Suarez,marta suarez,marta suarez,PHX,DAL,steals,0.66,/home/ubuntu/EdgeRanked/sports/wnba/outputs/archive/projections/wnba_projections_20260611.csv,no_safe_player_match,0,2026-06-21T11:30:44Z
2026-06-11,2026-06-11,Marta Suarez,marta suarez,marta suarez,PHX,DAL,blocks,0.14,/home/ubuntu/EdgeRanked/sports/wnba/outputs/archive/projections/wnba_projections_20260611.csv,no_safe_player_match,0,2026-06-21T11:30:44Z
2026-06-11,2026-06-11,Odyssey Sims,odyssey sims,odyssey sims,DAL,PHX,points,5.61,/home/ubuntu/EdgeRanked/sports/wnba/outputs/archive/projections/wnba_projections_20260611.csv,no_safe_player_match,0,2026-06-21T11:30:44Z
2026-06-11,2026-06-11,Odyssey Sims,odyssey sims,odyssey sims,DAL,PHX,rebounds,1.12,/home/ubuntu/EdgeRanked/sports/wnba/outputs/archive/projections/wnba_projections_20260611.csv,no_safe_player_match,0,2026-06-21T11:30:44Z
2026-06-11,2026-06-11,Odyssey Sims,odyssey sims,odyssey sims,DAL,PHX,assists,2.32,/home/ubuntu/EdgeRanked/sports/wnba/outputs/archive/projections/wnba_projections_20260611.csv,no_safe_player_match,0,2026-06-21T11:30:44Z
2026-06-11,2026-06-11,Odyssey Sims,odyssey sims,odyssey sims,DAL,PHX,threes_made,0.54,/home/ubuntu/EdgeRanked/sports/wnba/outputs/archive/projections/wnba_projections_20260611.csv,no_safe_player_match,0,2026-06-21T11:30:44Z
2026-06-11,2026-06-11,Odyssey Sims,odyssey sims,odyssey sims,DAL,PHX,steals,0.82,/home/ubuntu/EdgeRanked/sports/wnba/outputs/archive/projections/wnba_projections_20260611.csv,no_safe_player_match,0,2026-06-21T11:30:44Z
2026-06-11,2026-06-11,Odyssey Sims,odyssey sims,odyssey sims,DAL,PHX,blocks,0.17,/home/ubuntu/EdgeRanked/sports/wnba/outputs/archive/projections/wnba_projections_20260611.csv,no_safe_player_match,0,2026-06-21T11:30:44Z
2026-06-11,2026-06-11,Rebecca Allen,rebecca allen,rebecca allen,NYL,ATL,points,2.48,/home/ubuntu/EdgeRanked/sports/wnba/outputs/archive/projections/wnba_projections_20260611.csv,missing_projected_or_actual_value,1,2026-06-21T11:30:44Z
2026-06-11,2026-06-11,Rebecca Allen,rebecca allen,rebecca allen,NYL,ATL,rebounds,2.17,/home/ubuntu/EdgeRanked/sports/wnba/outputs/archive/projections/wnba_projections_20260611.csv,missing_projected_or_actual_value,1,2026-06-21T11:30:44Z
2026-06-11,2026-06-11,Rebecca Allen,rebecca allen,rebecca allen,NYL,ATL,assists,0.97,/home/ubuntu/EdgeRanked/sports/wnba/outputs/archive/projections/wnba_projections_20260611.csv,missing_projected_or_actual_value,1,2026-06-21T11:30:44Z
2026-06-11,2026-06-11,Rebecca Allen,rebecca allen,rebecca allen,NYL,ATL,threes_made,0.74,/home/ubuntu/EdgeRanked/sports/wnba/outputs/archive/projections/wnba_projections_20260611.csv,missing_projected_or_actual_value,1,2026-06-21T11:30:44Z
2026-06-11,2026-06-11,Rebecca Allen,rebecca allen,rebecca allen,NYL,ATL,steals,0.56,/home/ubuntu/EdgeRanked/sports/wnba/outputs/archive/projections/wnba_projections_20260611.csv,missing_projected_or_actual_value,1,2026-06-21T11:30:44Z
2026-06-11,2026-06-11,Rebecca Allen,rebecca allen,rebecca allen,NYL,ATL,blocks,0.3,/home/ubuntu/EdgeRanked/sports/wnba/outputs/archive/projections/wnba_projections_20260611.csv,missing_projected_or_actual_value,1,2026-06-21T11:30:44Z
2026-06-11,2026-06-11,Rickea Jackson,rickea jackson,rickea jackson,CHI,IND,points,14.45,/home/ubuntu/EdgeRanked/sports/wnba/outputs/archive/projections/wnba_projections_20260611.csv,missing_projected_or_actual_value,1,2026-06-21T11:30:44Z
2026-06-11,2026-06-11,Rickea Jackson,rickea jackson,rickea jackson,CHI,IND,rebounds,3.78,/home/ubuntu/EdgeRanked/sports/wnba/outputs/archive/projections/wnba_projections_20260611.csv,missing_projected_or_actual_value,1,2026-06-21T11:30:44Z
2026-06-11,2026-06-11,Rickea Jackson,rickea jackson,rickea jackson,CHI,IND,assists,1.83,/home/ubuntu/EdgeRanked/sports/wnba/outputs/archive/projections/wnba_projections_20260611.csv,missing_projected_or_actual_value,1,2026-06-21T11:30:44Z
2026-06-11,2026-06-11,Rickea Jackson,rickea jackson,rickea jackson,CHI,IND,threes_made,1.62,/home/ubuntu/EdgeRanked/sports/wnba/outputs/archive/projections/wnba_projections_20260611.csv,missing_projected_or_actual_value,1,2026-06-21T11:30:44Z
2026-06-11,2026-06-11,Rickea Jackson,rickea jackson,rickea jackson,CHI,IND,steals,0.51,/home/ubuntu/EdgeRanked/sports/wnba/outputs/archive/projections/wnba_projections_20260611.csv,missing_projected_or_actual_value,1,2026-06-21T11:30:44Z
2026-06-11,2026-06-11,Rickea Jackson,rickea jackson,rickea jackson,CHI,IND,blocks,1.69,/home/ubuntu/EdgeRanked/sports/wnba/outputs/archive/projections/wnba_projections_20260611.csv,missing_projected_or_actual_value,1,2026-06-21T11:30:44Z
2026-06-11,2026-06-11,Sabrina Ionescu,sabrina ionescu,sabrina ionescu,NYL,ATL,points,15.86,/home/ubuntu/EdgeRanked/sports/wnba/outputs/archive/projections/wnba_projections_20260611.csv,missing_projected_or_actual_value,1,2026-06-21T11:30:44Z
2026-06-11,2026-06-11,Sabrina Ionescu,sabrina ionescu,sabrina ionescu,NYL,ATL,rebounds,5.09,/home/ubuntu/EdgeRanked/sports/wnba/outputs/archive/projections/wnba_projections_20260611.csv,missing_projected_or_actual_value,1,2026-06-21T11:30:44Z
2026-06-11,2026-06-11,Sabrina Ionescu,sabrina ionescu,sabrina ionescu,NYL,ATL,assists,6.74,/home/ubuntu/EdgeRanked/sports/wnba/outputs/archive/projections/wnba_projections_20260611.csv,missing_projected_or_actual_value,1,2026-06-21T11:30:44Z
2026-06-11,2026-06-11,Sabrina Ionescu,sabrina ionescu,sabrina ionescu,NYL,ATL,threes_made,2.38,/home/ubuntu/EdgeRanked/sports/wnba/outputs/archive/projections/wnba_projections_20260611.csv,missing_projected_or_actual_value,1,2026-06-21T11:30:44Z
2026-06-11,2026-06-11,Sabrina Ionescu,sabrina ionescu,sabrina ionescu,NYL,ATL,steals,1.11,/home/ubuntu/EdgeRanked/sports/wnba/outputs/archive/projections/wnba_projections_20260611.csv,missing_projected_or_actual_value,1,2026-06-21T11:30:44Z
2026-06-11,2026-06-11,Sabrina Ionescu,sabrina ionescu,sabrina ionescu,NYL,ATL,blocks,0.43,/home/ubuntu/EdgeRanked/sports/wnba/outputs/archive/projections/wnba_projections_20260611.csv,missing_projected_or_actual_value,1,2026-06-21T11:30:44Z
2026-06-11,2026-06-11,Sami Whitcomb,sami whitcomb,sami whitcomb,PHX,DAL,points,6.77,/home/ubuntu/EdgeRanked/sports/wnba/outputs/archive/projections/wnba_projections_20260611.csv,no_safe_player_match,0,2026-06-21T11:30:44Z
2026-06-11,2026-06-11,Sami Whitcomb,sami whitcomb,sami whitcomb,PHX,DAL,rebounds,2.67,/home/ubuntu/EdgeRanked/sports/wnba/outputs/archive/projections/wnba_projections_20260611.csv,no_safe_player_match,0,2026-06-21T11:30:44Z
2026-06-11,2026-06-11,Sami Whitcomb,sami whitcomb,sami whitcomb,PHX,DAL,assists,1.78,/home/ubuntu/EdgeRanked/sports/wnba/outputs/archive/projections/wnba_projections_20260611.csv,no_safe_player_match,0,2026-06-21T11:30:44Z
2026-06-11,2026-06-11,Sami Whitcomb,sami whitcomb,sami whitcomb,PHX,DAL,threes_made,0.77,/home/ubuntu/EdgeRanked/sports/wnba/outputs/archive/projections/wnba_projections_20260611.csv,no_safe_player_match,0,2026-06-21T11:30:44Z
2026-06-11,2026-06-11,Sami Whitcomb,sami whitcomb,sami whitcomb,PHX,DAL,steals,0.73,/home/ubuntu/EdgeRanked/sports/wnba/outputs/archive/projections/wnba_projections_20260611.csv,no_safe_player_match,0,2026-06-21T11:30:44Z
2026-06-11,2026-06-11,Sami Whitcomb,sami whitcomb,sami whitcomb,PHX,DAL,blocks,0.3,/home/ubuntu/EdgeRanked/sports/wnba/outputs/archive/projections/wnba_projections_20260611.csv,no_safe_player_match,0,2026-06-21T11:30:44Z
2026-06-11,2026-06-11,Saylor Poffenbarger,saylor poffenbarger,saylor poffenbarger,CHI,IND,points,0.46,/home/ubuntu/EdgeRanked/sports/wnba/outputs/archive/projections/wnba_projections_20260611.csv,missing_projected_or_actual_value,1,2026-06-21T11:30:44Z
2026-06-11,2026-06-11,Saylor Poffenbarger,saylor poffenbarger,saylor poffenbarger,CHI,IND,rebounds,1.98,/home/ubuntu/EdgeRanked/sports/wnba/outputs/archive/projections/wnba_projections_20260611.csv,missing_projected_or_actual_value,1,2026-06-21T11:30:44Z
2026-06-11,2026-06-11,Saylor Poffenbarger,saylor poffenbarger,saylor poffenbarger,CHI,IND,assists,0.46,/home/ubuntu/EdgeRanked/sports/wnba/outputs/archive/projections/wnba_projections_20260611.csv,missing_projected_or_actual_value,1,2026-06-21T11:30:44Z
2026-06-11,2026-06-11,Saylor Poffenbarger,saylor poffenbarger,saylor poffenbarger,CHI,IND,threes_made,0.11,/home/ubuntu/EdgeRanked/sports/wnba/outputs/archive/projections/wnba_projections_20260611.csv,missing_projected_or_actual_value,1,2026-06-21T11:30:44Z
2026-06-11,2026-06-11,Saylor Poffenbarger,saylor poffenbarger,saylor poffenbarger,CHI,IND,steals,0.45,/home/ubuntu/EdgeRanked/sports/wnba/outputs/archive/projections/wnba_projections_20260611.csv,missing_projected_or_actual_value,1,2026-06-21T11:30:44Z
2026-06-11,2026-06-11,Saylor Poffenbarger,saylor poffenbarger,saylor poffenbarger,CHI,IND,blocks,0.2,/home/ubuntu/EdgeRanked/sports/wnba/outputs/archive/projections/wnba_projections_20260611.csv,missing_projected_or_actual_value,1,2026-06-21T11:30:44Z
2026-06-11,2026-06-11,Shatori Walker-Kimbrough,shatori walker-kimbrough,shatori walker-kimbrough,IND,CHI,points,0.3,/home/ubuntu/EdgeRanked/sports/wnba/outputs/archive/projections/wnba_projections_20260611.csv,no_safe_player_match,0,2026-06-21T11:30:44Z
2026-06-11,2026-06-11,Shatori Walker-Kimbrough,shatori walker-kimbrough,shatori walker-kimbrough,IND,CHI,rebounds,0.38,/home/ubuntu/EdgeRanked/sports/wnba/outputs/archive/projections/wnba_projections_20260611.csv,no_safe_player_match,0,2026-06-21T11:30:44Z
2026-06-11,2026-06-11,Shatori Walker-Kimbrough,shatori walker-kimbrough,shatori walker-kimbrough,IND,CHI,assists,0.37,/home/ubuntu/EdgeRanked/sports/wnba/outputs/archive/projections/wnba_projections_20260611.csv,no_safe_player_match,0,2026-06-21T11:30:44Z
2026-06-11,2026-06-11,Shatori Walker-Kimbrough,shatori walker-kimbrough,shatori walker-kimbrough,IND,CHI,threes_made,0.15,/home/ubuntu/EdgeRanked/sports/wnba/outputs/archive/projections/wnba_projections_20260611.csv,no_safe_player_match,0,2026-06-21T11:30:44Z
2026-06-11,2026-06-11,Shatori Walker-Kimbrough,shatori walker-kimbrough,shatori walker-kimbrough,IND,CHI,steals,0.28,/home/ubuntu/EdgeRanked/sports/wnba/outputs/archive/projections/wnba_projections_20260611.csv,no_safe_player_match,0,2026-06-21T11:30:44Z
2026-06-11,2026-06-11,Shatori Walker-Kimbrough,shatori walker-kimbrough,shatori walker-kimbrough,IND,CHI,blocks,0.14,/home/ubuntu/EdgeRanked/sports/wnba/outputs/archive/projections/wnba_projections_20260611.csv,no_safe_player_match,0,2026-06-21T11:30:44Z
2026-06-11,2026-06-11,Sophie Cunningham,sophie cunningham,sophie cunningham,IND,CHI,points,8.01,/home/ubuntu/EdgeRanked/sports/wnba/outputs/archive/projections/wnba_projections_20260611.csv,missing_projected_or_actual_value,1,2026-06-21T11:30:44Z
2026-06-11,2026-06-11,Sophie Cunningham,sophie cunningham,sophie cunningham,IND,CHI,rebounds,2.54,/home/ubuntu/EdgeRanked/sports/wnba/outputs/archive/projections/wnba_projections_20260611.csv,missing_projected_or_actual_value,1,2026-06-21T11:30:44Z
2026-06-11,2026-06-11,Sophie Cunningham,sophie cunningham,sophie cunningham,IND,CHI,assists,1.92,/home/ubuntu/EdgeRanked/sports/wnba/outputs/archive/projections/wnba_projections_20260611.csv,missing_projected_or_actual_value,1,2026-06-21T11:30:44Z
2026-06-11,2026-06-11,Sophie Cunningham,sophie cunningham,sophie cunningham,IND,CHI,threes_made,1.08,/home/ubuntu/EdgeRanked/sports/wnba/outputs/archive/projections/wnba_projections_20260611.csv,missing_projected_or_actual_value,1,2026-06-21T11:30:44Z
2026-06-11,2026-06-11,Sophie Cunningham,sophie cunningham,sophie cunningham,IND,CHI,steals,1.0,/home/ubuntu/EdgeRanked/sports/wnba/outputs/archive/projections/wnba_projections_20260611.csv,missing_projected_or_actual_value,1,2026-06-21T11:30:44Z
2026-06-11,2026-06-11,Sophie Cunningham,sophie cunningham,sophie cunningham,IND,CHI,blocks,0.26,/home/ubuntu/EdgeRanked/sports/wnba/outputs/archive/projections/wnba_projections_20260611.csv,missing_projected_or_actual_value,1,2026-06-21T11:30:44Z
2026-06-11,2026-06-11,Sug Sutton,sug sutton,sug sutton,POR,LVA,points,9.31,/home/ubuntu/EdgeRanked/sports/wnba/outputs/archive/projections/wnba_projections_20260611.csv,no_safe_player_match,0,2026-06-21T11:30:44Z
2026-06-11,2026-06-11,Sug Sutton,sug sutton,sug sutton,POR,LVA,rebounds,2.34,/home/ubuntu/EdgeRanked/sports/wnba/outputs/archive/projections/wnba_projections_20260611.csv,no_safe_player_match,0,2026-06-21T11:30:44Z
2026-06-11,2026-06-11,Sug Sutton,sug sutton,sug sutton,POR,LVA,assists,5.68,/home/ubuntu/EdgeRanked/sports/wnba/outputs/archive/projections/wnba_projections_20260611.csv,no_safe_player_match,0,2026-06-21T11:30:44Z
2026-06-11,2026-06-11,Sug Sutton,sug sutton,sug sutton,POR,LVA,threes_made,1.02,/home/ubuntu/EdgeRanked/sports/wnba/outputs/archive/projections/wnba_projections_20260611.csv,no_safe_player_match,0,2026-06-21T11:30:44Z
2026-06-11,2026-06-11,Sug Sutton,sug sutton,sug sutton,POR,LVA,steals,0.94,/home/ubuntu/EdgeRanked/sports/wnba/outputs/archive/projections/wnba_projections_20260611.csv,no_safe_player_match,0,2026-06-21T11:30:44Z
2026-06-11,2026-06-11,Sug Sutton,sug sutton,sug sutton,POR,LVA,blocks,0.21,/home/ubuntu/EdgeRanked/sports/wnba/outputs/archive/projections/wnba_projections_20260611.csv,no_safe_player_match,0,2026-06-21T11:30:44Z
2026-06-11,2026-06-11,Valeriane Ayayi,valeriane ayayi,valeriane ayayi,PHX,DAL,points,2.34,/home/ubuntu/EdgeRanked/sports/wnba/outputs/archive/projections/wnba_projections_20260611.csv,missing_projected_or_actual_value,1,2026-06-21T11:30:44Z
2026-06-11,2026-06-11,Valeriane Ayayi,valeriane ayayi,valeriane ayayi,PHX,DAL,rebounds,1.86,/home/ubuntu/EdgeRanked/sports/wnba/outputs/archive/projections/wnba_projections_20260611.csv,missing_projected_or_actual_value,1,2026-06-21T11:30:44Z
2026-06-11,2026-06-11,Valeriane Ayayi,valeriane ayayi,valeriane ayayi,PHX,DAL,assists,1.36,/home/ubuntu/EdgeRanked/sports/wnba/outputs/archive/projections/wnba_projections_20260611.csv,missing_projected_or_actual_value,1,2026-06-21T11:30:44Z
2026-06-11,2026-06-11,Valeriane Ayayi,valeriane ayayi,valeriane ayayi,PHX,DAL,threes_made,0.35,/home/ubuntu/EdgeRanked/sports/wnba/outputs/archive/projections/wnba_projections_20260611.csv,missing_projected_or_actual_value,1,2026-06-21T11:30:44Z
2026-06-11,2026-06-11,Valeriane Ayayi,valeriane ayayi,valeriane ayayi,PHX,DAL,steals,0.52,/home/ubuntu/EdgeRanked/sports/wnba/outputs/archive/projections/wnba_projections_20260611.csv,missing_projected_or_actual_value,1,2026-06-21T11:30:44Z
2026-06-11,2026-06-11,Valeriane Ayayi,valeriane ayayi,valeriane ayayi,PHX,DAL,blocks,0.12,/home/ubuntu/EdgeRanked/sports/wnba/outputs/archive/projections/wnba_projections_20260611.csv,missing_projected_or_actual_value,1,2026-06-21T11:30:44Z
2026-06-12,2026-06-12,Alex Wilson,alex wilson,alex wilson,WAS,TOR,points,3.37,/home/ubuntu/EdgeRanked/sports/wnba/outputs/archive/projections/wnba_projections_20260612.csv,no_safe_player_match,0,2026-06-21T11:30:44Z
2026-06-12,2026-06-12,Alex Wilson,alex wilson,alex wilson,WAS,TOR,rebounds,1.95,/home/ubuntu/EdgeRanked/sports/wnba/outputs/archive/projections/wnba_projections_20260612.csv,no_safe_player_match,0,2026-06-21T11:30:44Z
2026-06-12,2026-06-12,Alex Wilson,alex wilson,alex wilson,WAS,TOR,assists,0.78,/home/ubuntu/EdgeRanked/sports/wnba/outputs/archive/projections/wnba_projections_20260612.csv,no_safe_player_match,0,2026-06-21T11:30:44Z
2026-06-12,2026-06-12,Alex Wilson,alex wilson,alex wilson,WAS,TOR,threes_made,0.66,/home/ubuntu/EdgeRanked/sports/wnba/outputs/archive/projections/wnba_projections_20260612.csv,no_safe_player_match,0,2026-06-21T11:30:44Z
2026-06-12,2026-06-12,Alex Wilson,alex wilson,alex wilson,WAS,TOR,steals,0.42,/home/ubuntu/EdgeRanked/sports/wnba/outputs/archive/projections/wnba_projections_20260612.csv,no_safe_player_match,0,2026-06-21T11:30:44Z
2026-06-12,2026-06-12,Alex Wilson,alex wilson,alex wilson,WAS,TOR,blocks,0.28,/home/ubuntu/EdgeRanked/sports/wnba/outputs/archive/projections/wnba_projections_20260612.csv,no_safe_player_match,0,2026-06-21T11:30:44Z
2026-06-12,2026-06-12,Alicia Florez Getino,alicia florez getino,alicia florez getino,WAS,TOR,points,7.04,/home/ubuntu/EdgeRanked/sports/wnba/outputs/archive/projections/wnba_projections_20260612.csv,no_safe_player_match,0,2026-06-21T11:30:44Z
2026-06-12,2026-06-12,Alicia Florez Getino,alicia florez getino,alicia florez getino,WAS,TOR,rebounds,2.29,/home/ubuntu/EdgeRanked/sports/wnba/outputs/archive/projections/wnba_projections_20260612.csv,no_safe_player_match,0,2026-06-21T11:30:44Z
2026-06-12,2026-06-12,Alicia Florez Getino,alicia florez getino,alicia florez getino,WAS,TOR,assists,3.93,/home/ubuntu/EdgeRanked/sports/wnba/outputs/archive/projections/wnba_projections_20260612.csv,no_safe_player_match,0,2026-06-21T11:30:44Z
2026-06-12,2026-06-12,Alicia Florez Getino,alicia florez getino,alicia florez getino,WAS,TOR,threes_made,0.51,/home/ubuntu/EdgeRanked/sports/wnba/outputs/archive/projections/wnba_projections_20260612.csv,no_safe_player_match,0,2026-06-21T11:30:44Z
2026-06-12,2026-06-12,Alicia Florez Getino,alicia florez getino,alicia florez getino,WAS,TOR,steals,0.97,/home/ubuntu/EdgeRanked/sports/wnba/outputs/archive/projections/wnba_projections_20260612.csv,no_safe_player_match,0,2026-06-21T11:30:44Z
2026-06-12,2026-06-12,Alicia Florez Getino,alicia florez getino,alicia florez getino,WAS,TOR,blocks,0.24,/home/ubuntu/EdgeRanked/sports/wnba/outputs/archive/projections/wnba_projections_20260612.csv,no_safe_player_match,0,2026-06-21T11:30:44Z
2026-06-12,2026-06-12,Ashten Prechtel,ashten prechtel,ashten prechtel,GSV,SEA,points,4.64,/home/ubuntu/EdgeRanked/sports/wnba/outputs/archive/projections/wnba_projections_20260612.csv,no_safe_player_match,0,2026-06-21T11:30:44Z
2026-06-12,2026-06-12,Ashten Prechtel,ashten prechtel,ashten prechtel,GSV,SEA,rebounds,1.92,/home/ubuntu/EdgeRanked/sports/wnba/outputs/archive/projections/wnba_projections_20260612.csv,no_safe_player_match,0,2026-06-21T11:30:44Z
2026-06-12,2026-06-12,Ashten Prechtel,ashten prechtel,ashten prechtel,GSV,SEA,assists,0.42,/home/ubuntu/EdgeRanked/sports/wnba/outputs/archive/projections/wnba_projections_20260612.csv,no_safe_player_match,0,2026-06-21T11:30:44Z
2026-06-12,2026-06-12,Ashten Prechtel,ashten prechtel,ashten prechtel,GSV,SEA,threes_made,1.13,/home/ubuntu/EdgeRanked/sports/wnba/outputs/archive/projections/wnba_projections_20260612.csv,no_safe_player_match,0,2026-06-21T11:30:44Z
2026-06-12,2026-06-12,Ashten Prechtel,ashten prechtel,ashten prechtel,GSV,SEA,steals,0.15,/home/ubuntu/EdgeRanked/sports/wnba/outputs/archive/projections/wnba_projections_20260612.csv,no_safe_player_match,0,2026-06-21T11:30:44Z
2026-06-12,2026-06-12,Ashten Prechtel,ashten prechtel,ashten prechtel,GSV,SEA,blocks,0.16,/home/ubuntu/EdgeRanked/sports/wnba/outputs/archive/projections/wnba_projections_20260612.csv,no_safe_player_match,0,2026-06-21T11:30:44Z
2026-06-12,2026-06-12,Ezi Magbegor,ezi magbegor,ezi magbegor,SEA,GSV,points,6.36,/home/ubuntu/EdgeRanked/sports/wnba/outputs/archive/projections/wnba_projections_20260612.csv,missing_projected_or_actual_value,1,2026-06-21T11:30:44Z
2026-06-12,2026-06-12,Ezi Magbegor,ezi magbegor,ezi magbegor,SEA,GSV,rebounds,2.8,/home/ubuntu/EdgeRanked/sports/wnba/outputs/archive/projections/wnba_projections_20260612.csv,missing_projected_or_actual_value,1,2026-06-21T11:30:44Z
2026-06-12,2026-06-12,Ezi Magbegor,ezi magbegor,ezi magbegor,SEA,GSV,assists,1.68,/home/ubuntu/EdgeRanked/sports/wnba/outputs/archive/projections/wnba_projections_20260612.csv,missing_projected_or_actual_value,1,2026-06-21T11:30:44Z
2026-06-12,2026-06-12,Ezi Magbegor,ezi magbegor,ezi magbegor,SEA,GSV,threes_made,0.7,/home/ubuntu/EdgeRanked/sports/wnba/outputs/archive/projections/wnba_projections_20260612.csv,missing_projected_or_actual_value,1,2026-06-21T11:30:44Z
2026-06-12,2026-06-12,Ezi Magbegor,ezi magbegor,ezi magbegor,SEA,GSV,steals,0.73,/home/ubuntu/EdgeRanked/sports/wnba/outputs/archive/projections/wnba_projections_20260612.csv,missing_projected_or_actual_value,1,2026-06-21T11:30:44Z
2026-06-12,2026-06-12,Ezi Magbegor,ezi magbegor,ezi magbegor,SEA,GSV,blocks,0.34,/home/ubuntu/EdgeRanked/sports/wnba/outputs/archive/projections/wnba_projections_20260612.csv,missing_projected_or_actual_value,1,2026-06-21T11:30:44Z
2026-06-12,2026-06-12,Iliana Rupert,iliana rupert,iliana rupert,GSV,SEA,points,6.53,/home/ubuntu/EdgeRanked/sports/wnba/outputs/archive/projections/wnba_projections_20260612.csv,no_safe_player_match,0,2026-06-21T11:30:44Z
2026-06-12,2026-06-12,Iliana Rupert,iliana rupert,iliana rupert,GSV,SEA,rebounds,3.26,/home/ubuntu/EdgeRanked/sports/wnba/outputs/archive/projections/wnba_projections_20260612.csv,no_safe_player_match,0,2026-06-21T11:30:44Z
2026-06-12,2026-06-12,Iliana Rupert,iliana rupert,iliana rupert,GSV,SEA,assists,1.65,/home/ubuntu/EdgeRanked/sports/wnba/outputs/archive/projections/wnba_projections_20260612.csv,no_safe_player_match,0,2026-06-21T11:30:44Z
2026-06-12,2026-06-12,Iliana Rupert,iliana rupert,iliana rupert,GSV,SEA,threes_made,0.53,/home/ubuntu/EdgeRanked/sports/wnba/outputs/archive/projections/wnba_projections_20260612.csv,no_safe_player_match,0,2026-06-21T11:30:44Z
2026-06-12,2026-06-12,Iliana Rupert,iliana rupert,iliana rupert,GSV,SEA,steals,0.87,/home/ubuntu/EdgeRanked/sports/wnba/outputs/archive/projections/wnba_projections_20260612.csv,no_safe_player_match,0,2026-06-21T11:30:44Z
2026-06-12,2026-06-12,Iliana Rupert,iliana rupert,iliana rupert,GSV,SEA,blocks,0.49,/home/ubuntu/EdgeRanked/sports/wnba/outputs/archive/projections/wnba_projections_20260612.csv,no_safe_player_match,0,2026-06-21T11:30:44Z
2026-06-12,2026-06-12,Joyner Holmes,joyner holmes,joyner holmes,SEA,GSV,points,2.99,/home/ubuntu/EdgeRanked/sports/wnba/outputs/archive/projections/wnba_projections_20260612.csv,no_safe_player_match,0,2026-06-21T11:30:44Z
2026-06-12,2026-06-12,Joyner Holmes,joyner holmes,joyner holmes,SEA,GSV,rebounds,4.58,/home/ubuntu/EdgeRanked/sports/wnba/outputs/archive/projections/wnba_projections_20260612.csv,no_safe_player_match,0,2026-06-21T11:30:44Z
2026-06-12,2026-06-12,Joyner Holmes,joyner holmes,joyner holmes,SEA,GSV,assists,1.08,/home/ubuntu/EdgeRanked/sports/wnba/outputs/archive/projections/wnba_projections_20260612.csv,no_safe_player_match,0,2026-06-21T11:30:44Z
2026-06-12,2026-06-12,Joyner Holmes,joyner holmes,joyner holmes,SEA,GSV,threes_made,0.14,/home/ubuntu/EdgeRanked/sports/wnba/outputs/archive/projections/wnba_projections_20260612.csv,no_safe_player_match,0,2026-06-21T11:30:44Z
2026-06-12,2026-06-12,Joyner Holmes,joyner holmes,joyner holmes,SEA,GSV,steals,0.39,/home/ubuntu/EdgeRanked/sports/wnba/outputs/archive/projections/wnba_projections_20260612.csv,no_safe_player_match,0,2026-06-21T11:30:44Z
2026-06-12,2026-06-12,Joyner Holmes,joyner holmes,joyner holmes,SEA,GSV,blocks,2.49,/home/ubuntu/EdgeRanked/sports/wnba/outputs/archive/projections/wnba_projections_20260612.csv,no_safe_player_match,0,2026-06-21T11:30:44Z
2026-06-12,2026-06-12,Juste Jocyte,juste jocyte,juste jocyte,GSV,SEA,points,2.78,/home/ubuntu/EdgeRanked/sports/wnba/outputs/archive/projections/wnba_projections_20260612.csv,missing_projected_or_actual_value,1,2026-06-21T11:30:44Z
2026-06-12,2026-06-12,Juste Jocyte,juste jocyte,juste jocyte,GSV,SEA,rebounds,1.5,/home/ubuntu/EdgeRanked/sports/wnba/outputs/archive/projections/wnba_projections_20260612.csv,missing_projected_or_actual_value,1,2026-06-21T11:30:44Z
2026-06-12,2026-06-12,Juste Jocyte,juste jocyte,juste jocyte,GSV,SEA,assists,1.32,/home/ubuntu/EdgeRanked/sports/wnba/outputs/archive/projections/wnba_projections_20260612.csv,missing_projected_or_actual_value,1,2026-06-21T11:30:44Z
2026-06-12,2026-06-12,Juste Jocyte,juste jocyte,juste jocyte,GSV,SEA,threes_made,0.61,/home/ubuntu/EdgeRanked/sports/wnba/outputs/archive/projections/wnba_projections_20260612.csv,missing_projected_or_actual_value,1,2026-06-21T11:30:44Z
2026-06-12,2026-06-12,Juste Jocyte,juste jocyte,juste jocyte,GSV,SEA,steals,0.36,/home/ubuntu/EdgeRanked/sports/wnba/outputs/archive/projections/wnba_projections_20260612.csv,missing_projected_or_actual_value,1,2026-06-21T11:30:44Z
2026-06-12,2026-06-12,Juste Jocyte,juste jocyte,juste jocyte,GSV,SEA,blocks,0.24,/home/ubuntu/EdgeRanked/sports/wnba/outputs/archive/projections/wnba_projections_20260612.csv,missing_projected_or_actual_value,1,2026-06-21T11:30:44Z
2026-06-12,2026-06-12,Kiki Iriafen,kiki iriafen,kiki iriafen,WAS,TOR,points,7.41,/home/ubuntu/EdgeRanked/sports/wnba/outputs/archive/projections/wnba_projections_20260612.csv,missing_projected_or_actual_value,1,2026-06-21T11:30:44Z
2026-06-12,2026-06-12,Kiki Iriafen,kiki iriafen,kiki iriafen,WAS,TOR,rebounds,5.42,/home/ubuntu/EdgeRanked/sports/wnba/outputs/archive/projections/wnba_projections_20260612.csv,missing_projected_or_actual_value,1,2026-06-21T11:30:44Z
2026-06-12,2026-06-12,Kiki Iriafen,kiki iriafen,kiki iriafen,WAS,TOR,assists,0.76,/home/ubuntu/EdgeRanked/sports/wnba/outputs/archive/projections/wnba_projections_20260612.csv,missing_projected_or_actual_value,1,2026-06-21T11:30:44Z
2026-06-12,2026-06-12,Kiki Iriafen,kiki iriafen,kiki iriafen,WAS,TOR,threes_made,0.23,/home/ubuntu/EdgeRanked/sports/wnba/outputs/archive/projections/wnba_projections_20260612.csv,missing_projected_or_actual_value,1,2026-06-21T11:30:44Z
2026-06-12,2026-06-12,Kiki Iriafen,kiki iriafen,kiki iriafen,WAS,TOR,steals,0.38,/home/ubuntu/EdgeRanked/sports/wnba/outputs/archive/projections/wnba_projections_20260612.csv,missing_projected_or_actual_value,1,2026-06-21T11:30:44Z
2026-06-12,2026-06-12,Kiki Iriafen,kiki iriafen,kiki iriafen,WAS,TOR,blocks,0.29,/home/ubuntu/EdgeRanked/sports/wnba/outputs/archive/projections/wnba_projections_20260612.csv,missing_projected_or_actual_value,1,2026-06-21T11:30:44Z
2026-06-12,2026-06-12,Kiki Rice,kiki rice,kiki rice,TOR,WAS,points,13.16,/home/ubuntu/EdgeRanked/sports/wnba/outputs/archive/projections/wnba_projections_20260612.csv,missing_projected_or_actual_value,1,2026-06-21T11:30:44Z
2026-06-12,2026-06-12,Kiki Rice,kiki rice,kiki rice,TOR,WAS,rebounds,4.68,/home/ubuntu/EdgeRanked/sports/wnba/outputs/archive/projections/wnba_projections_20260612.csv,missing_projected_or_actual_value,1,2026-06-21T11:30:44Z
2026-06-12,2026-06-12,Kiki Rice,kiki rice,kiki rice,TOR,WAS,assists,2.66,/home/ubuntu/EdgeRanked/sports/wnba/outputs/archive/projections/wnba_projections_20260612.csv,missing_projected_or_actual_value,1,2026-06-21T11:30:44Z
2026-06-12,2026-06-12,Kiki Rice,kiki rice,kiki rice,TOR,WAS,threes_made,1.0,/home/ubuntu/EdgeRanked/sports/wnba/outputs/archive/projections/wnba_projections_20260612.csv,missing_projected_or_actual_value,1,2026-06-21T11:30:44Z
2026-06-12,2026-06-12,Kiki Rice,kiki rice,kiki rice,TOR,WAS,steals,1.25,/home/ubuntu/EdgeRanked/sports/wnba/outputs/archive/projections/wnba_projections_20260612.csv,missing_projected_or_actual_value,1,2026-06-21T11:30:44Z
2026-06-12,2026-06-12,Kiki Rice,kiki rice,kiki rice,TOR,WAS,blocks,0.27,/home/ubuntu/EdgeRanked/sports/wnba/outputs/archive/projections/wnba_projections_20260612.csv,missing_projected_or_actual_value,1,2026-06-21T11:30:44Z
2026-06-12,2026-06-12,Laeticia Amihere,laeticia amihere,laeticia amihere,GSV,SEA,points,2.47,/home/ubuntu/EdgeRanked/sports/wnba/outputs/archive/projections/wnba_projections_20260612.csv,missing_projected_or_actual_value,1,2026-06-21T11:30:44Z
2026-06-12,2026-06-12,Laeticia Amihere,laeticia amihere,laeticia amihere,GSV,SEA,rebounds,3.47,/home/ubuntu/EdgeRanked/sports/wnba/outputs/archive/projections/wnba_projections_20260612.csv,missing_projected_or_actual_value,1,2026-06-21T11:30:44Z
2026-06-12,2026-06-12,Laeticia Amihere,laeticia amihere,laeticia amihere,GSV,SEA,assists,1.02,/home/ubuntu/EdgeRanked/sports/wnba/outputs/archive/projections/wnba_projections_20260612.csv,missing_projected_or_actual_value,1,2026-06-21T11:30:44Z
2026-06-12,2026-06-12,Laeticia Amihere,laeticia amihere,laeticia amihere,GSV,SEA,threes_made,0.11,/home/ubuntu/EdgeRanked/sports/wnba/outputs/archive/projections/wnba_projections_20260612.csv,missing_projected_or_actual_value,1,2026-06-21T11:30:44Z
2026-06-12,2026-06-12,Laeticia Amihere,laeticia amihere,laeticia amihere,GSV,SEA,steals,0.39,/home/ubuntu/EdgeRanked/sports/wnba/outputs/archive/projections/wnba_projections_20260612.csv,missing_projected_or_actual_value,1,2026-06-21T11:30:44Z
2026-06-12,2026-06-12,Laeticia Amihere,laeticia amihere,laeticia amihere,GSV,SEA,blocks,0.87,/home/ubuntu/EdgeRanked/sports/wnba/outputs/archive/projections/wnba_projections_20260612.csv,missing_projected_or_actual_value,1,2026-06-21T11:30:44Z
2026-06-12,2026-06-12,Lexie Brown,lexie brown,lexie brown,SEA,GSV,points,2.35,/home/ubuntu/EdgeRanked/sports/wnba/outputs/archive/projections/wnba_projections_20260612.csv,no_safe_player_match,0,2026-06-21T11:30:44Z
2026-06-12,2026-06-12,Lexie Brown,lexie brown,lexie brown,SEA,GSV,rebounds,1.07,/home/ubuntu/EdgeRanked/sports/wnba/outputs/archive/projections/wnba_projections_20260612.csv,no_safe_player_match,0,2026-06-21T11:30:44Z
2026-06-12,2026-06-12,Lexie Brown,lexie brown,lexie brown,SEA,GSV,assists,0.67,/home/ubuntu/EdgeRanked/sports/wnba/outputs/archive/projections/wnba_projections_20260612.csv,no_safe_player_match,0,2026-06-21T11:30:44Z
2026-06-12,2026-06-12,Lexie Brown,lexie brown,lexie brown,SEA,GSV,threes_made,0.76,/home/ubuntu/EdgeRanked/sports/wnba/outputs/archive/projections/wnba_projections_20260612.csv,no_safe_player_match,0,2026-06-21T11:30:44Z
2026-06-12,2026-06-12,Lexie Brown,lexie brown,lexie brown,SEA,GSV,steals,0.52,/home/ubuntu/EdgeRanked/sports/wnba/outputs/archive/projections/wnba_projections_20260612.csv,no_safe_player_match,0,2026-06-21T11:30:44Z
2026-06-12,2026-06-12,Lexie Brown,lexie brown,lexie brown,SEA,GSV,blocks,0.14,/home/ubuntu/EdgeRanked/sports/wnba/outputs/archive/projections/wnba_projections_20260612.csv,no_safe_player_match,0,2026-06-21T11:30:44Z
2026-06-12,2026-06-12,Lucy Olsen,lucy olsen,lucy olsen,WAS,TOR,points,3.3,/home/ubuntu/EdgeRanked/sports/wnba/outputs/archive/projections/wnba_projections_20260612.csv,missing_projected_or_actual_value,1,2026-06-21T11:30:44Z
2026-06-12,2026-06-12,Lucy Olsen,lucy olsen,lucy olsen,WAS,TOR,rebounds,1.04,/home/ubuntu/EdgeRanked/sports/wnba/outputs/archive/projections/wnba_projections_20260612.csv,missing_projected_or_actual_value,1,2026-06-21T11:30:44Z
2026-06-12,2026-06-12,Lucy Olsen,lucy olsen,lucy olsen,WAS,TOR,assists,1.77,/home/ubuntu/EdgeRanked/sports/wnba/outputs/archive/projections/wnba_projections_20260612.csv,missing_projected_or_actual_value,1,2026-06-21T11:30:44Z
2026-06-12,2026-06-12,Lucy Olsen,lucy olsen,lucy olsen,WAS,TOR,threes_made,0.54,/home/ubuntu/EdgeRanked/sports/wnba/outputs/archive/projections/wnba_projections_20260612.csv,missing_projected_or_actual_value,1,2026-06-21T11:30:44Z
2026-06-12,2026-06-12,Lucy Olsen,lucy olsen,lucy olsen,WAS,TOR,steals,0.31,/home/ubuntu/EdgeRanked/sports/wnba/outputs/archive/projections/wnba_projections_20260612.csv,missing_projected_or_actual_value,1,2026-06-21T11:30:44Z
2026-06-12,2026-06-12,Lucy Olsen,lucy olsen,lucy olsen,WAS,TOR,blocks,0.15,/home/ubuntu/EdgeRanked/sports/wnba/outputs/archive/projections/wnba_projections_20260612.csv,missing_projected_or_actual_value,1,2026-06-21T11:30:44Z
2026-06-12,2026-06-12,Mariella Fasoula,mariella fasoula,mariella fasoula,TOR,WAS,points,2.11,/home/ubuntu/EdgeRanked/sports/wnba/outputs/archive/projections/wnba_projections_20260612.csv,no_safe_player_match,0,2026-06-21T11:30:44Z
2026-06-12,2026-06-12,Mariella Fasoula,mariella fasoula,mariella fasoula,TOR,WAS,rebounds,1.63,/home/ubuntu/EdgeRanked/sports/wnba/outputs/archive/projections/wnba_projections_20260612.csv,no_safe_player_match,0,2026-06-21T11:30:44Z
2026-06-12,2026-06-12,Mariella Fasoula,mariella fasoula,mariella fasoula,TOR,WAS,assists,0.91,/home/ubuntu/EdgeRanked/sports/wnba/outputs/archive/projections/wnba_projections_20260612.csv,no_safe_player_match,0,2026-06-21T11:30:44Z
2026-06-12,2026-06-12,Mariella Fasoula,mariella fasoula,mariella fasoula,TOR,WAS,threes_made,0.12,/home/ubuntu/EdgeRanked/sports/wnba/outputs/archive/projections/wnba_projections_20260612.csv,no_safe_player_match,0,2026-06-21T11:30:44Z
2026-06-12,2026-06-12,Mariella Fasoula,mariella fasoula,mariella fasoula,TOR,WAS,steals,0.69,/home/ubuntu/EdgeRanked/sports/wnba/outputs/archive/projections/wnba_projections_20260612.csv,no_safe_player_match,0,2026-06-21T11:30:44Z
2026-06-12,2026-06-12,Mariella Fasoula,mariella fasoula,mariella fasoula,TOR,WAS,blocks,0.93,/home/ubuntu/EdgeRanked/sports/wnba/outputs/archive/projections/wnba_projections_20260612.csv,no_safe_player_match,0,2026-06-21T11:30:44Z
2026-06-12,2026-06-12,Miela Sowah,miela sowah,miela sowah,GSV,SEA,points,0.35,/home/ubuntu/EdgeRanked/sports/wnba/outputs/archive/projections/wnba_projections_20260612.csv,no_safe_player_match,0,2026-06-21T11:30:44Z
2026-06-12,2026-06-12,Miela Sowah,miela sowah,miela sowah,GSV,SEA,rebounds,0.63,/home/ubuntu/EdgeRanked/sports/wnba/outputs/archive/projections/wnba_projections_20260612.csv,no_safe_player_match,0,2026-06-21T11:30:44Z
2026-06-12,2026-06-12,Miela Sowah,miela sowah,miela sowah,GSV,SEA,assists,0.08,/home/ubuntu/EdgeRanked/sports/wnba/outputs/archive/projections/wnba_projections_20260612.csv,no_safe_player_match,0,2026-06-21T11:30:44Z
2026-06-12,2026-06-12,Miela Sowah,miela sowah,miela sowah,GSV,SEA,threes_made,0.09,/home/ubuntu/EdgeRanked/sports/wnba/outputs/archive/projections/wnba_projections_20260612.csv,no_safe_player_match,0,2026-06-21T11:30:44Z
2026-06-12,2026-06-12,Miela Sowah,miela sowah,miela sowah,GSV,SEA,steals,0.16,/home/ubuntu/EdgeRanked/sports/wnba/outputs/archive/projections/wnba_projections_20260612.csv,no_safe_player_match,0,2026-06-21T11:30:44Z
2026-06-12,2026-06-12,Miela Sowah,miela sowah,miela sowah,GSV,SEA,blocks,0.16,/home/ubuntu/EdgeRanked/sports/wnba/outputs/archive/projections/wnba_projections_20260612.csv,no_safe_player_match,0,2026-06-21T11:30:44Z
2026-06-12,2026-06-12,Nadia Fingall,nadia fingall,nadia fingall,GSV,SEA,points,6.5,/home/ubuntu/EdgeRanked/sports/wnba/outputs/archive/projections/wnba_projections_20260612.csv,missing_projected_or_actual_value,1,2026-06-21T11:30:44Z
2026-06-12,2026-06-12,Nadia Fingall,nadia fingall,nadia fingall,GSV,SEA,rebounds,3.27,/home/ubuntu/EdgeRanked/sports/wnba/outputs/archive/projections/wnba_projections_20260612.csv,missing_projected_or_actual_value,1,2026-06-21T11:30:44Z
2026-06-12,2026-06-12,Nadia Fingall,nadia fingall,nadia fingall,GSV,SEA,assists,1.67,/home/ubuntu/EdgeRanked/sports/wnba/outputs/archive/projections/wnba_projections_20260612.csv,missing_projected_or_actual_value,1,2026-06-21T11:30:44Z
2026-06-12,2026-06-12,Nadia Fingall,nadia fingall,nadia fingall,GSV,SEA,threes_made,0.51,/home/ubuntu/EdgeRanked/sports/wnba/outputs/archive/projections/wnba_projections_20260612.csv,missing_projected_or_actual_value,1,2026-06-21T11:30:44Z
2026-06-12,2026-06-12,Nadia Fingall,nadia fingall,nadia fingall,GSV,SEA,steals,0.86,/home/ubuntu/EdgeRanked/sports/wnba/outputs/archive/projections/wnba_projections_20260612.csv,missing_projected_or_actual_value,1,2026-06-21T11:30:44Z
2026-06-12,2026-06-12,Nadia Fingall,nadia fingall,nadia fingall,GSV,SEA,blocks,0.47,/home/ubuntu/EdgeRanked/sports/wnba/outputs/archive/projections/wnba_projections_20260612.csv,missing_projected_or_actual_value,1,2026-06-21T11:30:44Z
2026-06-12,2026-06-12,Ndjakalenga Mwenentanda,ndjakalenga mwenentanda,ndjakalenga mwenentanda,GSV,SEA,points,0.3,/home/ubuntu/EdgeRanked/sports/wnba/outputs/archive/projections/wnba_projections_20260612.csv,no_safe_player_match,0,2026-06-21T11:30:44Z
2026-06-12,2026-06-12,Ndjakalenga Mwenentanda,ndjakalenga mwenentanda,ndjakalenga mwenentanda,GSV,SEA,rebounds,1.27,/home/ubuntu/EdgeRanked/sports/wnba/outputs/archive/projections/wnba_projections_20260612.csv,no_safe_player_match,0,2026-06-21T11:30:44Z
2026-06-12,2026-06-12,Ndjakalenga Mwenentanda,ndjakalenga mwenentanda,ndjakalenga mwenentanda,GSV,SEA,assists,0.62,/home/ubuntu/EdgeRanked/sports/wnba/outputs/archive/projections/wnba_projections_20260612.csv,no_safe_player_match,0,2026-06-21T11:30:44Z
2026-06-12,2026-06-12,Ndjakalenga Mwenentanda,ndjakalenga mwenentanda,ndjakalenga mwenentanda,GSV,SEA,threes_made,0.11,/home/ubuntu/EdgeRanked/sports/wnba/outputs/archive/projections/wnba_projections_20260612.csv,no_safe_player_match,0,2026-06-21T11:30:44Z
2026-06-12,2026-06-12,Ndjakalenga Mwenentanda,ndjakalenga mwenentanda,ndjakalenga mwenentanda,GSV,SEA,steals,0.3,/home/ubuntu/EdgeRanked/sports/wnba/outputs/archive/projections/wnba_projections_20260612.csv,no_safe_player_match,0,2026-06-21T11:30:44Z
2026-06-12,2026-06-12,Ndjakalenga Mwenentanda,ndjakalenga mwenentanda,ndjakalenga mwenentanda,GSV,SEA,blocks,0.14,/home/ubuntu/EdgeRanked/sports/wnba/outputs/archive/projections/wnba_projections_20260612.csv,no_safe_player_match,0,2026-06-21T11:30:44Z
2026-06-12,2026-06-12,Nikolina Milic,nikolina milic,nikolina milic,TOR,WAS,points,2.08,/home/ubuntu/EdgeRanked/sports/wnba/outputs/archive/projections/wnba_projections_20260612.csv,no_safe_player_match,0,2026-06-21T11:30:44Z
2026-06-12,2026-06-12,Nikolina Milic,nikolina milic,nikolina milic,TOR,WAS,rebounds,1.7,/home/ubuntu/EdgeRanked/sports/wnba/outputs/archive/projections/wnba_projections_20260612.csv,no_safe_player_match,0,2026-06-21T11:30:44Z
2026-06-12,2026-06-12,Nikolina Milic,nikolina milic,nikolina milic,TOR,WAS,assists,0.46,/home/ubuntu/EdgeRanked/sports/wnba/outputs/archive/projections/wnba_projections_20260612.csv,no_safe_player_match,0,2026-06-21T11:30:44Z
2026-06-12,2026-06-12,Nikolina Milic,nikolina milic,nikolina milic,TOR,WAS,threes_made,0.16,/home/ubuntu/EdgeRanked/sports/wnba/outputs/archive/projections/wnba_projections_20260612.csv,no_safe_player_match,0,2026-06-21T11:30:44Z
2026-06-12,2026-06-12,Nikolina Milic,nikolina milic,nikolina milic,TOR,WAS,steals,0.3,/home/ubuntu/EdgeRanked/sports/wnba/outputs/archive/projections/wnba_projections_20260612.csv,no_safe_player_match,0,2026-06-21T11:30:44Z
2026-06-12,2026-06-12,Nikolina Milic,nikolina milic,nikolina milic,TOR,WAS,blocks,0.17,/home/ubuntu/EdgeRanked/sports/wnba/outputs/archive/projections/wnba_projections_20260612.csv,no_safe_player_match,0,2026-06-21T11:30:44Z
2026-06-12,2026-06-12,Nyara Sabally,nyara sabally,nyara sabally,TOR,WAS,points,12.9,/home/ubuntu/EdgeRanked/sports/wnba/outputs/archive/projections/wnba_projections_20260612.csv,missing_projected_or_actual_value,1,2026-06-21T11:30:44Z
2026-06-12,2026-06-12,Nyara Sabally,nyara sabally,nyara sabally,TOR,WAS,rebounds,6.24,/home/ubuntu/EdgeRanked/sports/wnba/outputs/archive/projections/wnba_projections_20260612.csv,missing_projected_or_actual_value,1,2026-06-21T11:30:44Z
2026-06-12,2026-06-12,Nyara Sabally,nyara sabally,nyara sabally,TOR,WAS,assists,2.26,/home/ubuntu/EdgeRanked/sports/wnba/outputs/archive/projections/wnba_projections_20260612.csv,missing_projected_or_actual_value,1,2026-06-21T11:30:44Z
2026-06-12,2026-06-12,Nyara Sabally,nyara sabally,nyara sabally,TOR,WAS,threes_made,0.66,/home/ubuntu/EdgeRanked/sports/wnba/outputs/archive/projections/wnba_projections_20260612.csv,missing_projected_or_actual_value,1,2026-06-21T11:30:44Z
2026-06-12,2026-06-12,Nyara Sabally,nyara sabally,nyara sabally,TOR,WAS,steals,1.3,/home/ubuntu/EdgeRanked/sports/wnba/outputs/archive/projections/wnba_projections_20260612.csv,missing_projected_or_actual_value,1,2026-06-21T11:30:44Z
2026-06-12,2026-06-12,Nyara Sabally,nyara sabally,nyara sabally,TOR,WAS,blocks,1.3,/home/ubuntu/EdgeRanked/sports/wnba/outputs/archive/projections/wnba_projections_20260612.csv,missing_projected_or_actual_value,1,2026-06-21T11:30:44Z
2026-06-12,2026-06-12,Rori Harmon,rori harmon,rori harmon,WAS,TOR,points,1.0,/home/ubuntu/EdgeRanked/sports/wnba/outputs/archive/projections/wnba_projections_20260612.csv,missing_projected_or_actual_value,1,2026-06-21T11:30:44Z
2026-06-12,2026-06-12,Rori Harmon,rori harmon,rori harmon,WAS,TOR,rebounds,0.9,/home/ubuntu/EdgeRanked/sports/wnba/outputs/archive/projections/wnba_projections_20260612.csv,missing_projected_or_actual_value,1,2026-06-21T11:30:44Z
2026-06-12,2026-06-12,Rori Harmon,rori harmon,rori harmon,WAS,TOR,assists,1.54,/home/ubuntu/EdgeRanked/sports/wnba/outputs/archive/projections/wnba_projections_20260612.csv,missing_projected_or_actual_value,1,2026-06-21T11:30:44Z
2026-06-12,2026-06-12,Rori Harmon,rori harmon,rori harmon,WAS,TOR,threes_made,0.21,/home/ubuntu/EdgeRanked/sports/wnba/outputs/archive/projections/wnba_projections_20260612.csv,missing_projected_or_actual_value,1,2026-06-21T11:30:44Z
2026-06-12,2026-06-12,Rori Harmon,rori harmon,rori harmon,WAS,TOR,steals,0.61,/home/ubuntu/EdgeRanked/sports/wnba/outputs/archive/projections/wnba_projections_20260612.csv,missing_projected_or_actual_value,1,2026-06-21T11:30:44Z
2026-06-12,2026-06-12,Rori Harmon,rori harmon,rori harmon,WAS,TOR,blocks,0.12,/home/ubuntu/EdgeRanked/sports/wnba/outputs/archive/projections/wnba_projections_20260612.csv,missing_projected_or_actual_value,1,2026-06-21T11:30:44Z
2026-06-12,2026-06-12,Taina Mair,taina mair,taina mair,SEA,GSV,points,0.53,/home/ubuntu/EdgeRanked/sports/wnba/outputs/archive/projections/wnba_projections_20260612.csv,no_safe_player_match,0,2026-06-21T11:30:44Z
2026-06-12,2026-06-12,Taina Mair,taina mair,taina mair,SEA,GSV,rebounds,0.42,/home/ubuntu/EdgeRanked/sports/wnba/outputs/archive/projections/wnba_projections_20260612.csv,no_safe_player_match,0,2026-06-21T11:30:44Z
2026-06-12,2026-06-12,Taina Mair,taina mair,taina mair,SEA,GSV,assists,1.08,/home/ubuntu/EdgeRanked/sports/wnba/outputs/archive/projections/wnba_projections_20260612.csv,no_safe_player_match,0,2026-06-21T11:30:44Z
2026-06-12,2026-06-12,Taina Mair,taina mair,taina mair,SEA,GSV,threes_made,0.15,/home/ubuntu/EdgeRanked/sports/wnba/outputs/archive/projections/wnba_projections_20260612.csv,no_safe_player_match,0,2026-06-21T11:30:44Z
2026-06-12,2026-06-12,Taina Mair,taina mair,taina mair,SEA,GSV,steals,0.24,/home/ubuntu/EdgeRanked/sports/wnba/outputs/archive/projections/wnba_projections_20260612.csv,no_safe_player_match,0,2026-06-21T11:30:44Z
2026-06-12,2026-06-12,Taina Mair,taina mair,taina mair,SEA,GSV,blocks,0.08,/home/ubuntu/EdgeRanked/sports/wnba/outputs/archive/projections/wnba_projections_20260612.csv,no_safe_player_match,0,2026-06-21T11:30:44Z
2026-06-12,2026-06-12,Taylor Thierry,taylor thierry,taylor thierry,SEA,GSV,points,2.04,/home/ubuntu/EdgeRanked/sports/wnba/outputs/archive/projections/wnba_projections_20260612.csv,missing_projected_or_actual_value,1,2026-06-21T11:30:44Z
2026-06-12,2026-06-12,Taylor Thierry,taylor thierry,taylor thierry,SEA,GSV,rebounds,1.51,/home/ubuntu/EdgeRanked/sports/wnba/outputs/archive/projections/wnba_projections_20260612.csv,missing_projected_or_actual_value,1,2026-06-21T11:30:44Z
2026-06-12,2026-06-12,Taylor Thierry,taylor thierry,taylor thierry,SEA,GSV,assists,0.13,/home/ubuntu/EdgeRanked/sports/wnba/outputs/archive/projections/wnba_projections_20260612.csv,missing_projected_or_actual_value,1,2026-06-21T11:30:44Z
2026-06-12,2026-06-12,Taylor Thierry,taylor thierry,taylor thierry,SEA,GSV,threes_made,0.91,/home/ubuntu/EdgeRanked/sports/wnba/outputs/archive/projections/wnba_projections_20260612.csv,missing_projected_or_actual_value,1,2026-06-21T11:30:44Z
2026-06-12,2026-06-12,Taylor Thierry,taylor thierry,taylor thierry,SEA,GSV,steals,0.17,/home/ubuntu/EdgeRanked/sports/wnba/outputs/archive/projections/wnba_projections_20260612.csv,missing_projected_or_actual_value,1,2026-06-21T11:30:44Z
2026-06-12,2026-06-12,Taylor Thierry,taylor thierry,taylor thierry,SEA,GSV,blocks,0.12,/home/ubuntu/EdgeRanked/sports/wnba/outputs/archive/projections/wnba_projections_20260612.csv,missing_projected_or_actual_value,1,2026-06-21T11:30:44Z
2026-06-13,2026-06-13,Ashlon Jackson,ashlon jackson,ashlon jackson,CON,IND,points,2.18,/home/ubuntu/EdgeRanked/sports/wnba/outputs/archive/projections/wnba_projections_20260613.csv,missing_projected_or_actual_value,1,2026-06-21T11:30:44Z
2026-06-13,2026-06-13,Ashlon Jackson,ashlon jackson,ashlon jackson,CON,IND,rebounds,1.38,/home/ubuntu/EdgeRanked/sports/wnba/outputs/archive/projections/wnba_projections_20260613.csv,missing_projected_or_actual_value,1,2026-06-21T11:30:44Z
2026-06-13,2026-06-13,Ashlon Jackson,ashlon jackson,ashlon jackson,CON,IND,assists,1.41,/home/ubuntu/EdgeRanked/sports/wnba/outputs/archive/projections/wnba_projections_20260613.csv,missing_projected_or_actual_value,1,2026-06-21T11:30:44Z
2026-06-13,2026-06-13,Ashlon Jackson,ashlon jackson,ashlon jackson,CON,IND,threes_made,0.44,/home/ubuntu/EdgeRanked/sports/wnba/outputs/archive/projections/wnba_projections_20260613.csv,missing_projected_or_actual_value,1,2026-06-21T11:30:44Z
2026-06-13,2026-06-13,Ashlon Jackson,ashlon jackson,ashlon jackson,CON,IND,steals,0.91,/home/ubuntu/EdgeRanked/sports/wnba/outputs/archive/projections/wnba_projections_20260613.csv,missing_projected_or_actual_value,1,2026-06-21T11:30:44Z
2026-06-13,2026-06-13,Ashlon Jackson,ashlon jackson,ashlon jackson,CON,IND,blocks,0.14,/home/ubuntu/EdgeRanked/sports/wnba/outputs/archive/projections/wnba_projections_20260613.csv,missing_projected_or_actual_value,1,2026-06-21T11:30:44Z
2026-06-13,2026-06-13,Bree Hall,bree hall,bree hall,IND,CON,points,6.05,/home/ubuntu/EdgeRanked/sports/wnba/outputs/archive/projections/wnba_projections_20260613.csv,missing_projected_or_actual_value,1,2026-06-21T11:30:44Z
2026-06-13,2026-06-13,Bree Hall,bree hall,bree hall,IND,CON,rebounds,2.95,/home/ubuntu/EdgeRanked/sports/wnba/outputs/archive/projections/wnba_projections_20260613.csv,missing_projected_or_actual_value,1,2026-06-21T11:30:44Z
2026-06-13,2026-06-13,Bree Hall,bree hall,bree hall,IND,CON,assists,1.6,/home/ubuntu/EdgeRanked/sports/wnba/outputs/archive/projections/wnba_projections_20260613.csv,missing_projected_or_actual_value,1,2026-06-21T11:30:44Z
2026-06-13,2026-06-13,Bree Hall,bree hall,bree hall,IND,CON,threes_made,0.64,/home/ubuntu/EdgeRanked/sports/wnba/outputs/archive/projections/wnba_projections_20260613.csv,missing_projected_or_actual_value,1,2026-06-21T11:30:44Z
2026-06-13,2026-06-13,Bree Hall,bree hall,bree hall,IND,CON,steals,0.74,/home/ubuntu/EdgeRanked/sports/wnba/outputs/archive/projections/wnba_projections_20260613.csv,missing_projected_or_actual_value,1,2026-06-21T11:30:44Z
2026-06-13,2026-06-13,Bree Hall,bree hall,bree hall,IND,CON,blocks,0.33,/home/ubuntu/EdgeRanked/sports/wnba/outputs/archive/projections/wnba_projections_20260613.csv,missing_projected_or_actual_value,1,2026-06-21T11:30:44Z
2026-06-13,2026-06-13,Costanza Verona,costanza verona,costanza verona,DAL,POR,points,0.57,/home/ubuntu/EdgeRanked/sports/wnba/outputs/archive/projections/wnba_projections_20260613.csv,missing_projected_or_actual_value,1,2026-06-21T11:30:44Z
2026-06-13,2026-06-13,Costanza Verona,costanza verona,costanza verona,DAL,POR,rebounds,0.75,/home/ubuntu/EdgeRanked/sports/wnba/outputs/archive/projections/wnba_projections_20260613.csv,missing_projected_or_actual_value,1,2026-06-21T11:30:44Z
2026-06-13,2026-06-13,Costanza Verona,costanza verona,costanza verona,DAL,POR,assists,0.44,/home/ubuntu/EdgeRanked/sports/wnba/outputs/archive/projections/wnba_projections_20260613.csv,missing_projected_or_actual_value,1,2026-06-21T11:30:44Z
2026-06-13,2026-06-13,Costanza Verona,costanza verona,costanza verona,DAL,POR,threes_made,0.2,/home/ubuntu/EdgeRanked/sports/wnba/outputs/archive/projections/wnba_projections_20260613.csv,missing_projected_or_actual_value,1,2026-06-21T11:30:44Z
2026-06-13,2026-06-13,Costanza Verona,costanza verona,costanza verona,DAL,POR,steals,0.23,/home/ubuntu/EdgeRanked/sports/wnba/outputs/archive/projections/wnba_projections_20260613.csv,missing_projected_or_actual_value,1,2026-06-21T11:30:44Z
2026-06-13,2026-06-13,Costanza Verona,costanza verona,costanza verona,DAL,POR,blocks,0.2,/home/ubuntu/EdgeRanked/sports/wnba/outputs/archive/projections/wnba_projections_20260613.csv,missing_projected_or_actual_value,1,2026-06-21T11:30:44Z
2026-06-13,2026-06-13,Damiris Dantas,damiris dantas,damiris dantas,IND,CON,points,1.81,/home/ubuntu/EdgeRanked/sports/wnba/outputs/archive/projections/wnba_projections_20260613.csv,missing_projected_or_actual_value,1,2026-06-21T11:30:44Z
2026-06-13,2026-06-13,Damiris Dantas,damiris dantas,damiris dantas,IND,CON,rebounds,0.99,/home/ubuntu/EdgeRanked/sports/wnba/outputs/archive/projections/wnba_projections_20260613.csv,missing_projected_or_actual_value,1,2026-06-21T11:30:44Z
2026-06-13,2026-06-13,Damiris Dantas,damiris dantas,damiris dantas,IND,CON,assists,0.23,/home/ubuntu/EdgeRanked/sports/wnba/outputs/archive/projections/wnba_projections_20260613.csv,missing_projected_or_actual_value,1,2026-06-21T11:30:44Z
2026-06-13,2026-06-13,Damiris Dantas,damiris dantas,damiris dantas,IND,CON,threes_made,0.77,/home/ubuntu/EdgeRanked/sports/wnba/outputs/archive/projections/wnba_projections_20260613.csv,missing_projected_or_actual_value,1,2026-06-21T11:30:44Z
2026-06-13,2026-06-13,Damiris Dantas,damiris dantas,damiris dantas,IND,CON,steals,0.36,/home/ubuntu/EdgeRanked/sports/wnba/outputs/archive/projections/wnba_projections_20260613.csv,missing_projected_or_actual_value,1,2026-06-21T11:30:44Z
2026-06-13,2026-06-13,Damiris Dantas,damiris dantas,damiris dantas,IND,CON,blocks,0.17,/home/ubuntu/EdgeRanked/sports/wnba/outputs/archive/projections/wnba_projections_20260613.csv,missing_projected_or_actual_value,1,2026-06-21T11:30:44Z
2026-06-13,2026-06-13,Dana Evans,dana evans,dana evans,LVA,MIN,points,7.36,/home/ubuntu/EdgeRanked/sports/wnba/outputs/archive/projections/wnba_projections_20260613.csv,no_safe_player_match,0,2026-06-21T11:30:44Z
2026-06-13,2026-06-13,Dana Evans,dana evans,dana evans,LVA,MIN,rebounds,2.82,/home/ubuntu/EdgeRanked/sports/wnba/outputs/archive/projections/wnba_projections_20260613.csv,no_safe_player_match,0,2026-06-21T11:30:44Z
2026-06-13,2026-06-13,Dana Evans,dana evans,dana evans,LVA,MIN,assists,1.62,/home/ubuntu/EdgeRanked/sports/wnba/outputs/archive/projections/wnba_projections_20260613.csv,no_safe_player_match,0,2026-06-21T11:30:44Z
2026-06-13,2026-06-13,Dana Evans,dana evans,dana evans,LVA,MIN,threes_made,0.68,/home/ubuntu/EdgeRanked/sports/wnba/outputs/archive/projections/wnba_projections_20260613.csv,no_safe_player_match,0,2026-06-21T11:30:44Z
2026-06-13,2026-06-13,Dana Evans,dana evans,dana evans,LVA,MIN,steals,0.76,/home/ubuntu/EdgeRanked/sports/wnba/outputs/archive/projections/wnba_projections_20260613.csv,no_safe_player_match,0,2026-06-21T11:30:44Z
2026-06-13,2026-06-13,Dana Evans,dana evans,dana evans,LVA,MIN,blocks,0.32,/home/ubuntu/EdgeRanked/sports/wnba/outputs/archive/projections/wnba_projections_20260613.csv,no_safe_player_match,0,2026-06-21T11:30:44Z
2026-06-13,2026-06-13,Dorka Juhasz,dorka juhasz,dorka juhasz,MIN,LVA,points,6.42,/home/ubuntu/EdgeRanked/sports/wnba/outputs/archive/projections/wnba_projections_20260613.csv,no_safe_player_match,0,2026-06-21T11:30:44Z
2026-06-13,2026-06-13,Dorka Juhasz,dorka juhasz,dorka juhasz,MIN,LVA,rebounds,3.11,/home/ubuntu/EdgeRanked/sports/wnba/outputs/archive/projections/wnba_projections_20260613.csv,no_safe_player_match,0,2026-06-21T11:30:44Z
2026-06-13,2026-06-13,Dorka Juhasz,dorka juhasz,dorka juhasz,MIN,LVA,assists,1.73,/home/ubuntu/EdgeRanked/sports/wnba/outputs/archive/projections/wnba_projections_20260613.csv,no_safe_player_match,0,2026-06-21T11:30:44Z
2026-06-13,2026-06-13,Dorka Juhasz,dorka juhasz,dorka juhasz,MIN,LVA,threes_made,0.67,/home/ubuntu/EdgeRanked/sports/wnba/outputs/archive/projections/wnba_projections_20260613.csv,no_safe_player_match,0,2026-06-21T11:30:44Z
2026-06-13,2026-06-13,Dorka Juhasz,dorka juhasz,dorka juhasz,MIN,LVA,steals,0.71,/home/ubuntu/EdgeRanked/sports/wnba/outputs/archive/projections/wnba_projections_20260613.csv,no_safe_player_match,0,2026-06-21T11:30:44Z
2026-06-13,2026-06-13,Dorka Juhasz,dorka juhasz,dorka juhasz,MIN,LVA,blocks,0.32,/home/ubuntu/EdgeRanked/sports/wnba/outputs/archive/projections/wnba_projections_20260613.csv,no_safe_player_match,0,2026-06-21T11:30:44Z
2026-06-13,2026-06-13,Dulcy Fankam Mendjiadeu,dulcy fankam mendjiadeu,dulcy fankam mendjiadeu,DAL,POR,points,6.64,/home/ubuntu/EdgeRanked/sports/wnba/outputs/archive/projections/wnba_projections_20260613.csv,no_safe_player_match,0,2026-06-21T11:30:44Z
2026-06-13,2026-06-13,Dulcy Fankam Mendjiadeu,dulcy fankam mendjiadeu,dulcy fankam mendjiadeu,DAL,POR,rebounds,2.96,/home/ubuntu/EdgeRanked/sports/wnba/outputs/archive/projections/wnba_projections_20260613.csv,no_safe_player_match,0,2026-06-21T11:30:44Z
2026-06-13,2026-06-13,Dulcy Fankam Mendjiadeu,dulcy fankam mendjiadeu,dulcy fankam mendjiadeu,DAL,POR,assists,1.65,/home/ubuntu/EdgeRanked/sports/wnba/outputs/archive/projections/wnba_projections_20260613.csv,no_safe_player_match,0,2026-06-21T11:30:44Z
2026-06-13,2026-06-13,Dulcy Fankam Mendjiadeu,dulcy fankam mendjiadeu,dulcy fankam mendjiadeu,DAL,POR,threes_made,0.77,/home/ubuntu/EdgeRanked/sports/wnba/outputs/archive/projections/wnba_projections_20260613.csv,no_safe_player_match,0,2026-06-21T11:30:44Z
2026-06-13,2026-06-13,Dulcy Fankam Mendjiadeu,dulcy fankam mendjiadeu,dulcy fankam mendjiadeu,DAL,POR,steals,0.81,/home/ubuntu/EdgeRanked/sports/wnba/outputs/archive/projections/wnba_projections_20260613.csv,no_safe_player_match,0,2026-06-21T11:30:44Z
2026-06-13,2026-06-13,Dulcy Fankam Mendjiadeu,dulcy fankam mendjiadeu,dulcy fankam mendjiadeu,DAL,POR,blocks,0.38,/home/ubuntu/EdgeRanked/sports/wnba/outputs/archive/projections/wnba_projections_20260613.csv,no_safe_player_match,0,2026-06-21T11:30:44Z
2026-06-13,2026-06-13,Eliska Hamzova,eliska hamzova,eliska hamzova,MIN,LVA,points,2.59,/home/ubuntu/EdgeRanked/sports/wnba/outputs/archive/projections/wnba_projections_20260613.csv,no_safe_player_match,0,2026-06-21T11:30:44Z
2026-06-13,2026-06-13,Eliska Hamzova,eliska hamzova,eliska hamzova,MIN,LVA,rebounds,3.19,/home/ubuntu/EdgeRanked/sports/wnba/outputs/archive/projections/wnba_projections_20260613.csv,no_safe_player_match,0,2026-06-21T11:30:44Z
2026-06-13,2026-06-13,Eliska Hamzova,eliska hamzova,eliska hamzova,MIN,LVA,assists,0.7,/home/ubuntu/EdgeRanked/sports/wnba/outputs/archive/projections/wnba_projections_20260613.csv,no_safe_player_match,0,2026-06-21T11:30:44Z
2026-06-13,2026-06-13,Eliska Hamzova,eliska hamzova,eliska hamzova,MIN,LVA,threes_made,0.08,/home/ubuntu/EdgeRanked/sports/wnba/outputs/archive/projections/wnba_projections_20260613.csv,no_safe_player_match,0,2026-06-21T11:30:44Z
2026-06-13,2026-06-13,Eliska Hamzova,eliska hamzova,eliska hamzova,MIN,LVA,steals,0.21,/home/ubuntu/EdgeRanked/sports/wnba/outputs/archive/projections/wnba_projections_20260613.csv,no_safe_player_match,0,2026-06-21T11:30:44Z
2026-06-13,2026-06-13,Eliska Hamzova,eliska hamzova,eliska hamzova,MIN,LVA,blocks,0.29,/home/ubuntu/EdgeRanked/sports/wnba/outputs/archive/projections/wnba_projections_20260613.csv,no_safe_player_match,0,2026-06-21T11:30:44Z
2026-06-13,2026-06-13,Emese Hof,emese hof,emese hof,MIN,LVA,points,2.04,/home/ubuntu/EdgeRanked/sports/wnba/outputs/archive/projections/wnba_projections_20260613.csv,no_safe_player_match,0,2026-06-21T11:30:44Z
2026-06-13,2026-06-13,Emese Hof,emese hof,emese hof,MIN,LVA,rebounds,1.88,/home/ubuntu/EdgeRanked/sports/wnba/outputs/archive/projections/wnba_projections_20260613.csv,no_safe_player_match,0,2026-06-21T11:30:44Z
2026-06-13,2026-06-13,Emese Hof,emese hof,emese hof,MIN,LVA,assists,0.77,/home/ubuntu/EdgeRanked/sports/wnba/outputs/archive/projections/wnba_projections_20260613.csv,no_safe_player_match,0,2026-06-21T11:30:44Z
2026-06-13,2026-06-13,Emese Hof,emese hof,emese hof,MIN,LVA,threes_made,0.1,/home/ubuntu/EdgeRanked/sports/wnba/outputs/archive/projections/wnba_projections_20260613.csv,no_safe_player_match,0,2026-06-21T11:30:44Z
2026-06-13,2026-06-13,Emese Hof,emese hof,emese hof,MIN,LVA,steals,0.26,/home/ubuntu/EdgeRanked/sports/wnba/outputs/archive/projections/wnba_projections_20260613.csv,no_safe_player_match,0,2026-06-21T11:30:44Z
2026-06-13,2026-06-13,Emese Hof,emese hof,emese hof,MIN,LVA,blocks,0.14,/home/ubuntu/EdgeRanked/sports/wnba/outputs/archive/projections/wnba_projections_20260613.csv,no_safe_player_match,0,2026-06-21T11:30:44Z
2026-06-13,2026-06-13,Emma Cannon,emma cannon,emma cannon,LAS,PHX,points,0.38,/home/ubuntu/EdgeRanked/sports/wnba/outputs/archive/projections/wnba_projections_20260613.csv,missing_projected_or_actual_value,1,2026-06-21T11:30:44Z
2026-06-13,2026-06-13,Emma Cannon,emma cannon,emma cannon,LAS,PHX,rebounds,0.18,/home/ubuntu/EdgeRanked/sports/wnba/outputs/archive/projections/wnba_projections_20260613.csv,missing_projected_or_actual_value,1,2026-06-21T11:30:44Z
2026-06-13,2026-06-13,Emma Cannon,emma cannon,emma cannon,LAS,PHX,assists,0.12,/home/ubuntu/EdgeRanked/sports/wnba/outputs/archive/projections/wnba_projections_20260613.csv,missing_projected_or_actual_value,1,2026-06-21T11:30:44Z
2026-06-13,2026-06-13,Emma Cannon,emma cannon,emma cannon,LAS,PHX,threes_made,0.13,/home/ubuntu/EdgeRanked/sports/wnba/outputs/archive/projections/wnba_projections_20260613.csv,missing_projected_or_actual_value,1,2026-06-21T11:30:44Z
2026-06-13,2026-06-13,Emma Cannon,emma cannon,emma cannon,LAS,PHX,steals,0.21,/home/ubuntu/EdgeRanked/sports/wnba/outputs/archive/projections/wnba_projections_20260613.csv,missing_projected_or_actual_value,1,2026-06-21T11:30:44Z
2026-06-13,2026-06-13,Emma Cannon,emma cannon,emma cannon,LAS,PHX,blocks,0.17,/home/ubuntu/EdgeRanked/sports/wnba/outputs/archive/projections/wnba_projections_20260613.csv,missing_projected_or_actual_value,1,2026-06-21T11:30:44Z
2026-06-13,2026-06-13,Emma Cechova,emma cechova,emma cechova,MIN,LVA,points,6.06,/home/ubuntu/EdgeRanked/sports/wnba/outputs/archive/projections/wnba_projections_20260613.csv,no_safe_player_match,0,2026-06-21T11:30:44Z
2026-06-13,2026-06-13,Emma Cechova,emma cechova,emma cechova,MIN,LVA,rebounds,4.41,/home/ubuntu/EdgeRanked/sports/wnba/outputs/archive/projections/wnba_projections_20260613.csv,no_safe_player_match,0,2026-06-21T11:30:44Z
2026-06-13,2026-06-13,Emma Cechova,emma cechova,emma cechova,MIN,LVA,assists,0.37,/home/ubuntu/EdgeRanked/sports/wnba/outputs/archive/projections/wnba_projections_20260613.csv,no_safe_player_match,0,2026-06-21T11:30:44Z
2026-06-13,2026-06-13,Emma Cechova,emma cechova,emma cechova,MIN,LVA,threes_made,0.19,/home/ubuntu/EdgeRanked/sports/wnba/outputs/archive/projections/wnba_projections_20260613.csv,no_safe_player_match,0,2026-06-21T11:30:44Z
2026-06-13,2026-06-13,Emma Cechova,emma cechova,emma cechova,MIN,LVA,steals,0.48,/home/ubuntu/EdgeRanked/sports/wnba/outputs/archive/projections/wnba_projections_20260613.csv,no_safe_player_match,0,2026-06-21T11:30:44Z
2026-06-13,2026-06-13,Emma Cechova,emma cechova,emma cechova,MIN,LVA,blocks,0.54,/home/ubuntu/EdgeRanked/sports/wnba/outputs/archive/projections/wnba_projections_20260613.csv,no_safe_player_match,0,2026-06-21T11:30:44Z
2026-06-13,2026-06-13,Gianna Kneepkens,gianna kneepkens,gianna kneepkens,CON,IND,points,2.03,/home/ubuntu/EdgeRanked/sports/wnba/outputs/archive/projections/wnba_projections_20260613.csv,missing_projected_or_actual_value,1,2026-06-21T11:30:44Z
2026-06-13,2026-06-13,Gianna Kneepkens,gianna kneepkens,gianna kneepkens,CON,IND,rebounds,0.74,/home/ubuntu/EdgeRanked/sports/wnba/outputs/archive/projections/wnba_projections_20260613.csv,missing_projected_or_actual_value,1,2026-06-21T11:30:44Z
2026-06-13,2026-06-13,Gianna Kneepkens,gianna kneepkens,gianna kneepkens,CON,IND,assists,0.48,/home/ubuntu/EdgeRanked/sports/wnba/outputs/archive/projections/wnba_projections_20260613.csv,missing_projected_or_actual_value,1,2026-06-21T11:30:44Z
2026-06-13,2026-06-13,Gianna Kneepkens,gianna kneepkens,gianna kneepkens,CON,IND,threes_made,0.16,/home/ubuntu/EdgeRanked/sports/wnba/outputs/archive/projections/wnba_projections_20260613.csv,missing_projected_or_actual_value,1,2026-06-21T11:30:44Z
2026-06-13,2026-06-13,Gianna Kneepkens,gianna kneepkens,gianna kneepkens,CON,IND,steals,0.2,/home/ubuntu/EdgeRanked/sports/wnba/outputs/archive/projections/wnba_projections_20260613.csv,missing_projected_or_actual_value,1,2026-06-21T11:30:44Z
2026-06-13,2026-06-13,Gianna Kneepkens,gianna kneepkens,gianna kneepkens,CON,IND,blocks,0.12,/home/ubuntu/EdgeRanked/sports/wnba/outputs/archive/projections/wnba_projections_20260613.csv,missing_projected_or_actual_value,1,2026-06-21T11:30:44Z
2026-06-13,2026-06-13,Grace VanSlooten,grace vanslooten,grace vanslooten,IND,CON,points,2.13,/home/ubuntu/EdgeRanked/sports/wnba/outputs/archive/projections/wnba_projections_20260613.csv,missing_projected_or_actual_value,1,2026-06-21T11:30:44Z
2026-06-13,2026-06-13,Grace VanSlooten,grace vanslooten,grace vanslooten,IND,CON,rebounds,1.24,/home/ubuntu/EdgeRanked/sports/wnba/outputs/archive/projections/wnba_projections_20260613.csv,missing_projected_or_actual_value,1,2026-06-21T11:30:44Z
2026-06-13,2026-06-13,Grace VanSlooten,grace vanslooten,grace vanslooten,IND,CON,assists,0.74,/home/ubuntu/EdgeRanked/sports/wnba/outputs/archive/projections/wnba_projections_20260613.csv,missing_projected_or_actual_value,1,2026-06-21T11:30:44Z
2026-06-13,2026-06-13,Grace VanSlooten,grace vanslooten,grace vanslooten,IND,CON,threes_made,0.29,/home/ubuntu/EdgeRanked/sports/wnba/outputs/archive/projections/wnba_projections_20260613.csv,missing_projected_or_actual_value,1,2026-06-21T11:30:44Z
2026-06-13,2026-06-13,Grace VanSlooten,grace vanslooten,grace vanslooten,IND,CON,steals,0.51,/home/ubuntu/EdgeRanked/sports/wnba/outputs/archive/projections/wnba_projections_20260613.csv,missing_projected_or_actual_value,1,2026-06-21T11:30:44Z
2026-06-13,2026-06-13,Grace VanSlooten,grace vanslooten,grace vanslooten,IND,CON,blocks,0.35,/home/ubuntu/EdgeRanked/sports/wnba/outputs/archive/projections/wnba_projections_20260613.csv,missing_projected_or_actual_value,1,2026-06-21T11:30:44Z
2026-06-13,2026-06-13,Hailey Van Lith,hailey van lith,hailey van lith,CON,IND,points,5.24,/home/ubuntu/EdgeRanked/sports/wnba/outputs/archive/projections/wnba_projections_20260613.csv,missing_projected_or_actual_value,1,2026-06-21T11:30:44Z
2026-06-13,2026-06-13,Hailey Van Lith,hailey van lith,hailey van lith,CON,IND,rebounds,1.17,/home/ubuntu/EdgeRanked/sports/wnba/outputs/archive/projections/wnba_projections_20260613.csv,missing_projected_or_actual_value,1,2026-06-21T11:30:44Z
2026-06-13,2026-06-13,Hailey Van Lith,hailey van lith,hailey van lith,CON,IND,assists,1.76,/home/ubuntu/EdgeRanked/sports/wnba/outputs/archive/projections/wnba_projections_20260613.csv,missing_projected_or_actual_value,1,2026-06-21T11:30:44Z
2026-06-13,2026-06-13,Hailey Van Lith,hailey van lith,hailey van lith,CON,IND,threes_made,0.64,/home/ubuntu/EdgeRanked/sports/wnba/outputs/archive/projections/wnba_projections_20260613.csv,missing_projected_or_actual_value,1,2026-06-21T11:30:44Z
2026-06-13,2026-06-13,Hailey Van Lith,hailey van lith,hailey van lith,CON,IND,steals,0.53,/home/ubuntu/EdgeRanked/sports/wnba/outputs/archive/projections/wnba_projections_20260613.csv,missing_projected_or_actual_value,1,2026-06-21T11:30:44Z
2026-06-13,2026-06-13,Hailey Van Lith,hailey van lith,hailey van lith,CON,IND,blocks,0.22,/home/ubuntu/EdgeRanked/sports/wnba/outputs/archive/projections/wnba_projections_20260613.csv,missing_projected_or_actual_value,1,2026-06-21T11:30:44Z
2026-06-13,2026-06-13,Haley Jones,haley jones,haley jones,POR,DAL,points,5.34,/home/ubuntu/EdgeRanked/sports/wnba/outputs/archive/projections/wnba_projections_20260613.csv,no_safe_player_match,0,2026-06-21T11:30:44Z
2026-06-13,2026-06-13,Haley Jones,haley jones,haley jones,POR,DAL,rebounds,2.8,/home/ubuntu/EdgeRanked/sports/wnba/outputs/archive/projections/wnba_projections_20260613.csv,no_safe_player_match,0,2026-06-21T11:30:44Z
2026-06-13,2026-06-13,Haley Jones,haley jones,haley jones,POR,DAL,assists,1.99,/home/ubuntu/EdgeRanked/sports/wnba/outputs/archive/projections/wnba_projections_20260613.csv,no_safe_player_match,0,2026-06-21T11:30:44Z
2026-06-13,2026-06-13,Haley Jones,haley jones,haley jones,POR,DAL,threes_made,0.25,/home/ubuntu/EdgeRanked/sports/wnba/outputs/archive/projections/wnba_projections_20260613.csv,no_safe_player_match,0,2026-06-21T11:30:44Z
2026-06-13,2026-06-13,Haley Jones,haley jones,haley jones,POR,DAL,steals,0.84,/home/ubuntu/EdgeRanked/sports/wnba/outputs/archive/projections/wnba_projections_20260613.csv,no_safe_player_match,0,2026-06-21T11:30:44Z
2026-06-13,2026-06-13,Haley Jones,haley jones,haley jones,POR,DAL,blocks,0.59,/home/ubuntu/EdgeRanked/sports/wnba/outputs/archive/projections/wnba_projections_20260613.csv,no_safe_player_match,0,2026-06-21T11:30:44Z
2026-06-13,2026-06-13,Holly Winterburn,holly winterburn,holly winterburn,POR,DAL,points,3.11,/home/ubuntu/EdgeRanked/sports/wnba/outputs/archive/projections/wnba_projections_20260613.csv,missing_projected_or_actual_value,1,2026-06-21T11:30:44Z
2026-06-13,2026-06-13,Holly Winterburn,holly winterburn,holly winterburn,POR,DAL,rebounds,2.04,/home/ubuntu/EdgeRanked/sports/wnba/outputs/archive/projections/wnba_projections_20260613.csv,missing_projected_or_actual_value,1,2026-06-21T11:30:44Z
2026-06-13,2026-06-13,Holly Winterburn,holly winterburn,holly winterburn,POR,DAL,assists,2.72,/home/ubuntu/EdgeRanked/sports/wnba/outputs/archive/projections/wnba_projections_20260613.csv,missing_projected_or_actual_value,1,2026-06-21T11:30:44Z
2026-06-13,2026-06-13,Holly Winterburn,holly winterburn,holly winterburn,POR,DAL,threes_made,0.15,/home/ubuntu/EdgeRanked/sports/wnba/outputs/archive/projections/wnba_projections_20260613.csv,missing_projected_or_actual_value,1,2026-06-21T11:30:44Z
2026-06-13,2026-06-13,Holly Winterburn,holly winterburn,holly winterburn,POR,DAL,steals,0.72,/home/ubuntu/EdgeRanked/sports/wnba/outputs/archive/projections/wnba_projections_20260613.csv,missing_projected_or_actual_value,1,2026-06-21T11:30:44Z
2026-06-13,2026-06-13,Holly Winterburn,holly winterburn,holly winterburn,POR,DAL,blocks,0.15,/home/ubuntu/EdgeRanked/sports/wnba/outputs/archive/projections/wnba_projections_20260613.csv,missing_projected_or_actual_value,1,2026-06-21T11:30:44Z
2026-06-13,2026-06-13,Janiah Barker,janiah barker,janiah barker,LVA,MIN,points,7.34,/home/ubuntu/EdgeRanked/sports/wnba/outputs/archive/projections/wnba_projections_20260613.csv,missing_projected_or_actual_value,1,2026-06-21T11:30:44Z
2026-06-13,2026-06-13,Janiah Barker,janiah barker,janiah barker,LVA,MIN,rebounds,2.82,/home/ubuntu/EdgeRanked/sports/wnba/outputs/archive/projections/wnba_projections_20260613.csv,missing_projected_or_actual_value,1,2026-06-21T11:30:44Z
2026-06-13,2026-06-13,Janiah Barker,janiah barker,janiah barker,LVA,MIN,assists,1.64,/home/ubuntu/EdgeRanked/sports/wnba/outputs/archive/projections/wnba_projections_20260613.csv,missing_projected_or_actual_value,1,2026-06-21T11:30:44Z
2026-06-13,2026-06-13,Janiah Barker,janiah barker,janiah barker,LVA,MIN,threes_made,0.68,/home/ubuntu/EdgeRanked/sports/wnba/outputs/archive/projections/wnba_projections_20260613.csv,missing_projected_or_actual_value,1,2026-06-21T11:30:44Z
2026-06-13,2026-06-13,Janiah Barker,janiah barker,janiah barker,LVA,MIN,steals,0.76,/home/ubuntu/EdgeRanked/sports/wnba/outputs/archive/projections/wnba_projections_20260613.csv,missing_projected_or_actual_value,1,2026-06-21T11:30:44Z
2026-06-13,2026-06-13,Janiah Barker,janiah barker,janiah barker,LVA,MIN,blocks,0.33,/home/ubuntu/EdgeRanked/sports/wnba/outputs/archive/projections/wnba_projections_20260613.csv,missing_projected_or_actual_value,1,2026-06-21T11:30:44Z
2026-06-13,2026-06-13,JJ Quinerly,jj quinerly,jj quinerly,DAL,POR,points,0.31,/home/ubuntu/EdgeRanked/sports/wnba/outputs/archive/projections/wnba_projections_20260613.csv,missing_projected_or_actual_value,1,2026-06-21T11:30:44Z
2026-06-13,2026-06-13,JJ Quinerly,jj quinerly,jj quinerly,DAL,POR,rebounds,1.15,/home/ubuntu/EdgeRanked/sports/wnba/outputs/archive/projections/wnba_projections_20260613.csv,missing_projected_or_actual_value,1,2026-06-21T11:30:44Z
2026-06-13,2026-06-13,JJ Quinerly,jj quinerly,jj quinerly,DAL,POR,assists,1.13,/home/ubuntu/EdgeRanked/sports/wnba/outputs/archive/projections/wnba_projections_20260613.csv,missing_projected_or_actual_value,1,2026-06-21T11:30:44Z
2026-06-13,2026-06-13,JJ Quinerly,jj quinerly,jj quinerly,DAL,POR,threes_made,0.13,/home/ubuntu/EdgeRanked/sports/wnba/outputs/archive/projections/wnba_projections_20260613.csv,missing_projected_or_actual_value,1,2026-06-21T11:30:44Z
2026-06-13,2026-06-13,JJ Quinerly,jj quinerly,jj quinerly,DAL,POR,steals,0.23,/home/ubuntu/EdgeRanked/sports/wnba/outputs/archive/projections/wnba_projections_20260613.csv,missing_projected_or_actual_value,1,2026-06-21T11:30:44Z
2026-06-13,2026-06-13,JJ Quinerly,jj quinerly,jj quinerly,DAL,POR,blocks,0.73,/home/ubuntu/EdgeRanked/sports/wnba/outputs/archive/projections/wnba_projections_20260613.csv,missing_projected_or_actual_value,1,2026-06-21T11:30:44Z
2026-06-13,2026-06-13,Jordan Harrison,jordan harrison,jordan harrison,POR,DAL,points,3.74,/home/ubuntu/EdgeRanked/sports/wnba/outputs/archive/projections/wnba_projections_20260613.csv,no_safe_player_match,0,2026-06-21T11:30:44Z
2026-06-13,2026-06-13,Jordan Harrison,jordan harrison,jordan harrison,POR,DAL,rebounds,0.91,/home/ubuntu/EdgeRanked/sports/wnba/outputs/archive/projections/wnba_projections_20260613.csv,no_safe_player_match,0,2026-06-21T11:30:44Z
2026-06-13,2026-06-13,Jordan Harrison,jordan harrison,jordan harrison,POR,DAL,assists,3.23,/home/ubuntu/EdgeRanked/sports/wnba/outputs/archive/projections/wnba_projections_20260613.csv,no_safe_player_match,0,2026-06-21T11:30:44Z
2026-06-13,2026-06-13,Jordan Harrison,jordan harrison,jordan harrison,POR,DAL,threes_made,0.17,/home/ubuntu/EdgeRanked/sports/wnba/outputs/archive/projections/wnba_projections_20260613.csv,no_safe_player_match,0,2026-06-21T11:30:44Z
2026-06-13,2026-06-13,Jordan Harrison,jordan harrison,jordan harrison,POR,DAL,steals,0.38,/home/ubuntu/EdgeRanked/sports/wnba/outputs/archive/projections/wnba_projections_20260613.csv,no_safe_player_match,0,2026-06-21T11:30:44Z
2026-06-13,2026-06-13,Jordan Harrison,jordan harrison,jordan harrison,POR,DAL,blocks,0.13,/home/ubuntu/EdgeRanked/sports/wnba/outputs/archive/projections/wnba_projections_20260613.csv,no_safe_player_match,0,2026-06-21T11:30:44Z
2026-06-13,2026-06-13,Justine Pissott,justine pissott,justine pissott,IND,CON,points,5.93,/home/ubuntu/EdgeRanked/sports/wnba/outputs/archive/projections/wnba_projections_20260613.csv,missing_projected_or_actual_value,1,2026-06-21T11:30:44Z
2026-06-13,2026-06-13,Justine Pissott,justine pissott,justine pissott,IND,CON,rebounds,3.09,/home/ubuntu/EdgeRanked/sports/wnba/outputs/archive/projections/wnba_projections_20260613.csv,missing_projected_or_actual_value,1,2026-06-21T11:30:44Z
2026-06-13,2026-06-13,Justine Pissott,justine pissott,justine pissott,IND,CON,assists,2.15,/home/ubuntu/EdgeRanked/sports/wnba/outputs/archive/projections/wnba_projections_20260613.csv,missing_projected_or_actual_value,1,2026-06-21T11:30:44Z
2026-06-13,2026-06-13,Justine Pissott,justine pissott,justine pissott,IND,CON,threes_made,0.65,/home/ubuntu/EdgeRanked/sports/wnba/outputs/archive/projections/wnba_projections_20260613.csv,missing_projected_or_actual_value,1,2026-06-21T11:30:44Z
2026-06-13,2026-06-13,Justine Pissott,justine pissott,justine pissott,IND,CON,steals,0.92,/home/ubuntu/EdgeRanked/sports/wnba/outputs/archive/projections/wnba_projections_20260613.csv,missing_projected_or_actual_value,1,2026-06-21T11:30:44Z
2026-06-13,2026-06-13,Justine Pissott,justine pissott,justine pissott,IND,CON,blocks,0.43,/home/ubuntu/EdgeRanked/sports/wnba/outputs/archive/projections/wnba_projections_20260613.csv,missing_projected_or_actual_value,1,2026-06-21T11:30:44Z
2026-06-13,2026-06-13,Kamiah Smalls,kamiah smalls,kamiah smalls,POR,DAL,points,5.44,/home/ubuntu/EdgeRanked/sports/wnba/outputs/archive/projections/wnba_projections_20260613.csv,no_safe_player_match,0,2026-06-21T11:30:44Z
2026-06-13,2026-06-13,Kamiah Smalls,kamiah smalls,kamiah smalls,POR,DAL,rebounds,0.3,/home/ubuntu/EdgeRanked/sports/wnba/outputs/archive/projections/wnba_projections_20260613.csv,no_safe_player_match,0,2026-06-21T11:30:44Z
2026-06-13,2026-06-13,Kamiah Smalls,kamiah smalls,kamiah smalls,POR,DAL,assists,2.69,/home/ubuntu/EdgeRanked/sports/wnba/outputs/archive/projections/wnba_projections_20260613.csv,no_safe_player_match,0,2026-06-21T11:30:44Z
2026-06-13,2026-06-13,Kamiah Smalls,kamiah smalls,kamiah smalls,POR,DAL,threes_made,1.27,/home/ubuntu/EdgeRanked/sports/wnba/outputs/archive/projections/wnba_projections_20260613.csv,no_safe_player_match,0,2026-06-21T11:30:44Z
2026-06-13,2026-06-13,Kamiah Smalls,kamiah smalls,kamiah smalls,POR,DAL,steals,0.54,/home/ubuntu/EdgeRanked/sports/wnba/outputs/archive/projections/wnba_projections_20260613.csv,no_safe_player_match,0,2026-06-21T11:30:44Z
2026-06-13,2026-06-13,Kamiah Smalls,kamiah smalls,kamiah smalls,POR,DAL,blocks,0.15,/home/ubuntu/EdgeRanked/sports/wnba/outputs/archive/projections/wnba_projections_20260613.csv,no_safe_player_match,0,2026-06-21T11:30:44Z
2026-06-13,2026-06-13,Kiana Williams,kiana williams,kiana williams,PHX,LAS,points,3.54,/home/ubuntu/EdgeRanked/sports/wnba/outputs/archive/projections/wnba_projections_20260613.csv,no_safe_player_match,0,2026-06-21T11:30:44Z
2026-06-13,2026-06-13,Kiana Williams,kiana williams,kiana williams,PHX,LAS,rebounds,1.02,/home/ubuntu/EdgeRanked/sports/wnba/outputs/archive/projections/wnba_projections_20260613.csv,no_safe_player_match,0,2026-06-21T11:30:44Z
2026-06-13,2026-06-13,Kiana Williams,kiana williams,kiana williams,PHX,LAS,assists,0.85,/home/ubuntu/EdgeRanked/sports/wnba/outputs/archive/projections/wnba_projections_20260613.csv,no_safe_player_match,0,2026-06-21T11:30:44Z
2026-06-13,2026-06-13,Kiana Williams,kiana williams,kiana williams,PHX,LAS,threes_made,1.01,/home/ubuntu/EdgeRanked/sports/wnba/outputs/archive/projections/wnba_projections_20260613.csv,no_safe_player_match,0,2026-06-21T11:30:44Z
2026-06-13,2026-06-13,Kiana Williams,kiana williams,kiana williams,PHX,LAS,steals,0.65,/home/ubuntu/EdgeRanked/sports/wnba/outputs/archive/projections/wnba_projections_20260613.csv,no_safe_player_match,0,2026-06-21T11:30:44Z
2026-06-13,2026-06-13,Kiana Williams,kiana williams,kiana williams,PHX,LAS,blocks,0.13,/home/ubuntu/EdgeRanked/sports/wnba/outputs/archive/projections/wnba_projections_20260613.csv,no_safe_player_match,0,2026-06-21T11:30:44Z
2026-06-13,2026-06-13,Kyara Linskens,kyara linskens,kyara linskens,PHX,LAS,points,4.16,/home/ubuntu/EdgeRanked/sports/wnba/outputs/archive/projections/wnba_projections_20260613.csv,missing_projected_or_actual_value,1,2026-06-21T11:30:44Z
2026-06-13,2026-06-13,Kyara Linskens,kyara linskens,kyara linskens,PHX,LAS,rebounds,3.24,/home/ubuntu/EdgeRanked/sports/wnba/outputs/archive/projections/wnba_projections_20260613.csv,missing_projected_or_actual_value,1,2026-06-21T11:30:44Z
2026-06-13,2026-06-13,Kyara Linskens,kyara linskens,kyara linskens,PHX,LAS,assists,0.8,/home/ubuntu/EdgeRanked/sports/wnba/outputs/archive/projections/wnba_projections_20260613.csv,missing_projected_or_actual_value,1,2026-06-21T11:30:44Z
2026-06-13,2026-06-13,Kyara Linskens,kyara linskens,kyara linskens,PHX,LAS,threes_made,0.6,/home/ubuntu/EdgeRanked/sports/wnba/outputs/archive/projections/wnba_projections_20260613.csv,missing_projected_or_actual_value,1,2026-06-21T11:30:44Z
2026-06-13,2026-06-13,Kyara Linskens,kyara linskens,kyara linskens,PHX,LAS,steals,0.61,/home/ubuntu/EdgeRanked/sports/wnba/outputs/archive/projections/wnba_projections_20260613.csv,missing_projected_or_actual_value,1,2026-06-21T11:30:44Z
2026-06-13,2026-06-13,Kyara Linskens,kyara linskens,kyara linskens,PHX,LAS,blocks,0.66,/home/ubuntu/EdgeRanked/sports/wnba/outputs/archive/projections/wnba_projections_20260613.csv,missing_projected_or_actual_value,1,2026-06-21T11:30:44Z
2026-06-13,2026-06-13,Laura Ziegler,laura ziegler,laura ziegler,LAS,PHX,points,7.02,/home/ubuntu/EdgeRanked/sports/wnba/outputs/archive/projections/wnba_projections_20260613.csv,no_safe_player_match,0,2026-06-21T11:30:44Z
2026-06-13,2026-06-13,Laura Ziegler,laura ziegler,laura ziegler,LAS,PHX,rebounds,3.1,/home/ubuntu/EdgeRanked/sports/wnba/outputs/archive/projections/wnba_projections_20260613.csv,no_safe_player_match,0,2026-06-21T11:30:44Z
2026-06-13,2026-06-13,Laura Ziegler,laura ziegler,laura ziegler,LAS,PHX,assists,1.65,/home/ubuntu/EdgeRanked/sports/wnba/outputs/archive/projections/wnba_projections_20260613.csv,no_safe_player_match,0,2026-06-21T11:30:44Z
2026-06-13,2026-06-13,Laura Ziegler,laura ziegler,laura ziegler,LAS,PHX,threes_made,0.59,/home/ubuntu/EdgeRanked/sports/wnba/outputs/archive/projections/wnba_projections_20260613.csv,no_safe_player_match,0,2026-06-21T11:30:44Z
2026-06-13,2026-06-13,Laura Ziegler,laura ziegler,laura ziegler,LAS,PHX,steals,0.93,/home/ubuntu/EdgeRanked/sports/wnba/outputs/archive/projections/wnba_projections_20260613.csv,no_safe_player_match,0,2026-06-21T11:30:44Z
2026-06-13,2026-06-13,Laura Ziegler,laura ziegler,laura ziegler,LAS,PHX,blocks,0.46,/home/ubuntu/EdgeRanked/sports/wnba/outputs/archive/projections/wnba_projections_20260613.csv,no_safe_player_match,0,2026-06-21T11:30:44Z
2026-06-13,2026-06-13,Li Yueru,li yueru,li yueru,DAL,POR,points,1.52,/home/ubuntu/EdgeRanked/sports/wnba/outputs/archive/projections/wnba_projections_20260613.csv,missing_projected_or_actual_value,1,2026-06-21T11:30:44Z
2026-06-13,2026-06-13,Li Yueru,li yueru,li yueru,DAL,POR,rebounds,1.9,/home/ubuntu/EdgeRanked/sports/wnba/outputs/archive/projections/wnba_projections_20260613.csv,missing_projected_or_actual_value,1,2026-06-21T11:30:44Z
2026-06-13,2026-06-13,Li Yueru,li yueru,li yueru,DAL,POR,assists,0.18,/home/ubuntu/EdgeRanked/sports/wnba/outputs/archive/projections/wnba_projections_20260613.csv,missing_projected_or_actual_value,1,2026-06-21T11:30:44Z
2026-06-13,2026-06-13,Li Yueru,li yueru,li yueru,DAL,POR,threes_made,0.14,/home/ubuntu/EdgeRanked/sports/wnba/outputs/archive/projections/wnba_projections_20260613.csv,missing_projected_or_actual_value,1,2026-06-21T11:30:44Z
2026-06-13,2026-06-13,Li Yueru,li yueru,li yueru,DAL,POR,steals,0.27,/home/ubuntu/EdgeRanked/sports/wnba/outputs/archive/projections/wnba_projections_20260613.csv,missing_projected_or_actual_value,1,2026-06-21T11:30:44Z
2026-06-13,2026-06-13,Li Yueru,li yueru,li yueru,DAL,POR,blocks,0.22,/home/ubuntu/EdgeRanked/sports/wnba/outputs/archive/projections/wnba_projections_20260613.csv,missing_projected_or_actual_value,1,2026-06-21T11:30:44Z
2026-06-13,2026-06-13,Marta Suarez,marta suarez,marta suarez,PHX,LAS,points,2.67,/home/ubuntu/EdgeRanked/sports/wnba/outputs/archive/projections/wnba_projections_20260613.csv,missing_projected_or_actual_value,1,2026-06-21T11:30:44Z
2026-06-13,2026-06-13,Marta Suarez,marta suarez,marta suarez,PHX,LAS,rebounds,2.32,/home/ubuntu/EdgeRanked/sports/wnba/outputs/archive/projections/wnba_projections_20260613.csv,missing_projected_or_actual_value,1,2026-06-21T11:30:44Z
2026-06-13,2026-06-13,Marta Suarez,marta suarez,marta suarez,PHX,LAS,assists,0.5,/home/ubuntu/EdgeRanked/sports/wnba/outputs/archive/projections/wnba_projections_20260613.csv,missing_projected_or_actual_value,1,2026-06-21T11:30:44Z
2026-06-13,2026-06-13,Marta Suarez,marta suarez,marta suarez,PHX,LAS,threes_made,1.02,/home/ubuntu/EdgeRanked/sports/wnba/outputs/archive/projections/wnba_projections_20260613.csv,missing_projected_or_actual_value,1,2026-06-21T11:30:44Z
2026-06-13,2026-06-13,Marta Suarez,marta suarez,marta suarez,PHX,LAS,steals,0.61,/home/ubuntu/EdgeRanked/sports/wnba/outputs/archive/projections/wnba_projections_20260613.csv,missing_projected_or_actual_value,1,2026-06-21T11:30:44Z
2026-06-13,2026-06-13,Marta Suarez,marta suarez,marta suarez,PHX,LAS,blocks,0.17,/home/ubuntu/EdgeRanked/sports/wnba/outputs/archive/projections/wnba_projections_20260613.csv,missing_projected_or_actual_value,1,2026-06-21T11:30:44Z
2026-06-13,2026-06-13,Napheesa Collier,napheesa collier,napheesa collier,MIN,LVA,points,6.42,/home/ubuntu/EdgeRanked/sports/wnba/outputs/archive/projections/wnba_projections_20260613.csv,no_safe_player_match,0,2026-06-21T11:30:44Z
2026-06-13,2026-06-13,Napheesa Collier,napheesa collier,napheesa collier,MIN,LVA,rebounds,3.11,/home/ubuntu/EdgeRanked/sports/wnba/outputs/archive/projections/wnba_projections_20260613.csv,no_safe_player_match,0,2026-06-21T11:30:44Z
2026-06-13,2026-06-13,Napheesa Collier,napheesa collier,napheesa collier,MIN,LVA,assists,1.72,/home/ubuntu/EdgeRanked/sports/wnba/outputs/archive/projections/wnba_projections_20260613.csv,no_safe_player_match,0,2026-06-21T11:30:44Z
2026-06-13,2026-06-13,Napheesa Collier,napheesa collier,napheesa collier,MIN,LVA,threes_made,0.68,/home/ubuntu/EdgeRanked/sports/wnba/outputs/archive/projections/wnba_projections_20260613.csv,no_safe_player_match,0,2026-06-21T11:30:44Z
2026-06-13,2026-06-13,Napheesa Collier,napheesa collier,napheesa collier,MIN,LVA,steals,0.7,/home/ubuntu/EdgeRanked/sports/wnba/outputs/archive/projections/wnba_projections_20260613.csv,no_safe_player_match,0,2026-06-21T11:30:44Z
2026-06-13,2026-06-13,Napheesa Collier,napheesa collier,napheesa collier,MIN,LVA,blocks,0.32,/home/ubuntu/EdgeRanked/sports/wnba/outputs/archive/projections/wnba_projections_20260613.csv,no_safe_player_match,0,2026-06-21T11:30:44Z
2026-06-13,2026-06-13,Nyadiew Puoch,nyadiew puoch,nyadiew puoch,POR,DAL,points,1.11,/home/ubuntu/EdgeRanked/sports/wnba/outputs/archive/projections/wnba_projections_20260613.csv,missing_projected_or_actual_value,1,2026-06-21T11:30:44Z
2026-06-13,2026-06-13,Nyadiew Puoch,nyadiew puoch,nyadiew puoch,POR,DAL,rebounds,0.95,/home/ubuntu/EdgeRanked/sports/wnba/outputs/archive/projections/wnba_projections_20260613.csv,missing_projected_or_actual_value,1,2026-06-21T11:30:44Z
2026-06-13,2026-06-13,Nyadiew Puoch,nyadiew puoch,nyadiew puoch,POR,DAL,assists,0.44,/home/ubuntu/EdgeRanked/sports/wnba/outputs/archive/projections/wnba_projections_20260613.csv,missing_projected_or_actual_value,1,2026-06-21T11:30:44Z
2026-06-13,2026-06-13,Nyadiew Puoch,nyadiew puoch,nyadiew puoch,POR,DAL,threes_made,0.13,/home/ubuntu/EdgeRanked/sports/wnba/outputs/archive/projections/wnba_projections_20260613.csv,missing_projected_or_actual_value,1,2026-06-21T11:30:44Z
2026-06-13,2026-06-13,Nyadiew Puoch,nyadiew puoch,nyadiew puoch,POR,DAL,steals,0.19,/home/ubuntu/EdgeRanked/sports/wnba/outputs/archive/projections/wnba_projections_20260613.csv,missing_projected_or_actual_value,1,2026-06-21T11:30:44Z
2026-06-13,2026-06-13,Nyadiew Puoch,nyadiew puoch,nyadiew puoch,POR,DAL,blocks,0.13,/home/ubuntu/EdgeRanked/sports/wnba/outputs/archive/projections/wnba_projections_20260613.csv,missing_projected_or_actual_value,1,2026-06-21T11:30:44Z
2026-06-13,2026-06-13,Odyssey Sims,odyssey sims,odyssey sims,DAL,POR,points,4.26,/home/ubuntu/EdgeRanked/sports/wnba/outputs/archive/projections/wnba_projections_20260613.csv,missing_projected_or_actual_value,1,2026-06-21T11:30:44Z
2026-06-13,2026-06-13,Odyssey Sims,odyssey sims,odyssey sims,DAL,POR,rebounds,1.24,/home/ubuntu/EdgeRanked/sports/wnba/outputs/archive/projections/wnba_projections_20260613.csv,missing_projected_or_actual_value,1,2026-06-21T11:30:44Z
2026-06-13,2026-06-13,Odyssey Sims,odyssey sims,odyssey sims,DAL,POR,assists,2.14,/home/ubuntu/EdgeRanked/sports/wnba/outputs/archive/projections/wnba_projections_20260613.csv,missing_projected_or_actual_value,1,2026-06-21T11:30:44Z
2026-06-13,2026-06-13,Odyssey Sims,odyssey sims,odyssey sims,DAL,POR,threes_made,0.43,/home/ubuntu/EdgeRanked/sports/wnba/outputs/archive/projections/wnba_projections_20260613.csv,missing_projected_or_actual_value,1,2026-06-21T11:30:44Z
2026-06-13,2026-06-13,Odyssey Sims,odyssey sims,odyssey sims,DAL,POR,steals,0.71,/home/ubuntu/EdgeRanked/sports/wnba/outputs/archive/projections/wnba_projections_20260613.csv,missing_projected_or_actual_value,1,2026-06-21T11:30:44Z
2026-06-13,2026-06-13,Odyssey Sims,odyssey sims,odyssey sims,DAL,POR,blocks,0.15,/home/ubuntu/EdgeRanked/sports/wnba/outputs/archive/projections/wnba_projections_20260613.csv,missing_projected_or_actual_value,1,2026-06-21T11:30:44Z
2026-06-13,2026-06-13,Paige Bueckers,paige bueckers,paige bueckers,DAL,POR,points,14.29,/home/ubuntu/EdgeRanked/sports/wnba/outputs/archive/projections/wnba_projections_20260613.csv,missing_projected_or_actual_value,1,2026-06-21T11:30:44Z
2026-06-13,2026-06-13,Paige Bueckers,paige bueckers,paige bueckers,DAL,POR,rebounds,3.63,/home/ubuntu/EdgeRanked/sports/wnba/outputs/archive/projections/wnba_projections_20260613.csv,missing_projected_or_actual_value,1,2026-06-21T11:30:44Z
2026-06-13,2026-06-13,Paige Bueckers,paige bueckers,paige bueckers,DAL,POR,assists,5.52,/home/ubuntu/EdgeRanked/sports/wnba/outputs/archive/projections/wnba_projections_20260613.csv,missing_projected_or_actual_value,1,2026-06-21T11:30:44Z
2026-06-13,2026-06-13,Paige Bueckers,paige bueckers,paige bueckers,DAL,POR,threes_made,1.51,/home/ubuntu/EdgeRanked/sports/wnba/outputs/archive/projections/wnba_projections_20260613.csv,missing_projected_or_actual_value,1,2026-06-21T11:30:44Z
2026-06-13,2026-06-13,Paige Bueckers,paige bueckers,paige bueckers,DAL,POR,steals,0.91,/home/ubuntu/EdgeRanked/sports/wnba/outputs/archive/projections/wnba_projections_20260613.csv,missing_projected_or_actual_value,1,2026-06-21T11:30:44Z
2026-06-13,2026-06-13,Paige Bueckers,paige bueckers,paige bueckers,DAL,POR,blocks,0.42,/home/ubuntu/EdgeRanked/sports/wnba/outputs/archive/projections/wnba_projections_20260613.csv,missing_projected_or_actual_value,1,2026-06-21T11:30:44Z
2026-06-13,2026-06-13,Sami Whitcomb,sami whitcomb,sami whitcomb,PHX,LAS,points,6.74,/home/ubuntu/EdgeRanked/sports/wnba/outputs/archive/projections/wnba_projections_20260613.csv,missing_projected_or_actual_value,1,2026-06-21T11:30:44Z
2026-06-13,2026-06-13,Sami Whitcomb,sami whitcomb,sami whitcomb,PHX,LAS,rebounds,2.78,/home/ubuntu/EdgeRanked/sports/wnba/outputs/archive/projections/wnba_projections_20260613.csv,missing_projected_or_actual_value,1,2026-06-21T11:30:44Z
2026-06-13,2026-06-13,Sami Whitcomb,sami whitcomb,sami whitcomb,PHX,LAS,assists,1.78,/home/ubuntu/EdgeRanked/sports/wnba/outputs/archive/projections/wnba_projections_20260613.csv,missing_projected_or_actual_value,1,2026-06-21T11:30:44Z
2026-06-13,2026-06-13,Sami Whitcomb,sami whitcomb,sami whitcomb,PHX,LAS,threes_made,0.79,/home/ubuntu/EdgeRanked/sports/wnba/outputs/archive/projections/wnba_projections_20260613.csv,missing_projected_or_actual_value,1,2026-06-21T11:30:44Z
2026-06-13,2026-06-13,Sami Whitcomb,sami whitcomb,sami whitcomb,PHX,LAS,steals,0.82,/home/ubuntu/EdgeRanked/sports/wnba/outputs/archive/projections/wnba_projections_20260613.csv,missing_projected_or_actual_value,1,2026-06-21T11:30:44Z
2026-06-13,2026-06-13,Sami Whitcomb,sami whitcomb,sami whitcomb,PHX,LAS,blocks,0.37,/home/ubuntu/EdgeRanked/sports/wnba/outputs/archive/projections/wnba_projections_20260613.csv,missing_projected_or_actual_value,1,2026-06-21T11:30:44Z
2026-06-13,2026-06-13,Sania Feagin,sania feagin,sania feagin,LAS,PHX,points,0.36,/home/ubuntu/EdgeRanked/sports/wnba/outputs/archive/projections/wnba_projections_20260613.csv,missing_projected_or_actual_value,1,2026-06-21T11:30:44Z
2026-06-13,2026-06-13,Sania Feagin,sania feagin,sania feagin,LAS,PHX,rebounds,0.27,/home/ubuntu/EdgeRanked/sports/wnba/outputs/archive/projections/wnba_projections_20260613.csv,missing_projected_or_actual_value,1,2026-06-21T11:30:44Z
2026-06-13,2026-06-13,Sania Feagin,sania feagin,sania feagin,LAS,PHX,assists,0.12,/home/ubuntu/EdgeRanked/sports/wnba/outputs/archive/projections/wnba_projections_20260613.csv,missing_projected_or_actual_value,1,2026-06-21T11:30:44Z
2026-06-13,2026-06-13,Sania Feagin,sania feagin,sania feagin,LAS,PHX,threes_made,0.16,/home/ubuntu/EdgeRanked/sports/wnba/outputs/archive/projections/wnba_projections_20260613.csv,missing_projected_or_actual_value,1,2026-06-21T11:30:44Z
2026-06-13,2026-06-13,Sania Feagin,sania feagin,sania feagin,LAS,PHX,steals,0.22,/home/ubuntu/EdgeRanked/sports/wnba/outputs/archive/projections/wnba_projections_20260613.csv,missing_projected_or_actual_value,1,2026-06-21T11:30:44Z
2026-06-13,2026-06-13,Sania Feagin,sania feagin,sania feagin,LAS,PHX,blocks,0.18,/home/ubuntu/EdgeRanked/sports/wnba/outputs/archive/projections/wnba_projections_20260613.csv,missing_projected_or_actual_value,1,2026-06-21T11:30:44Z
2026-06-13,2026-06-13,Shatori Walker-Kimbrough,shatori walker-kimbrough,shatori walker-kimbrough,IND,CON,points,0.33,/home/ubuntu/EdgeRanked/sports/wnba/outputs/archive/projections/wnba_projections_20260613.csv,no_safe_player_match,0,2026-06-21T11:30:44Z
2026-06-13,2026-06-13,Shatori Walker-Kimbrough,shatori walker-kimbrough,shatori walker-kimbrough,IND,CON,rebounds,0.37,/home/ubuntu/EdgeRanked/sports/wnba/outputs/archive/projections/wnba_projections_20260613.csv,no_safe_player_match,0,2026-06-21T11:30:44Z
2026-06-13,2026-06-13,Shatori Walker-Kimbrough,shatori walker-kimbrough,shatori walker-kimbrough,IND,CON,assists,0.19,/home/ubuntu/EdgeRanked/sports/wnba/outputs/archive/projections/wnba_projections_20260613.csv,no_safe_player_match,0,2026-06-21T11:30:44Z
2026-06-13,2026-06-13,Shatori Walker-Kimbrough,shatori walker-kimbrough,shatori walker-kimbrough,IND,CON,threes_made,0.14,/home/ubuntu/EdgeRanked/sports/wnba/outputs/archive/projections/wnba_projections_20260613.csv,no_safe_player_match,0,2026-06-21T11:30:44Z
2026-06-13,2026-06-13,Shatori Walker-Kimbrough,shatori walker-kimbrough,shatori walker-kimbrough,IND,CON,steals,0.15,/home/ubuntu/EdgeRanked/sports/wnba/outputs/archive/projections/wnba_projections_20260613.csv,no_safe_player_match,0,2026-06-21T11:30:44Z
2026-06-13,2026-06-13,Shatori Walker-Kimbrough,shatori walker-kimbrough,shatori walker-kimbrough,IND,CON,blocks,0.11,/home/ubuntu/EdgeRanked/sports/wnba/outputs/archive/projections/wnba_projections_20260613.csv,no_safe_player_match,0,2026-06-21T11:30:44Z
2026-06-13,2026-06-13,Sug Sutton,sug sutton,sug sutton,POR,DAL,points,9.88,/home/ubuntu/EdgeRanked/sports/wnba/outputs/archive/projections/wnba_projections_20260613.csv,no_safe_player_match,0,2026-06-21T11:30:44Z
2026-06-13,2026-06-13,Sug Sutton,sug sutton,sug sutton,POR,DAL,rebounds,2.09,/home/ubuntu/EdgeRanked/sports/wnba/outputs/archive/projections/wnba_projections_20260613.csv,no_safe_player_match,0,2026-06-21T11:30:44Z
2026-06-13,2026-06-13,Sug Sutton,sug sutton,sug sutton,POR,DAL,assists,5.75,/home/ubuntu/EdgeRanked/sports/wnba/outputs/archive/projections/wnba_projections_20260613.csv,no_safe_player_match,0,2026-06-21T11:30:44Z
2026-06-13,2026-06-13,Sug Sutton,sug sutton,sug sutton,POR,DAL,threes_made,0.99,/home/ubuntu/EdgeRanked/sports/wnba/outputs/archive/projections/wnba_projections_20260613.csv,no_safe_player_match,0,2026-06-21T11:30:44Z
2026-06-13,2026-06-13,Sug Sutton,sug sutton,sug sutton,POR,DAL,steals,0.92,/home/ubuntu/EdgeRanked/sports/wnba/outputs/archive/projections/wnba_projections_20260613.csv,no_safe_player_match,0,2026-06-21T11:30:44Z
2026-06-13,2026-06-13,Sug Sutton,sug sutton,sug sutton,POR,DAL,blocks,0.2,/home/ubuntu/EdgeRanked/sports/wnba/outputs/archive/projections/wnba_projections_20260613.csv,no_safe_player_match,0,2026-06-21T11:30:44Z
2026-06-13,2026-06-13,Ta'Niya Latson,ta'niya latson,ta'niya latson,LAS,PHX,points,2.31,/home/ubuntu/EdgeRanked/sports/wnba/outputs/archive/projections/wnba_projections_20260613.csv,missing_projected_or_actual_value,1,2026-06-21T11:30:44Z
2026-06-13,2026-06-13,Ta'Niya Latson,ta'niya latson,ta'niya latson,LAS,PHX,rebounds,1.1,/home/ubuntu/EdgeRanked/sports/wnba/outputs/archive/projections/wnba_projections_20260613.csv,missing_projected_or_actual_value,1,2026-06-21T11:30:44Z
2026-06-13,2026-06-13,Ta'Niya Latson,ta'niya latson,ta'niya latson,LAS,PHX,assists,0.52,/home/ubuntu/EdgeRanked/sports/wnba/outputs/archive/projections/wnba_projections_20260613.csv,missing_projected_or_actual_value,1,2026-06-21T11:30:44Z
2026-06-13,2026-06-13,Ta'Niya Latson,ta'niya latson,ta'niya latson,LAS,PHX,threes_made,0.35,/home/ubuntu/EdgeRanked/sports/wnba/outputs/archive/projections/wnba_projections_20260613.csv,missing_projected_or_actual_value,1,2026-06-21T11:30:44Z
2026-06-13,2026-06-13,Ta'Niya Latson,ta'niya latson,ta'niya latson,LAS,PHX,steals,0.37,/home/ubuntu/EdgeRanked/sports/wnba/outputs/archive/projections/wnba_projections_20260613.csv,missing_projected_or_actual_value,1,2026-06-21T11:30:44Z
2026-06-13,2026-06-13,Ta'Niya Latson,ta'niya latson,ta'niya latson,LAS,PHX,blocks,0.12,/home/ubuntu/EdgeRanked/sports/wnba/outputs/archive/projections/wnba_projections_20260613.csv,missing_projected_or_actual_value,1,2026-06-21T11:30:44Z
2026-06-13,2026-06-13,Valeriane Ayayi,valeriane ayayi,valeriane ayayi,PHX,LAS,points,1.76,/home/ubuntu/EdgeRanked/sports/wnba/outputs/archive/projections/wnba_projections_20260613.csv,missing_projected_or_actual_value,1,2026-06-21T11:30:44Z
2026-06-13,2026-06-13,Valeriane Ayayi,valeriane ayayi,valeriane ayayi,PHX,LAS,rebounds,1.96,/home/ubuntu/EdgeRanked/sports/wnba/outputs/archive/projections/wnba_projections_20260613.csv,missing_projected_or_actual_value,1,2026-06-21T11:30:44Z
2026-06-13,2026-06-13,Valeriane Ayayi,valeriane ayayi,valeriane ayayi,PHX,LAS,assists,0.99,/home/ubuntu/EdgeRanked/sports/wnba/outputs/archive/projections/wnba_projections_20260613.csv,missing_projected_or_actual_value,1,2026-06-21T11:30:44Z
2026-06-13,2026-06-13,Valeriane Ayayi,valeriane ayayi,valeriane ayayi,PHX,LAS,threes_made,0.11,/home/ubuntu/EdgeRanked/sports/wnba/outputs/archive/projections/wnba_projections_20260613.csv,missing_projected_or_actual_value,1,2026-06-21T11:30:44Z
2026-06-13,2026-06-13,Valeriane Ayayi,valeriane ayayi,valeriane ayayi,PHX,LAS,steals,0.38,/home/ubuntu/EdgeRanked/sports/wnba/outputs/archive/projections/wnba_projections_20260613.csv,missing_projected_or_actual_value,1,2026-06-21T11:30:44Z
2026-06-13,2026-06-13,Valeriane Ayayi,valeriane ayayi,valeriane ayayi,PHX,LAS,blocks,0.14,/home/ubuntu/EdgeRanked/sports/wnba/outputs/archive/projections/wnba_projections_20260613.csv,missing_projected_or_actual_value,1,2026-06-21T11:30:44Z
2026-06-14,2026-06-14,Alex Fowler,alex fowler,alex fowler,NYL,WAS,points,7.89,/home/ubuntu/EdgeRanked/sports/wnba/outputs/archive/projections/wnba_projections_20260614.csv,no_safe_player_match,0,2026-06-21T11:30:44Z
2026-06-14,2026-06-14,Alex Fowler,alex fowler,alex fowler,NYL,WAS,rebounds,0.99,/home/ubuntu/EdgeRanked/sports/wnba/outputs/archive/projections/wnba_projections_20260614.csv,no_safe_player_match,0,2026-06-21T11:30:44Z
2026-06-14,2026-06-14,Alex Fowler,alex fowler,alex fowler,NYL,WAS,assists,1.2,/home/ubuntu/EdgeRanked/sports/wnba/outputs/archive/projections/wnba_projections_20260614.csv,no_safe_player_match,0,2026-06-21T11:30:44Z
2026-06-14,2026-06-14,Alex Fowler,alex fowler,alex fowler,NYL,WAS,threes_made,1.43,/home/ubuntu/EdgeRanked/sports/wnba/outputs/archive/projections/wnba_projections_20260614.csv,no_safe_player_match,0,2026-06-21T11:30:44Z
2026-06-14,2026-06-14,Alex Fowler,alex fowler,alex fowler,NYL,WAS,steals,0.36,/home/ubuntu/EdgeRanked/sports/wnba/outputs/archive/projections/wnba_projections_20260614.csv,no_safe_player_match,0,2026-06-21T11:30:44Z
2026-06-14,2026-06-14,Alex Fowler,alex fowler,alex fowler,NYL,WAS,blocks,0.15,/home/ubuntu/EdgeRanked/sports/wnba/outputs/archive/projections/wnba_projections_20260614.csv,no_safe_player_match,0,2026-06-21T11:30:44Z
2026-06-14,2026-06-14,Alex Wilson,alex wilson,alex wilson,WAS,NYL,points,2.9,/home/ubuntu/EdgeRanked/sports/wnba/outputs/archive/projections/wnba_projections_20260614.csv,no_safe_player_match,0,2026-06-21T11:30:44Z
2026-06-14,2026-06-14,Alex Wilson,alex wilson,alex wilson,WAS,NYL,rebounds,1.72,/home/ubuntu/EdgeRanked/sports/wnba/outputs/archive/projections/wnba_projections_20260614.csv,no_safe_player_match,0,2026-06-21T11:30:44Z
2026-06-14,2026-06-14,Alex Wilson,alex wilson,alex wilson,WAS,NYL,assists,0.76,/home/ubuntu/EdgeRanked/sports/wnba/outputs/archive/projections/wnba_projections_20260614.csv,no_safe_player_match,0,2026-06-21T11:30:44Z
2026-06-14,2026-06-14,Alex Wilson,alex wilson,alex wilson,WAS,NYL,threes_made,0.55,/home/ubuntu/EdgeRanked/sports/wnba/outputs/archive/projections/wnba_projections_20260614.csv,no_safe_player_match,0,2026-06-21T11:30:44Z
2026-06-14,2026-06-14,Alex Wilson,alex wilson,alex wilson,WAS,NYL,steals,0.3,/home/ubuntu/EdgeRanked/sports/wnba/outputs/archive/projections/wnba_projections_20260614.csv,no_safe_player_match,0,2026-06-21T11:30:44Z
2026-06-14,2026-06-14,Alex Wilson,alex wilson,alex wilson,WAS,NYL,blocks,0.24,/home/ubuntu/EdgeRanked/sports/wnba/outputs/archive/projections/wnba_projections_20260614.csv,no_safe_player_match,0,2026-06-21T11:30:44Z
2026-06-14,2026-06-14,Alicia Florez Getino,alicia florez getino,alicia florez getino,WAS,NYL,points,6.85,/home/ubuntu/EdgeRanked/sports/wnba/outputs/archive/projections/wnba_projections_20260614.csv,no_safe_player_match,0,2026-06-21T11:30:44Z
2026-06-14,2026-06-14,Alicia Florez Getino,alicia florez getino,alicia florez getino,WAS,NYL,rebounds,2.1,/home/ubuntu/EdgeRanked/sports/wnba/outputs/archive/projections/wnba_projections_20260614.csv,no_safe_player_match,0,2026-06-21T11:30:44Z
2026-06-14,2026-06-14,Alicia Florez Getino,alicia florez getino,alicia florez getino,WAS,NYL,assists,3.99,/home/ubuntu/EdgeRanked/sports/wnba/outputs/archive/projections/wnba_projections_20260614.csv,no_safe_player_match,0,2026-06-21T11:30:44Z
2026-06-14,2026-06-14,Alicia Florez Getino,alicia florez getino,alicia florez getino,WAS,NYL,threes_made,0.42,/home/ubuntu/EdgeRanked/sports/wnba/outputs/archive/projections/wnba_projections_20260614.csv,no_safe_player_match,0,2026-06-21T11:30:44Z
2026-06-14,2026-06-14,Alicia Florez Getino,alicia florez getino,alicia florez getino,WAS,NYL,steals,0.86,/home/ubuntu/EdgeRanked/sports/wnba/outputs/archive/projections/wnba_projections_20260614.csv,no_safe_player_match,0,2026-06-21T11:30:44Z
2026-06-14,2026-06-14,Alicia Florez Getino,alicia florez getino,alicia florez getino,WAS,NYL,blocks,0.23,/home/ubuntu/EdgeRanked/sports/wnba/outputs/archive/projections/wnba_projections_20260614.csv,no_safe_player_match,0,2026-06-21T11:30:44Z
2026-06-14,2026-06-14,Anneli Maley,anneli maley,anneli maley,NYL,WAS,points,0.93,/home/ubuntu/EdgeRanked/sports/wnba/outputs/archive/projections/wnba_projections_20260614.csv,no_safe_player_match,0,2026-06-21T11:30:44Z
2026-06-14,2026-06-14,Anneli Maley,anneli maley,anneli maley,NYL,WAS,rebounds,1.79,/home/ubuntu/EdgeRanked/sports/wnba/outputs/archive/projections/wnba_projections_20260614.csv,no_safe_player_match,0,2026-06-21T11:30:44Z
2026-06-14,2026-06-14,Anneli Maley,anneli maley,anneli maley,NYL,WAS,assists,0.4,/home/ubuntu/EdgeRanked/sports/wnba/outputs/archive/projections/wnba_projections_20260614.csv,no_safe_player_match,0,2026-06-21T11:30:44Z
2026-06-14,2026-06-14,Anneli Maley,anneli maley,anneli maley,NYL,WAS,threes_made,0.32,/home/ubuntu/EdgeRanked/sports/wnba/outputs/archive/projections/wnba_projections_20260614.csv,no_safe_player_match,0,2026-06-21T11:30:44Z
2026-06-14,2026-06-14,Anneli Maley,anneli maley,anneli maley,NYL,WAS,steals,0.58,/home/ubuntu/EdgeRanked/sports/wnba/outputs/archive/projections/wnba_projections_20260614.csv,no_safe_player_match,0,2026-06-21T11:30:44Z
2026-06-14,2026-06-14,Anneli Maley,anneli maley,anneli maley,NYL,WAS,blocks,0.2,/home/ubuntu/EdgeRanked/sports/wnba/outputs/archive/projections/wnba_projections_20260614.csv,no_safe_player_match,0,2026-06-21T11:30:44Z
2026-06-14,2026-06-14,Brionna Jones,brionna jones,brionna jones,ATL,TOR,points,14.82,/home/ubuntu/EdgeRanked/sports/wnba/outputs/archive/projections/wnba_projections_20260614.csv,missing_projected_or_actual_value,1,2026-06-21T11:30:44Z
2026-06-14,2026-06-14,Brionna Jones,brionna jones,brionna jones,ATL,TOR,rebounds,7.13,/home/ubuntu/EdgeRanked/sports/wnba/outputs/archive/projections/wnba_projections_20260614.csv,missing_projected_or_actual_value,1,2026-06-21T11:30:44Z
2026-06-14,2026-06-14,Brionna Jones,brionna jones,brionna jones,ATL,TOR,assists,1.79,/home/ubuntu/EdgeRanked/sports/wnba/outputs/archive/projections/wnba_projections_20260614.csv,missing_projected_or_actual_value,1,2026-06-21T11:30:44Z
2026-06-14,2026-06-14,Brionna Jones,brionna jones,brionna jones,ATL,TOR,threes_made,0.64,/home/ubuntu/EdgeRanked/sports/wnba/outputs/archive/projections/wnba_projections_20260614.csv,missing_projected_or_actual_value,1,2026-06-21T11:30:44Z
2026-06-14,2026-06-14,Brionna Jones,brionna jones,brionna jones,ATL,TOR,steals,1.26,/home/ubuntu/EdgeRanked/sports/wnba/outputs/archive/projections/wnba_projections_20260614.csv,missing_projected_or_actual_value,1,2026-06-21T11:30:44Z
2026-06-14,2026-06-14,Brionna Jones,brionna jones,brionna jones,ATL,TOR,blocks,1.56,/home/ubuntu/EdgeRanked/sports/wnba/outputs/archive/projections/wnba_projections_20260614.csv,missing_projected_or_actual_value,1,2026-06-21T11:30:44Z
2026-06-14,2026-06-14,Julie Vanloo,julie vanloo,julie vanloo,NYL,WAS,points,5.13,/home/ubuntu/EdgeRanked/sports/wnba/outputs/archive/projections/wnba_projections_20260614.csv,no_safe_player_match,0,2026-06-21T11:30:44Z
2026-06-14,2026-06-14,Julie Vanloo,julie vanloo,julie vanloo,NYL,WAS,rebounds,1.67,/home/ubuntu/EdgeRanked/sports/wnba/outputs/archive/projections/wnba_projections_20260614.csv,no_safe_player_match,0,2026-06-21T11:30:44Z
2026-06-14,2026-06-14,Julie Vanloo,julie vanloo,julie vanloo,NYL,WAS,assists,4.16,/home/ubuntu/EdgeRanked/sports/wnba/outputs/archive/projections/wnba_projections_20260614.csv,no_safe_player_match,0,2026-06-21T11:30:44Z
2026-06-14,2026-06-14,Julie Vanloo,julie vanloo,julie vanloo,NYL,WAS,threes_made,1.31,/home/ubuntu/EdgeRanked/sports/wnba/outputs/archive/projections/wnba_projections_20260614.csv,no_safe_player_match,0,2026-06-21T11:30:44Z
2026-06-14,2026-06-14,Julie Vanloo,julie vanloo,julie vanloo,NYL,WAS,steals,0.72,/home/ubuntu/EdgeRanked/sports/wnba/outputs/archive/projections/wnba_projections_20260614.csv,no_safe_player_match,0,2026-06-21T11:30:44Z
2026-06-14,2026-06-14,Julie Vanloo,julie vanloo,julie vanloo,NYL,WAS,blocks,0.18,/home/ubuntu/EdgeRanked/sports/wnba/outputs/archive/projections/wnba_projections_20260614.csv,no_safe_player_match,0,2026-06-21T11:30:44Z
2026-06-14,2026-06-14,Kiki Iriafen,kiki iriafen,kiki iriafen,WAS,NYL,points,11.91,/home/ubuntu/EdgeRanked/sports/wnba/outputs/archive/projections/wnba_projections_20260614.csv,missing_projected_or_actual_value,1,2026-06-21T11:30:44Z
2026-06-14,2026-06-14,Kiki Iriafen,kiki iriafen,kiki iriafen,WAS,NYL,rebounds,7.71,/home/ubuntu/EdgeRanked/sports/wnba/outputs/archive/projections/wnba_projections_20260614.csv,missing_projected_or_actual_value,1,2026-06-21T11:30:44Z
2026-06-14,2026-06-14,Kiki Iriafen,kiki iriafen,kiki iriafen,WAS,NYL,assists,1.57,/home/ubuntu/EdgeRanked/sports/wnba/outputs/archive/projections/wnba_projections_20260614.csv,missing_projected_or_actual_value,1,2026-06-21T11:30:44Z
2026-06-14,2026-06-14,Kiki Iriafen,kiki iriafen,kiki iriafen,WAS,NYL,threes_made,0.31,/home/ubuntu/EdgeRanked/sports/wnba/outputs/archive/projections/wnba_projections_20260614.csv,missing_projected_or_actual_value,1,2026-06-21T11:30:44Z
2026-06-14,2026-06-14,Kiki Iriafen,kiki iriafen,kiki iriafen,WAS,NYL,steals,0.77,/home/ubuntu/EdgeRanked/sports/wnba/outputs/archive/projections/wnba_projections_20260614.csv,missing_projected_or_actual_value,1,2026-06-21T11:30:44Z
2026-06-14,2026-06-14,Kiki Iriafen,kiki iriafen,kiki iriafen,WAS,NYL,blocks,0.46,/home/ubuntu/EdgeRanked/sports/wnba/outputs/archive/projections/wnba_projections_20260614.csv,missing_projected_or_actual_value,1,2026-06-21T11:30:44Z
2026-06-14,2026-06-14,Kiki Rice,kiki rice,kiki rice,TOR,ATL,points,12.6,/home/ubuntu/EdgeRanked/sports/wnba/outputs/archive/projections/wnba_projections_20260614.csv,missing_projected_or_actual_value,1,2026-06-21T11:30:44Z
2026-06-14,2026-06-14,Kiki Rice,kiki rice,kiki rice,TOR,ATL,rebounds,4.87,/home/ubuntu/EdgeRanked/sports/wnba/outputs/archive/projections/wnba_projections_20260614.csv,missing_projected_or_actual_value,1,2026-06-21T11:30:44Z
2026-06-14,2026-06-14,Kiki Rice,kiki rice,kiki rice,TOR,ATL,assists,2.98,/home/ubuntu/EdgeRanked/sports/wnba/outputs/archive/projections/wnba_projections_20260614.csv,missing_projected_or_actual_value,1,2026-06-21T11:30:44Z
2026-06-14,2026-06-14,Kiki Rice,kiki rice,kiki rice,TOR,ATL,threes_made,0.94,/home/ubuntu/EdgeRanked/sports/wnba/outputs/archive/projections/wnba_projections_20260614.csv,missing_projected_or_actual_value,1,2026-06-21T11:30:44Z
2026-06-14,2026-06-14,Kiki Rice,kiki rice,kiki rice,TOR,ATL,steals,1.24,/home/ubuntu/EdgeRanked/sports/wnba/outputs/archive/projections/wnba_projections_20260614.csv,missing_projected_or_actual_value,1,2026-06-21T11:30:44Z
2026-06-14,2026-06-14,Kiki Rice,kiki rice,kiki rice,TOR,ATL,blocks,0.27,/home/ubuntu/EdgeRanked/sports/wnba/outputs/archive/projections/wnba_projections_20260614.csv,missing_projected_or_actual_value,1,2026-06-21T11:30:44Z
2026-06-14,2026-06-14,Mariella Fasoula,mariella fasoula,mariella fasoula,TOR,ATL,points,2.04,/home/ubuntu/EdgeRanked/sports/wnba/outputs/archive/projections/wnba_projections_20260614.csv,no_safe_player_match,0,2026-06-21T11:30:44Z
2026-06-14,2026-06-14,Mariella Fasoula,mariella fasoula,mariella fasoula,TOR,ATL,rebounds,1.62,/home/ubuntu/EdgeRanked/sports/wnba/outputs/archive/projections/wnba_projections_20260614.csv,no_safe_player_match,0,2026-06-21T11:30:44Z
2026-06-14,2026-06-14,Mariella Fasoula,mariella fasoula,mariella fasoula,TOR,ATL,assists,0.92,/home/ubuntu/EdgeRanked/sports/wnba/outputs/archive/projections/wnba_projections_20260614.csv,no_safe_player_match,0,2026-06-21T11:30:44Z
2026-06-14,2026-06-14,Mariella Fasoula,mariella fasoula,mariella fasoula,TOR,ATL,threes_made,0.12,/home/ubuntu/EdgeRanked/sports/wnba/outputs/archive/projections/wnba_projections_20260614.csv,no_safe_player_match,0,2026-06-21T11:30:44Z
2026-06-14,2026-06-14,Mariella Fasoula,mariella fasoula,mariella fasoula,TOR,ATL,steals,0.56,/home/ubuntu/EdgeRanked/sports/wnba/outputs/archive/projections/wnba_projections_20260614.csv,no_safe_player_match,0,2026-06-21T11:30:44Z
2026-06-14,2026-06-14,Mariella Fasoula,mariella fasoula,mariella fasoula,TOR,ATL,blocks,0.99,/home/ubuntu/EdgeRanked/sports/wnba/outputs/archive/projections/wnba_projections_20260614.csv,no_safe_player_match,0,2026-06-21T11:30:44Z
2026-06-14,2026-06-14,Marine Fauthoux,marine fauthoux,marine fauthoux,NYL,WAS,points,0.57,/home/ubuntu/EdgeRanked/sports/wnba/outputs/archive/projections/wnba_projections_20260614.csv,no_safe_player_match,0,2026-06-21T11:30:44Z
2026-06-14,2026-06-14,Marine Fauthoux,marine fauthoux,marine fauthoux,NYL,WAS,rebounds,1.39,/home/ubuntu/EdgeRanked/sports/wnba/outputs/archive/projections/wnba_projections_20260614.csv,no_safe_player_match,0,2026-06-21T11:30:44Z
2026-06-14,2026-06-14,Marine Fauthoux,marine fauthoux,marine fauthoux,NYL,WAS,assists,0.5,/home/ubuntu/EdgeRanked/sports/wnba/outputs/archive/projections/wnba_projections_20260614.csv,no_safe_player_match,0,2026-06-21T11:30:44Z
2026-06-14,2026-06-14,Marine Fauthoux,marine fauthoux,marine fauthoux,NYL,WAS,threes_made,0.24,/home/ubuntu/EdgeRanked/sports/wnba/outputs/archive/projections/wnba_projections_20260614.csv,no_safe_player_match,0,2026-06-21T11:30:44Z
2026-06-14,2026-06-14,Marine Fauthoux,marine fauthoux,marine fauthoux,NYL,WAS,steals,0.24,/home/ubuntu/EdgeRanked/sports/wnba/outputs/archive/projections/wnba_projections_20260614.csv,no_safe_player_match,0,2026-06-21T11:30:44Z
2026-06-14,2026-06-14,Marine Fauthoux,marine fauthoux,marine fauthoux,NYL,WAS,blocks,0.14,/home/ubuntu/EdgeRanked/sports/wnba/outputs/archive/projections/wnba_projections_20260614.csv,no_safe_player_match,0,2026-06-21T11:30:44Z
2026-06-14,2026-06-14,Nikolina Milic,nikolina milic,nikolina milic,TOR,ATL,points,1.89,/home/ubuntu/EdgeRanked/sports/wnba/outputs/archive/projections/wnba_projections_20260614.csv,no_safe_player_match,0,2026-06-21T11:30:44Z
2026-06-14,2026-06-14,Nikolina Milic,nikolina milic,nikolina milic,TOR,ATL,rebounds,1.74,/home/ubuntu/EdgeRanked/sports/wnba/outputs/archive/projections/wnba_projections_20260614.csv,no_safe_player_match,0,2026-06-21T11:30:44Z
2026-06-14,2026-06-14,Nikolina Milic,nikolina milic,nikolina milic,TOR,ATL,assists,0.61,/home/ubuntu/EdgeRanked/sports/wnba/outputs/archive/projections/wnba_projections_20260614.csv,no_safe_player_match,0,2026-06-21T11:30:44Z
2026-06-14,2026-06-14,Nikolina Milic,nikolina milic,nikolina milic,TOR,ATL,threes_made,0.12,/home/ubuntu/EdgeRanked/sports/wnba/outputs/archive/projections/wnba_projections_20260614.csv,no_safe_player_match,0,2026-06-21T11:30:44Z
2026-06-14,2026-06-14,Nikolina Milic,nikolina milic,nikolina milic,TOR,ATL,steals,0.24,/home/ubuntu/EdgeRanked/sports/wnba/outputs/archive/projections/wnba_projections_20260614.csv,no_safe_player_match,0,2026-06-21T11:30:44Z
2026-06-14,2026-06-14,Nikolina Milic,nikolina milic,nikolina milic,TOR,ATL,blocks,0.18,/home/ubuntu/EdgeRanked/sports/wnba/outputs/archive/projections/wnba_projections_20260614.csv,no_safe_player_match,0,2026-06-21T11:30:44Z
2026-06-14,2026-06-14,Nyara Sabally,nyara sabally,nyara sabally,TOR,ATL,points,12.91,/home/ubuntu/EdgeRanked/sports/wnba/outputs/archive/projections/wnba_projections_20260614.csv,missing_projected_or_actual_value,1,2026-06-21T11:30:44Z
2026-06-14,2026-06-14,Nyara Sabally,nyara sabally,nyara sabally,TOR,ATL,rebounds,5.88,/home/ubuntu/EdgeRanked/sports/wnba/outputs/archive/projections/wnba_projections_20260614.csv,missing_projected_or_actual_value,1,2026-06-21T11:30:44Z
2026-06-14,2026-06-14,Nyara Sabally,nyara sabally,nyara sabally,TOR,ATL,assists,2.32,/home/ubuntu/EdgeRanked/sports/wnba/outputs/archive/projections/wnba_projections_20260614.csv,missing_projected_or_actual_value,1,2026-06-21T11:30:44Z
2026-06-14,2026-06-14,Nyara Sabally,nyara sabally,nyara sabally,TOR,ATL,threes_made,0.54,/home/ubuntu/EdgeRanked/sports/wnba/outputs/archive/projections/wnba_projections_20260614.csv,missing_projected_or_actual_value,1,2026-06-21T11:30:44Z
2026-06-14,2026-06-14,Nyara Sabally,nyara sabally,nyara sabally,TOR,ATL,steals,1.11,/home/ubuntu/EdgeRanked/sports/wnba/outputs/archive/projections/wnba_projections_20260614.csv,missing_projected_or_actual_value,1,2026-06-21T11:30:44Z
2026-06-14,2026-06-14,Nyara Sabally,nyara sabally,nyara sabally,TOR,ATL,blocks,1.08,/home/ubuntu/EdgeRanked/sports/wnba/outputs/archive/projections/wnba_projections_20260614.csv,missing_projected_or_actual_value,1,2026-06-21T11:30:44Z
2026-06-14,2026-06-14,Rebecca Allen,rebecca allen,rebecca allen,NYL,WAS,points,1.7,/home/ubuntu/EdgeRanked/sports/wnba/outputs/archive/projections/wnba_projections_20260614.csv,missing_projected_or_actual_value,1,2026-06-21T11:30:44Z
2026-06-14,2026-06-14,Rebecca Allen,rebecca allen,rebecca allen,NYL,WAS,rebounds,1.48,/home/ubuntu/EdgeRanked/sports/wnba/outputs/archive/projections/wnba_projections_20260614.csv,missing_projected_or_actual_value,1,2026-06-21T11:30:44Z
2026-06-14,2026-06-14,Rebecca Allen,rebecca allen,rebecca allen,NYL,WAS,assists,0.78,/home/ubuntu/EdgeRanked/sports/wnba/outputs/archive/projections/wnba_projections_20260614.csv,missing_projected_or_actual_value,1,2026-06-21T11:30:44Z
2026-06-14,2026-06-14,Rebecca Allen,rebecca allen,rebecca allen,NYL,WAS,threes_made,0.45,/home/ubuntu/EdgeRanked/sports/wnba/outputs/archive/projections/wnba_projections_20260614.csv,missing_projected_or_actual_value,1,2026-06-21T11:30:44Z
2026-06-14,2026-06-14,Rebecca Allen,rebecca allen,rebecca allen,NYL,WAS,steals,0.41,/home/ubuntu/EdgeRanked/sports/wnba/outputs/archive/projections/wnba_projections_20260614.csv,missing_projected_or_actual_value,1,2026-06-21T11:30:44Z
2026-06-14,2026-06-14,Rebecca Allen,rebecca allen,rebecca allen,NYL,WAS,blocks,0.17,/home/ubuntu/EdgeRanked/sports/wnba/outputs/archive/projections/wnba_projections_20260614.csv,missing_projected_or_actual_value,1,2026-06-21T11:30:44Z
2026-06-15,2026-06-15,Ashten Prechtel,ashten prechtel,ashten prechtel,GSV,LAS,points,4.28,/home/ubuntu/EdgeRanked/sports/wnba/outputs/archive/projections/wnba_projections_20260615.csv,no_safe_player_match,0,2026-06-21T11:30:44Z
2026-06-15,2026-06-15,Ashten Prechtel,ashten prechtel,ashten prechtel,GSV,LAS,rebounds,1.86,/home/ubuntu/EdgeRanked/sports/wnba/outputs/archive/projections/wnba_projections_20260615.csv,no_safe_player_match,0,2026-06-21T11:30:44Z
2026-06-15,2026-06-15,Ashten Prechtel,ashten prechtel,ashten prechtel,GSV,LAS,assists,0.62,/home/ubuntu/EdgeRanked/sports/wnba/outputs/archive/projections/wnba_projections_20260615.csv,no_safe_player_match,0,2026-06-21T11:30:44Z
2026-06-15,2026-06-15,Ashten Prechtel,ashten prechtel,ashten prechtel,GSV,LAS,threes_made,1.13,/home/ubuntu/EdgeRanked/sports/wnba/outputs/archive/projections/wnba_projections_20260615.csv,no_safe_player_match,0,2026-06-21T11:30:44Z
2026-06-15,2026-06-15,Ashten Prechtel,ashten prechtel,ashten prechtel,GSV,LAS,steals,0.19,/home/ubuntu/EdgeRanked/sports/wnba/outputs/archive/projections/wnba_projections_20260615.csv,no_safe_player_match,0,2026-06-21T11:30:44Z
2026-06-15,2026-06-15,Ashten Prechtel,ashten prechtel,ashten prechtel,GSV,LAS,blocks,0.17,/home/ubuntu/EdgeRanked/sports/wnba/outputs/archive/projections/wnba_projections_20260615.csv,no_safe_player_match,0,2026-06-21T11:30:44Z
2026-06-15,2026-06-15,Chennedy Carter,chennedy carter,chennedy carter,LVA,DAL,points,10.14,/home/ubuntu/EdgeRanked/sports/wnba/outputs/archive/projections/wnba_projections_20260615.csv,no_safe_player_match,0,2026-06-21T11:30:44Z
2026-06-15,2026-06-15,Chennedy Carter,chennedy carter,chennedy carter,LVA,DAL,rebounds,1.26,/home/ubuntu/EdgeRanked/sports/wnba/outputs/archive/projections/wnba_projections_20260615.csv,no_safe_player_match,0,2026-06-21T11:30:44Z
2026-06-15,2026-06-15,Chennedy Carter,chennedy carter,chennedy carter,LVA,DAL,assists,1.27,/home/ubuntu/EdgeRanked/sports/wnba/outputs/archive/projections/wnba_projections_20260615.csv,no_safe_player_match,0,2026-06-21T11:30:44Z
2026-06-15,2026-06-15,Chennedy Carter,chennedy carter,chennedy carter,LVA,DAL,threes_made,0.78,/home/ubuntu/EdgeRanked/sports/wnba/outputs/archive/projections/wnba_projections_20260615.csv,no_safe_player_match,0,2026-06-21T11:30:44Z
2026-06-15,2026-06-15,Chennedy Carter,chennedy carter,chennedy carter,LVA,DAL,steals,0.67,/home/ubuntu/EdgeRanked/sports/wnba/outputs/archive/projections/wnba_projections_20260615.csv,no_safe_player_match,0,2026-06-21T11:30:44Z
2026-06-15,2026-06-15,Chennedy Carter,chennedy carter,chennedy carter,LVA,DAL,blocks,0.18,/home/ubuntu/EdgeRanked/sports/wnba/outputs/archive/projections/wnba_projections_20260615.csv,no_safe_player_match,0,2026-06-21T11:30:44Z
2026-06-15,2026-06-15,Costanza Verona,costanza verona,costanza verona,DAL,LVA,points,3.74,/home/ubuntu/EdgeRanked/sports/wnba/outputs/archive/projections/wnba_projections_20260615.csv,no_safe_player_match,0,2026-06-21T11:30:44Z
2026-06-15,2026-06-15,Costanza Verona,costanza verona,costanza verona,DAL,LVA,rebounds,0.76,/home/ubuntu/EdgeRanked/sports/wnba/outputs/archive/projections/wnba_projections_20260615.csv,no_safe_player_match,0,2026-06-21T11:30:44Z
2026-06-15,2026-06-15,Costanza Verona,costanza verona,costanza verona,DAL,LVA,assists,1.76,/home/ubuntu/EdgeRanked/sports/wnba/outputs/archive/projections/wnba_projections_20260615.csv,no_safe_player_match,0,2026-06-21T11:30:44Z
2026-06-15,2026-06-15,Costanza Verona,costanza verona,costanza verona,DAL,LVA,threes_made,0.1,/home/ubuntu/EdgeRanked/sports/wnba/outputs/archive/projections/wnba_projections_20260615.csv,no_safe_player_match,0,2026-06-21T11:30:44Z
2026-06-15,2026-06-15,Costanza Verona,costanza verona,costanza verona,DAL,LVA,steals,0.29,/home/ubuntu/EdgeRanked/sports/wnba/outputs/archive/projections/wnba_projections_20260615.csv,no_safe_player_match,0,2026-06-21T11:30:44Z
2026-06-15,2026-06-15,Costanza Verona,costanza verona,costanza verona,DAL,LVA,blocks,0.1,/home/ubuntu/EdgeRanked/sports/wnba/outputs/archive/projections/wnba_projections_20260615.csv,no_safe_player_match,0,2026-06-21T11:30:44Z
2026-06-15,2026-06-15,Dana Evans,dana evans,dana evans,LVA,DAL,points,7.01,/home/ubuntu/EdgeRanked/sports/wnba/outputs/archive/projections/wnba_projections_20260615.csv,no_safe_player_match,0,2026-06-21T11:30:44Z
2026-06-15,2026-06-15,Dana Evans,dana evans,dana evans,LVA,DAL,rebounds,2.68,/home/ubuntu/EdgeRanked/sports/wnba/outputs/archive/projections/wnba_projections_20260615.csv,no_safe_player_match,0,2026-06-21T11:30:44Z
2026-06-15,2026-06-15,Dana Evans,dana evans,dana evans,LVA,DAL,assists,1.73,/home/ubuntu/EdgeRanked/sports/wnba/outputs/archive/projections/wnba_projections_20260615.csv,no_safe_player_match,0,2026-06-21T11:30:44Z
2026-06-15,2026-06-15,Dana Evans,dana evans,dana evans,LVA,DAL,threes_made,0.78,/home/ubuntu/EdgeRanked/sports/wnba/outputs/archive/projections/wnba_projections_20260615.csv,no_safe_player_match,0,2026-06-21T11:30:44Z
2026-06-15,2026-06-15,Dana Evans,dana evans,dana evans,LVA,DAL,steals,0.7,/home/ubuntu/EdgeRanked/sports/wnba/outputs/archive/projections/wnba_projections_20260615.csv,no_safe_player_match,0,2026-06-21T11:30:44Z
2026-06-15,2026-06-15,Dana Evans,dana evans,dana evans,LVA,DAL,blocks,0.29,/home/ubuntu/EdgeRanked/sports/wnba/outputs/archive/projections/wnba_projections_20260615.csv,no_safe_player_match,0,2026-06-21T11:30:44Z
2026-06-15,2026-06-15,Dorka Juhasz,dorka juhasz,dorka juhasz,MIN,POR,points,6.44,/home/ubuntu/EdgeRanked/sports/wnba/outputs/archive/projections/wnba_projections_20260615.csv,missing_projected_or_actual_value,1,2026-06-21T11:30:44Z
2026-06-15,2026-06-15,Dorka Juhasz,dorka juhasz,dorka juhasz,MIN,POR,rebounds,3.29,/home/ubuntu/EdgeRanked/sports/wnba/outputs/archive/projections/wnba_projections_20260615.csv,missing_projected_or_actual_value,1,2026-06-21T11:30:44Z
2026-06-15,2026-06-15,Dorka Juhasz,dorka juhasz,dorka juhasz,MIN,POR,assists,1.8,/home/ubuntu/EdgeRanked/sports/wnba/outputs/archive/projections/wnba_projections_20260615.csv,missing_projected_or_actual_value,1,2026-06-21T11:30:44Z
2026-06-15,2026-06-15,Dorka Juhasz,dorka juhasz,dorka juhasz,MIN,POR,threes_made,0.75,/home/ubuntu/EdgeRanked/sports/wnba/outputs/archive/projections/wnba_projections_20260615.csv,missing_projected_or_actual_value,1,2026-06-21T11:30:44Z
2026-06-15,2026-06-15,Dorka Juhasz,dorka juhasz,dorka juhasz,MIN,POR,steals,0.65,/home/ubuntu/EdgeRanked/sports/wnba/outputs/archive/projections/wnba_projections_20260615.csv,missing_projected_or_actual_value,1,2026-06-21T11:30:44Z
2026-06-15,2026-06-15,Dorka Juhasz,dorka juhasz,dorka juhasz,MIN,POR,blocks,0.38,/home/ubuntu/EdgeRanked/sports/wnba/outputs/archive/projections/wnba_projections_20260615.csv,missing_projected_or_actual_value,1,2026-06-21T11:30:44Z
2026-06-15,2026-06-15,Dulcy Fankam Mendjiadeu,dulcy fankam mendjiadeu,dulcy fankam mendjiadeu,DAL,LVA,points,6.2,/home/ubuntu/EdgeRanked/sports/wnba/outputs/archive/projections/wnba_projections_20260615.csv,no_safe_player_match,0,2026-06-21T11:30:44Z
2026-06-15,2026-06-15,Dulcy Fankam Mendjiadeu,dulcy fankam mendjiadeu,dulcy fankam mendjiadeu,DAL,LVA,rebounds,2.9,/home/ubuntu/EdgeRanked/sports/wnba/outputs/archive/projections/wnba_projections_20260615.csv,no_safe_player_match,0,2026-06-21T11:30:44Z
2026-06-15,2026-06-15,Dulcy Fankam Mendjiadeu,dulcy fankam mendjiadeu,dulcy fankam mendjiadeu,DAL,LVA,assists,1.73,/home/ubuntu/EdgeRanked/sports/wnba/outputs/archive/projections/wnba_projections_20260615.csv,no_safe_player_match,0,2026-06-21T11:30:44Z
2026-06-15,2026-06-15,Dulcy Fankam Mendjiadeu,dulcy fankam mendjiadeu,dulcy fankam mendjiadeu,DAL,LVA,threes_made,0.7,/home/ubuntu/EdgeRanked/sports/wnba/outputs/archive/projections/wnba_projections_20260615.csv,no_safe_player_match,0,2026-06-21T11:30:44Z
2026-06-15,2026-06-15,Dulcy Fankam Mendjiadeu,dulcy fankam mendjiadeu,dulcy fankam mendjiadeu,DAL,LVA,steals,0.72,/home/ubuntu/EdgeRanked/sports/wnba/outputs/archive/projections/wnba_projections_20260615.csv,no_safe_player_match,0,2026-06-21T11:30:44Z
2026-06-15,2026-06-15,Dulcy Fankam Mendjiadeu,dulcy fankam mendjiadeu,dulcy fankam mendjiadeu,DAL,LVA,blocks,0.3,/home/ubuntu/EdgeRanked/sports/wnba/outputs/archive/projections/wnba_projections_20260615.csv,no_safe_player_match,0,2026-06-21T11:30:44Z
2026-06-15,2026-06-15,Emese Hof,emese hof,emese hof,MIN,POR,points,2.42,/home/ubuntu/EdgeRanked/sports/wnba/outputs/archive/projections/wnba_projections_20260615.csv,no_safe_player_match,0,2026-06-21T11:30:44Z
2026-06-15,2026-06-15,Emese Hof,emese hof,emese hof,MIN,POR,rebounds,2.17,/home/ubuntu/EdgeRanked/sports/wnba/outputs/archive/projections/wnba_projections_20260615.csv,no_safe_player_match,0,2026-06-21T11:30:44Z
2026-06-15,2026-06-15,Emese Hof,emese hof,emese hof,MIN,POR,assists,0.95,/home/ubuntu/EdgeRanked/sports/wnba/outputs/archive/projections/wnba_projections_20260615.csv,no_safe_player_match,0,2026-06-21T11:30:44Z
2026-06-15,2026-06-15,Emese Hof,emese hof,emese hof,MIN,POR,threes_made,0.15,/home/ubuntu/EdgeRanked/sports/wnba/outputs/archive/projections/wnba_projections_20260615.csv,no_safe_player_match,0,2026-06-21T11:30:44Z
2026-06-15,2026-06-15,Emese Hof,emese hof,emese hof,MIN,POR,steals,0.23,/home/ubuntu/EdgeRanked/sports/wnba/outputs/archive/projections/wnba_projections_20260615.csv,no_safe_player_match,0,2026-06-21T11:30:44Z
2026-06-15,2026-06-15,Emese Hof,emese hof,emese hof,MIN,POR,blocks,0.28,/home/ubuntu/EdgeRanked/sports/wnba/outputs/archive/projections/wnba_projections_20260615.csv,no_safe_player_match,0,2026-06-21T11:30:44Z
2026-06-15,2026-06-15,Emma Cannon,emma cannon,emma cannon,LAS,GSV,points,0.35,/home/ubuntu/EdgeRanked/sports/wnba/outputs/archive/projections/wnba_projections_20260615.csv,missing_projected_or_actual_value,1,2026-06-21T11:30:44Z
2026-06-15,2026-06-15,Emma Cannon,emma cannon,emma cannon,LAS,GSV,rebounds,0.3,/home/ubuntu/EdgeRanked/sports/wnba/outputs/archive/projections/wnba_projections_20260615.csv,missing_projected_or_actual_value,1,2026-06-21T11:30:44Z
2026-06-15,2026-06-15,Emma Cannon,emma cannon,emma cannon,LAS,GSV,assists,0.25,/home/ubuntu/EdgeRanked/sports/wnba/outputs/archive/projections/wnba_projections_20260615.csv,missing_projected_or_actual_value,1,2026-06-21T11:30:44Z
2026-06-15,2026-06-15,Emma Cannon,emma cannon,emma cannon,LAS,GSV,threes_made,0.15,/home/ubuntu/EdgeRanked/sports/wnba/outputs/archive/projections/wnba_projections_20260615.csv,missing_projected_or_actual_value,1,2026-06-21T11:30:44Z
2026-06-15,2026-06-15,Emma Cannon,emma cannon,emma cannon,LAS,GSV,steals,0.22,/home/ubuntu/EdgeRanked/sports/wnba/outputs/archive/projections/wnba_projections_20260615.csv,missing_projected_or_actual_value,1,2026-06-21T11:30:44Z
2026-06-15,2026-06-15,Emma Cannon,emma cannon,emma cannon,LAS,GSV,blocks,0.13,/home/ubuntu/EdgeRanked/sports/wnba/outputs/archive/projections/wnba_projections_20260615.csv,missing_projected_or_actual_value,1,2026-06-21T11:30:44Z
2026-06-15,2026-06-15,Emma Cechova,emma cechova,emma cechova,MIN,POR,points,6.43,/home/ubuntu/EdgeRanked/sports/wnba/outputs/archive/projections/wnba_projections_20260615.csv,missing_projected_or_actual_value,1,2026-06-21T11:30:44Z
2026-06-15,2026-06-15,Emma Cechova,emma cechova,emma cechova,MIN,POR,rebounds,4.63,/home/ubuntu/EdgeRanked/sports/wnba/outputs/archive/projections/wnba_projections_20260615.csv,missing_projected_or_actual_value,1,2026-06-21T11:30:44Z
2026-06-15,2026-06-15,Emma Cechova,emma cechova,emma cechova,MIN,POR,assists,0.51,/home/ubuntu/EdgeRanked/sports/wnba/outputs/archive/projections/wnba_projections_20260615.csv,missing_projected_or_actual_value,1,2026-06-21T11:30:44Z
2026-06-15,2026-06-15,Emma Cechova,emma cechova,emma cechova,MIN,POR,threes_made,0.17,/home/ubuntu/EdgeRanked/sports/wnba/outputs/archive/projections/wnba_projections_20260615.csv,missing_projected_or_actual_value,1,2026-06-21T11:30:44Z
2026-06-15,2026-06-15,Emma Cechova,emma cechova,emma cechova,MIN,POR,steals,0.49,/home/ubuntu/EdgeRanked/sports/wnba/outputs/archive/projections/wnba_projections_20260615.csv,missing_projected_or_actual_value,1,2026-06-21T11:30:44Z
2026-06-15,2026-06-15,Emma Cechova,emma cechova,emma cechova,MIN,POR,blocks,0.67,/home/ubuntu/EdgeRanked/sports/wnba/outputs/archive/projections/wnba_projections_20260615.csv,missing_projected_or_actual_value,1,2026-06-21T11:30:44Z
2026-06-15,2026-06-15,Haley Jones,haley jones,haley jones,POR,MIN,points,5.14,/home/ubuntu/EdgeRanked/sports/wnba/outputs/archive/projections/wnba_projections_20260615.csv,no_safe_player_match,0,2026-06-21T11:30:44Z
2026-06-15,2026-06-15,Haley Jones,haley jones,haley jones,POR,MIN,rebounds,3.28,/home/ubuntu/EdgeRanked/sports/wnba/outputs/archive/projections/wnba_projections_20260615.csv,no_safe_player_match,0,2026-06-21T11:30:44Z
2026-06-15,2026-06-15,Haley Jones,haley jones,haley jones,POR,MIN,assists,1.98,/home/ubuntu/EdgeRanked/sports/wnba/outputs/archive/projections/wnba_projections_20260615.csv,no_safe_player_match,0,2026-06-21T11:30:44Z
2026-06-15,2026-06-15,Haley Jones,haley jones,haley jones,POR,MIN,threes_made,0.24,/home/ubuntu/EdgeRanked/sports/wnba/outputs/archive/projections/wnba_projections_20260615.csv,no_safe_player_match,0,2026-06-21T11:30:44Z
2026-06-15,2026-06-15,Haley Jones,haley jones,haley jones,POR,MIN,steals,0.85,/home/ubuntu/EdgeRanked/sports/wnba/outputs/archive/projections/wnba_projections_20260615.csv,no_safe_player_match,0,2026-06-21T11:30:44Z
2026-06-15,2026-06-15,Haley Jones,haley jones,haley jones,POR,MIN,blocks,0.61,/home/ubuntu/EdgeRanked/sports/wnba/outputs/archive/projections/wnba_projections_20260615.csv,no_safe_player_match,0,2026-06-21T11:30:44Z
2026-06-15,2026-06-15,Iliana Rupert,iliana rupert,iliana rupert,GSV,LAS,points,6.71,/home/ubuntu/EdgeRanked/sports/wnba/outputs/archive/projections/wnba_projections_20260615.csv,no_safe_player_match,0,2026-06-21T11:30:44Z
2026-06-15,2026-06-15,Iliana Rupert,iliana rupert,iliana rupert,GSV,LAS,rebounds,3.26,/home/ubuntu/EdgeRanked/sports/wnba/outputs/archive/projections/wnba_projections_20260615.csv,no_safe_player_match,0,2026-06-21T11:30:44Z
2026-06-15,2026-06-15,Iliana Rupert,iliana rupert,iliana rupert,GSV,LAS,assists,1.73,/home/ubuntu/EdgeRanked/sports/wnba/outputs/archive/projections/wnba_projections_20260615.csv,no_safe_player_match,0,2026-06-21T11:30:44Z
2026-06-15,2026-06-15,Iliana Rupert,iliana rupert,iliana rupert,GSV,LAS,threes_made,0.64,/home/ubuntu/EdgeRanked/sports/wnba/outputs/archive/projections/wnba_projections_20260615.csv,no_safe_player_match,0,2026-06-21T11:30:44Z
2026-06-15,2026-06-15,Iliana Rupert,iliana rupert,iliana rupert,GSV,LAS,steals,0.83,/home/ubuntu/EdgeRanked/sports/wnba/outputs/archive/projections/wnba_projections_20260615.csv,no_safe_player_match,0,2026-06-21T11:30:44Z
2026-06-15,2026-06-15,Iliana Rupert,iliana rupert,iliana rupert,GSV,LAS,blocks,0.45,/home/ubuntu/EdgeRanked/sports/wnba/outputs/archive/projections/wnba_projections_20260615.csv,no_safe_player_match,0,2026-06-21T11:30:44Z
2026-06-15,2026-06-15,Janiah Barker,janiah barker,janiah barker,LVA,DAL,points,6.9,/home/ubuntu/EdgeRanked/sports/wnba/outputs/archive/projections/wnba_projections_20260615.csv,missing_projected_or_actual_value,1,2026-06-21T11:30:44Z
2026-06-15,2026-06-15,Janiah Barker,janiah barker,janiah barker,LVA,DAL,rebounds,2.67,/home/ubuntu/EdgeRanked/sports/wnba/outputs/archive/projections/wnba_projections_20260615.csv,missing_projected_or_actual_value,1,2026-06-21T11:30:44Z
2026-06-15,2026-06-15,Janiah Barker,janiah barker,janiah barker,LVA,DAL,assists,1.7,/home/ubuntu/EdgeRanked/sports/wnba/outputs/archive/projections/wnba_projections_20260615.csv,missing_projected_or_actual_value,1,2026-06-21T11:30:44Z
2026-06-15,2026-06-15,Janiah Barker,janiah barker,janiah barker,LVA,DAL,threes_made,0.76,/home/ubuntu/EdgeRanked/sports/wnba/outputs/archive/projections/wnba_projections_20260615.csv,missing_projected_or_actual_value,1,2026-06-21T11:30:44Z
2026-06-15,2026-06-15,Janiah Barker,janiah barker,janiah barker,LVA,DAL,steals,0.69,/home/ubuntu/EdgeRanked/sports/wnba/outputs/archive/projections/wnba_projections_20260615.csv,missing_projected_or_actual_value,1,2026-06-21T11:30:44Z
2026-06-15,2026-06-15,Janiah Barker,janiah barker,janiah barker,LVA,DAL,blocks,0.29,/home/ubuntu/EdgeRanked/sports/wnba/outputs/archive/projections/wnba_projections_20260615.csv,missing_projected_or_actual_value,1,2026-06-21T11:30:44Z
2026-06-15,2026-06-15,JJ Quinerly,jj quinerly,jj quinerly,DAL,LVA,points,1.26,/home/ubuntu/EdgeRanked/sports/wnba/outputs/archive/projections/wnba_projections_20260615.csv,no_safe_player_match,0,2026-06-21T11:30:44Z
2026-06-15,2026-06-15,JJ Quinerly,jj quinerly,jj quinerly,DAL,LVA,rebounds,1.28,/home/ubuntu/EdgeRanked/sports/wnba/outputs/archive/projections/wnba_projections_20260615.csv,no_safe_player_match,0,2026-06-21T11:30:44Z
2026-06-15,2026-06-15,JJ Quinerly,jj quinerly,jj quinerly,DAL,LVA,assists,1.22,/home/ubuntu/EdgeRanked/sports/wnba/outputs/archive/projections/wnba_projections_20260615.csv,no_safe_player_match,0,2026-06-21T11:30:44Z
2026-06-15,2026-06-15,JJ Quinerly,jj quinerly,jj quinerly,DAL,LVA,threes_made,0.11,/home/ubuntu/EdgeRanked/sports/wnba/outputs/archive/projections/wnba_projections_20260615.csv,no_safe_player_match,0,2026-06-21T11:30:44Z
2026-06-15,2026-06-15,JJ Quinerly,jj quinerly,jj quinerly,DAL,LVA,steals,0.28,/home/ubuntu/EdgeRanked/sports/wnba/outputs/archive/projections/wnba_projections_20260615.csv,no_safe_player_match,0,2026-06-21T11:30:44Z
2026-06-15,2026-06-15,JJ Quinerly,jj quinerly,jj quinerly,DAL,LVA,blocks,0.4,/home/ubuntu/EdgeRanked/sports/wnba/outputs/archive/projections/wnba_projections_20260615.csv,no_safe_player_match,0,2026-06-21T11:30:44Z
2026-06-15,2026-06-15,Jordan Harrison,jordan harrison,jordan harrison,POR,MIN,points,3.07,/home/ubuntu/EdgeRanked/sports/wnba/outputs/archive/projections/wnba_projections_20260615.csv,no_safe_player_match,0,2026-06-21T11:30:44Z
2026-06-15,2026-06-15,Jordan Harrison,jordan harrison,jordan harrison,POR,MIN,rebounds,1.22,/home/ubuntu/EdgeRanked/sports/wnba/outputs/archive/projections/wnba_projections_20260615.csv,no_safe_player_match,0,2026-06-21T11:30:44Z
2026-06-15,2026-06-15,Jordan Harrison,jordan harrison,jordan harrison,POR,MIN,assists,2.6,/home/ubuntu/EdgeRanked/sports/wnba/outputs/archive/projections/wnba_projections_20260615.csv,no_safe_player_match,0,2026-06-21T11:30:44Z
2026-06-15,2026-06-15,Jordan Harrison,jordan harrison,jordan harrison,POR,MIN,threes_made,0.16,/home/ubuntu/EdgeRanked/sports/wnba/outputs/archive/projections/wnba_projections_20260615.csv,no_safe_player_match,0,2026-06-21T11:30:44Z
2026-06-15,2026-06-15,Jordan Harrison,jordan harrison,jordan harrison,POR,MIN,steals,0.41,/home/ubuntu/EdgeRanked/sports/wnba/outputs/archive/projections/wnba_projections_20260615.csv,no_safe_player_match,0,2026-06-21T11:30:44Z
2026-06-15,2026-06-15,Jordan Harrison,jordan harrison,jordan harrison,POR,MIN,blocks,0.1,/home/ubuntu/EdgeRanked/sports/wnba/outputs/archive/projections/wnba_projections_20260615.csv,no_safe_player_match,0,2026-06-21T11:30:44Z
2026-06-15,2026-06-15,Kamiah Smalls,kamiah smalls,kamiah smalls,POR,MIN,points,5.05,/home/ubuntu/EdgeRanked/sports/wnba/outputs/archive/projections/wnba_projections_20260615.csv,no_safe_player_match,0,2026-06-21T11:30:44Z
2026-06-15,2026-06-15,Kamiah Smalls,kamiah smalls,kamiah smalls,POR,MIN,rebounds,0.43,/home/ubuntu/EdgeRanked/sports/wnba/outputs/archive/projections/wnba_projections_20260615.csv,no_safe_player_match,0,2026-06-21T11:30:44Z
2026-06-15,2026-06-15,Kamiah Smalls,kamiah smalls,kamiah smalls,POR,MIN,assists,2.52,/home/ubuntu/EdgeRanked/sports/wnba/outputs/archive/projections/wnba_projections_20260615.csv,no_safe_player_match,0,2026-06-21T11:30:44Z
2026-06-15,2026-06-15,Kamiah Smalls,kamiah smalls,kamiah smalls,POR,MIN,threes_made,1.23,/home/ubuntu/EdgeRanked/sports/wnba/outputs/archive/projections/wnba_projections_20260615.csv,no_safe_player_match,0,2026-06-21T11:30:44Z
2026-06-15,2026-06-15,Kamiah Smalls,kamiah smalls,kamiah smalls,POR,MIN,steals,0.52,/home/ubuntu/EdgeRanked/sports/wnba/outputs/archive/projections/wnba_projections_20260615.csv,no_safe_player_match,0,2026-06-21T11:30:44Z
2026-06-15,2026-06-15,Kamiah Smalls,kamiah smalls,kamiah smalls,POR,MIN,blocks,0.17,/home/ubuntu/EdgeRanked/sports/wnba/outputs/archive/projections/wnba_projections_20260615.csv,no_safe_player_match,0,2026-06-21T11:30:44Z
2026-06-15,2026-06-15,Karlie Samuelson,karlie samuelson,karlie samuelson,POR,MIN,points,2.94,/home/ubuntu/EdgeRanked/sports/wnba/outputs/archive/projections/wnba_projections_20260615.csv,missing_projected_or_actual_value,1,2026-06-21T11:30:44Z
2026-06-15,2026-06-15,Karlie Samuelson,karlie samuelson,karlie samuelson,POR,MIN,rebounds,1.55,/home/ubuntu/EdgeRanked/sports/wnba/outputs/archive/projections/wnba_projections_20260615.csv,missing_projected_or_actual_value,1,2026-06-21T11:30:44Z
2026-06-15,2026-06-15,Karlie Samuelson,karlie samuelson,karlie samuelson,POR,MIN,assists,0.94,/home/ubuntu/EdgeRanked/sports/wnba/outputs/archive/projections/wnba_projections_20260615.csv,missing_projected_or_actual_value,1,2026-06-21T11:30:44Z
2026-06-15,2026-06-15,Karlie Samuelson,karlie samuelson,karlie samuelson,POR,MIN,threes_made,0.59,/home/ubuntu/EdgeRanked/sports/wnba/outputs/archive/projections/wnba_projections_20260615.csv,missing_projected_or_actual_value,1,2026-06-21T11:30:44Z
2026-06-15,2026-06-15,Karlie Samuelson,karlie samuelson,karlie samuelson,POR,MIN,steals,0.56,/home/ubuntu/EdgeRanked/sports/wnba/outputs/archive/projections/wnba_projections_20260615.csv,missing_projected_or_actual_value,1,2026-06-21T11:30:44Z
2026-06-15,2026-06-15,Karlie Samuelson,karlie samuelson,karlie samuelson,POR,MIN,blocks,0.32,/home/ubuntu/EdgeRanked/sports/wnba/outputs/archive/projections/wnba_projections_20260615.csv,missing_projected_or_actual_value,1,2026-06-21T11:30:44Z
2026-06-15,2026-06-15,Laura Ziegler,laura ziegler,laura ziegler,LAS,GSV,points,6.75,/home/ubuntu/EdgeRanked/sports/wnba/outputs/archive/projections/wnba_projections_20260615.csv,no_safe_player_match,0,2026-06-21T11:30:44Z
2026-06-15,2026-06-15,Laura Ziegler,laura ziegler,laura ziegler,LAS,GSV,rebounds,3.06,/home/ubuntu/EdgeRanked/sports/wnba/outputs/archive/projections/wnba_projections_20260615.csv,no_safe_player_match,0,2026-06-21T11:30:44Z
2026-06-15,2026-06-15,Laura Ziegler,laura ziegler,laura ziegler,LAS,GSV,assists,1.78,/home/ubuntu/EdgeRanked/sports/wnba/outputs/archive/projections/wnba_projections_20260615.csv,no_safe_player_match,0,2026-06-21T11:30:44Z
2026-06-15,2026-06-15,Laura Ziegler,laura ziegler,laura ziegler,LAS,GSV,threes_made,0.63,/home/ubuntu/EdgeRanked/sports/wnba/outputs/archive/projections/wnba_projections_20260615.csv,no_safe_player_match,0,2026-06-21T11:30:44Z
2026-06-15,2026-06-15,Laura Ziegler,laura ziegler,laura ziegler,LAS,GSV,steals,0.87,/home/ubuntu/EdgeRanked/sports/wnba/outputs/archive/projections/wnba_projections_20260615.csv,no_safe_player_match,0,2026-06-21T11:30:44Z
2026-06-15,2026-06-15,Laura Ziegler,laura ziegler,laura ziegler,LAS,GSV,blocks,0.42,/home/ubuntu/EdgeRanked/sports/wnba/outputs/archive/projections/wnba_projections_20260615.csv,no_safe_player_match,0,2026-06-21T11:30:44Z
2026-06-15,2026-06-15,Liatu King,liatu king,liatu king,MIN,POR,points,2.81,/home/ubuntu/EdgeRanked/sports/wnba/outputs/archive/projections/wnba_projections_20260615.csv,no_safe_player_match,0,2026-06-21T11:30:44Z
2026-06-15,2026-06-15,Liatu King,liatu king,liatu king,MIN,POR,rebounds,3.8,/home/ubuntu/EdgeRanked/sports/wnba/outputs/archive/projections/wnba_projections_20260615.csv,no_safe_player_match,0,2026-06-21T11:30:44Z
2026-06-15,2026-06-15,Liatu King,liatu king,liatu king,MIN,POR,assists,0.23,/home/ubuntu/EdgeRanked/sports/wnba/outputs/archive/projections/wnba_projections_20260615.csv,no_safe_player_match,0,2026-06-21T11:30:44Z
2026-06-15,2026-06-15,Liatu King,liatu king,liatu king,MIN,POR,threes_made,0.42,/home/ubuntu/EdgeRanked/sports/wnba/outputs/archive/projections/wnba_projections_20260615.csv,no_safe_player_match,0,2026-06-21T11:30:44Z
2026-06-15,2026-06-15,Liatu King,liatu king,liatu king,MIN,POR,steals,0.39,/home/ubuntu/EdgeRanked/sports/wnba/outputs/archive/projections/wnba_projections_20260615.csv,no_safe_player_match,0,2026-06-21T11:30:44Z
2026-06-15,2026-06-15,Liatu King,liatu king,liatu king,MIN,POR,blocks,0.92,/home/ubuntu/EdgeRanked/sports/wnba/outputs/archive/projections/wnba_projections_20260615.csv,no_safe_player_match,0,2026-06-21T11:30:44Z
2026-06-15,2026-06-15,Miela Sowah,miela sowah,miela sowah,GSV,LAS,points,0.32,/home/ubuntu/EdgeRanked/sports/wnba/outputs/archive/projections/wnba_projections_20260615.csv,no_safe_player_match,0,2026-06-21T11:30:44Z
2026-06-15,2026-06-15,Miela Sowah,miela sowah,miela sowah,GSV,LAS,rebounds,0.66,/home/ubuntu/EdgeRanked/sports/wnba/outputs/archive/projections/wnba_projections_20260615.csv,no_safe_player_match,0,2026-06-21T11:30:44Z
2026-06-15,2026-06-15,Miela Sowah,miela sowah,miela sowah,GSV,LAS,assists,0.24,/home/ubuntu/EdgeRanked/sports/wnba/outputs/archive/projections/wnba_projections_20260615.csv,no_safe_player_match,0,2026-06-21T11:30:44Z
2026-06-15,2026-06-15,Miela Sowah,miela sowah,miela sowah,GSV,LAS,threes_made,0.18,/home/ubuntu/EdgeRanked/sports/wnba/outputs/archive/projections/wnba_projections_20260615.csv,no_safe_player_match,0,2026-06-21T11:30:44Z
2026-06-15,2026-06-15,Miela Sowah,miela sowah,miela sowah,GSV,LAS,steals,0.19,/home/ubuntu/EdgeRanked/sports/wnba/outputs/archive/projections/wnba_projections_20260615.csv,no_safe_player_match,0,2026-06-21T11:30:44Z
2026-06-15,2026-06-15,Miela Sowah,miela sowah,miela sowah,GSV,LAS,blocks,0.12,/home/ubuntu/EdgeRanked/sports/wnba/outputs/archive/projections/wnba_projections_20260615.csv,no_safe_player_match,0,2026-06-21T11:30:44Z
2026-06-15,2026-06-15,Nadia Fingall,nadia fingall,nadia fingall,GSV,LAS,points,6.28,/home/ubuntu/EdgeRanked/sports/wnba/outputs/archive/projections/wnba_projections_20260615.csv,missing_projected_or_actual_value,1,2026-06-21T11:30:44Z
2026-06-15,2026-06-15,Nadia Fingall,nadia fingall,nadia fingall,GSV,LAS,rebounds,3.01,/home/ubuntu/EdgeRanked/sports/wnba/outputs/archive/projections/wnba_projections_20260615.csv,missing_projected_or_actual_value,1,2026-06-21T11:30:44Z
2026-06-15,2026-06-15,Nadia Fingall,nadia fingall,nadia fingall,GSV,LAS,assists,1.73,/home/ubuntu/EdgeRanked/sports/wnba/outputs/archive/projections/wnba_projections_20260615.csv,missing_projected_or_actual_value,1,2026-06-21T11:30:44Z
2026-06-15,2026-06-15,Nadia Fingall,nadia fingall,nadia fingall,GSV,LAS,threes_made,0.76,/home/ubuntu/EdgeRanked/sports/wnba/outputs/archive/projections/wnba_projections_20260615.csv,missing_projected_or_actual_value,1,2026-06-21T11:30:44Z
2026-06-15,2026-06-15,Nadia Fingall,nadia fingall,nadia fingall,GSV,LAS,steals,0.77,/home/ubuntu/EdgeRanked/sports/wnba/outputs/archive/projections/wnba_projections_20260615.csv,missing_projected_or_actual_value,1,2026-06-21T11:30:44Z
2026-06-15,2026-06-15,Nadia Fingall,nadia fingall,nadia fingall,GSV,LAS,blocks,0.33,/home/ubuntu/EdgeRanked/sports/wnba/outputs/archive/projections/wnba_projections_20260615.csv,missing_projected_or_actual_value,1,2026-06-21T11:30:44Z
2026-06-15,2026-06-15,Napheesa Collier,napheesa collier,napheesa collier,MIN,POR,points,6.44,/home/ubuntu/EdgeRanked/sports/wnba/outputs/archive/projections/wnba_projections_20260615.csv,missing_projected_or_actual_value,1,2026-06-21T11:30:44Z
2026-06-15,2026-06-15,Napheesa Collier,napheesa collier,napheesa collier,MIN,POR,rebounds,3.27,/home/ubuntu/EdgeRanked/sports/wnba/outputs/archive/projections/wnba_projections_20260615.csv,missing_projected_or_actual_value,1,2026-06-21T11:30:44Z
2026-06-15,2026-06-15,Napheesa Collier,napheesa collier,napheesa collier,MIN,POR,assists,1.78,/home/ubuntu/EdgeRanked/sports/wnba/outputs/archive/projections/wnba_projections_20260615.csv,missing_projected_or_actual_value,1,2026-06-21T11:30:44Z
2026-06-15,2026-06-15,Napheesa Collier,napheesa collier,napheesa collier,MIN,POR,threes_made,0.75,/home/ubuntu/EdgeRanked/sports/wnba/outputs/archive/projections/wnba_projections_20260615.csv,missing_projected_or_actual_value,1,2026-06-21T11:30:44Z
2026-06-15,2026-06-15,Napheesa Collier,napheesa collier,napheesa collier,MIN,POR,steals,0.65,/home/ubuntu/EdgeRanked/sports/wnba/outputs/archive/projections/wnba_projections_20260615.csv,missing_projected_or_actual_value,1,2026-06-21T11:30:44Z
2026-06-15,2026-06-15,Napheesa Collier,napheesa collier,napheesa collier,MIN,POR,blocks,0.39,/home/ubuntu/EdgeRanked/sports/wnba/outputs/archive/projections/wnba_projections_20260615.csv,missing_projected_or_actual_value,1,2026-06-21T11:30:44Z
2026-06-15,2026-06-15,Ndjakalenga Mwenentanda,ndjakalenga mwenentanda,ndjakalenga mwenentanda,GSV,LAS,points,0.4,/home/ubuntu/EdgeRanked/sports/wnba/outputs/archive/projections/wnba_projections_20260615.csv,no_safe_player_match,0,2026-06-21T11:30:44Z
2026-06-15,2026-06-15,Ndjakalenga Mwenentanda,ndjakalenga mwenentanda,ndjakalenga mwenentanda,GSV,LAS,rebounds,1.35,/home/ubuntu/EdgeRanked/sports/wnba/outputs/archive/projections/wnba_projections_20260615.csv,no_safe_player_match,0,2026-06-21T11:30:44Z
2026-06-15,2026-06-15,Ndjakalenga Mwenentanda,ndjakalenga mwenentanda,ndjakalenga mwenentanda,GSV,LAS,assists,0.76,/home/ubuntu/EdgeRanked/sports/wnba/outputs/archive/projections/wnba_projections_20260615.csv,no_safe_player_match,0,2026-06-21T11:30:44Z
2026-06-15,2026-06-15,Ndjakalenga Mwenentanda,ndjakalenga mwenentanda,ndjakalenga mwenentanda,GSV,LAS,threes_made,0.21,/home/ubuntu/EdgeRanked/sports/wnba/outputs/archive/projections/wnba_projections_20260615.csv,no_safe_player_match,0,2026-06-21T11:30:44Z
2026-06-15,2026-06-15,Ndjakalenga Mwenentanda,ndjakalenga mwenentanda,ndjakalenga mwenentanda,GSV,LAS,steals,0.33,/home/ubuntu/EdgeRanked/sports/wnba/outputs/archive/projections/wnba_projections_20260615.csv,no_safe_player_match,0,2026-06-21T11:30:44Z
2026-06-15,2026-06-15,Ndjakalenga Mwenentanda,ndjakalenga mwenentanda,ndjakalenga mwenentanda,GSV,LAS,blocks,0.17,/home/ubuntu/EdgeRanked/sports/wnba/outputs/archive/projections/wnba_projections_20260615.csv,no_safe_player_match,0,2026-06-21T11:30:44Z
2026-06-15,2026-06-15,Odyssey Sims,odyssey sims,odyssey sims,DAL,LVA,points,2.75,/home/ubuntu/EdgeRanked/sports/wnba/outputs/archive/projections/wnba_projections_20260615.csv,no_safe_player_match,0,2026-06-21T11:30:44Z
2026-06-15,2026-06-15,Odyssey Sims,odyssey sims,odyssey sims,DAL,LVA,rebounds,1.03,/home/ubuntu/EdgeRanked/sports/wnba/outputs/archive/projections/wnba_projections_20260615.csv,no_safe_player_match,0,2026-06-21T11:30:44Z
2026-06-15,2026-06-15,Odyssey Sims,odyssey sims,odyssey sims,DAL,LVA,assists,2.2,/home/ubuntu/EdgeRanked/sports/wnba/outputs/archive/projections/wnba_projections_20260615.csv,no_safe_player_match,0,2026-06-21T11:30:44Z
2026-06-15,2026-06-15,Odyssey Sims,odyssey sims,odyssey sims,DAL,LVA,threes_made,0.24,/home/ubuntu/EdgeRanked/sports/wnba/outputs/archive/projections/wnba_projections_20260615.csv,no_safe_player_match,0,2026-06-21T11:30:44Z
2026-06-15,2026-06-15,Odyssey Sims,odyssey sims,odyssey sims,DAL,LVA,steals,0.57,/home/ubuntu/EdgeRanked/sports/wnba/outputs/archive/projections/wnba_projections_20260615.csv,no_safe_player_match,0,2026-06-21T11:30:44Z
2026-06-15,2026-06-15,Odyssey Sims,odyssey sims,odyssey sims,DAL,LVA,blocks,0.14,/home/ubuntu/EdgeRanked/sports/wnba/outputs/archive/projections/wnba_projections_20260615.csv,no_safe_player_match,0,2026-06-21T11:30:44Z
2026-06-16,2026-06-16,Bree Hall,bree hall,bree hall,IND,TOR,points,5.71,/home/ubuntu/EdgeRanked/sports/wnba/outputs/archive/projections/wnba_projections_20260616.csv,no_safe_player_match,0,2026-06-21T11:30:44Z
2026-06-16,2026-06-16,Bree Hall,bree hall,bree hall,IND,TOR,rebounds,3.06,/home/ubuntu/EdgeRanked/sports/wnba/outputs/archive/projections/wnba_projections_20260616.csv,no_safe_player_match,0,2026-06-21T11:30:44Z
2026-06-16,2026-06-16,Bree Hall,bree hall,bree hall,IND,TOR,assists,1.71,/home/ubuntu/EdgeRanked/sports/wnba/outputs/archive/projections/wnba_projections_20260616.csv,no_safe_player_match,0,2026-06-21T11:30:44Z
2026-06-16,2026-06-16,Bree Hall,bree hall,bree hall,IND,TOR,threes_made,0.7,/home/ubuntu/EdgeRanked/sports/wnba/outputs/archive/projections/wnba_projections_20260616.csv,no_safe_player_match,0,2026-06-21T11:30:44Z
2026-06-16,2026-06-16,Bree Hall,bree hall,bree hall,IND,TOR,steals,0.8,/home/ubuntu/EdgeRanked/sports/wnba/outputs/archive/projections/wnba_projections_20260616.csv,no_safe_player_match,0,2026-06-21T11:30:44Z
2026-06-16,2026-06-16,Bree Hall,bree hall,bree hall,IND,TOR,blocks,0.24,/home/ubuntu/EdgeRanked/sports/wnba/outputs/archive/projections/wnba_projections_20260616.csv,no_safe_player_match,0,2026-06-21T11:30:44Z
2026-06-16,2026-06-16,Justine Pissott,justine pissott,justine pissott,IND,TOR,points,5.78,/home/ubuntu/EdgeRanked/sports/wnba/outputs/archive/projections/wnba_projections_20260616.csv,no_safe_player_match,0,2026-06-21T11:30:44Z
2026-06-16,2026-06-16,Justine Pissott,justine pissott,justine pissott,IND,TOR,rebounds,3.06,/home/ubuntu/EdgeRanked/sports/wnba/outputs/archive/projections/wnba_projections_20260616.csv,no_safe_player_match,0,2026-06-21T11:30:44Z
2026-06-16,2026-06-16,Justine Pissott,justine pissott,justine pissott,IND,TOR,assists,1.71,/home/ubuntu/EdgeRanked/sports/wnba/outputs/archive/projections/wnba_projections_20260616.csv,no_safe_player_match,0,2026-06-21T11:30:44Z
2026-06-16,2026-06-16,Justine Pissott,justine pissott,justine pissott,IND,TOR,threes_made,0.71,/home/ubuntu/EdgeRanked/sports/wnba/outputs/archive/projections/wnba_projections_20260616.csv,no_safe_player_match,0,2026-06-21T11:30:44Z
2026-06-16,2026-06-16,Justine Pissott,justine pissott,justine pissott,IND,TOR,steals,0.79,/home/ubuntu/EdgeRanked/sports/wnba/outputs/archive/projections/wnba_projections_20260616.csv,no_safe_player_match,0,2026-06-21T11:30:44Z
2026-06-16,2026-06-16,Justine Pissott,justine pissott,justine pissott,IND,TOR,blocks,0.24,/home/ubuntu/EdgeRanked/sports/wnba/outputs/archive/projections/wnba_projections_20260616.csv,no_safe_player_match,0,2026-06-21T11:30:44Z
2026-06-16,2026-06-16,Kiki Rice,kiki rice,kiki rice,TOR,IND,points,13.01,/home/ubuntu/EdgeRanked/sports/wnba/outputs/archive/projections/wnba_projections_20260616.csv,missing_projected_or_actual_value,1,2026-06-21T11:30:44Z
2026-06-16,2026-06-16,Kiki Rice,kiki rice,kiki rice,TOR,IND,rebounds,5.09,/home/ubuntu/EdgeRanked/sports/wnba/outputs/archive/projections/wnba_projections_20260616.csv,missing_projected_or_actual_value,1,2026-06-21T11:30:44Z
2026-06-16,2026-06-16,Kiki Rice,kiki rice,kiki rice,TOR,IND,assists,3.17,/home/ubuntu/EdgeRanked/sports/wnba/outputs/archive/projections/wnba_projections_20260616.csv,missing_projected_or_actual_value,1,2026-06-21T11:30:44Z
2026-06-16,2026-06-16,Kiki Rice,kiki rice,kiki rice,TOR,IND,threes_made,0.83,/home/ubuntu/EdgeRanked/sports/wnba/outputs/archive/projections/wnba_projections_20260616.csv,missing_projected_or_actual_value,1,2026-06-21T11:30:44Z
2026-06-16,2026-06-16,Kiki Rice,kiki rice,kiki rice,TOR,IND,steals,1.27,/home/ubuntu/EdgeRanked/sports/wnba/outputs/archive/projections/wnba_projections_20260616.csv,missing_projected_or_actual_value,1,2026-06-21T11:30:44Z
2026-06-16,2026-06-16,Kiki Rice,kiki rice,kiki rice,TOR,IND,blocks,0.34,/home/ubuntu/EdgeRanked/sports/wnba/outputs/archive/projections/wnba_projections_20260616.csv,missing_projected_or_actual_value,1,2026-06-21T11:30:44Z
2026-06-16,2026-06-16,Mariella Fasoula,mariella fasoula,mariella fasoula,TOR,IND,points,1.86,/home/ubuntu/EdgeRanked/sports/wnba/outputs/archive/projections/wnba_projections_20260616.csv,no_safe_player_match,0,2026-06-21T11:30:44Z
2026-06-16,2026-06-16,Mariella Fasoula,mariella fasoula,mariella fasoula,TOR,IND,rebounds,1.66,/home/ubuntu/EdgeRanked/sports/wnba/outputs/archive/projections/wnba_projections_20260616.csv,no_safe_player_match,0,2026-06-21T11:30:44Z
2026-06-16,2026-06-16,Mariella Fasoula,mariella fasoula,mariella fasoula,TOR,IND,assists,1.1,/home/ubuntu/EdgeRanked/sports/wnba/outputs/archive/projections/wnba_projections_20260616.csv,no_safe_player_match,0,2026-06-21T11:30:44Z
2026-06-16,2026-06-16,Mariella Fasoula,mariella fasoula,mariella fasoula,TOR,IND,threes_made,0.12,/home/ubuntu/EdgeRanked/sports/wnba/outputs/archive/projections/wnba_projections_20260616.csv,no_safe_player_match,0,2026-06-21T11:30:44Z
2026-06-16,2026-06-16,Mariella Fasoula,mariella fasoula,mariella fasoula,TOR,IND,steals,0.59,/home/ubuntu/EdgeRanked/sports/wnba/outputs/archive/projections/wnba_projections_20260616.csv,no_safe_player_match,0,2026-06-21T11:30:44Z
2026-06-16,2026-06-16,Mariella Fasoula,mariella fasoula,mariella fasoula,TOR,IND,blocks,1.0,/home/ubuntu/EdgeRanked/sports/wnba/outputs/archive/projections/wnba_projections_20260616.csv,no_safe_player_match,0,2026-06-21T11:30:44Z
2026-06-16,2026-06-16,Nikolina Milic,nikolina milic,nikolina milic,TOR,IND,points,2.38,/home/ubuntu/EdgeRanked/sports/wnba/outputs/archive/projections/wnba_projections_20260616.csv,no_safe_player_match,0,2026-06-21T11:30:44Z
2026-06-16,2026-06-16,Nikolina Milic,nikolina milic,nikolina milic,TOR,IND,rebounds,1.85,/home/ubuntu/EdgeRanked/sports/wnba/outputs/archive/projections/wnba_projections_20260616.csv,no_safe_player_match,0,2026-06-21T11:30:44Z
2026-06-16,2026-06-16,Nikolina Milic,nikolina milic,nikolina milic,TOR,IND,assists,0.75,/home/ubuntu/EdgeRanked/sports/wnba/outputs/archive/projections/wnba_projections_20260616.csv,no_safe_player_match,0,2026-06-21T11:30:44Z
2026-06-16,2026-06-16,Nikolina Milic,nikolina milic,nikolina milic,TOR,IND,threes_made,0.12,/home/ubuntu/EdgeRanked/sports/wnba/outputs/archive/projections/wnba_projections_20260616.csv,no_safe_player_match,0,2026-06-21T11:30:44Z
2026-06-16,2026-06-16,Nikolina Milic,nikolina milic,nikolina milic,TOR,IND,steals,0.27,/home/ubuntu/EdgeRanked/sports/wnba/outputs/archive/projections/wnba_projections_20260616.csv,no_safe_player_match,0,2026-06-21T11:30:44Z
2026-06-16,2026-06-16,Nikolina Milic,nikolina milic,nikolina milic,TOR,IND,blocks,0.19,/home/ubuntu/EdgeRanked/sports/wnba/outputs/archive/projections/wnba_projections_20260616.csv,no_safe_player_match,0,2026-06-21T11:30:44Z
2026-06-16,2026-06-16,Nyara Sabally,nyara sabally,nyara sabally,TOR,IND,points,12.96,/home/ubuntu/EdgeRanked/sports/wnba/outputs/archive/projections/wnba_projections_20260616.csv,missing_projected_or_actual_value,1,2026-06-21T11:30:44Z
2026-06-16,2026-06-16,Nyara Sabally,nyara sabally,nyara sabally,TOR,IND,rebounds,5.47,/home/ubuntu/EdgeRanked/sports/wnba/outputs/archive/projections/wnba_projections_20260616.csv,missing_projected_or_actual_value,1,2026-06-21T11:30:44Z
2026-06-16,2026-06-16,Nyara Sabally,nyara sabally,nyara sabally,TOR,IND,assists,2.32,/home/ubuntu/EdgeRanked/sports/wnba/outputs/archive/projections/wnba_projections_20260616.csv,missing_projected_or_actual_value,1,2026-06-21T11:30:44Z
2026-06-16,2026-06-16,Nyara Sabally,nyara sabally,nyara sabally,TOR,IND,threes_made,0.76,/home/ubuntu/EdgeRanked/sports/wnba/outputs/archive/projections/wnba_projections_20260616.csv,missing_projected_or_actual_value,1,2026-06-21T11:30:44Z
2026-06-16,2026-06-16,Nyara Sabally,nyara sabally,nyara sabally,TOR,IND,steals,1.05,/home/ubuntu/EdgeRanked/sports/wnba/outputs/archive/projections/wnba_projections_20260616.csv,missing_projected_or_actual_value,1,2026-06-21T11:30:44Z
2026-06-16,2026-06-16,Nyara Sabally,nyara sabally,nyara sabally,TOR,IND,blocks,0.92,/home/ubuntu/EdgeRanked/sports/wnba/outputs/archive/projections/wnba_projections_20260616.csv,missing_projected_or_actual_value,1,2026-06-21T11:30:44Z
2026-06-16,2026-06-16,Shatori Walker-Kimbrough,shatori walker-kimbrough,shatori walker-kimbrough,IND,TOR,points,0.39,/home/ubuntu/EdgeRanked/sports/wnba/outputs/archive/projections/wnba_projections_20260616.csv,no_safe_player_match,0,2026-06-21T11:30:44Z
2026-06-16,2026-06-16,Shatori Walker-Kimbrough,shatori walker-kimbrough,shatori walker-kimbrough,IND,TOR,rebounds,0.65,/home/ubuntu/EdgeRanked/sports/wnba/outputs/archive/projections/wnba_projections_20260616.csv,no_safe_player_match,0,2026-06-21T11:30:44Z
2026-06-16,2026-06-16,Shatori Walker-Kimbrough,shatori walker-kimbrough,shatori walker-kimbrough,IND,TOR,assists,0.28,/home/ubuntu/EdgeRanked/sports/wnba/outputs/archive/projections/wnba_projections_20260616.csv,no_safe_player_match,0,2026-06-21T11:30:44Z
2026-06-16,2026-06-16,Shatori Walker-Kimbrough,shatori walker-kimbrough,shatori walker-kimbrough,IND,TOR,threes_made,0.16,/home/ubuntu/EdgeRanked/sports/wnba/outputs/archive/projections/wnba_projections_20260616.csv,no_safe_player_match,0,2026-06-21T11:30:44Z
2026-06-16,2026-06-16,Shatori Walker-Kimbrough,shatori walker-kimbrough,shatori walker-kimbrough,IND,TOR,steals,0.28,/home/ubuntu/EdgeRanked/sports/wnba/outputs/archive/projections/wnba_projections_20260616.csv,no_safe_player_match,0,2026-06-21T11:30:44Z
2026-06-16,2026-06-16,Shatori Walker-Kimbrough,shatori walker-kimbrough,shatori walker-kimbrough,IND,TOR,blocks,0.08,/home/ubuntu/EdgeRanked/sports/wnba/outputs/archive/projections/wnba_projections_20260616.csv,no_safe_player_match,0,2026-06-21T11:30:44Z
2026-06-16,2026-06-16,Tyasha Harris,tyasha harris,tyasha harris,IND,TOR,points,1.22,/home/ubuntu/EdgeRanked/sports/wnba/outputs/archive/projections/wnba_projections_20260616.csv,missing_projected_or_actual_value,1,2026-06-21T11:30:44Z
2026-06-16,2026-06-16,Tyasha Harris,tyasha harris,tyasha harris,IND,TOR,rebounds,1.1,/home/ubuntu/EdgeRanked/sports/wnba/outputs/archive/projections/wnba_projections_20260616.csv,missing_projected_or_actual_value,1,2026-06-21T11:30:44Z
2026-06-16,2026-06-16,Tyasha Harris,tyasha harris,tyasha harris,IND,TOR,assists,1.41,/home/ubuntu/EdgeRanked/sports/wnba/outputs/archive/projections/wnba_projections_20260616.csv,missing_projected_or_actual_value,1,2026-06-21T11:30:44Z
2026-06-16,2026-06-16,Tyasha Harris,tyasha harris,tyasha harris,IND,TOR,threes_made,0.16,/home/ubuntu/EdgeRanked/sports/wnba/outputs/archive/projections/wnba_projections_20260616.csv,missing_projected_or_actual_value,1,2026-06-21T11:30:44Z
2026-06-16,2026-06-16,Tyasha Harris,tyasha harris,tyasha harris,IND,TOR,steals,0.46,/home/ubuntu/EdgeRanked/sports/wnba/outputs/archive/projections/wnba_projections_20260616.csv,missing_projected_or_actual_value,1,2026-06-21T11:30:44Z
2026-06-16,2026-06-16,Tyasha Harris,tyasha harris,tyasha harris,IND,TOR,blocks,0.22,/home/ubuntu/EdgeRanked/sports/wnba/outputs/archive/projections/wnba_projections_20260616.csv,missing_projected_or_actual_value,1,2026-06-21T11:30:44Z
2026-06-17,2026-06-17,Alex Fowler,alex fowler,alex fowler,NYL,CHI,points,8.42,/home/ubuntu/EdgeRanked/sports/wnba/outputs/archive/projections/wnba_projections_20260617.csv,no_safe_player_match,0,2026-06-21T11:30:44Z
2026-06-17,2026-06-17,Alex Fowler,alex fowler,alex fowler,NYL,CHI,rebounds,0.79,/home/ubuntu/EdgeRanked/sports/wnba/outputs/archive/projections/wnba_projections_20260617.csv,no_safe_player_match,0,2026-06-21T11:30:44Z
2026-06-17,2026-06-17,Alex Fowler,alex fowler,alex fowler,NYL,CHI,assists,1.21,/home/ubuntu/EdgeRanked/sports/wnba/outputs/archive/projections/wnba_projections_20260617.csv,no_safe_player_match,0,2026-06-21T11:30:44Z
2026-06-17,2026-06-17,Alex Fowler,alex fowler,alex fowler,NYL,CHI,threes_made,1.41,/home/ubuntu/EdgeRanked/sports/wnba/outputs/archive/projections/wnba_projections_20260617.csv,no_safe_player_match,0,2026-06-21T11:30:44Z
2026-06-17,2026-06-17,Alex Fowler,alex fowler,alex fowler,NYL,CHI,steals,0.42,/home/ubuntu/EdgeRanked/sports/wnba/outputs/archive/projections/wnba_projections_20260617.csv,no_safe_player_match,0,2026-06-21T11:30:44Z
2026-06-17,2026-06-17,Alex Fowler,alex fowler,alex fowler,NYL,CHI,blocks,0.18,/home/ubuntu/EdgeRanked/sports/wnba/outputs/archive/projections/wnba_projections_20260617.csv,no_safe_player_match,0,2026-06-21T11:30:44Z
2026-06-17,2026-06-17,Alex Wilson,alex wilson,alex wilson,WAS,CON,points,3.09,/home/ubuntu/EdgeRanked/sports/wnba/outputs/archive/projections/wnba_projections_20260617.csv,no_safe_player_match,0,2026-06-21T11:30:44Z
2026-06-17,2026-06-17,Alex Wilson,alex wilson,alex wilson,WAS,CON,rebounds,1.86,/home/ubuntu/EdgeRanked/sports/wnba/outputs/archive/projections/wnba_projections_20260617.csv,no_safe_player_match,0,2026-06-21T11:30:44Z
2026-06-17,2026-06-17,Alex Wilson,alex wilson,alex wilson,WAS,CON,assists,0.77,/home/ubuntu/EdgeRanked/sports/wnba/outputs/archive/projections/wnba_projections_20260617.csv,no_safe_player_match,0,2026-06-21T11:30:44Z
2026-06-17,2026-06-17,Alex Wilson,alex wilson,alex wilson,WAS,CON,threes_made,0.54,/home/ubuntu/EdgeRanked/sports/wnba/outputs/archive/projections/wnba_projections_20260617.csv,no_safe_player_match,0,2026-06-21T11:30:44Z
2026-06-17,2026-06-17,Alex Wilson,alex wilson,alex wilson,WAS,CON,steals,0.32,/home/ubuntu/EdgeRanked/sports/wnba/outputs/archive/projections/wnba_projections_20260617.csv,no_safe_player_match,0,2026-06-21T11:30:44Z
2026-06-17,2026-06-17,Alex Wilson,alex wilson,alex wilson,WAS,CON,blocks,0.3,/home/ubuntu/EdgeRanked/sports/wnba/outputs/archive/projections/wnba_projections_20260617.csv,no_safe_player_match,0,2026-06-21T11:30:44Z
2026-06-17,2026-06-17,Alicia Florez,alicia florez,alicia florez,WAS,CON,points,5.87,/home/ubuntu/EdgeRanked/sports/wnba/outputs/archive/projections/wnba_projections_20260617.csv,missing_projected_or_actual_value,1,2026-06-21T11:30:44Z
2026-06-17,2026-06-17,Alicia Florez,alicia florez,alicia florez,WAS,CON,rebounds,2.67,/home/ubuntu/EdgeRanked/sports/wnba/outputs/archive/projections/wnba_projections_20260617.csv,missing_projected_or_actual_value,1,2026-06-21T11:30:44Z
2026-06-17,2026-06-17,Alicia Florez,alicia florez,alicia florez,WAS,CON,assists,3.05,/home/ubuntu/EdgeRanked/sports/wnba/outputs/archive/projections/wnba_projections_20260617.csv,missing_projected_or_actual_value,1,2026-06-21T11:30:44Z
2026-06-17,2026-06-17,Alicia Florez,alicia florez,alicia florez,WAS,CON,threes_made,0.24,/home/ubuntu/EdgeRanked/sports/wnba/outputs/archive/projections/wnba_projections_20260617.csv,missing_projected_or_actual_value,1,2026-06-21T11:30:44Z
2026-06-17,2026-06-17,Alicia Florez,alicia florez,alicia florez,WAS,CON,steals,0.99,/home/ubuntu/EdgeRanked/sports/wnba/outputs/archive/projections/wnba_projections_20260617.csv,missing_projected_or_actual_value,1,2026-06-21T11:30:44Z
2026-06-17,2026-06-17,Alicia Florez,alicia florez,alicia florez,WAS,CON,blocks,0.26,/home/ubuntu/EdgeRanked/sports/wnba/outputs/archive/projections/wnba_projections_20260617.csv,missing_projected_or_actual_value,1,2026-06-21T11:30:44Z
2026-06-17,2026-06-17,Alicia Florez Getino,alicia florez getino,alicia florez getino,WAS,CON,points,7.04,/home/ubuntu/EdgeRanked/sports/wnba/outputs/archive/projections/wnba_projections_20260617.csv,no_safe_player_match,0,2026-06-21T11:30:44Z
2026-06-17,2026-06-17,Alicia Florez Getino,alicia florez getino,alicia florez getino,WAS,CON,rebounds,2.23,/home/ubuntu/EdgeRanked/sports/wnba/outputs/archive/projections/wnba_projections_20260617.csv,no_safe_player_match,0,2026-06-21T11:30:44Z
2026-06-17,2026-06-17,Alicia Florez Getino,alicia florez getino,alicia florez getino,WAS,CON,assists,3.87,/home/ubuntu/EdgeRanked/sports/wnba/outputs/archive/projections/wnba_projections_20260617.csv,no_safe_player_match,0,2026-06-21T11:30:44Z
2026-06-17,2026-06-17,Alicia Florez Getino,alicia florez getino,alicia florez getino,WAS,CON,threes_made,0.44,/home/ubuntu/EdgeRanked/sports/wnba/outputs/archive/projections/wnba_projections_20260617.csv,no_safe_player_match,0,2026-06-21T11:30:44Z
2026-06-17,2026-06-17,Alicia Florez Getino,alicia florez getino,alicia florez getino,WAS,CON,steals,0.94,/home/ubuntu/EdgeRanked/sports/wnba/outputs/archive/projections/wnba_projections_20260617.csv,no_safe_player_match,0,2026-06-21T11:30:44Z
2026-06-17,2026-06-17,Alicia Florez Getino,alicia florez getino,alicia florez getino,WAS,CON,blocks,0.24,/home/ubuntu/EdgeRanked/sports/wnba/outputs/archive/projections/wnba_projections_20260617.csv,no_safe_player_match,0,2026-06-21T11:30:44Z
2026-06-17,2026-06-17,Alysha Clark,alysha clark,alysha clark,DAL,GSV,points,1.41,/home/ubuntu/EdgeRanked/sports/wnba/outputs/archive/projections/wnba_projections_20260617.csv,missing_projected_or_actual_value,1,2026-06-21T11:30:44Z
2026-06-17,2026-06-17,Alysha Clark,alysha clark,alysha clark,DAL,GSV,rebounds,1.23,/home/ubuntu/EdgeRanked/sports/wnba/outputs/archive/projections/wnba_projections_20260617.csv,missing_projected_or_actual_value,1,2026-06-21T11:30:44Z
2026-06-17,2026-06-17,Alysha Clark,alysha clark,alysha clark,DAL,GSV,assists,0.4,/home/ubuntu/EdgeRanked/sports/wnba/outputs/archive/projections/wnba_projections_20260617.csv,missing_projected_or_actual_value,1,2026-06-21T11:30:44Z
2026-06-17,2026-06-17,Alysha Clark,alysha clark,alysha clark,DAL,GSV,threes_made,0.34,/home/ubuntu/EdgeRanked/sports/wnba/outputs/archive/projections/wnba_projections_20260617.csv,missing_projected_or_actual_value,1,2026-06-21T11:30:44Z
2026-06-17,2026-06-17,Alysha Clark,alysha clark,alysha clark,DAL,GSV,steals,0.32,/home/ubuntu/EdgeRanked/sports/wnba/outputs/archive/projections/wnba_projections_20260617.csv,missing_projected_or_actual_value,1,2026-06-21T11:30:44Z
2026-06-17,2026-06-17,Alysha Clark,alysha clark,alysha clark,DAL,GSV,blocks,0.15,/home/ubuntu/EdgeRanked/sports/wnba/outputs/archive/projections/wnba_projections_20260617.csv,missing_projected_or_actual_value,1,2026-06-21T11:30:44Z
2026-06-17,2026-06-17,Anneli Maley,anneli maley,anneli maley,NYL,CHI,points,1.19,/home/ubuntu/EdgeRanked/sports/wnba/outputs/archive/projections/wnba_projections_20260617.csv,no_safe_player_match,0,2026-06-21T11:30:44Z
2026-06-17,2026-06-17,Anneli Maley,anneli maley,anneli maley,NYL,CHI,rebounds,1.63,/home/ubuntu/EdgeRanked/sports/wnba/outputs/archive/projections/wnba_projections_20260617.csv,no_safe_player_match,0,2026-06-21T11:30:44Z
2026-06-17,2026-06-17,Anneli Maley,anneli maley,anneli maley,NYL,CHI,assists,0.3,/home/ubuntu/EdgeRanked/sports/wnba/outputs/archive/projections/wnba_projections_20260617.csv,no_safe_player_match,0,2026-06-21T11:30:44Z
2026-06-17,2026-06-17,Anneli Maley,anneli maley,anneli maley,NYL,CHI,threes_made,0.34,/home/ubuntu/EdgeRanked/sports/wnba/outputs/archive/projections/wnba_projections_20260617.csv,no_safe_player_match,0,2026-06-21T11:30:44Z
2026-06-17,2026-06-17,Anneli Maley,anneli maley,anneli maley,NYL,CHI,steals,0.73,/home/ubuntu/EdgeRanked/sports/wnba/outputs/archive/projections/wnba_projections_20260617.csv,no_safe_player_match,0,2026-06-21T11:30:44Z
2026-06-17,2026-06-17,Anneli Maley,anneli maley,anneli maley,NYL,CHI,blocks,0.2,/home/ubuntu/EdgeRanked/sports/wnba/outputs/archive/projections/wnba_projections_20260617.csv,no_safe_player_match,0,2026-06-21T11:30:44Z
2026-06-17,2026-06-17,Ashlon Jackson,ashlon jackson,ashlon jackson,CON,WAS,points,2.14,/home/ubuntu/EdgeRanked/sports/wnba/outputs/archive/projections/wnba_projections_20260617.csv,missing_projected_or_actual_value,1,2026-06-21T11:30:44Z
2026-06-17,2026-06-17,Ashlon Jackson,ashlon jackson,ashlon jackson,CON,WAS,rebounds,1.5,/home/ubuntu/EdgeRanked/sports/wnba/outputs/archive/projections/wnba_projections_20260617.csv,missing_projected_or_actual_value,1,2026-06-21T11:30:44Z
2026-06-17,2026-06-17,Ashlon Jackson,ashlon jackson,ashlon jackson,CON,WAS,assists,1.35,/home/ubuntu/EdgeRanked/sports/wnba/outputs/archive/projections/wnba_projections_20260617.csv,missing_projected_or_actual_value,1,2026-06-21T11:30:44Z
2026-06-17,2026-06-17,Ashlon Jackson,ashlon jackson,ashlon jackson,CON,WAS,threes_made,0.42,/home/ubuntu/EdgeRanked/sports/wnba/outputs/archive/projections/wnba_projections_20260617.csv,missing_projected_or_actual_value,1,2026-06-21T11:30:44Z
2026-06-17,2026-06-17,Ashlon Jackson,ashlon jackson,ashlon jackson,CON,WAS,steals,0.92,/home/ubuntu/EdgeRanked/sports/wnba/outputs/archive/projections/wnba_projections_20260617.csv,missing_projected_or_actual_value,1,2026-06-21T11:30:44Z
2026-06-17,2026-06-17,Ashlon Jackson,ashlon jackson,ashlon jackson,CON,WAS,blocks,0.14,/home/ubuntu/EdgeRanked/sports/wnba/outputs/archive/projections/wnba_projections_20260617.csv,missing_projected_or_actual_value,1,2026-06-21T11:30:44Z
2026-06-17,2026-06-17,Ashten Prechtel,ashten prechtel,ashten prechtel,GSV,DAL,points,4.44,/home/ubuntu/EdgeRanked/sports/wnba/outputs/archive/projections/wnba_projections_20260617.csv,no_safe_player_match,0,2026-06-21T11:30:44Z
2026-06-17,2026-06-17,Ashten Prechtel,ashten prechtel,ashten prechtel,GSV,DAL,rebounds,1.66,/home/ubuntu/EdgeRanked/sports/wnba/outputs/archive/projections/wnba_projections_20260617.csv,no_safe_player_match,0,2026-06-21T11:30:44Z
2026-06-17,2026-06-17,Ashten Prechtel,ashten prechtel,ashten prechtel,GSV,DAL,assists,0.7,/home/ubuntu/EdgeRanked/sports/wnba/outputs/archive/projections/wnba_projections_20260617.csv,no_safe_player_match,0,2026-06-21T11:30:44Z
2026-06-17,2026-06-17,Ashten Prechtel,ashten prechtel,ashten prechtel,GSV,DAL,threes_made,1.11,/home/ubuntu/EdgeRanked/sports/wnba/outputs/archive/projections/wnba_projections_20260617.csv,no_safe_player_match,0,2026-06-21T11:30:44Z
2026-06-17,2026-06-17,Ashten Prechtel,ashten prechtel,ashten prechtel,GSV,DAL,steals,0.12,/home/ubuntu/EdgeRanked/sports/wnba/outputs/archive/projections/wnba_projections_20260617.csv,no_safe_player_match,0,2026-06-21T11:30:44Z
2026-06-17,2026-06-17,Ashten Prechtel,ashten prechtel,ashten prechtel,GSV,DAL,blocks,0.16,/home/ubuntu/EdgeRanked/sports/wnba/outputs/archive/projections/wnba_projections_20260617.csv,no_safe_player_match,0,2026-06-21T11:30:44Z
2026-06-17,2026-06-17,Betnijah Laney-Hamilton,betnijah laney-hamilton,betnijah laney-hamilton,NYL,CHI,points,4.41,/home/ubuntu/EdgeRanked/sports/wnba/outputs/archive/projections/wnba_projections_20260617.csv,no_safe_player_match,0,2026-06-21T11:30:44Z
2026-06-17,2026-06-17,Betnijah Laney-Hamilton,betnijah laney-hamilton,betnijah laney-hamilton,NYL,CHI,rebounds,1.44,/home/ubuntu/EdgeRanked/sports/wnba/outputs/archive/projections/wnba_projections_20260617.csv,no_safe_player_match,0,2026-06-21T11:30:44Z
2026-06-17,2026-06-17,Betnijah Laney-Hamilton,betnijah laney-hamilton,betnijah laney-hamilton,NYL,CHI,assists,1.4,/home/ubuntu/EdgeRanked/sports/wnba/outputs/archive/projections/wnba_projections_20260617.csv,no_safe_player_match,0,2026-06-21T11:30:44Z
2026-06-17,2026-06-17,Betnijah Laney-Hamilton,betnijah laney-hamilton,betnijah laney-hamilton,NYL,CHI,threes_made,0.68,/home/ubuntu/EdgeRanked/sports/wnba/outputs/archive/projections/wnba_projections_20260617.csv,no_safe_player_match,0,2026-06-21T11:30:44Z
2026-06-17,2026-06-17,Betnijah Laney-Hamilton,betnijah laney-hamilton,betnijah laney-hamilton,NYL,CHI,steals,0.55,/home/ubuntu/EdgeRanked/sports/wnba/outputs/archive/projections/wnba_projections_20260617.csv,no_safe_player_match,0,2026-06-21T11:30:44Z
2026-06-17,2026-06-17,Betnijah Laney-Hamilton,betnijah laney-hamilton,betnijah laney-hamilton,NYL,CHI,blocks,0.16,/home/ubuntu/EdgeRanked/sports/wnba/outputs/archive/projections/wnba_projections_20260617.csv,no_safe_player_match,0,2026-06-21T11:30:44Z
2026-06-17,2026-06-17,Cameron Brink,cameron brink,cameron brink,LAS,MIN,points,7.44,/home/ubuntu/EdgeRanked/sports/wnba/outputs/archive/projections/wnba_projections_20260617.csv,no_safe_player_match,0,2026-06-21T11:30:44Z
2026-06-17,2026-06-17,Cameron Brink,cameron brink,cameron brink,LAS,MIN,rebounds,4.69,/home/ubuntu/EdgeRanked/sports/wnba/outputs/archive/projections/wnba_projections_20260617.csv,no_safe_player_match,0,2026-06-21T11:30:44Z
2026-06-17,2026-06-17,Cameron Brink,cameron brink,cameron brink,LAS,MIN,assists,1.17,/home/ubuntu/EdgeRanked/sports/wnba/outputs/archive/projections/wnba_projections_20260617.csv,no_safe_player_match,0,2026-06-21T11:30:44Z
2026-06-17,2026-06-17,Cameron Brink,cameron brink,cameron brink,LAS,MIN,threes_made,0.65,/home/ubuntu/EdgeRanked/sports/wnba/outputs/archive/projections/wnba_projections_20260617.csv,no_safe_player_match,0,2026-06-21T11:30:44Z
2026-06-17,2026-06-17,Cameron Brink,cameron brink,cameron brink,LAS,MIN,steals,0.71,/home/ubuntu/EdgeRanked/sports/wnba/outputs/archive/projections/wnba_projections_20260617.csv,no_safe_player_match,0,2026-06-21T11:30:44Z
2026-06-17,2026-06-17,Cameron Brink,cameron brink,cameron brink,LAS,MIN,blocks,1.25,/home/ubuntu/EdgeRanked/sports/wnba/outputs/archive/projections/wnba_projections_20260617.csv,no_safe_player_match,0,2026-06-21T11:30:44Z
2026-06-17,2026-06-17,Chennedy Carter,chennedy carter,chennedy carter,LVA,PHX,points,9.6,/home/ubuntu/EdgeRanked/sports/wnba/outputs/archive/projections/wnba_projections_20260617.csv,missing_projected_or_actual_value,1,2026-06-21T11:30:44Z
2026-06-17,2026-06-17,Chennedy Carter,chennedy carter,chennedy carter,LVA,PHX,rebounds,1.28,/home/ubuntu/EdgeRanked/sports/wnba/outputs/archive/projections/wnba_projections_20260617.csv,missing_projected_or_actual_value,1,2026-06-21T11:30:44Z
2026-06-17,2026-06-17,Chennedy Carter,chennedy carter,chennedy carter,LVA,PHX,assists,0.95,/home/ubuntu/EdgeRanked/sports/wnba/outputs/archive/projections/wnba_projections_20260617.csv,missing_projected_or_actual_value,1,2026-06-21T11:30:44Z
2026-06-17,2026-06-17,Chennedy Carter,chennedy carter,chennedy carter,LVA,PHX,threes_made,0.71,/home/ubuntu/EdgeRanked/sports/wnba/outputs/archive/projections/wnba_projections_20260617.csv,missing_projected_or_actual_value,1,2026-06-21T11:30:44Z
2026-06-17,2026-06-17,Chennedy Carter,chennedy carter,chennedy carter,LVA,PHX,steals,0.65,/home/ubuntu/EdgeRanked/sports/wnba/outputs/archive/projections/wnba_projections_20260617.csv,missing_projected_or_actual_value,1,2026-06-21T11:30:44Z
2026-06-17,2026-06-17,Chennedy Carter,chennedy carter,chennedy carter,LVA,PHX,blocks,0.21,/home/ubuntu/EdgeRanked/sports/wnba/outputs/archive/projections/wnba_projections_20260617.csv,missing_projected_or_actual_value,1,2026-06-21T11:30:44Z
2026-06-17,2026-06-17,Costanza Verona,costanza verona,costanza verona,DAL,GSV,points,3.72,/home/ubuntu/EdgeRanked/sports/wnba/outputs/archive/projections/wnba_projections_20260617.csv,no_safe_player_match,0,2026-06-21T11:30:44Z
2026-06-17,2026-06-17,Costanza Verona,costanza verona,costanza verona,DAL,GSV,rebounds,0.74,/home/ubuntu/EdgeRanked/sports/wnba/outputs/archive/projections/wnba_projections_20260617.csv,no_safe_player_match,0,2026-06-21T11:30:44Z
2026-06-17,2026-06-17,Costanza Verona,costanza verona,costanza verona,DAL,GSV,assists,1.71,/home/ubuntu/EdgeRanked/sports/wnba/outputs/archive/projections/wnba_projections_20260617.csv,no_safe_player_match,0,2026-06-21T11:30:44Z
2026-06-17,2026-06-17,Costanza Verona,costanza verona,costanza verona,DAL,GSV,threes_made,0.1,/home/ubuntu/EdgeRanked/sports/wnba/outputs/archive/projections/wnba_projections_20260617.csv,no_safe_player_match,0,2026-06-21T11:30:44Z
2026-06-17,2026-06-17,Costanza Verona,costanza verona,costanza verona,DAL,GSV,steals,0.32,/home/ubuntu/EdgeRanked/sports/wnba/outputs/archive/projections/wnba_projections_20260617.csv,no_safe_player_match,0,2026-06-21T11:30:44Z
2026-06-17,2026-06-17,Costanza Verona,costanza verona,costanza verona,DAL,GSV,blocks,0.11,/home/ubuntu/EdgeRanked/sports/wnba/outputs/archive/projections/wnba_projections_20260617.csv,no_safe_player_match,0,2026-06-21T11:30:44Z
2026-06-17,2026-06-17,Courtney Vandersloot,courtney vandersloot,courtney vandersloot,CHI,NYL,points,6.23,/home/ubuntu/EdgeRanked/sports/wnba/outputs/archive/projections/wnba_projections_20260617.csv,no_safe_player_match,0,2026-06-21T11:30:44Z
2026-06-17,2026-06-17,Courtney Vandersloot,courtney vandersloot,courtney vandersloot,CHI,NYL,rebounds,2.82,/home/ubuntu/EdgeRanked/sports/wnba/outputs/archive/projections/wnba_projections_20260617.csv,no_safe_player_match,0,2026-06-21T11:30:44Z
2026-06-17,2026-06-17,Courtney Vandersloot,courtney vandersloot,courtney vandersloot,CHI,NYL,assists,2.07,/home/ubuntu/EdgeRanked/sports/wnba/outputs/archive/projections/wnba_projections_20260617.csv,no_safe_player_match,0,2026-06-21T11:30:44Z
2026-06-17,2026-06-17,Courtney Vandersloot,courtney vandersloot,courtney vandersloot,CHI,NYL,threes_made,0.8,/home/ubuntu/EdgeRanked/sports/wnba/outputs/archive/projections/wnba_projections_20260617.csv,no_safe_player_match,0,2026-06-21T11:30:44Z
2026-06-17,2026-06-17,Courtney Vandersloot,courtney vandersloot,courtney vandersloot,CHI,NYL,steals,0.53,/home/ubuntu/EdgeRanked/sports/wnba/outputs/archive/projections/wnba_projections_20260617.csv,no_safe_player_match,0,2026-06-21T11:30:44Z
2026-06-17,2026-06-17,Courtney Vandersloot,courtney vandersloot,courtney vandersloot,CHI,NYL,blocks,0.33,/home/ubuntu/EdgeRanked/sports/wnba/outputs/archive/projections/wnba_projections_20260617.csv,no_safe_player_match,0,2026-06-21T11:30:44Z
2026-06-17,2026-06-17,Dana Evans,dana evans,dana evans,LVA,PHX,points,6.59,/home/ubuntu/EdgeRanked/sports/wnba/outputs/archive/projections/wnba_projections_20260617.csv,missing_projected_or_actual_value,1,2026-06-21T11:30:44Z
2026-06-17,2026-06-17,Dana Evans,dana evans,dana evans,LVA,PHX,rebounds,2.71,/home/ubuntu/EdgeRanked/sports/wnba/outputs/archive/projections/wnba_projections_20260617.csv,missing_projected_or_actual_value,1,2026-06-21T11:30:44Z
2026-06-17,2026-06-17,Dana Evans,dana evans,dana evans,LVA,PHX,assists,1.61,/home/ubuntu/EdgeRanked/sports/wnba/outputs/archive/projections/wnba_projections_20260617.csv,missing_projected_or_actual_value,1,2026-06-21T11:30:44Z
2026-06-17,2026-06-17,Dana Evans,dana evans,dana evans,LVA,PHX,threes_made,0.79,/home/ubuntu/EdgeRanked/sports/wnba/outputs/archive/projections/wnba_projections_20260617.csv,missing_projected_or_actual_value,1,2026-06-21T11:30:44Z
2026-06-17,2026-06-17,Dana Evans,dana evans,dana evans,LVA,PHX,steals,0.7,/home/ubuntu/EdgeRanked/sports/wnba/outputs/archive/projections/wnba_projections_20260617.csv,missing_projected_or_actual_value,1,2026-06-21T11:30:44Z
2026-06-17,2026-06-17,Dana Evans,dana evans,dana evans,LVA,PHX,blocks,0.29,/home/ubuntu/EdgeRanked/sports/wnba/outputs/archive/projections/wnba_projections_20260617.csv,missing_projected_or_actual_value,1,2026-06-21T11:30:44Z
2026-06-17,2026-06-17,Darianna Littlepage-Buggs,darianna littlepage-buggs,darianna littlepage-buggs,WAS,CON,points,6.19,/home/ubuntu/EdgeRanked/sports/wnba/outputs/archive/projections/wnba_projections_20260617.csv,missing_projected_or_actual_value,1,2026-06-21T11:30:44Z
2026-06-17,2026-06-17,Darianna Littlepage-Buggs,darianna littlepage-buggs,darianna littlepage-buggs,WAS,CON,rebounds,2.74,/home/ubuntu/EdgeRanked/sports/wnba/outputs/archive/projections/wnba_projections_20260617.csv,missing_projected_or_actual_value,1,2026-06-21T11:30:44Z
2026-06-17,2026-06-17,Darianna Littlepage-Buggs,darianna littlepage-buggs,darianna littlepage-buggs,WAS,CON,assists,1.74,/home/ubuntu/EdgeRanked/sports/wnba/outputs/archive/projections/wnba_projections_20260617.csv,missing_projected_or_actual_value,1,2026-06-21T11:30:44Z
2026-06-17,2026-06-17,Darianna Littlepage-Buggs,darianna littlepage-buggs,darianna littlepage-buggs,WAS,CON,threes_made,0.64,/home/ubuntu/EdgeRanked/sports/wnba/outputs/archive/projections/wnba_projections_20260617.csv,missing_projected_or_actual_value,1,2026-06-21T11:30:44Z
2026-06-17,2026-06-17,Darianna Littlepage-Buggs,darianna littlepage-buggs,darianna littlepage-buggs,WAS,CON,steals,0.64,/home/ubuntu/EdgeRanked/sports/wnba/outputs/archive/projections/wnba_projections_20260617.csv,missing_projected_or_actual_value,1,2026-06-21T11:30:44Z
2026-06-17,2026-06-17,Darianna Littlepage-Buggs,darianna littlepage-buggs,darianna littlepage-buggs,WAS,CON,blocks,0.33,/home/ubuntu/EdgeRanked/sports/wnba/outputs/archive/projections/wnba_projections_20260617.csv,missing_projected_or_actual_value,1,2026-06-21T11:30:44Z
2026-06-17,2026-06-17,DiJonai Carrington,dijonai carrington,dijonai carrington,CHI,NYL,points,6.03,/home/ubuntu/EdgeRanked/sports/wnba/outputs/archive/projections/wnba_projections_20260617.csv,no_safe_player_match,0,2026-06-21T11:30:44Z
2026-06-17,2026-06-17,DiJonai Carrington,dijonai carrington,dijonai carrington,CHI,NYL,rebounds,2.94,/home/ubuntu/EdgeRanked/sports/wnba/outputs/archive/projections/wnba_projections_20260617.csv,no_safe_player_match,0,2026-06-21T11:30:44Z
2026-06-17,2026-06-17,DiJonai Carrington,dijonai carrington,dijonai carrington,CHI,NYL,assists,2.07,/home/ubuntu/EdgeRanked/sports/wnba/outputs/archive/projections/wnba_projections_20260617.csv,no_safe_player_match,0,2026-06-21T11:30:44Z
2026-06-17,2026-06-17,DiJonai Carrington,dijonai carrington,dijonai carrington,CHI,NYL,threes_made,0.86,/home/ubuntu/EdgeRanked/sports/wnba/outputs/archive/projections/wnba_projections_20260617.csv,no_safe_player_match,0,2026-06-21T11:30:44Z
2026-06-17,2026-06-17,DiJonai Carrington,dijonai carrington,dijonai carrington,CHI,NYL,steals,0.54,/home/ubuntu/EdgeRanked/sports/wnba/outputs/archive/projections/wnba_projections_20260617.csv,no_safe_player_match,0,2026-06-21T11:30:44Z
2026-06-17,2026-06-17,DiJonai Carrington,dijonai carrington,dijonai carrington,CHI,NYL,blocks,0.29,/home/ubuntu/EdgeRanked/sports/wnba/outputs/archive/projections/wnba_projections_20260617.csv,no_safe_player_match,0,2026-06-21T11:30:44Z
2026-06-17,2026-06-17,Dorka Juhasz,dorka juhasz,dorka juhasz,MIN,LAS,points,6.29,/home/ubuntu/EdgeRanked/sports/wnba/outputs/archive/projections/wnba_projections_20260617.csv,no_safe_player_match,0,2026-06-21T11:30:44Z
2026-06-17,2026-06-17,Dorka Juhasz,dorka juhasz,dorka juhasz,MIN,LAS,rebounds,3.04,/home/ubuntu/EdgeRanked/sports/wnba/outputs/archive/projections/wnba_projections_20260617.csv,no_safe_player_match,0,2026-06-21T11:30:44Z
2026-06-17,2026-06-17,Dorka Juhasz,dorka juhasz,dorka juhasz,MIN,LAS,assists,1.76,/home/ubuntu/EdgeRanked/sports/wnba/outputs/archive/projections/wnba_projections_20260617.csv,no_safe_player_match,0,2026-06-21T11:30:44Z
2026-06-17,2026-06-17,Dorka Juhasz,dorka juhasz,dorka juhasz,MIN,LAS,threes_made,0.75,/home/ubuntu/EdgeRanked/sports/wnba/outputs/archive/projections/wnba_projections_20260617.csv,no_safe_player_match,0,2026-06-21T11:30:44Z
2026-06-17,2026-06-17,Dorka Juhasz,dorka juhasz,dorka juhasz,MIN,LAS,steals,0.7,/home/ubuntu/EdgeRanked/sports/wnba/outputs/archive/projections/wnba_projections_20260617.csv,no_safe_player_match,0,2026-06-21T11:30:44Z
2026-06-17,2026-06-17,Dorka Juhasz,dorka juhasz,dorka juhasz,MIN,LAS,blocks,0.32,/home/ubuntu/EdgeRanked/sports/wnba/outputs/archive/projections/wnba_projections_20260617.csv,no_safe_player_match,0,2026-06-21T11:30:44Z
2026-06-17,2026-06-17,Dulcy Fankam Mendjiadeu,dulcy fankam mendjiadeu,dulcy fankam mendjiadeu,DAL,GSV,points,6.15,/home/ubuntu/EdgeRanked/sports/wnba/outputs/archive/projections/wnba_projections_20260617.csv,no_safe_player_match,0,2026-06-21T11:30:44Z
2026-06-17,2026-06-17,Dulcy Fankam Mendjiadeu,dulcy fankam mendjiadeu,dulcy fankam mendjiadeu,DAL,GSV,rebounds,2.84,/home/ubuntu/EdgeRanked/sports/wnba/outputs/archive/projections/wnba_projections_20260617.csv,no_safe_player_match,0,2026-06-21T11:30:44Z
2026-06-17,2026-06-17,Dulcy Fankam Mendjiadeu,dulcy fankam mendjiadeu,dulcy fankam mendjiadeu,DAL,GSV,assists,1.66,/home/ubuntu/EdgeRanked/sports/wnba/outputs/archive/projections/wnba_projections_20260617.csv,no_safe_player_match,0,2026-06-21T11:30:44Z
2026-06-17,2026-06-17,Dulcy Fankam Mendjiadeu,dulcy fankam mendjiadeu,dulcy fankam mendjiadeu,DAL,GSV,threes_made,0.76,/home/ubuntu/EdgeRanked/sports/wnba/outputs/archive/projections/wnba_projections_20260617.csv,no_safe_player_match,0,2026-06-21T11:30:44Z
2026-06-17,2026-06-17,Dulcy Fankam Mendjiadeu,dulcy fankam mendjiadeu,dulcy fankam mendjiadeu,DAL,GSV,steals,0.73,/home/ubuntu/EdgeRanked/sports/wnba/outputs/archive/projections/wnba_projections_20260617.csv,no_safe_player_match,0,2026-06-21T11:30:44Z
2026-06-17,2026-06-17,Dulcy Fankam Mendjiadeu,dulcy fankam mendjiadeu,dulcy fankam mendjiadeu,DAL,GSV,blocks,0.32,/home/ubuntu/EdgeRanked/sports/wnba/outputs/archive/projections/wnba_projections_20260617.csv,no_safe_player_match,0,2026-06-21T11:30:44Z
2026-06-17,2026-06-17,Emese Hof,emese hof,emese hof,MIN,LAS,points,2.37,/home/ubuntu/EdgeRanked/sports/wnba/outputs/archive/projections/wnba_projections_20260617.csv,no_safe_player_match,0,2026-06-21T11:30:44Z
2026-06-17,2026-06-17,Emese Hof,emese hof,emese hof,MIN,LAS,rebounds,1.92,/home/ubuntu/EdgeRanked/sports/wnba/outputs/archive/projections/wnba_projections_20260617.csv,no_safe_player_match,0,2026-06-21T11:30:44Z
2026-06-17,2026-06-17,Emese Hof,emese hof,emese hof,MIN,LAS,assists,0.95,/home/ubuntu/EdgeRanked/sports/wnba/outputs/archive/projections/wnba_projections_20260617.csv,no_safe_player_match,0,2026-06-21T11:30:44Z
2026-06-17,2026-06-17,Emese Hof,emese hof,emese hof,MIN,LAS,threes_made,0.14,/home/ubuntu/EdgeRanked/sports/wnba/outputs/archive/projections/wnba_projections_20260617.csv,no_safe_player_match,0,2026-06-21T11:30:44Z
2026-06-17,2026-06-17,Emese Hof,emese hof,emese hof,MIN,LAS,steals,0.31,/home/ubuntu/EdgeRanked/sports/wnba/outputs/archive/projections/wnba_projections_20260617.csv,no_safe_player_match,0,2026-06-21T11:30:44Z
2026-06-17,2026-06-17,Emese Hof,emese hof,emese hof,MIN,LAS,blocks,0.22,/home/ubuntu/EdgeRanked/sports/wnba/outputs/archive/projections/wnba_projections_20260617.csv,no_safe_player_match,0,2026-06-21T11:30:44Z
2026-06-17,2026-06-17,Emma Cechova,emma cechova,emma cechova,MIN,LAS,points,4.72,/home/ubuntu/EdgeRanked/sports/wnba/outputs/archive/projections/wnba_projections_20260617.csv,no_safe_player_match,0,2026-06-21T11:30:44Z
2026-06-17,2026-06-17,Emma Cechova,emma cechova,emma cechova,MIN,LAS,rebounds,3.42,/home/ubuntu/EdgeRanked/sports/wnba/outputs/archive/projections/wnba_projections_20260617.csv,no_safe_player_match,0,2026-06-21T11:30:44Z
2026-06-17,2026-06-17,Emma Cechova,emma cechova,emma cechova,MIN,LAS,assists,0.68,/home/ubuntu/EdgeRanked/sports/wnba/outputs/archive/projections/wnba_projections_20260617.csv,no_safe_player_match,0,2026-06-21T11:30:44Z
2026-06-17,2026-06-17,Emma Cechova,emma cechova,emma cechova,MIN,LAS,threes_made,0.23,/home/ubuntu/EdgeRanked/sports/wnba/outputs/archive/projections/wnba_projections_20260617.csv,no_safe_player_match,0,2026-06-21T11:30:44Z
2026-06-17,2026-06-17,Emma Cechova,emma cechova,emma cechova,MIN,LAS,steals,0.37,/home/ubuntu/EdgeRanked/sports/wnba/outputs/archive/projections/wnba_projections_20260617.csv,no_safe_player_match,0,2026-06-21T11:30:44Z
2026-06-17,2026-06-17,Emma Cechova,emma cechova,emma cechova,MIN,LAS,blocks,0.42,/home/ubuntu/EdgeRanked/sports/wnba/outputs/archive/projections/wnba_projections_20260617.csv,no_safe_player_match,0,2026-06-21T11:30:44Z
2026-06-17,2026-06-17,Ezi Magbegor,ezi magbegor,ezi magbegor,SEA,POR,points,6.42,/home/ubuntu/EdgeRanked/sports/wnba/outputs/archive/projections/wnba_projections_20260617.csv,missing_projected_or_actual_value,1,2026-06-21T11:30:44Z
2026-06-17,2026-06-17,Ezi Magbegor,ezi magbegor,ezi magbegor,SEA,POR,rebounds,3.19,/home/ubuntu/EdgeRanked/sports/wnba/outputs/archive/projections/wnba_projections_20260617.csv,missing_projected_or_actual_value,1,2026-06-21T11:30:44Z
2026-06-17,2026-06-17,Ezi Magbegor,ezi magbegor,ezi magbegor,SEA,POR,assists,1.64,/home/ubuntu/EdgeRanked/sports/wnba/outputs/archive/projections/wnba_projections_20260617.csv,missing_projected_or_actual_value,1,2026-06-21T11:30:44Z
2026-06-17,2026-06-17,Ezi Magbegor,ezi magbegor,ezi magbegor,SEA,POR,threes_made,0.74,/home/ubuntu/EdgeRanked/sports/wnba/outputs/archive/projections/wnba_projections_20260617.csv,missing_projected_or_actual_value,1,2026-06-21T11:30:44Z
2026-06-17,2026-06-17,Ezi Magbegor,ezi magbegor,ezi magbegor,SEA,POR,steals,0.65,/home/ubuntu/EdgeRanked/sports/wnba/outputs/archive/projections/wnba_projections_20260617.csv,missing_projected_or_actual_value,1,2026-06-21T11:30:44Z
2026-06-17,2026-06-17,Ezi Magbegor,ezi magbegor,ezi magbegor,SEA,POR,blocks,0.38,/home/ubuntu/EdgeRanked/sports/wnba/outputs/archive/projections/wnba_projections_20260617.csv,missing_projected_or_actual_value,1,2026-06-21T11:30:44Z
2026-06-17,2026-06-17,Hailey Van Lith,hailey van lith,hailey van lith,CON,WAS,points,5.06,/home/ubuntu/EdgeRanked/sports/wnba/outputs/archive/projections/wnba_projections_20260617.csv,missing_projected_or_actual_value,1,2026-06-21T11:30:44Z
2026-06-17,2026-06-17,Hailey Van Lith,hailey van lith,hailey van lith,CON,WAS,rebounds,1.54,/home/ubuntu/EdgeRanked/sports/wnba/outputs/archive/projections/wnba_projections_20260617.csv,missing_projected_or_actual_value,1,2026-06-21T11:30:44Z
2026-06-17,2026-06-17,Hailey Van Lith,hailey van lith,hailey van lith,CON,WAS,assists,1.55,/home/ubuntu/EdgeRanked/sports/wnba/outputs/archive/projections/wnba_projections_20260617.csv,missing_projected_or_actual_value,1,2026-06-21T11:30:44Z
2026-06-17,2026-06-17,Hailey Van Lith,hailey van lith,hailey van lith,CON,WAS,threes_made,0.67,/home/ubuntu/EdgeRanked/sports/wnba/outputs/archive/projections/wnba_projections_20260617.csv,missing_projected_or_actual_value,1,2026-06-21T11:30:44Z
2026-06-17,2026-06-17,Hailey Van Lith,hailey van lith,hailey van lith,CON,WAS,steals,0.54,/home/ubuntu/EdgeRanked/sports/wnba/outputs/archive/projections/wnba_projections_20260617.csv,missing_projected_or_actual_value,1,2026-06-21T11:30:44Z
2026-06-17,2026-06-17,Hailey Van Lith,hailey van lith,hailey van lith,CON,WAS,blocks,0.25,/home/ubuntu/EdgeRanked/sports/wnba/outputs/archive/projections/wnba_projections_20260617.csv,missing_projected_or_actual_value,1,2026-06-21T11:30:44Z
2026-06-17,2026-06-17,Haley Jones,haley jones,haley jones,POR,SEA,points,5.06,/home/ubuntu/EdgeRanked/sports/wnba/outputs/archive/projections/wnba_projections_20260617.csv,no_safe_player_match,0,2026-06-21T11:30:44Z
2026-06-17,2026-06-17,Haley Jones,haley jones,haley jones,POR,SEA,rebounds,3.25,/home/ubuntu/EdgeRanked/sports/wnba/outputs/archive/projections/wnba_projections_20260617.csv,no_safe_player_match,0,2026-06-21T11:30:44Z
2026-06-17,2026-06-17,Haley Jones,haley jones,haley jones,POR,SEA,assists,2.09,/home/ubuntu/EdgeRanked/sports/wnba/outputs/archive/projections/wnba_projections_20260617.csv,no_safe_player_match,0,2026-06-21T11:30:44Z
2026-06-17,2026-06-17,Haley Jones,haley jones,haley jones,POR,SEA,threes_made,0.21,/home/ubuntu/EdgeRanked/sports/wnba/outputs/archive/projections/wnba_projections_20260617.csv,no_safe_player_match,0,2026-06-21T11:30:44Z
2026-06-17,2026-06-17,Haley Jones,haley jones,haley jones,POR,SEA,steals,0.9,/home/ubuntu/EdgeRanked/sports/wnba/outputs/archive/projections/wnba_projections_20260617.csv,no_safe_player_match,0,2026-06-21T11:30:44Z
2026-06-17,2026-06-17,Haley Jones,haley jones,haley jones,POR,SEA,blocks,0.65,/home/ubuntu/EdgeRanked/sports/wnba/outputs/archive/projections/wnba_projections_20260617.csv,no_safe_player_match,0,2026-06-21T11:30:44Z
2026-06-17,2026-06-17,Holly Winterburn,holly winterburn,holly winterburn,POR,SEA,points,1.65,/home/ubuntu/EdgeRanked/sports/wnba/outputs/archive/projections/wnba_projections_20260617.csv,missing_projected_or_actual_value,1,2026-06-21T11:30:44Z
2026-06-17,2026-06-17,Holly Winterburn,holly winterburn,holly winterburn,POR,SEA,rebounds,1.55,/home/ubuntu/EdgeRanked/sports/wnba/outputs/archive/projections/wnba_projections_20260617.csv,missing_projected_or_actual_value,1,2026-06-21T11:30:44Z
2026-06-17,2026-06-17,Holly Winterburn,holly winterburn,holly winterburn,POR,SEA,assists,2.67,/home/ubuntu/EdgeRanked/sports/wnba/outputs/archive/projections/wnba_projections_20260617.csv,missing_projected_or_actual_value,1,2026-06-21T11:30:44Z
2026-06-17,2026-06-17,Holly Winterburn,holly winterburn,holly winterburn,POR,SEA,threes_made,0.16,/home/ubuntu/EdgeRanked/sports/wnba/outputs/archive/projections/wnba_projections_20260617.csv,missing_projected_or_actual_value,1,2026-06-21T11:30:44Z
2026-06-17,2026-06-17,Holly Winterburn,holly winterburn,holly winterburn,POR,SEA,steals,0.63,/home/ubuntu/EdgeRanked/sports/wnba/outputs/archive/projections/wnba_projections_20260617.csv,missing_projected_or_actual_value,1,2026-06-21T11:30:44Z
2026-06-17,2026-06-17,Holly Winterburn,holly winterburn,holly winterburn,POR,SEA,blocks,0.15,/home/ubuntu/EdgeRanked/sports/wnba/outputs/archive/projections/wnba_projections_20260617.csv,missing_projected_or_actual_value,1,2026-06-21T11:30:44Z
2026-06-17,2026-06-17,Iliana Rupert,iliana rupert,iliana rupert,GSV,DAL,points,7.09,/home/ubuntu/EdgeRanked/sports/wnba/outputs/archive/projections/wnba_projections_20260617.csv,no_safe_player_match,0,2026-06-21T11:30:44Z
2026-06-17,2026-06-17,Iliana Rupert,iliana rupert,iliana rupert,GSV,DAL,rebounds,3.04,/home/ubuntu/EdgeRanked/sports/wnba/outputs/archive/projections/wnba_projections_20260617.csv,no_safe_player_match,0,2026-06-21T11:30:44Z
2026-06-17,2026-06-17,Iliana Rupert,iliana rupert,iliana rupert,GSV,DAL,assists,1.78,/home/ubuntu/EdgeRanked/sports/wnba/outputs/archive/projections/wnba_projections_20260617.csv,no_safe_player_match,0,2026-06-21T11:30:44Z
2026-06-17,2026-06-17,Iliana Rupert,iliana rupert,iliana rupert,GSV,DAL,threes_made,0.65,/home/ubuntu/EdgeRanked/sports/wnba/outputs/archive/projections/wnba_projections_20260617.csv,no_safe_player_match,0,2026-06-21T11:30:44Z
2026-06-17,2026-06-17,Iliana Rupert,iliana rupert,iliana rupert,GSV,DAL,steals,0.73,/home/ubuntu/EdgeRanked/sports/wnba/outputs/archive/projections/wnba_projections_20260617.csv,no_safe_player_match,0,2026-06-21T11:30:44Z
2026-06-17,2026-06-17,Iliana Rupert,iliana rupert,iliana rupert,GSV,DAL,blocks,0.41,/home/ubuntu/EdgeRanked/sports/wnba/outputs/archive/projections/wnba_projections_20260617.csv,no_safe_player_match,0,2026-06-21T11:30:44Z
2026-06-17,2026-06-17,Janiah Barker,janiah barker,janiah barker,LVA,PHX,points,6.46,/home/ubuntu/EdgeRanked/sports/wnba/outputs/archive/projections/wnba_projections_20260617.csv,missing_projected_or_actual_value,1,2026-06-21T11:30:44Z
2026-06-17,2026-06-17,Janiah Barker,janiah barker,janiah barker,LVA,PHX,rebounds,2.67,/home/ubuntu/EdgeRanked/sports/wnba/outputs/archive/projections/wnba_projections_20260617.csv,missing_projected_or_actual_value,1,2026-06-21T11:30:44Z
2026-06-17,2026-06-17,Janiah Barker,janiah barker,janiah barker,LVA,PHX,assists,1.85,/home/ubuntu/EdgeRanked/sports/wnba/outputs/archive/projections/wnba_projections_20260617.csv,missing_projected_or_actual_value,1,2026-06-21T11:30:44Z
2026-06-17,2026-06-17,Janiah Barker,janiah barker,janiah barker,LVA,PHX,threes_made,0.74,/home/ubuntu/EdgeRanked/sports/wnba/outputs/archive/projections/wnba_projections_20260617.csv,missing_projected_or_actual_value,1,2026-06-21T11:30:44Z
2026-06-17,2026-06-17,Janiah Barker,janiah barker,janiah barker,LVA,PHX,steals,0.71,/home/ubuntu/EdgeRanked/sports/wnba/outputs/archive/projections/wnba_projections_20260617.csv,missing_projected_or_actual_value,1,2026-06-21T11:30:44Z
2026-06-17,2026-06-17,Janiah Barker,janiah barker,janiah barker,LVA,PHX,blocks,0.28,/home/ubuntu/EdgeRanked/sports/wnba/outputs/archive/projections/wnba_projections_20260617.csv,missing_projected_or_actual_value,1,2026-06-21T11:30:44Z
2026-06-17,2026-06-17,JJ Quinerly,jj quinerly,jj quinerly,DAL,GSV,points,1.35,/home/ubuntu/EdgeRanked/sports/wnba/outputs/archive/projections/wnba_projections_20260617.csv,no_safe_player_match,0,2026-06-21T11:30:44Z
2026-06-17,2026-06-17,JJ Quinerly,jj quinerly,jj quinerly,DAL,GSV,rebounds,1.25,/home/ubuntu/EdgeRanked/sports/wnba/outputs/archive/projections/wnba_projections_20260617.csv,no_safe_player_match,0,2026-06-21T11:30:44Z
2026-06-17,2026-06-17,JJ Quinerly,jj quinerly,jj quinerly,DAL,GSV,assists,1.14,/home/ubuntu/EdgeRanked/sports/wnba/outputs/archive/projections/wnba_projections_20260617.csv,no_safe_player_match,0,2026-06-21T11:30:44Z
2026-06-17,2026-06-17,JJ Quinerly,jj quinerly,jj quinerly,DAL,GSV,threes_made,0.13,/home/ubuntu/EdgeRanked/sports/wnba/outputs/archive/projections/wnba_projections_20260617.csv,no_safe_player_match,0,2026-06-21T11:30:44Z
2026-06-17,2026-06-17,JJ Quinerly,jj quinerly,jj quinerly,DAL,GSV,steals,0.32,/home/ubuntu/EdgeRanked/sports/wnba/outputs/archive/projections/wnba_projections_20260617.csv,no_safe_player_match,0,2026-06-21T11:30:44Z
2026-06-17,2026-06-17,JJ Quinerly,jj quinerly,jj quinerly,DAL,GSV,blocks,0.45,/home/ubuntu/EdgeRanked/sports/wnba/outputs/archive/projections/wnba_projections_20260617.csv,no_safe_player_match,0,2026-06-21T11:30:44Z
2026-06-17,2026-06-17,Jordan Harrison,jordan harrison,jordan harrison,POR,SEA,points,3.11,/home/ubuntu/EdgeRanked/sports/wnba/outputs/archive/projections/wnba_projections_20260617.csv,no_safe_player_match,0,2026-06-21T11:30:44Z
2026-06-17,2026-06-17,Jordan Harrison,jordan harrison,jordan harrison,POR,SEA,rebounds,1.21,/home/ubuntu/EdgeRanked/sports/wnba/outputs/archive/projections/wnba_projections_20260617.csv,no_safe_player_match,0,2026-06-21T11:30:44Z
2026-06-17,2026-06-17,Jordan Harrison,jordan harrison,jordan harrison,POR,SEA,assists,2.66,/home/ubuntu/EdgeRanked/sports/wnba/outputs/archive/projections/wnba_projections_20260617.csv,no_safe_player_match,0,2026-06-21T11:30:44Z
2026-06-17,2026-06-17,Jordan Harrison,jordan harrison,jordan harrison,POR,SEA,threes_made,0.12,/home/ubuntu/EdgeRanked/sports/wnba/outputs/archive/projections/wnba_projections_20260617.csv,no_safe_player_match,0,2026-06-21T11:30:44Z
2026-06-17,2026-06-17,Jordan Harrison,jordan harrison,jordan harrison,POR,SEA,steals,0.42,/home/ubuntu/EdgeRanked/sports/wnba/outputs/archive/projections/wnba_projections_20260617.csv,no_safe_player_match,0,2026-06-21T11:30:44Z
2026-06-17,2026-06-17,Jordan Harrison,jordan harrison,jordan harrison,POR,SEA,blocks,0.12,/home/ubuntu/EdgeRanked/sports/wnba/outputs/archive/projections/wnba_projections_20260617.csv,no_safe_player_match,0,2026-06-21T11:30:44Z
2026-06-17,2026-06-17,Jordan Horston,jordan horston,jordan horston,SEA,POR,points,7.28,/home/ubuntu/EdgeRanked/sports/wnba/outputs/archive/projections/wnba_projections_20260617.csv,missing_projected_or_actual_value,1,2026-06-21T11:30:44Z
2026-06-17,2026-06-17,Jordan Horston,jordan horston,jordan horston,SEA,POR,rebounds,5.56,/home/ubuntu/EdgeRanked/sports/wnba/outputs/archive/projections/wnba_projections_20260617.csv,missing_projected_or_actual_value,1,2026-06-21T11:30:44Z
2026-06-17,2026-06-17,Jordan Horston,jordan horston,jordan horston,SEA,POR,assists,1.9,/home/ubuntu/EdgeRanked/sports/wnba/outputs/archive/projections/wnba_projections_20260617.csv,missing_projected_or_actual_value,1,2026-06-21T11:30:44Z
2026-06-17,2026-06-17,Jordan Horston,jordan horston,jordan horston,SEA,POR,threes_made,0.61,/home/ubuntu/EdgeRanked/sports/wnba/outputs/archive/projections/wnba_projections_20260617.csv,missing_projected_or_actual_value,1,2026-06-21T11:30:44Z
2026-06-17,2026-06-17,Jordan Horston,jordan horston,jordan horston,SEA,POR,steals,1.22,/home/ubuntu/EdgeRanked/sports/wnba/outputs/archive/projections/wnba_projections_20260617.csv,missing_projected_or_actual_value,1,2026-06-21T11:30:44Z
2026-06-17,2026-06-17,Jordan Horston,jordan horston,jordan horston,SEA,POR,blocks,0.91,/home/ubuntu/EdgeRanked/sports/wnba/outputs/archive/projections/wnba_projections_20260617.csv,missing_projected_or_actual_value,1,2026-06-21T11:30:44Z
2026-06-17,2026-06-17,Joyner Holmes,joyner holmes,joyner holmes,SEA,POR,points,3.23,/home/ubuntu/EdgeRanked/sports/wnba/outputs/archive/projections/wnba_projections_20260617.csv,no_safe_player_match,0,2026-06-21T11:30:44Z
2026-06-17,2026-06-17,Joyner Holmes,joyner holmes,joyner holmes,SEA,POR,rebounds,4.75,/home/ubuntu/EdgeRanked/sports/wnba/outputs/archive/projections/wnba_projections_20260617.csv,no_safe_player_match,0,2026-06-21T11:30:44Z
2026-06-17,2026-06-17,Joyner Holmes,joyner holmes,joyner holmes,SEA,POR,assists,0.96,/home/ubuntu/EdgeRanked/sports/wnba/outputs/archive/projections/wnba_projections_20260617.csv,no_safe_player_match,0,2026-06-21T11:30:44Z
2026-06-17,2026-06-17,Joyner Holmes,joyner holmes,joyner holmes,SEA,POR,threes_made,0.11,/home/ubuntu/EdgeRanked/sports/wnba/outputs/archive/projections/wnba_projections_20260617.csv,no_safe_player_match,0,2026-06-21T11:30:44Z
2026-06-17,2026-06-17,Joyner Holmes,joyner holmes,joyner holmes,SEA,POR,steals,0.34,/home/ubuntu/EdgeRanked/sports/wnba/outputs/archive/projections/wnba_projections_20260617.csv,no_safe_player_match,0,2026-06-21T11:30:44Z
2026-06-17,2026-06-17,Joyner Holmes,joyner holmes,joyner holmes,SEA,POR,blocks,2.26,/home/ubuntu/EdgeRanked/sports/wnba/outputs/archive/projections/wnba_projections_20260617.csv,no_safe_player_match,0,2026-06-21T11:30:44Z
2026-06-17,2026-06-17,Julie Vanloo,julie vanloo,julie vanloo,NYL,CHI,points,5.58,/home/ubuntu/EdgeRanked/sports/wnba/outputs/archive/projections/wnba_projections_20260617.csv,no_safe_player_match,0,2026-06-21T11:30:44Z
2026-06-17,2026-06-17,Julie Vanloo,julie vanloo,julie vanloo,NYL,CHI,rebounds,1.75,/home/ubuntu/EdgeRanked/sports/wnba/outputs/archive/projections/wnba_projections_20260617.csv,no_safe_player_match,0,2026-06-21T11:30:44Z
2026-06-17,2026-06-17,Julie Vanloo,julie vanloo,julie vanloo,NYL,CHI,assists,4.14,/home/ubuntu/EdgeRanked/sports/wnba/outputs/archive/projections/wnba_projections_20260617.csv,no_safe_player_match,0,2026-06-21T11:30:44Z
2026-06-17,2026-06-17,Julie Vanloo,julie vanloo,julie vanloo,NYL,CHI,threes_made,1.32,/home/ubuntu/EdgeRanked/sports/wnba/outputs/archive/projections/wnba_projections_20260617.csv,no_safe_player_match,0,2026-06-21T11:30:44Z
2026-06-17,2026-06-17,Julie Vanloo,julie vanloo,julie vanloo,NYL,CHI,steals,0.77,/home/ubuntu/EdgeRanked/sports/wnba/outputs/archive/projections/wnba_projections_20260617.csv,no_safe_player_match,0,2026-06-21T11:30:44Z
2026-06-17,2026-06-17,Julie Vanloo,julie vanloo,julie vanloo,NYL,CHI,blocks,0.18,/home/ubuntu/EdgeRanked/sports/wnba/outputs/archive/projections/wnba_projections_20260617.csv,no_safe_player_match,0,2026-06-21T11:30:44Z
2026-06-17,2026-06-17,Juste Jocyte,juste jocyte,juste jocyte,GSV,DAL,points,2.13,/home/ubuntu/EdgeRanked/sports/wnba/outputs/archive/projections/wnba_projections_20260617.csv,missing_projected_or_actual_value,1,2026-06-21T11:30:44Z
2026-06-17,2026-06-17,Juste Jocyte,juste jocyte,juste jocyte,GSV,DAL,rebounds,0.55,/home/ubuntu/EdgeRanked/sports/wnba/outputs/archive/projections/wnba_projections_20260617.csv,missing_projected_or_actual_value,1,2026-06-21T11:30:44Z
2026-06-17,2026-06-17,Juste Jocyte,juste jocyte,juste jocyte,GSV,DAL,assists,1.0,/home/ubuntu/EdgeRanked/sports/wnba/outputs/archive/projections/wnba_projections_20260617.csv,missing_projected_or_actual_value,1,2026-06-21T11:30:44Z
2026-06-17,2026-06-17,Juste Jocyte,juste jocyte,juste jocyte,GSV,DAL,threes_made,0.64,/home/ubuntu/EdgeRanked/sports/wnba/outputs/archive/projections/wnba_projections_20260617.csv,missing_projected_or_actual_value,1,2026-06-21T11:30:44Z
2026-06-17,2026-06-17,Juste Jocyte,juste jocyte,juste jocyte,GSV,DAL,steals,0.12,/home/ubuntu/EdgeRanked/sports/wnba/outputs/archive/projections/wnba_projections_20260617.csv,missing_projected_or_actual_value,1,2026-06-21T11:30:44Z
2026-06-17,2026-06-17,Juste Jocyte,juste jocyte,juste jocyte,GSV,DAL,blocks,0.14,/home/ubuntu/EdgeRanked/sports/wnba/outputs/archive/projections/wnba_projections_20260617.csv,missing_projected_or_actual_value,1,2026-06-21T11:30:44Z
2026-06-17,2026-06-17,Kamiah Smalls,kamiah smalls,kamiah smalls,POR,SEA,points,5.03,/home/ubuntu/EdgeRanked/sports/wnba/outputs/archive/projections/wnba_projections_20260617.csv,no_safe_player_match,0,2026-06-21T11:30:44Z
2026-06-17,2026-06-17,Kamiah Smalls,kamiah smalls,kamiah smalls,POR,SEA,rebounds,0.47,/home/ubuntu/EdgeRanked/sports/wnba/outputs/archive/projections/wnba_projections_20260617.csv,no_safe_player_match,0,2026-06-21T11:30:44Z
2026-06-17,2026-06-17,Kamiah Smalls,kamiah smalls,kamiah smalls,POR,SEA,assists,2.63,/home/ubuntu/EdgeRanked/sports/wnba/outputs/archive/projections/wnba_projections_20260617.csv,no_safe_player_match,0,2026-06-21T11:30:44Z
2026-06-17,2026-06-17,Kamiah Smalls,kamiah smalls,kamiah smalls,POR,SEA,threes_made,1.16,/home/ubuntu/EdgeRanked/sports/wnba/outputs/archive/projections/wnba_projections_20260617.csv,no_safe_player_match,0,2026-06-21T11:30:44Z
2026-06-17,2026-06-17,Kamiah Smalls,kamiah smalls,kamiah smalls,POR,SEA,steals,0.54,/home/ubuntu/EdgeRanked/sports/wnba/outputs/archive/projections/wnba_projections_20260617.csv,no_safe_player_match,0,2026-06-21T11:30:44Z
2026-06-17,2026-06-17,Kamiah Smalls,kamiah smalls,kamiah smalls,POR,SEA,blocks,0.2,/home/ubuntu/EdgeRanked/sports/wnba/outputs/archive/projections/wnba_projections_20260617.csv,no_safe_player_match,0,2026-06-21T11:30:44Z
2026-06-17,2026-06-17,Kelsey Plum,kelsey plum,kelsey plum,LAS,MIN,points,21.51,/home/ubuntu/EdgeRanked/sports/wnba/outputs/archive/projections/wnba_projections_20260617.csv,no_safe_player_match,0,2026-06-21T11:30:44Z
2026-06-17,2026-06-17,Kelsey Plum,kelsey plum,kelsey plum,LAS,MIN,rebounds,1.48,/home/ubuntu/EdgeRanked/sports/wnba/outputs/archive/projections/wnba_projections_20260617.csv,no_safe_player_match,0,2026-06-21T11:30:44Z
2026-06-17,2026-06-17,Kelsey Plum,kelsey plum,kelsey plum,LAS,MIN,assists,6.1,/home/ubuntu/EdgeRanked/sports/wnba/outputs/archive/projections/wnba_projections_20260617.csv,no_safe_player_match,0,2026-06-21T11:30:44Z
2026-06-17,2026-06-17,Kelsey Plum,kelsey plum,kelsey plum,LAS,MIN,threes_made,2.62,/home/ubuntu/EdgeRanked/sports/wnba/outputs/archive/projections/wnba_projections_20260617.csv,no_safe_player_match,0,2026-06-21T11:30:44Z
2026-06-17,2026-06-17,Kelsey Plum,kelsey plum,kelsey plum,LAS,MIN,steals,1.32,/home/ubuntu/EdgeRanked/sports/wnba/outputs/archive/projections/wnba_projections_20260617.csv,no_safe_player_match,0,2026-06-21T11:30:44Z
2026-06-17,2026-06-17,Kelsey Plum,kelsey plum,kelsey plum,LAS,MIN,blocks,0.35,/home/ubuntu/EdgeRanked/sports/wnba/outputs/archive/projections/wnba_projections_20260617.csv,no_safe_player_match,0,2026-06-21T11:30:44Z
2026-06-17,2026-06-17,Kiana Williams,kiana williams,kiana williams,PHX,LVA,points,3.52,/home/ubuntu/EdgeRanked/sports/wnba/outputs/archive/projections/wnba_projections_20260617.csv,no_safe_player_match,0,2026-06-21T11:30:44Z
2026-06-17,2026-06-17,Kiana Williams,kiana williams,kiana williams,PHX,LVA,rebounds,1.05,/home/ubuntu/EdgeRanked/sports/wnba/outputs/archive/projections/wnba_projections_20260617.csv,no_safe_player_match,0,2026-06-21T11:30:44Z
2026-06-17,2026-06-17,Kiana Williams,kiana williams,kiana williams,PHX,LVA,assists,0.87,/home/ubuntu/EdgeRanked/sports/wnba/outputs/archive/projections/wnba_projections_20260617.csv,no_safe_player_match,0,2026-06-21T11:30:44Z
2026-06-17,2026-06-17,Kiana Williams,kiana williams,kiana williams,PHX,LVA,threes_made,0.91,/home/ubuntu/EdgeRanked/sports/wnba/outputs/archive/projections/wnba_projections_20260617.csv,no_safe_player_match,0,2026-06-21T11:30:44Z
2026-06-17,2026-06-17,Kiana Williams,kiana williams,kiana williams,PHX,LVA,steals,0.53,/home/ubuntu/EdgeRanked/sports/wnba/outputs/archive/projections/wnba_projections_20260617.csv,no_safe_player_match,0,2026-06-21T11:30:44Z
2026-06-17,2026-06-17,Kiana Williams,kiana williams,kiana williams,PHX,LVA,blocks,0.13,/home/ubuntu/EdgeRanked/sports/wnba/outputs/archive/projections/wnba_projections_20260617.csv,no_safe_player_match,0,2026-06-21T11:30:44Z
2026-06-17,2026-06-17,Kiki Iriafen,kiki iriafen,kiki iriafen,WAS,CON,points,12.74,/home/ubuntu/EdgeRanked/sports/wnba/outputs/archive/projections/wnba_projections_20260617.csv,missing_projected_or_actual_value,1,2026-06-21T11:30:44Z
2026-06-17,2026-06-17,Kiki Iriafen,kiki iriafen,kiki iriafen,WAS,CON,rebounds,7.3,/home/ubuntu/EdgeRanked/sports/wnba/outputs/archive/projections/wnba_projections_20260617.csv,missing_projected_or_actual_value,1,2026-06-21T11:30:44Z
2026-06-17,2026-06-17,Kiki Iriafen,kiki iriafen,kiki iriafen,WAS,CON,assists,1.69,/home/ubuntu/EdgeRanked/sports/wnba/outputs/archive/projections/wnba_projections_20260617.csv,missing_projected_or_actual_value,1,2026-06-21T11:30:44Z
2026-06-17,2026-06-17,Kiki Iriafen,kiki iriafen,kiki iriafen,WAS,CON,threes_made,0.41,/home/ubuntu/EdgeRanked/sports/wnba/outputs/archive/projections/wnba_projections_20260617.csv,missing_projected_or_actual_value,1,2026-06-21T11:30:44Z
2026-06-17,2026-06-17,Kiki Iriafen,kiki iriafen,kiki iriafen,WAS,CON,steals,0.77,/home/ubuntu/EdgeRanked/sports/wnba/outputs/archive/projections/wnba_projections_20260617.csv,missing_projected_or_actual_value,1,2026-06-21T11:30:44Z
2026-06-17,2026-06-17,Kiki Iriafen,kiki iriafen,kiki iriafen,WAS,CON,blocks,0.36,/home/ubuntu/EdgeRanked/sports/wnba/outputs/archive/projections/wnba_projections_20260617.csv,missing_projected_or_actual_value,1,2026-06-21T11:30:44Z
2026-06-17,2026-06-17,Laura Ziegler,laura ziegler,laura ziegler,LAS,MIN,points,6.51,/home/ubuntu/EdgeRanked/sports/wnba/outputs/archive/projections/wnba_projections_20260617.csv,missing_projected_or_actual_value,1,2026-06-21T11:30:44Z
2026-06-17,2026-06-17,Laura Ziegler,laura ziegler,laura ziegler,LAS,MIN,rebounds,3.06,/home/ubuntu/EdgeRanked/sports/wnba/outputs/archive/projections/wnba_projections_20260617.csv,missing_projected_or_actual_value,1,2026-06-21T11:30:44Z
2026-06-17,2026-06-17,Laura Ziegler,laura ziegler,laura ziegler,LAS,MIN,assists,1.83,/home/ubuntu/EdgeRanked/sports/wnba/outputs/archive/projections/wnba_projections_20260617.csv,missing_projected_or_actual_value,1,2026-06-21T11:30:44Z
2026-06-17,2026-06-17,Laura Ziegler,laura ziegler,laura ziegler,LAS,MIN,threes_made,0.55,/home/ubuntu/EdgeRanked/sports/wnba/outputs/archive/projections/wnba_projections_20260617.csv,missing_projected_or_actual_value,1,2026-06-21T11:30:44Z
2026-06-17,2026-06-17,Laura Ziegler,laura ziegler,laura ziegler,LAS,MIN,steals,0.87,/home/ubuntu/EdgeRanked/sports/wnba/outputs/archive/projections/wnba_projections_20260617.csv,missing_projected_or_actual_value,1,2026-06-21T11:30:44Z
2026-06-17,2026-06-17,Laura Ziegler,laura ziegler,laura ziegler,LAS,MIN,blocks,0.41,/home/ubuntu/EdgeRanked/sports/wnba/outputs/archive/projections/wnba_projections_20260617.csv,missing_projected_or_actual_value,1,2026-06-21T11:30:44Z
2026-06-17,2026-06-17,Lexie Brown,lexie brown,lexie brown,SEA,POR,points,2.9,/home/ubuntu/EdgeRanked/sports/wnba/outputs/archive/projections/wnba_projections_20260617.csv,no_safe_player_match,0,2026-06-21T11:30:44Z
2026-06-17,2026-06-17,Lexie Brown,lexie brown,lexie brown,SEA,POR,rebounds,1.53,/home/ubuntu/EdgeRanked/sports/wnba/outputs/archive/projections/wnba_projections_20260617.csv,no_safe_player_match,0,2026-06-21T11:30:44Z
2026-06-17,2026-06-17,Lexie Brown,lexie brown,lexie brown,SEA,POR,assists,0.64,/home/ubuntu/EdgeRanked/sports/wnba/outputs/archive/projections/wnba_projections_20260617.csv,no_safe_player_match,0,2026-06-21T11:30:44Z
2026-06-17,2026-06-17,Lexie Brown,lexie brown,lexie brown,SEA,POR,threes_made,0.73,/home/ubuntu/EdgeRanked/sports/wnba/outputs/archive/projections/wnba_projections_20260617.csv,no_safe_player_match,0,2026-06-21T11:30:44Z
2026-06-17,2026-06-17,Lexie Brown,lexie brown,lexie brown,SEA,POR,steals,0.51,/home/ubuntu/EdgeRanked/sports/wnba/outputs/archive/projections/wnba_projections_20260617.csv,no_safe_player_match,0,2026-06-21T11:30:44Z
2026-06-17,2026-06-17,Lexie Brown,lexie brown,lexie brown,SEA,POR,blocks,0.25,/home/ubuntu/EdgeRanked/sports/wnba/outputs/archive/projections/wnba_projections_20260617.csv,no_safe_player_match,0,2026-06-21T11:30:44Z
2026-06-17,2026-06-17,Li Yueru,li yueru,li yueru,DAL,GSV,points,1.49,/home/ubuntu/EdgeRanked/sports/wnba/outputs/archive/projections/wnba_projections_20260617.csv,missing_projected_or_actual_value,1,2026-06-21T11:30:44Z
2026-06-17,2026-06-17,Li Yueru,li yueru,li yueru,DAL,GSV,rebounds,2.49,/home/ubuntu/EdgeRanked/sports/wnba/outputs/archive/projections/wnba_projections_20260617.csv,missing_projected_or_actual_value,1,2026-06-21T11:30:44Z
2026-06-17,2026-06-17,Li Yueru,li yueru,li yueru,DAL,GSV,assists,0.27,/home/ubuntu/EdgeRanked/sports/wnba/outputs/archive/projections/wnba_projections_20260617.csv,missing_projected_or_actual_value,1,2026-06-21T11:30:44Z
2026-06-17,2026-06-17,Li Yueru,li yueru,li yueru,DAL,GSV,threes_made,0.16,/home/ubuntu/EdgeRanked/sports/wnba/outputs/archive/projections/wnba_projections_20260617.csv,missing_projected_or_actual_value,1,2026-06-21T11:30:44Z
2026-06-17,2026-06-17,Li Yueru,li yueru,li yueru,DAL,GSV,steals,0.32,/home/ubuntu/EdgeRanked/sports/wnba/outputs/archive/projections/wnba_projections_20260617.csv,missing_projected_or_actual_value,1,2026-06-21T11:30:44Z
2026-06-17,2026-06-17,Li Yueru,li yueru,li yueru,DAL,GSV,blocks,0.29,/home/ubuntu/EdgeRanked/sports/wnba/outputs/archive/projections/wnba_projections_20260617.csv,missing_projected_or_actual_value,1,2026-06-21T11:30:44Z
2026-06-17,2026-06-17,Liatu King,liatu king,liatu king,MIN,LAS,points,2.78,/home/ubuntu/EdgeRanked/sports/wnba/outputs/archive/projections/wnba_projections_20260617.csv,missing_projected_or_actual_value,1,2026-06-21T11:30:44Z
2026-06-17,2026-06-17,Liatu King,liatu king,liatu king,MIN,LAS,rebounds,3.61,/home/ubuntu/EdgeRanked/sports/wnba/outputs/archive/projections/wnba_projections_20260617.csv,missing_projected_or_actual_value,1,2026-06-21T11:30:44Z
2026-06-17,2026-06-17,Liatu King,liatu king,liatu king,MIN,LAS,assists,0.19,/home/ubuntu/EdgeRanked/sports/wnba/outputs/archive/projections/wnba_projections_20260617.csv,missing_projected_or_actual_value,1,2026-06-21T11:30:44Z
2026-06-17,2026-06-17,Liatu King,liatu king,liatu king,MIN,LAS,threes_made,0.49,/home/ubuntu/EdgeRanked/sports/wnba/outputs/archive/projections/wnba_projections_20260617.csv,missing_projected_or_actual_value,1,2026-06-21T11:30:44Z
2026-06-17,2026-06-17,Liatu King,liatu king,liatu king,MIN,LAS,steals,0.48,/home/ubuntu/EdgeRanked/sports/wnba/outputs/archive/projections/wnba_projections_20260617.csv,missing_projected_or_actual_value,1,2026-06-21T11:30:44Z
2026-06-17,2026-06-17,Liatu King,liatu king,liatu king,MIN,LAS,blocks,0.9,/home/ubuntu/EdgeRanked/sports/wnba/outputs/archive/projections/wnba_projections_20260617.csv,missing_projected_or_actual_value,1,2026-06-21T11:30:44Z
2026-06-17,2026-06-17,Luisa Geiselsoder,luisa geiselsoder,luisa geiselsoder,POR,SEA,points,3.84,/home/ubuntu/EdgeRanked/sports/wnba/outputs/archive/projections/wnba_projections_20260617.csv,missing_projected_or_actual_value,1,2026-06-21T11:30:44Z
2026-06-17,2026-06-17,Luisa Geiselsoder,luisa geiselsoder,luisa geiselsoder,POR,SEA,rebounds,2.26,/home/ubuntu/EdgeRanked/sports/wnba/outputs/archive/projections/wnba_projections_20260617.csv,missing_projected_or_actual_value,1,2026-06-21T11:30:44Z
2026-06-17,2026-06-17,Luisa Geiselsoder,luisa geiselsoder,luisa geiselsoder,POR,SEA,assists,1.24,/home/ubuntu/EdgeRanked/sports/wnba/outputs/archive/projections/wnba_projections_20260617.csv,missing_projected_or_actual_value,1,2026-06-21T11:30:44Z
2026-06-17,2026-06-17,Luisa Geiselsoder,luisa geiselsoder,luisa geiselsoder,POR,SEA,threes_made,0.59,/home/ubuntu/EdgeRanked/sports/wnba/outputs/archive/projections/wnba_projections_20260617.csv,missing_projected_or_actual_value,1,2026-06-21T11:30:44Z
2026-06-17,2026-06-17,Luisa Geiselsoder,luisa geiselsoder,luisa geiselsoder,POR,SEA,steals,0.51,/home/ubuntu/EdgeRanked/sports/wnba/outputs/archive/projections/wnba_projections_20260617.csv,missing_projected_or_actual_value,1,2026-06-21T11:30:44Z
2026-06-17,2026-06-17,Luisa Geiselsoder,luisa geiselsoder,luisa geiselsoder,POR,SEA,blocks,0.36,/home/ubuntu/EdgeRanked/sports/wnba/outputs/archive/projections/wnba_projections_20260617.csv,missing_projected_or_actual_value,1,2026-06-21T11:30:44Z
2026-06-17,2026-06-17,Marine Fauthoux,marine fauthoux,marine fauthoux,NYL,CHI,points,0.49,/home/ubuntu/EdgeRanked/sports/wnba/outputs/archive/projections/wnba_projections_20260617.csv,no_safe_player_match,0,2026-06-21T11:30:44Z
2026-06-17,2026-06-17,Marine Fauthoux,marine fauthoux,marine fauthoux,NYL,CHI,rebounds,1.27,/home/ubuntu/EdgeRanked/sports/wnba/outputs/archive/projections/wnba_projections_20260617.csv,no_safe_player_match,0,2026-06-21T11:30:44Z
2026-06-17,2026-06-17,Marine Fauthoux,marine fauthoux,marine fauthoux,NYL,CHI,assists,0.47,/home/ubuntu/EdgeRanked/sports/wnba/outputs/archive/projections/wnba_projections_20260617.csv,no_safe_player_match,0,2026-06-21T11:30:44Z
2026-06-17,2026-06-17,Marine Fauthoux,marine fauthoux,marine fauthoux,NYL,CHI,threes_made,0.28,/home/ubuntu/EdgeRanked/sports/wnba/outputs/archive/projections/wnba_projections_20260617.csv,no_safe_player_match,0,2026-06-21T11:30:44Z
2026-06-17,2026-06-17,Marine Fauthoux,marine fauthoux,marine fauthoux,NYL,CHI,steals,0.29,/home/ubuntu/EdgeRanked/sports/wnba/outputs/archive/projections/wnba_projections_20260617.csv,no_safe_player_match,0,2026-06-21T11:30:44Z
2026-06-17,2026-06-17,Marine Fauthoux,marine fauthoux,marine fauthoux,NYL,CHI,blocks,0.18,/home/ubuntu/EdgeRanked/sports/wnba/outputs/archive/projections/wnba_projections_20260617.csv,no_safe_player_match,0,2026-06-21T11:30:44Z
2026-06-17,2026-06-17,Marta Suarez,marta suarez,marta suarez,PHX,LVA,points,2.02,/home/ubuntu/EdgeRanked/sports/wnba/outputs/archive/projections/wnba_projections_20260617.csv,no_safe_player_match,0,2026-06-21T11:30:44Z
2026-06-17,2026-06-17,Marta Suarez,marta suarez,marta suarez,PHX,LVA,rebounds,1.61,/home/ubuntu/EdgeRanked/sports/wnba/outputs/archive/projections/wnba_projections_20260617.csv,no_safe_player_match,0,2026-06-21T11:30:44Z
2026-06-17,2026-06-17,Marta Suarez,marta suarez,marta suarez,PHX,LVA,assists,0.72,/home/ubuntu/EdgeRanked/sports/wnba/outputs/archive/projections/wnba_projections_20260617.csv,no_safe_player_match,0,2026-06-21T11:30:44Z
2026-06-17,2026-06-17,Marta Suarez,marta suarez,marta suarez,PHX,LVA,threes_made,0.74,/home/ubuntu/EdgeRanked/sports/wnba/outputs/archive/projections/wnba_projections_20260617.csv,no_safe_player_match,0,2026-06-21T11:30:44Z
2026-06-17,2026-06-17,Marta Suarez,marta suarez,marta suarez,PHX,LVA,steals,0.39,/home/ubuntu/EdgeRanked/sports/wnba/outputs/archive/projections/wnba_projections_20260617.csv,no_safe_player_match,0,2026-06-21T11:30:44Z
2026-06-17,2026-06-17,Marta Suarez,marta suarez,marta suarez,PHX,LVA,blocks,0.11,/home/ubuntu/EdgeRanked/sports/wnba/outputs/archive/projections/wnba_projections_20260617.csv,no_safe_player_match,0,2026-06-21T11:30:44Z
2026-06-17,2026-06-17,Miela Sowah,miela sowah,miela sowah,GSV,DAL,points,0.32,/home/ubuntu/EdgeRanked/sports/wnba/outputs/archive/projections/wnba_projections_20260617.csv,no_safe_player_match,0,2026-06-21T11:30:44Z
2026-06-17,2026-06-17,Miela Sowah,miela sowah,miela sowah,GSV,DAL,rebounds,0.46,/home/ubuntu/EdgeRanked/sports/wnba/outputs/archive/projections/wnba_projections_20260617.csv,no_safe_player_match,0,2026-06-21T11:30:44Z
2026-06-17,2026-06-17,Miela Sowah,miela sowah,miela sowah,GSV,DAL,assists,0.28,/home/ubuntu/EdgeRanked/sports/wnba/outputs/archive/projections/wnba_projections_20260617.csv,no_safe_player_match,0,2026-06-21T11:30:44Z
2026-06-17,2026-06-17,Miela Sowah,miela sowah,miela sowah,GSV,DAL,threes_made,0.14,/home/ubuntu/EdgeRanked/sports/wnba/outputs/archive/projections/wnba_projections_20260617.csv,no_safe_player_match,0,2026-06-21T11:30:44Z
2026-06-17,2026-06-17,Miela Sowah,miela sowah,miela sowah,GSV,DAL,steals,0.11,/home/ubuntu/EdgeRanked/sports/wnba/outputs/archive/projections/wnba_projections_20260617.csv,no_safe_player_match,0,2026-06-21T11:30:44Z
2026-06-17,2026-06-17,Miela Sowah,miela sowah,miela sowah,GSV,DAL,blocks,0.12,/home/ubuntu/EdgeRanked/sports/wnba/outputs/archive/projections/wnba_projections_20260617.csv,no_safe_player_match,0,2026-06-21T11:30:44Z
2026-06-17,2026-06-17,Nadia Fingall,nadia fingall,nadia fingall,GSV,DAL,points,6.45,/home/ubuntu/EdgeRanked/sports/wnba/outputs/archive/projections/wnba_projections_20260617.csv,missing_projected_or_actual_value,1,2026-06-21T11:30:44Z
2026-06-17,2026-06-17,Nadia Fingall,nadia fingall,nadia fingall,GSV,DAL,rebounds,2.8,/home/ubuntu/EdgeRanked/sports/wnba/outputs/archive/projections/wnba_projections_20260617.csv,missing_projected_or_actual_value,1,2026-06-21T11:30:44Z
2026-06-17,2026-06-17,Nadia Fingall,nadia fingall,nadia fingall,GSV,DAL,assists,1.8,/home/ubuntu/EdgeRanked/sports/wnba/outputs/archive/projections/wnba_projections_20260617.csv,missing_projected_or_actual_value,1,2026-06-21T11:30:44Z
2026-06-17,2026-06-17,Nadia Fingall,nadia fingall,nadia fingall,GSV,DAL,threes_made,0.75,/home/ubuntu/EdgeRanked/sports/wnba/outputs/archive/projections/wnba_projections_20260617.csv,missing_projected_or_actual_value,1,2026-06-21T11:30:44Z
2026-06-17,2026-06-17,Nadia Fingall,nadia fingall,nadia fingall,GSV,DAL,steals,0.67,/home/ubuntu/EdgeRanked/sports/wnba/outputs/archive/projections/wnba_projections_20260617.csv,missing_projected_or_actual_value,1,2026-06-21T11:30:44Z
2026-06-17,2026-06-17,Nadia Fingall,nadia fingall,nadia fingall,GSV,DAL,blocks,0.3,/home/ubuntu/EdgeRanked/sports/wnba/outputs/archive/projections/wnba_projections_20260617.csv,missing_projected_or_actual_value,1,2026-06-21T11:30:44Z
2026-06-17,2026-06-17,Napheesa Collier,napheesa collier,napheesa collier,MIN,LAS,points,6.28,/home/ubuntu/EdgeRanked/sports/wnba/outputs/archive/projections/wnba_projections_20260617.csv,no_safe_player_match,0,2026-06-21T11:30:44Z
2026-06-17,2026-06-17,Napheesa Collier,napheesa collier,napheesa collier,MIN,LAS,rebounds,3.03,/home/ubuntu/EdgeRanked/sports/wnba/outputs/archive/projections/wnba_projections_20260617.csv,no_safe_player_match,0,2026-06-21T11:30:44Z
2026-06-17,2026-06-17,Napheesa Collier,napheesa collier,napheesa collier,MIN,LAS,assists,1.76,/home/ubuntu/EdgeRanked/sports/wnba/outputs/archive/projections/wnba_projections_20260617.csv,no_safe_player_match,0,2026-06-21T11:30:44Z
2026-06-17,2026-06-17,Napheesa Collier,napheesa collier,napheesa collier,MIN,LAS,threes_made,0.76,/home/ubuntu/EdgeRanked/sports/wnba/outputs/archive/projections/wnba_projections_20260617.csv,no_safe_player_match,0,2026-06-21T11:30:44Z
2026-06-17,2026-06-17,Napheesa Collier,napheesa collier,napheesa collier,MIN,LAS,steals,0.69,/home/ubuntu/EdgeRanked/sports/wnba/outputs/archive/projections/wnba_projections_20260617.csv,no_safe_player_match,0,2026-06-21T11:30:44Z
2026-06-17,2026-06-17,Napheesa Collier,napheesa collier,napheesa collier,MIN,LAS,blocks,0.3,/home/ubuntu/EdgeRanked/sports/wnba/outputs/archive/projections/wnba_projections_20260617.csv,no_safe_player_match,0,2026-06-21T11:30:44Z
2026-06-17,2026-06-17,Ndjakalenga Mwenentanda,ndjakalenga mwenentanda,ndjakalenga mwenentanda,GSV,DAL,points,0.33,/home/ubuntu/EdgeRanked/sports/wnba/outputs/archive/projections/wnba_projections_20260617.csv,no_safe_player_match,0,2026-06-21T11:30:44Z
2026-06-17,2026-06-17,Ndjakalenga Mwenentanda,ndjakalenga mwenentanda,ndjakalenga mwenentanda,GSV,DAL,rebounds,1.09,/home/ubuntu/EdgeRanked/sports/wnba/outputs/archive/projections/wnba_projections_20260617.csv,no_safe_player_match,0,2026-06-21T11:30:44Z
2026-06-17,2026-06-17,Ndjakalenga Mwenentanda,ndjakalenga mwenentanda,ndjakalenga mwenentanda,GSV,DAL,assists,0.81,/home/ubuntu/EdgeRanked/sports/wnba/outputs/archive/projections/wnba_projections_20260617.csv,no_safe_player_match,0,2026-06-21T11:30:44Z
2026-06-17,2026-06-17,Ndjakalenga Mwenentanda,ndjakalenga mwenentanda,ndjakalenga mwenentanda,GSV,DAL,threes_made,0.14,/home/ubuntu/EdgeRanked/sports/wnba/outputs/archive/projections/wnba_projections_20260617.csv,no_safe_player_match,0,2026-06-21T11:30:44Z
2026-06-17,2026-06-17,Ndjakalenga Mwenentanda,ndjakalenga mwenentanda,ndjakalenga mwenentanda,GSV,DAL,steals,0.24,/home/ubuntu/EdgeRanked/sports/wnba/outputs/archive/projections/wnba_projections_20260617.csv,no_safe_player_match,0,2026-06-21T11:30:44Z
2026-06-17,2026-06-17,Ndjakalenga Mwenentanda,ndjakalenga mwenentanda,ndjakalenga mwenentanda,GSV,DAL,blocks,0.13,/home/ubuntu/EdgeRanked/sports/wnba/outputs/archive/projections/wnba_projections_20260617.csv,no_safe_player_match,0,2026-06-21T11:30:44Z
2026-06-17,2026-06-17,Odyssey Sims,odyssey sims,odyssey sims,DAL,GSV,points,2.66,/home/ubuntu/EdgeRanked/sports/wnba/outputs/archive/projections/wnba_projections_20260617.csv,no_safe_player_match,0,2026-06-21T11:30:44Z
2026-06-17,2026-06-17,Odyssey Sims,odyssey sims,odyssey sims,DAL,GSV,rebounds,1.0,/home/ubuntu/EdgeRanked/sports/wnba/outputs/archive/projections/wnba_projections_20260617.csv,no_safe_player_match,0,2026-06-21T11:30:44Z
2026-06-17,2026-06-17,Odyssey Sims,odyssey sims,odyssey sims,DAL,GSV,assists,2.09,/home/ubuntu/EdgeRanked/sports/wnba/outputs/archive/projections/wnba_projections_20260617.csv,no_safe_player_match,0,2026-06-21T11:30:44Z
2026-06-17,2026-06-17,Odyssey Sims,odyssey sims,odyssey sims,DAL,GSV,threes_made,0.29,/home/ubuntu/EdgeRanked/sports/wnba/outputs/archive/projections/wnba_projections_20260617.csv,no_safe_player_match,0,2026-06-21T11:30:44Z
2026-06-17,2026-06-17,Odyssey Sims,odyssey sims,odyssey sims,DAL,GSV,steals,0.62,/home/ubuntu/EdgeRanked/sports/wnba/outputs/archive/projections/wnba_projections_20260617.csv,no_safe_player_match,0,2026-06-21T11:30:44Z
2026-06-17,2026-06-17,Odyssey Sims,odyssey sims,odyssey sims,DAL,GSV,blocks,0.15,/home/ubuntu/EdgeRanked/sports/wnba/outputs/archive/projections/wnba_projections_20260617.csv,no_safe_player_match,0,2026-06-21T11:30:44Z
2026-06-17,2026-06-17,Quionche Carter,quionche carter,quionche carter,PHX,LVA,points,3.53,/home/ubuntu/EdgeRanked/sports/wnba/outputs/archive/projections/wnba_projections_20260617.csv,missing_projected_or_actual_value,1,2026-06-21T11:30:44Z
2026-06-17,2026-06-17,Quionche Carter,quionche carter,quionche carter,PHX,LVA,rebounds,1.83,/home/ubuntu/EdgeRanked/sports/wnba/outputs/archive/projections/wnba_projections_20260617.csv,missing_projected_or_actual_value,1,2026-06-21T11:30:44Z
2026-06-17,2026-06-17,Quionche Carter,quionche carter,quionche carter,PHX,LVA,assists,1.24,/home/ubuntu/EdgeRanked/sports/wnba/outputs/archive/projections/wnba_projections_20260617.csv,missing_projected_or_actual_value,1,2026-06-21T11:30:44Z
2026-06-17,2026-06-17,Quionche Carter,quionche carter,quionche carter,PHX,LVA,threes_made,0.14,/home/ubuntu/EdgeRanked/sports/wnba/outputs/archive/projections/wnba_projections_20260617.csv,missing_projected_or_actual_value,1,2026-06-21T11:30:44Z
2026-06-17,2026-06-17,Quionche Carter,quionche carter,quionche carter,PHX,LVA,steals,0.75,/home/ubuntu/EdgeRanked/sports/wnba/outputs/archive/projections/wnba_projections_20260617.csv,missing_projected_or_actual_value,1,2026-06-21T11:30:44Z
2026-06-17,2026-06-17,Quionche Carter,quionche carter,quionche carter,PHX,LVA,blocks,0.11,/home/ubuntu/EdgeRanked/sports/wnba/outputs/archive/projections/wnba_projections_20260617.csv,missing_projected_or_actual_value,1,2026-06-21T11:30:44Z
2026-06-17,2026-06-17,Raquel Carrera,raquel carrera,raquel carrera,NYL,CHI,points,2.47,/home/ubuntu/EdgeRanked/sports/wnba/outputs/archive/projections/wnba_projections_20260617.csv,missing_projected_or_actual_value,1,2026-06-21T11:30:44Z
2026-06-17,2026-06-17,Raquel Carrera,raquel carrera,raquel carrera,NYL,CHI,rebounds,1.5,/home/ubuntu/EdgeRanked/sports/wnba/outputs/archive/projections/wnba_projections_20260617.csv,missing_projected_or_actual_value,1,2026-06-21T11:30:44Z
2026-06-17,2026-06-17,Raquel Carrera,raquel carrera,raquel carrera,NYL,CHI,assists,0.42,/home/ubuntu/EdgeRanked/sports/wnba/outputs/archive/projections/wnba_projections_20260617.csv,missing_projected_or_actual_value,1,2026-06-21T11:30:44Z
2026-06-17,2026-06-17,Raquel Carrera,raquel carrera,raquel carrera,NYL,CHI,threes_made,0.39,/home/ubuntu/EdgeRanked/sports/wnba/outputs/archive/projections/wnba_projections_20260617.csv,missing_projected_or_actual_value,1,2026-06-21T11:30:44Z
2026-06-17,2026-06-17,Raquel Carrera,raquel carrera,raquel carrera,NYL,CHI,steals,0.22,/home/ubuntu/EdgeRanked/sports/wnba/outputs/archive/projections/wnba_projections_20260617.csv,missing_projected_or_actual_value,1,2026-06-21T11:30:44Z
2026-06-17,2026-06-17,Raquel Carrera,raquel carrera,raquel carrera,NYL,CHI,blocks,0.29,/home/ubuntu/EdgeRanked/sports/wnba/outputs/archive/projections/wnba_projections_20260617.csv,missing_projected_or_actual_value,1,2026-06-21T11:30:44Z
2026-06-17,2026-06-17,Rebecca Allen,rebecca allen,rebecca allen,NYL,CHI,points,1.26,/home/ubuntu/EdgeRanked/sports/wnba/outputs/archive/projections/wnba_projections_20260617.csv,missing_projected_or_actual_value,1,2026-06-21T11:30:44Z
2026-06-17,2026-06-17,Rebecca Allen,rebecca allen,rebecca allen,NYL,CHI,rebounds,0.96,/home/ubuntu/EdgeRanked/sports/wnba/outputs/archive/projections/wnba_projections_20260617.csv,missing_projected_or_actual_value,1,2026-06-21T11:30:44Z
2026-06-17,2026-06-17,Rebecca Allen,rebecca allen,rebecca allen,NYL,CHI,assists,0.46,/home/ubuntu/EdgeRanked/sports/wnba/outputs/archive/projections/wnba_projections_20260617.csv,missing_projected_or_actual_value,1,2026-06-21T11:30:44Z
2026-06-17,2026-06-17,Rebecca Allen,rebecca allen,rebecca allen,NYL,CHI,threes_made,0.31,/home/ubuntu/EdgeRanked/sports/wnba/outputs/archive/projections/wnba_projections_20260617.csv,missing_projected_or_actual_value,1,2026-06-21T11:30:44Z
2026-06-17,2026-06-17,Rebecca Allen,rebecca allen,rebecca allen,NYL,CHI,steals,0.37,/home/ubuntu/EdgeRanked/sports/wnba/outputs/archive/projections/wnba_projections_20260617.csv,missing_projected_or_actual_value,1,2026-06-21T11:30:44Z
2026-06-17,2026-06-17,Rebecca Allen,rebecca allen,rebecca allen,NYL,CHI,blocks,0.14,/home/ubuntu/EdgeRanked/sports/wnba/outputs/archive/projections/wnba_projections_20260617.csv,missing_projected_or_actual_value,1,2026-06-21T11:30:44Z
2026-06-17,2026-06-17,Rickea Jackson,rickea jackson,rickea jackson,CHI,NYL,points,14.9,/home/ubuntu/EdgeRanked/sports/wnba/outputs/archive/projections/wnba_projections_20260617.csv,no_safe_player_match,0,2026-06-21T11:30:44Z
2026-06-17,2026-06-17,Rickea Jackson,rickea jackson,rickea jackson,CHI,NYL,rebounds,4.08,/home/ubuntu/EdgeRanked/sports/wnba/outputs/archive/projections/wnba_projections_20260617.csv,no_safe_player_match,0,2026-06-21T11:30:44Z
2026-06-17,2026-06-17,Rickea Jackson,rickea jackson,rickea jackson,CHI,NYL,assists,0.83,/home/ubuntu/EdgeRanked/sports/wnba/outputs/archive/projections/wnba_projections_20260617.csv,no_safe_player_match,0,2026-06-21T11:30:44Z
2026-06-17,2026-06-17,Rickea Jackson,rickea jackson,rickea jackson,CHI,NYL,threes_made,1.77,/home/ubuntu/EdgeRanked/sports/wnba/outputs/archive/projections/wnba_projections_20260617.csv,no_safe_player_match,0,2026-06-21T11:30:44Z
2026-06-17,2026-06-17,Rickea Jackson,rickea jackson,rickea jackson,CHI,NYL,steals,0.28,/home/ubuntu/EdgeRanked/sports/wnba/outputs/archive/projections/wnba_projections_20260617.csv,no_safe_player_match,0,2026-06-21T11:30:44Z
2026-06-17,2026-06-17,Rickea Jackson,rickea jackson,rickea jackson,CHI,NYL,blocks,1.75,/home/ubuntu/EdgeRanked/sports/wnba/outputs/archive/projections/wnba_projections_20260617.csv,no_safe_player_match,0,2026-06-21T11:30:44Z
2026-06-17,2026-06-17,Rori Harmon,rori harmon,rori harmon,WAS,CON,points,1.31,/home/ubuntu/EdgeRanked/sports/wnba/outputs/archive/projections/wnba_projections_20260617.csv,missing_projected_or_actual_value,1,2026-06-21T11:30:44Z
2026-06-17,2026-06-17,Rori Harmon,rori harmon,rori harmon,WAS,CON,rebounds,0.93,/home/ubuntu/EdgeRanked/sports/wnba/outputs/archive/projections/wnba_projections_20260617.csv,missing_projected_or_actual_value,1,2026-06-21T11:30:44Z
2026-06-17,2026-06-17,Rori Harmon,rori harmon,rori harmon,WAS,CON,assists,1.43,/home/ubuntu/EdgeRanked/sports/wnba/outputs/archive/projections/wnba_projections_20260617.csv,missing_projected_or_actual_value,1,2026-06-21T11:30:44Z
2026-06-17,2026-06-17,Rori Harmon,rori harmon,rori harmon,WAS,CON,threes_made,0.21,/home/ubuntu/EdgeRanked/sports/wnba/outputs/archive/projections/wnba_projections_20260617.csv,missing_projected_or_actual_value,1,2026-06-21T11:30:44Z
2026-06-17,2026-06-17,Rori Harmon,rori harmon,rori harmon,WAS,CON,steals,0.32,/home/ubuntu/EdgeRanked/sports/wnba/outputs/archive/projections/wnba_projections_20260617.csv,missing_projected_or_actual_value,1,2026-06-21T11:30:44Z
2026-06-17,2026-06-17,Rori Harmon,rori harmon,rori harmon,WAS,CON,blocks,0.12,/home/ubuntu/EdgeRanked/sports/wnba/outputs/archive/projections/wnba_projections_20260617.csv,missing_projected_or_actual_value,1,2026-06-21T11:30:44Z
2026-06-17,2026-06-17,Sami Whitcomb,sami whitcomb,sami whitcomb,PHX,LVA,points,6.08,/home/ubuntu/EdgeRanked/sports/wnba/outputs/archive/projections/wnba_projections_20260617.csv,missing_projected_or_actual_value,1,2026-06-21T11:30:44Z
2026-06-17,2026-06-17,Sami Whitcomb,sami whitcomb,sami whitcomb,PHX,LVA,rebounds,2.85,/home/ubuntu/EdgeRanked/sports/wnba/outputs/archive/projections/wnba_projections_20260617.csv,missing_projected_or_actual_value,1,2026-06-21T11:30:44Z
2026-06-17,2026-06-17,Sami Whitcomb,sami whitcomb,sami whitcomb,PHX,LVA,assists,1.82,/home/ubuntu/EdgeRanked/sports/wnba/outputs/archive/projections/wnba_projections_20260617.csv,missing_projected_or_actual_value,1,2026-06-21T11:30:44Z
2026-06-17,2026-06-17,Sami Whitcomb,sami whitcomb,sami whitcomb,PHX,LVA,threes_made,0.73,/home/ubuntu/EdgeRanked/sports/wnba/outputs/archive/projections/wnba_projections_20260617.csv,missing_projected_or_actual_value,1,2026-06-21T11:30:44Z
2026-06-17,2026-06-17,Sami Whitcomb,sami whitcomb,sami whitcomb,PHX,LVA,steals,0.7,/home/ubuntu/EdgeRanked/sports/wnba/outputs/archive/projections/wnba_projections_20260617.csv,missing_projected_or_actual_value,1,2026-06-21T11:30:44Z
2026-06-17,2026-06-17,Sami Whitcomb,sami whitcomb,sami whitcomb,PHX,LVA,blocks,0.25,/home/ubuntu/EdgeRanked/sports/wnba/outputs/archive/projections/wnba_projections_20260617.csv,missing_projected_or_actual_value,1,2026-06-21T11:30:44Z
2026-06-17,2026-06-17,Saylor Poffenbarger,saylor poffenbarger,saylor poffenbarger,CHI,NYL,points,0.29,/home/ubuntu/EdgeRanked/sports/wnba/outputs/archive/projections/wnba_projections_20260617.csv,missing_projected_or_actual_value,1,2026-06-21T11:30:44Z
2026-06-17,2026-06-17,Saylor Poffenbarger,saylor poffenbarger,saylor poffenbarger,CHI,NYL,rebounds,1.91,/home/ubuntu/EdgeRanked/sports/wnba/outputs/archive/projections/wnba_projections_20260617.csv,missing_projected_or_actual_value,1,2026-06-21T11:30:44Z
2026-06-17,2026-06-17,Saylor Poffenbarger,saylor poffenbarger,saylor poffenbarger,CHI,NYL,assists,0.57,/home/ubuntu/EdgeRanked/sports/wnba/outputs/archive/projections/wnba_projections_20260617.csv,missing_projected_or_actual_value,1,2026-06-21T11:30:44Z
2026-06-17,2026-06-17,Saylor Poffenbarger,saylor poffenbarger,saylor poffenbarger,CHI,NYL,threes_made,0.12,/home/ubuntu/EdgeRanked/sports/wnba/outputs/archive/projections/wnba_projections_20260617.csv,missing_projected_or_actual_value,1,2026-06-21T11:30:44Z
2026-06-17,2026-06-17,Saylor Poffenbarger,saylor poffenbarger,saylor poffenbarger,CHI,NYL,steals,0.39,/home/ubuntu/EdgeRanked/sports/wnba/outputs/archive/projections/wnba_projections_20260617.csv,missing_projected_or_actual_value,1,2026-06-21T11:30:44Z
2026-06-17,2026-06-17,Saylor Poffenbarger,saylor poffenbarger,saylor poffenbarger,CHI,NYL,blocks,0.16,/home/ubuntu/EdgeRanked/sports/wnba/outputs/archive/projections/wnba_projections_20260617.csv,missing_projected_or_actual_value,1,2026-06-21T11:30:44Z
2026-06-17,2026-06-17,Shakira Austin,shakira austin,shakira austin,WAS,CON,points,13.62,/home/ubuntu/EdgeRanked/sports/wnba/outputs/archive/projections/wnba_projections_20260617.csv,missing_projected_or_actual_value,1,2026-06-21T11:30:44Z
2026-06-17,2026-06-17,Shakira Austin,shakira austin,shakira austin,WAS,CON,rebounds,7.7,/home/ubuntu/EdgeRanked/sports/wnba/outputs/archive/projections/wnba_projections_20260617.csv,missing_projected_or_actual_value,1,2026-06-21T11:30:44Z
2026-06-17,2026-06-17,Shakira Austin,shakira austin,shakira austin,WAS,CON,assists,2.83,/home/ubuntu/EdgeRanked/sports/wnba/outputs/archive/projections/wnba_projections_20260617.csv,missing_projected_or_actual_value,1,2026-06-21T11:30:44Z
2026-06-17,2026-06-17,Shakira Austin,shakira austin,shakira austin,WAS,CON,threes_made,0.35,/home/ubuntu/EdgeRanked/sports/wnba/outputs/archive/projections/wnba_projections_20260617.csv,missing_projected_or_actual_value,1,2026-06-21T11:30:44Z
2026-06-17,2026-06-17,Shakira Austin,shakira austin,shakira austin,WAS,CON,steals,0.79,/home/ubuntu/EdgeRanked/sports/wnba/outputs/archive/projections/wnba_projections_20260617.csv,missing_projected_or_actual_value,1,2026-06-21T11:30:44Z
2026-06-17,2026-06-17,Shakira Austin,shakira austin,shakira austin,WAS,CON,blocks,1.26,/home/ubuntu/EdgeRanked/sports/wnba/outputs/archive/projections/wnba_projections_20260617.csv,missing_projected_or_actual_value,1,2026-06-21T11:30:44Z
2026-06-17,2026-06-17,Taina Mair,taina mair,taina mair,SEA,POR,points,0.37,/home/ubuntu/EdgeRanked/sports/wnba/outputs/archive/projections/wnba_projections_20260617.csv,missing_projected_or_actual_value,1,2026-06-21T11:30:44Z
2026-06-17,2026-06-17,Taina Mair,taina mair,taina mair,SEA,POR,rebounds,0.8,/home/ubuntu/EdgeRanked/sports/wnba/outputs/archive/projections/wnba_projections_20260617.csv,missing_projected_or_actual_value,1,2026-06-21T11:30:44Z
2026-06-17,2026-06-17,Taina Mair,taina mair,taina mair,SEA,POR,assists,1.08,/home/ubuntu/EdgeRanked/sports/wnba/outputs/archive/projections/wnba_projections_20260617.csv,missing_projected_or_actual_value,1,2026-06-21T11:30:44Z
2026-06-17,2026-06-17,Taina Mair,taina mair,taina mair,SEA,POR,threes_made,0.13,/home/ubuntu/EdgeRanked/sports/wnba/outputs/archive/projections/wnba_projections_20260617.csv,missing_projected_or_actual_value,1,2026-06-21T11:30:44Z
2026-06-17,2026-06-17,Taina Mair,taina mair,taina mair,SEA,POR,steals,0.22,/home/ubuntu/EdgeRanked/sports/wnba/outputs/archive/projections/wnba_projections_20260617.csv,missing_projected_or_actual_value,1,2026-06-21T11:30:44Z
2026-06-17,2026-06-17,Taina Mair,taina mair,taina mair,SEA,POR,blocks,0.14,/home/ubuntu/EdgeRanked/sports/wnba/outputs/archive/projections/wnba_projections_20260617.csv,missing_projected_or_actual_value,1,2026-06-21T11:30:44Z
2026-06-18,2026-06-18,Aaliyah Nye,aaliyah nye,aaliyah nye,ATL,IND,points,0.85,/home/ubuntu/EdgeRanked/sports/wnba/outputs/archive/projections/wnba_projections_20260618.csv,missing_projected_or_actual_value,1,2026-06-21T11:30:44Z
2026-06-18,2026-06-18,Aaliyah Nye,aaliyah nye,aaliyah nye,ATL,IND,rebounds,0.36,/home/ubuntu/EdgeRanked/sports/wnba/outputs/archive/projections/wnba_projections_20260618.csv,missing_projected_or_actual_value,1,2026-06-21T11:30:44Z
2026-06-18,2026-06-18,Aaliyah Nye,aaliyah nye,aaliyah nye,ATL,IND,assists,0.75,/home/ubuntu/EdgeRanked/sports/wnba/outputs/archive/projections/wnba_projections_20260618.csv,missing_projected_or_actual_value,1,2026-06-21T11:30:44Z
2026-06-18,2026-06-18,Aaliyah Nye,aaliyah nye,aaliyah nye,ATL,IND,threes_made,0.34,/home/ubuntu/EdgeRanked/sports/wnba/outputs/archive/projections/wnba_projections_20260618.csv,missing_projected_or_actual_value,1,2026-06-21T11:30:44Z
2026-06-18,2026-06-18,Aaliyah Nye,aaliyah nye,aaliyah nye,ATL,IND,steals,0.29,/home/ubuntu/EdgeRanked/sports/wnba/outputs/archive/projections/wnba_projections_20260618.csv,missing_projected_or_actual_value,1,2026-06-21T11:30:44Z
2026-06-18,2026-06-18,Aaliyah Nye,aaliyah nye,aaliyah nye,ATL,IND,blocks,0.08,/home/ubuntu/EdgeRanked/sports/wnba/outputs/archive/projections/wnba_projections_20260618.csv,missing_projected_or_actual_value,1,2026-06-21T11:30:44Z
2026-06-18,2026-06-18,Bree Hall,bree hall,bree hall,IND,ATL,points,5.99,/home/ubuntu/EdgeRanked/sports/wnba/outputs/archive/projections/wnba_projections_20260618.csv,no_safe_player_match,0,2026-06-21T11:30:44Z
2026-06-18,2026-06-18,Bree Hall,bree hall,bree hall,IND,ATL,rebounds,2.91,/home/ubuntu/EdgeRanked/sports/wnba/outputs/archive/projections/wnba_projections_20260618.csv,no_safe_player_match,0,2026-06-21T11:30:44Z
2026-06-18,2026-06-18,Bree Hall,bree hall,bree hall,IND,ATL,assists,1.52,/home/ubuntu/EdgeRanked/sports/wnba/outputs/archive/projections/wnba_projections_20260618.csv,no_safe_player_match,0,2026-06-21T11:30:44Z
2026-06-18,2026-06-18,Bree Hall,bree hall,bree hall,IND,ATL,threes_made,0.8,/home/ubuntu/EdgeRanked/sports/wnba/outputs/archive/projections/wnba_projections_20260618.csv,no_safe_player_match,0,2026-06-21T11:30:44Z
2026-06-18,2026-06-18,Bree Hall,bree hall,bree hall,IND,ATL,steals,0.66,/home/ubuntu/EdgeRanked/sports/wnba/outputs/archive/projections/wnba_projections_20260618.csv,no_safe_player_match,0,2026-06-21T11:30:44Z
2026-06-18,2026-06-18,Bree Hall,bree hall,bree hall,IND,ATL,blocks,0.24,/home/ubuntu/EdgeRanked/sports/wnba/outputs/archive/projections/wnba_projections_20260618.csv,no_safe_player_match,0,2026-06-21T11:30:44Z
2026-06-18,2026-06-18,Brionna Jones,brionna jones,brionna jones,ATL,IND,points,6.95,/home/ubuntu/EdgeRanked/sports/wnba/outputs/archive/projections/wnba_projections_20260618.csv,missing_projected_or_actual_value,1,2026-06-21T11:30:44Z
2026-06-18,2026-06-18,Brionna Jones,brionna jones,brionna jones,ATL,IND,rebounds,3.68,/home/ubuntu/EdgeRanked/sports/wnba/outputs/archive/projections/wnba_projections_20260618.csv,missing_projected_or_actual_value,1,2026-06-21T11:30:44Z
2026-06-18,2026-06-18,Brionna Jones,brionna jones,brionna jones,ATL,IND,assists,1.75,/home/ubuntu/EdgeRanked/sports/wnba/outputs/archive/projections/wnba_projections_20260618.csv,missing_projected_or_actual_value,1,2026-06-21T11:30:44Z
2026-06-18,2026-06-18,Brionna Jones,brionna jones,brionna jones,ATL,IND,threes_made,0.8,/home/ubuntu/EdgeRanked/sports/wnba/outputs/archive/projections/wnba_projections_20260618.csv,missing_projected_or_actual_value,1,2026-06-21T11:30:44Z
2026-06-18,2026-06-18,Brionna Jones,brionna jones,brionna jones,ATL,IND,steals,0.57,/home/ubuntu/EdgeRanked/sports/wnba/outputs/archive/projections/wnba_projections_20260618.csv,missing_projected_or_actual_value,1,2026-06-21T11:30:44Z
2026-06-18,2026-06-18,Brionna Jones,brionna jones,brionna jones,ATL,IND,blocks,0.37,/home/ubuntu/EdgeRanked/sports/wnba/outputs/archive/projections/wnba_projections_20260618.csv,missing_projected_or_actual_value,1,2026-06-21T11:30:44Z
2026-06-18,2026-06-18,Damiris Dantas,damiris dantas,damiris dantas,IND,ATL,points,1.49,/home/ubuntu/EdgeRanked/sports/wnba/outputs/archive/projections/wnba_projections_20260618.csv,missing_projected_or_actual_value,1,2026-06-21T11:30:44Z
2026-06-18,2026-06-18,Damiris Dantas,damiris dantas,damiris dantas,IND,ATL,rebounds,0.6,/home/ubuntu/EdgeRanked/sports/wnba/outputs/archive/projections/wnba_projections_20260618.csv,missing_projected_or_actual_value,1,2026-06-21T11:30:44Z
2026-06-18,2026-06-18,Damiris Dantas,damiris dantas,damiris dantas,IND,ATL,assists,0.18,/home/ubuntu/EdgeRanked/sports/wnba/outputs/archive/projections/wnba_projections_20260618.csv,missing_projected_or_actual_value,1,2026-06-21T11:30:44Z
2026-06-18,2026-06-18,Damiris Dantas,damiris dantas,damiris dantas,IND,ATL,threes_made,0.55,/home/ubuntu/EdgeRanked/sports/wnba/outputs/archive/projections/wnba_projections_20260618.csv,missing_projected_or_actual_value,1,2026-06-21T11:30:44Z
2026-06-18,2026-06-18,Damiris Dantas,damiris dantas,damiris dantas,IND,ATL,steals,0.28,/home/ubuntu/EdgeRanked/sports/wnba/outputs/archive/projections/wnba_projections_20260618.csv,missing_projected_or_actual_value,1,2026-06-21T11:30:44Z
2026-06-18,2026-06-18,Damiris Dantas,damiris dantas,damiris dantas,IND,ATL,blocks,0.17,/home/ubuntu/EdgeRanked/sports/wnba/outputs/archive/projections/wnba_projections_20260618.csv,missing_projected_or_actual_value,1,2026-06-21T11:30:44Z
2026-06-18,2026-06-18,Grace VanSlooten,grace vanslooten,grace vanslooten,IND,ATL,points,1.25,/home/ubuntu/EdgeRanked/sports/wnba/outputs/archive/projections/wnba_projections_20260618.csv,missing_projected_or_actual_value,1,2026-06-21T11:30:44Z
2026-06-18,2026-06-18,Grace VanSlooten,grace vanslooten,grace vanslooten,IND,ATL,rebounds,0.82,/home/ubuntu/EdgeRanked/sports/wnba/outputs/archive/projections/wnba_projections_20260618.csv,missing_projected_or_actual_value,1,2026-06-21T11:30:44Z
2026-06-18,2026-06-18,Grace VanSlooten,grace vanslooten,grace vanslooten,IND,ATL,assists,0.43,/home/ubuntu/EdgeRanked/sports/wnba/outputs/archive/projections/wnba_projections_20260618.csv,missing_projected_or_actual_value,1,2026-06-21T11:30:44Z
2026-06-18,2026-06-18,Grace VanSlooten,grace vanslooten,grace vanslooten,IND,ATL,threes_made,0.16,/home/ubuntu/EdgeRanked/sports/wnba/outputs/archive/projections/wnba_projections_20260618.csv,missing_projected_or_actual_value,1,2026-06-21T11:30:44Z
2026-06-18,2026-06-18,Grace VanSlooten,grace vanslooten,grace vanslooten,IND,ATL,steals,0.39,/home/ubuntu/EdgeRanked/sports/wnba/outputs/archive/projections/wnba_projections_20260618.csv,missing_projected_or_actual_value,1,2026-06-21T11:30:44Z
2026-06-18,2026-06-18,Grace VanSlooten,grace vanslooten,grace vanslooten,IND,ATL,blocks,0.38,/home/ubuntu/EdgeRanked/sports/wnba/outputs/archive/projections/wnba_projections_20260618.csv,missing_projected_or_actual_value,1,2026-06-21T11:30:44Z
2026-06-18,2026-06-18,Indya Nivar,indya nivar,indya nivar,ATL,IND,points,1.37,/home/ubuntu/EdgeRanked/sports/wnba/outputs/archive/projections/wnba_projections_20260618.csv,missing_projected_or_actual_value,1,2026-06-21T11:30:44Z
2026-06-18,2026-06-18,Indya Nivar,indya nivar,indya nivar,ATL,IND,rebounds,1.73,/home/ubuntu/EdgeRanked/sports/wnba/outputs/archive/projections/wnba_projections_20260618.csv,missing_projected_or_actual_value,1,2026-06-21T11:30:44Z
2026-06-18,2026-06-18,Indya Nivar,indya nivar,indya nivar,ATL,IND,assists,0.56,/home/ubuntu/EdgeRanked/sports/wnba/outputs/archive/projections/wnba_projections_20260618.csv,missing_projected_or_actual_value,1,2026-06-21T11:30:44Z
2026-06-18,2026-06-18,Indya Nivar,indya nivar,indya nivar,ATL,IND,threes_made,0.12,/home/ubuntu/EdgeRanked/sports/wnba/outputs/archive/projections/wnba_projections_20260618.csv,missing_projected_or_actual_value,1,2026-06-21T11:30:44Z
2026-06-18,2026-06-18,Indya Nivar,indya nivar,indya nivar,ATL,IND,steals,0.41,/home/ubuntu/EdgeRanked/sports/wnba/outputs/archive/projections/wnba_projections_20260618.csv,missing_projected_or_actual_value,1,2026-06-21T11:30:44Z
2026-06-18,2026-06-18,Indya Nivar,indya nivar,indya nivar,ATL,IND,blocks,0.28,/home/ubuntu/EdgeRanked/sports/wnba/outputs/archive/projections/wnba_projections_20260618.csv,missing_projected_or_actual_value,1,2026-06-21T11:30:44Z
2026-06-18,2026-06-18,Justine Pissott,justine pissott,justine pissott,IND,ATL,points,6.03,/home/ubuntu/EdgeRanked/sports/wnba/outputs/archive/projections/wnba_projections_20260618.csv,no_safe_player_match,0,2026-06-21T11:30:44Z
2026-06-18,2026-06-18,Justine Pissott,justine pissott,justine pissott,IND,ATL,rebounds,2.91,/home/ubuntu/EdgeRanked/sports/wnba/outputs/archive/projections/wnba_projections_20260618.csv,no_safe_player_match,0,2026-06-21T11:30:44Z
2026-06-18,2026-06-18,Justine Pissott,justine pissott,justine pissott,IND,ATL,assists,1.51,/home/ubuntu/EdgeRanked/sports/wnba/outputs/archive/projections/wnba_projections_20260618.csv,no_safe_player_match,0,2026-06-21T11:30:44Z
2026-06-18,2026-06-18,Justine Pissott,justine pissott,justine pissott,IND,ATL,threes_made,0.78,/home/ubuntu/EdgeRanked/sports/wnba/outputs/archive/projections/wnba_projections_20260618.csv,no_safe_player_match,0,2026-06-21T11:30:44Z
2026-06-18,2026-06-18,Justine Pissott,justine pissott,justine pissott,IND,ATL,steals,0.67,/home/ubuntu/EdgeRanked/sports/wnba/outputs/archive/projections/wnba_projections_20260618.csv,no_safe_player_match,0,2026-06-21T11:30:44Z
2026-06-18,2026-06-18,Justine Pissott,justine pissott,justine pissott,IND,ATL,blocks,0.25,/home/ubuntu/EdgeRanked/sports/wnba/outputs/archive/projections/wnba_projections_20260618.csv,no_safe_player_match,0,2026-06-21T11:30:44Z
2026-06-18,2026-06-18,Shatori Walker-Kimbrough,shatori walker-kimbrough,shatori walker-kimbrough,IND,ATL,points,0.48,/home/ubuntu/EdgeRanked/sports/wnba/outputs/archive/projections/wnba_projections_20260618.csv,no_safe_player_match,0,2026-06-21T11:30:44Z
2026-06-18,2026-06-18,Shatori Walker-Kimbrough,shatori walker-kimbrough,shatori walker-kimbrough,IND,ATL,rebounds,0.34,/home/ubuntu/EdgeRanked/sports/wnba/outputs/archive/projections/wnba_projections_20260618.csv,no_safe_player_match,0,2026-06-21T11:30:44Z
2026-06-18,2026-06-18,Shatori Walker-Kimbrough,shatori walker-kimbrough,shatori walker-kimbrough,IND,ATL,assists,0.19,/home/ubuntu/EdgeRanked/sports/wnba/outputs/archive/projections/wnba_projections_20260618.csv,no_safe_player_match,0,2026-06-21T11:30:44Z
2026-06-18,2026-06-18,Shatori Walker-Kimbrough,shatori walker-kimbrough,shatori walker-kimbrough,IND,ATL,threes_made,0.21,/home/ubuntu/EdgeRanked/sports/wnba/outputs/archive/projections/wnba_projections_20260618.csv,no_safe_player_match,0,2026-06-21T11:30:44Z
2026-06-18,2026-06-18,Shatori Walker-Kimbrough,shatori walker-kimbrough,shatori walker-kimbrough,IND,ATL,steals,0.14,/home/ubuntu/EdgeRanked/sports/wnba/outputs/archive/projections/wnba_projections_20260618.csv,no_safe_player_match,0,2026-06-21T11:30:44Z
2026-06-18,2026-06-18,Shatori Walker-Kimbrough,shatori walker-kimbrough,shatori walker-kimbrough,IND,ATL,blocks,0.09,/home/ubuntu/EdgeRanked/sports/wnba/outputs/archive/projections/wnba_projections_20260618.csv,no_safe_player_match,0,2026-06-21T11:30:44Z
2026-06-19,2026-06-19,Alex Fowler,alex fowler,alex fowler,NYL,WAS,points,8.04,/home/ubuntu/EdgeRanked/sports/wnba/outputs/archive/projections/wnba_projections_20260619.csv,no_safe_player_match,0,2026-06-21T11:30:44Z
2026-06-19,2026-06-19,Alex Fowler,alex fowler,alex fowler,NYL,WAS,rebounds,0.91,/home/ubuntu/EdgeRanked/sports/wnba/outputs/archive/projections/wnba_projections_20260619.csv,no_safe_player_match,0,2026-06-21T11:30:44Z
2026-06-19,2026-06-19,Alex Fowler,alex fowler,alex fowler,NYL,WAS,assists,1.0,/home/ubuntu/EdgeRanked/sports/wnba/outputs/archive/projections/wnba_projections_20260619.csv,no_safe_player_match,0,2026-06-21T11:30:44Z
2026-06-19,2026-06-19,Alex Fowler,alex fowler,alex fowler,NYL,WAS,threes_made,1.39,/home/ubuntu/EdgeRanked/sports/wnba/outputs/archive/projections/wnba_projections_20260619.csv,no_safe_player_match,0,2026-06-21T11:30:44Z
2026-06-19,2026-06-19,Alex Fowler,alex fowler,alex fowler,NYL,WAS,steals,0.34,/home/ubuntu/EdgeRanked/sports/wnba/outputs/archive/projections/wnba_projections_20260619.csv,no_safe_player_match,0,2026-06-21T11:30:44Z
2026-06-19,2026-06-19,Alex Fowler,alex fowler,alex fowler,NYL,WAS,blocks,0.12,/home/ubuntu/EdgeRanked/sports/wnba/outputs/archive/projections/wnba_projections_20260619.csv,no_safe_player_match,0,2026-06-21T11:30:44Z
2026-06-19,2026-06-19,Alex Wilson,alex wilson,alex wilson,WAS,NYL,points,3.21,/home/ubuntu/EdgeRanked/sports/wnba/outputs/archive/projections/wnba_projections_20260619.csv,no_safe_player_match,0,2026-06-21T11:30:44Z
2026-06-19,2026-06-19,Alex Wilson,alex wilson,alex wilson,WAS,NYL,rebounds,1.68,/home/ubuntu/EdgeRanked/sports/wnba/outputs/archive/projections/wnba_projections_20260619.csv,no_safe_player_match,0,2026-06-21T11:30:44Z
2026-06-19,2026-06-19,Alex Wilson,alex wilson,alex wilson,WAS,NYL,assists,0.49,/home/ubuntu/EdgeRanked/sports/wnba/outputs/archive/projections/wnba_projections_20260619.csv,no_safe_player_match,0,2026-06-21T11:30:44Z
2026-06-19,2026-06-19,Alex Wilson,alex wilson,alex wilson,WAS,NYL,threes_made,0.57,/home/ubuntu/EdgeRanked/sports/wnba/outputs/archive/projections/wnba_projections_20260619.csv,no_safe_player_match,0,2026-06-21T11:30:44Z
2026-06-19,2026-06-19,Alex Wilson,alex wilson,alex wilson,WAS,NYL,steals,0.3,/home/ubuntu/EdgeRanked/sports/wnba/outputs/archive/projections/wnba_projections_20260619.csv,no_safe_player_match,0,2026-06-21T11:30:44Z
2026-06-19,2026-06-19,Alex Wilson,alex wilson,alex wilson,WAS,NYL,blocks,0.22,/home/ubuntu/EdgeRanked/sports/wnba/outputs/archive/projections/wnba_projections_20260619.csv,no_safe_player_match,0,2026-06-21T11:30:44Z
2026-06-19,2026-06-19,Alicia Florez,alicia florez,alicia florez,WAS,NYL,points,4.76,/home/ubuntu/EdgeRanked/sports/wnba/outputs/archive/projections/wnba_projections_20260619.csv,missing_projected_or_actual_value,1,2026-06-21T11:30:44Z
2026-06-19,2026-06-19,Alicia Florez,alicia florez,alicia florez,WAS,NYL,rebounds,1.82,/home/ubuntu/EdgeRanked/sports/wnba/outputs/archive/projections/wnba_projections_20260619.csv,missing_projected_or_actual_value,1,2026-06-21T11:30:44Z
2026-06-19,2026-06-19,Alicia Florez,alicia florez,alicia florez,WAS,NYL,assists,2.84,/home/ubuntu/EdgeRanked/sports/wnba/outputs/archive/projections/wnba_projections_20260619.csv,missing_projected_or_actual_value,1,2026-06-21T11:30:44Z
2026-06-19,2026-06-19,Alicia Florez,alicia florez,alicia florez,WAS,NYL,threes_made,0.46,/home/ubuntu/EdgeRanked/sports/wnba/outputs/archive/projections/wnba_projections_20260619.csv,missing_projected_or_actual_value,1,2026-06-21T11:30:44Z
2026-06-19,2026-06-19,Alicia Florez,alicia florez,alicia florez,WAS,NYL,steals,0.73,/home/ubuntu/EdgeRanked/sports/wnba/outputs/archive/projections/wnba_projections_20260619.csv,missing_projected_or_actual_value,1,2026-06-21T11:30:44Z
2026-06-19,2026-06-19,Alicia Florez,alicia florez,alicia florez,WAS,NYL,blocks,0.2,/home/ubuntu/EdgeRanked/sports/wnba/outputs/archive/projections/wnba_projections_20260619.csv,missing_projected_or_actual_value,1,2026-06-21T11:30:44Z
2026-06-19,2026-06-19,Alicia Florez Getino,alicia florez getino,alicia florez getino,WAS,NYL,points,6.96,/home/ubuntu/EdgeRanked/sports/wnba/outputs/archive/projections/wnba_projections_20260619.csv,no_safe_player_match,0,2026-06-21T11:30:44Z
2026-06-19,2026-06-19,Alicia Florez Getino,alicia florez getino,alicia florez getino,WAS,NYL,rebounds,2.09,/home/ubuntu/EdgeRanked/sports/wnba/outputs/archive/projections/wnba_projections_20260619.csv,no_safe_player_match,0,2026-06-21T11:30:44Z
2026-06-19,2026-06-19,Alicia Florez Getino,alicia florez getino,alicia florez getino,WAS,NYL,assists,3.65,/home/ubuntu/EdgeRanked/sports/wnba/outputs/archive/projections/wnba_projections_20260619.csv,no_safe_player_match,0,2026-06-21T11:30:44Z
2026-06-19,2026-06-19,Alicia Florez Getino,alicia florez getino,alicia florez getino,WAS,NYL,threes_made,0.45,/home/ubuntu/EdgeRanked/sports/wnba/outputs/archive/projections/wnba_projections_20260619.csv,no_safe_player_match,0,2026-06-21T11:30:44Z
2026-06-19,2026-06-19,Alicia Florez Getino,alicia florez getino,alicia florez getino,WAS,NYL,steals,0.88,/home/ubuntu/EdgeRanked/sports/wnba/outputs/archive/projections/wnba_projections_20260619.csv,no_safe_player_match,0,2026-06-21T11:30:44Z
2026-06-19,2026-06-19,Alicia Florez Getino,alicia florez getino,alicia florez getino,WAS,NYL,blocks,0.23,/home/ubuntu/EdgeRanked/sports/wnba/outputs/archive/projections/wnba_projections_20260619.csv,no_safe_player_match,0,2026-06-21T11:30:44Z
2026-06-19,2026-06-19,Anneli Maley,anneli maley,anneli maley,NYL,WAS,points,1.0,/home/ubuntu/EdgeRanked/sports/wnba/outputs/archive/projections/wnba_projections_20260619.csv,no_safe_player_match,0,2026-06-21T11:30:44Z
2026-06-19,2026-06-19,Anneli Maley,anneli maley,anneli maley,NYL,WAS,rebounds,1.86,/home/ubuntu/EdgeRanked/sports/wnba/outputs/archive/projections/wnba_projections_20260619.csv,no_safe_player_match,0,2026-06-21T11:30:44Z
2026-06-19,2026-06-19,Anneli Maley,anneli maley,anneli maley,NYL,WAS,assists,0.32,/home/ubuntu/EdgeRanked/sports/wnba/outputs/archive/projections/wnba_projections_20260619.csv,no_safe_player_match,0,2026-06-21T11:30:44Z
2026-06-19,2026-06-19,Anneli Maley,anneli maley,anneli maley,NYL,WAS,threes_made,0.39,/home/ubuntu/EdgeRanked/sports/wnba/outputs/archive/projections/wnba_projections_20260619.csv,no_safe_player_match,0,2026-06-21T11:30:44Z
2026-06-19,2026-06-19,Anneli Maley,anneli maley,anneli maley,NYL,WAS,steals,0.5,/home/ubuntu/EdgeRanked/sports/wnba/outputs/archive/projections/wnba_projections_20260619.csv,no_safe_player_match,0,2026-06-21T11:30:44Z
2026-06-19,2026-06-19,Anneli Maley,anneli maley,anneli maley,NYL,WAS,blocks,0.19,/home/ubuntu/EdgeRanked/sports/wnba/outputs/archive/projections/wnba_projections_20260619.csv,no_safe_player_match,0,2026-06-21T11:30:44Z
2026-06-19,2026-06-19,Ashlon Jackson,ashlon jackson,ashlon jackson,CON,TOR,points,2.22,/home/ubuntu/EdgeRanked/sports/wnba/outputs/archive/projections/wnba_projections_20260619.csv,missing_projected_or_actual_value,1,2026-06-21T11:30:44Z
2026-06-19,2026-06-19,Ashlon Jackson,ashlon jackson,ashlon jackson,CON,TOR,rebounds,1.7,/home/ubuntu/EdgeRanked/sports/wnba/outputs/archive/projections/wnba_projections_20260619.csv,missing_projected_or_actual_value,1,2026-06-21T11:30:44Z
2026-06-19,2026-06-19,Ashlon Jackson,ashlon jackson,ashlon jackson,CON,TOR,assists,1.25,/home/ubuntu/EdgeRanked/sports/wnba/outputs/archive/projections/wnba_projections_20260619.csv,missing_projected_or_actual_value,1,2026-06-21T11:30:44Z
2026-06-19,2026-06-19,Ashlon Jackson,ashlon jackson,ashlon jackson,CON,TOR,threes_made,0.56,/home/ubuntu/EdgeRanked/sports/wnba/outputs/archive/projections/wnba_projections_20260619.csv,missing_projected_or_actual_value,1,2026-06-21T11:30:44Z
2026-06-19,2026-06-19,Ashlon Jackson,ashlon jackson,ashlon jackson,CON,TOR,steals,0.9,/home/ubuntu/EdgeRanked/sports/wnba/outputs/archive/projections/wnba_projections_20260619.csv,missing_projected_or_actual_value,1,2026-06-21T11:30:44Z
2026-06-19,2026-06-19,Ashlon Jackson,ashlon jackson,ashlon jackson,CON,TOR,blocks,0.12,/home/ubuntu/EdgeRanked/sports/wnba/outputs/archive/projections/wnba_projections_20260619.csv,missing_projected_or_actual_value,1,2026-06-21T11:30:44Z
2026-06-19,2026-06-19,Ashten Prechtel,ashten prechtel,ashten prechtel,GSV,MIN,points,3.27,/home/ubuntu/EdgeRanked/sports/wnba/outputs/archive/projections/wnba_projections_20260619.csv,no_safe_player_match,0,2026-06-21T11:30:44Z
2026-06-19,2026-06-19,Ashten Prechtel,ashten prechtel,ashten prechtel,GSV,MIN,rebounds,1.46,/home/ubuntu/EdgeRanked/sports/wnba/outputs/archive/projections/wnba_projections_20260619.csv,no_safe_player_match,0,2026-06-21T11:30:44Z
2026-06-19,2026-06-19,Ashten Prechtel,ashten prechtel,ashten prechtel,GSV,MIN,assists,0.37,/home/ubuntu/EdgeRanked/sports/wnba/outputs/archive/projections/wnba_projections_20260619.csv,no_safe_player_match,0,2026-06-21T11:30:44Z
2026-06-19,2026-06-19,Ashten Prechtel,ashten prechtel,ashten prechtel,GSV,MIN,threes_made,0.83,/home/ubuntu/EdgeRanked/sports/wnba/outputs/archive/projections/wnba_projections_20260619.csv,no_safe_player_match,0,2026-06-21T11:30:44Z
2026-06-19,2026-06-19,Ashten Prechtel,ashten prechtel,ashten prechtel,GSV,MIN,steals,0.13,/home/ubuntu/EdgeRanked/sports/wnba/outputs/archive/projections/wnba_projections_20260619.csv,no_safe_player_match,0,2026-06-21T11:30:44Z
2026-06-19,2026-06-19,Ashten Prechtel,ashten prechtel,ashten prechtel,GSV,MIN,blocks,0.08,/home/ubuntu/EdgeRanked/sports/wnba/outputs/archive/projections/wnba_projections_20260619.csv,no_safe_player_match,0,2026-06-21T11:30:44Z
2026-06-19,2026-06-19,Betnijah Laney-Hamilton,betnijah laney-hamilton,betnijah laney-hamilton,NYL,WAS,points,4.36,/home/ubuntu/EdgeRanked/sports/wnba/outputs/archive/projections/wnba_projections_20260619.csv,no_safe_player_match,0,2026-06-21T11:30:44Z
2026-06-19,2026-06-19,Betnijah Laney-Hamilton,betnijah laney-hamilton,betnijah laney-hamilton,NYL,WAS,rebounds,1.52,/home/ubuntu/EdgeRanked/sports/wnba/outputs/archive/projections/wnba_projections_20260619.csv,no_safe_player_match,0,2026-06-21T11:30:44Z
2026-06-19,2026-06-19,Betnijah Laney-Hamilton,betnijah laney-hamilton,betnijah laney-hamilton,NYL,WAS,assists,1.36,/home/ubuntu/EdgeRanked/sports/wnba/outputs/archive/projections/wnba_projections_20260619.csv,no_safe_player_match,0,2026-06-21T11:30:44Z
2026-06-19,2026-06-19,Betnijah Laney-Hamilton,betnijah laney-hamilton,betnijah laney-hamilton,NYL,WAS,threes_made,0.76,/home/ubuntu/EdgeRanked/sports/wnba/outputs/archive/projections/wnba_projections_20260619.csv,no_safe_player_match,0,2026-06-21T11:30:44Z
2026-06-19,2026-06-19,Betnijah Laney-Hamilton,betnijah laney-hamilton,betnijah laney-hamilton,NYL,WAS,steals,0.43,/home/ubuntu/EdgeRanked/sports/wnba/outputs/archive/projections/wnba_projections_20260619.csv,no_safe_player_match,0,2026-06-21T11:30:44Z
2026-06-19,2026-06-19,Betnijah Laney-Hamilton,betnijah laney-hamilton,betnijah laney-hamilton,NYL,WAS,blocks,0.15,/home/ubuntu/EdgeRanked/sports/wnba/outputs/archive/projections/wnba_projections_20260619.csv,no_safe_player_match,0,2026-06-21T11:30:44Z
2026-06-19,2026-06-19,Brittney Sykes,brittney sykes,brittney sykes,TOR,CON,points,13.17,/home/ubuntu/EdgeRanked/sports/wnba/outputs/archive/projections/wnba_projections_20260619.csv,missing_projected_or_actual_value,1,2026-06-21T11:30:44Z
2026-06-19,2026-06-19,Brittney Sykes,brittney sykes,brittney sykes,TOR,CON,rebounds,2.8,/home/ubuntu/EdgeRanked/sports/wnba/outputs/archive/projections/wnba_projections_20260619.csv,missing_projected_or_actual_value,1,2026-06-21T11:30:44Z
2026-06-19,2026-06-19,Brittney Sykes,brittney sykes,brittney sykes,TOR,CON,assists,2.39,/home/ubuntu/EdgeRanked/sports/wnba/outputs/archive/projections/wnba_projections_20260619.csv,missing_projected_or_actual_value,1,2026-06-21T11:30:44Z
2026-06-19,2026-06-19,Brittney Sykes,brittney sykes,brittney sykes,TOR,CON,threes_made,0.66,/home/ubuntu/EdgeRanked/sports/wnba/outputs/archive/projections/wnba_projections_20260619.csv,missing_projected_or_actual_value,1,2026-06-21T11:30:44Z
2026-06-19,2026-06-19,Brittney Sykes,brittney sykes,brittney sykes,TOR,CON,steals,0.75,/home/ubuntu/EdgeRanked/sports/wnba/outputs/archive/projections/wnba_projections_20260619.csv,missing_projected_or_actual_value,1,2026-06-21T11:30:44Z
2026-06-19,2026-06-19,Brittney Sykes,brittney sykes,brittney sykes,TOR,CON,blocks,0.38,/home/ubuntu/EdgeRanked/sports/wnba/outputs/archive/projections/wnba_projections_20260619.csv,missing_projected_or_actual_value,1,2026-06-21T11:30:44Z
2026-06-19,2026-06-19,Darianna Littlepage-Buggs,darianna littlepage-buggs,darianna littlepage-buggs,WAS,NYL,points,6.24,/home/ubuntu/EdgeRanked/sports/wnba/outputs/archive/projections/wnba_projections_20260619.csv,missing_projected_or_actual_value,1,2026-06-21T11:30:44Z
2026-06-19,2026-06-19,Darianna Littlepage-Buggs,darianna littlepage-buggs,darianna littlepage-buggs,WAS,NYL,rebounds,2.77,/home/ubuntu/EdgeRanked/sports/wnba/outputs/archive/projections/wnba_projections_20260619.csv,missing_projected_or_actual_value,1,2026-06-21T11:30:44Z
2026-06-19,2026-06-19,Darianna Littlepage-Buggs,darianna littlepage-buggs,darianna littlepage-buggs,WAS,NYL,assists,1.48,/home/ubuntu/EdgeRanked/sports/wnba/outputs/archive/projections/wnba_projections_20260619.csv,missing_projected_or_actual_value,1,2026-06-21T11:30:44Z
2026-06-19,2026-06-19,Darianna Littlepage-Buggs,darianna littlepage-buggs,darianna littlepage-buggs,WAS,NYL,threes_made,0.73,/home/ubuntu/EdgeRanked/sports/wnba/outputs/archive/projections/wnba_projections_20260619.csv,missing_projected_or_actual_value,1,2026-06-21T11:30:44Z
2026-06-19,2026-06-19,Darianna Littlepage-Buggs,darianna littlepage-buggs,darianna littlepage-buggs,WAS,NYL,steals,0.59,/home/ubuntu/EdgeRanked/sports/wnba/outputs/archive/projections/wnba_projections_20260619.csv,missing_projected_or_actual_value,1,2026-06-21T11:30:44Z
2026-06-19,2026-06-19,Darianna Littlepage-Buggs,darianna littlepage-buggs,darianna littlepage-buggs,WAS,NYL,blocks,0.28,/home/ubuntu/EdgeRanked/sports/wnba/outputs/archive/projections/wnba_projections_20260619.csv,missing_projected_or_actual_value,1,2026-06-21T11:30:44Z
2026-06-19,2026-06-19,Dorka Juhasz,dorka juhasz,dorka juhasz,MIN,GSV,points,6.06,/home/ubuntu/EdgeRanked/sports/wnba/outputs/archive/projections/wnba_projections_20260619.csv,no_safe_player_match,0,2026-06-21T11:30:44Z
2026-06-19,2026-06-19,Dorka Juhasz,dorka juhasz,dorka juhasz,MIN,GSV,rebounds,2.99,/home/ubuntu/EdgeRanked/sports/wnba/outputs/archive/projections/wnba_projections_20260619.csv,no_safe_player_match,0,2026-06-21T11:30:44Z
2026-06-19,2026-06-19,Dorka Juhasz,dorka juhasz,dorka juhasz,MIN,GSV,assists,1.66,/home/ubuntu/EdgeRanked/sports/wnba/outputs/archive/projections/wnba_projections_20260619.csv,no_safe_player_match,0,2026-06-21T11:30:44Z
2026-06-19,2026-06-19,Dorka Juhasz,dorka juhasz,dorka juhasz,MIN,GSV,threes_made,0.8,/home/ubuntu/EdgeRanked/sports/wnba/outputs/archive/projections/wnba_projections_20260619.csv,no_safe_player_match,0,2026-06-21T11:30:44Z
2026-06-19,2026-06-19,Dorka Juhasz,dorka juhasz,dorka juhasz,MIN,GSV,steals,0.64,/home/ubuntu/EdgeRanked/sports/wnba/outputs/archive/projections/wnba_projections_20260619.csv,no_safe_player_match,0,2026-06-21T11:30:44Z
2026-06-19,2026-06-19,Dorka Juhasz,dorka juhasz,dorka juhasz,MIN,GSV,blocks,0.3,/home/ubuntu/EdgeRanked/sports/wnba/outputs/archive/projections/wnba_projections_20260619.csv,no_safe_player_match,0,2026-06-21T11:30:44Z
2026-06-19,2026-06-19,Eliska Hamzova,eliska hamzova,eliska hamzova,MIN,GSV,points,3.83,/home/ubuntu/EdgeRanked/sports/wnba/outputs/archive/projections/wnba_projections_20260619.csv,no_safe_player_match,0,2026-06-21T11:30:44Z
2026-06-19,2026-06-19,Eliska Hamzova,eliska hamzova,eliska hamzova,MIN,GSV,rebounds,3.35,/home/ubuntu/EdgeRanked/sports/wnba/outputs/archive/projections/wnba_projections_20260619.csv,no_safe_player_match,0,2026-06-21T11:30:44Z
2026-06-19,2026-06-19,Eliska Hamzova,eliska hamzova,eliska hamzova,MIN,GSV,assists,0.9,/home/ubuntu/EdgeRanked/sports/wnba/outputs/archive/projections/wnba_projections_20260619.csv,no_safe_player_match,0,2026-06-21T11:30:44Z
2026-06-19,2026-06-19,Eliska Hamzova,eliska hamzova,eliska hamzova,MIN,GSV,threes_made,0.24,/home/ubuntu/EdgeRanked/sports/wnba/outputs/archive/projections/wnba_projections_20260619.csv,no_safe_player_match,0,2026-06-21T11:30:44Z
2026-06-19,2026-06-19,Eliska Hamzova,eliska hamzova,eliska hamzova,MIN,GSV,steals,0.34,/home/ubuntu/EdgeRanked/sports/wnba/outputs/archive/projections/wnba_projections_20260619.csv,no_safe_player_match,0,2026-06-21T11:30:44Z
2026-06-19,2026-06-19,Eliska Hamzova,eliska hamzova,eliska hamzova,MIN,GSV,blocks,0.22,/home/ubuntu/EdgeRanked/sports/wnba/outputs/archive/projections/wnba_projections_20260619.csv,no_safe_player_match,0,2026-06-21T11:30:44Z
2026-06-19,2026-06-19,Emese Hof,emese hof,emese hof,MIN,GSV,points,1.73,/home/ubuntu/EdgeRanked/sports/wnba/outputs/archive/projections/wnba_projections_20260619.csv,no_safe_player_match,0,2026-06-21T11:30:44Z
2026-06-19,2026-06-19,Emese Hof,emese hof,emese hof,MIN,GSV,rebounds,1.83,/home/ubuntu/EdgeRanked/sports/wnba/outputs/archive/projections/wnba_projections_20260619.csv,no_safe_player_match,0,2026-06-21T11:30:44Z
2026-06-19,2026-06-19,Emese Hof,emese hof,emese hof,MIN,GSV,assists,0.7,/home/ubuntu/EdgeRanked/sports/wnba/outputs/archive/projections/wnba_projections_20260619.csv,no_safe_player_match,0,2026-06-21T11:30:44Z
2026-06-19,2026-06-19,Emese Hof,emese hof,emese hof,MIN,GSV,threes_made,0.16,/home/ubuntu/EdgeRanked/sports/wnba/outputs/archive/projections/wnba_projections_20260619.csv,no_safe_player_match,0,2026-06-21T11:30:44Z
2026-06-19,2026-06-19,Emese Hof,emese hof,emese hof,MIN,GSV,steals,0.22,/home/ubuntu/EdgeRanked/sports/wnba/outputs/archive/projections/wnba_projections_20260619.csv,no_safe_player_match,0,2026-06-21T11:30:44Z
2026-06-19,2026-06-19,Emese Hof,emese hof,emese hof,MIN,GSV,blocks,0.17,/home/ubuntu/EdgeRanked/sports/wnba/outputs/archive/projections/wnba_projections_20260619.csv,no_safe_player_match,0,2026-06-21T11:30:44Z
2026-06-19,2026-06-19,Emma Cechova,emma cechova,emma cechova,MIN,GSV,points,4.22,/home/ubuntu/EdgeRanked/sports/wnba/outputs/archive/projections/wnba_projections_20260619.csv,no_safe_player_match,0,2026-06-21T11:30:44Z
2026-06-19,2026-06-19,Emma Cechova,emma cechova,emma cechova,MIN,GSV,rebounds,3.11,/home/ubuntu/EdgeRanked/sports/wnba/outputs/archive/projections/wnba_projections_20260619.csv,no_safe_player_match,0,2026-06-21T11:30:44Z
2026-06-19,2026-06-19,Emma Cechova,emma cechova,emma cechova,MIN,GSV,assists,0.51,/home/ubuntu/EdgeRanked/sports/wnba/outputs/archive/projections/wnba_projections_20260619.csv,no_safe_player_match,0,2026-06-21T11:30:44Z
2026-06-19,2026-06-19,Emma Cechova,emma cechova,emma cechova,MIN,GSV,threes_made,0.23,/home/ubuntu/EdgeRanked/sports/wnba/outputs/archive/projections/wnba_projections_20260619.csv,no_safe_player_match,0,2026-06-21T11:30:44Z
2026-06-19,2026-06-19,Emma Cechova,emma cechova,emma cechova,MIN,GSV,steals,0.34,/home/ubuntu/EdgeRanked/sports/wnba/outputs/archive/projections/wnba_projections_20260619.csv,no_safe_player_match,0,2026-06-21T11:30:44Z
2026-06-19,2026-06-19,Emma Cechova,emma cechova,emma cechova,MIN,GSV,blocks,0.38,/home/ubuntu/EdgeRanked/sports/wnba/outputs/archive/projections/wnba_projections_20260619.csv,no_safe_player_match,0,2026-06-21T11:30:44Z
2026-06-19,2026-06-19,Gianna Kneepkens,gianna kneepkens,gianna kneepkens,CON,TOR,points,1.83,/home/ubuntu/EdgeRanked/sports/wnba/outputs/archive/projections/wnba_projections_20260619.csv,missing_projected_or_actual_value,1,2026-06-21T11:30:44Z
2026-06-19,2026-06-19,Gianna Kneepkens,gianna kneepkens,gianna kneepkens,CON,TOR,rebounds,1.01,/home/ubuntu/EdgeRanked/sports/wnba/outputs/archive/projections/wnba_projections_20260619.csv,missing_projected_or_actual_value,1,2026-06-21T11:30:44Z
2026-06-19,2026-06-19,Gianna Kneepkens,gianna kneepkens,gianna kneepkens,CON,TOR,assists,0.62,/home/ubuntu/EdgeRanked/sports/wnba/outputs/archive/projections/wnba_projections_20260619.csv,missing_projected_or_actual_value,1,2026-06-21T11:30:44Z
2026-06-19,2026-06-19,Gianna Kneepkens,gianna kneepkens,gianna kneepkens,CON,TOR,threes_made,0.18,/home/ubuntu/EdgeRanked/sports/wnba/outputs/archive/projections/wnba_projections_20260619.csv,missing_projected_or_actual_value,1,2026-06-21T11:30:44Z
2026-06-19,2026-06-19,Gianna Kneepkens,gianna kneepkens,gianna kneepkens,CON,TOR,steals,0.36,/home/ubuntu/EdgeRanked/sports/wnba/outputs/archive/projections/wnba_projections_20260619.csv,missing_projected_or_actual_value,1,2026-06-21T11:30:44Z
2026-06-19,2026-06-19,Gianna Kneepkens,gianna kneepkens,gianna kneepkens,CON,TOR,blocks,0.1,/home/ubuntu/EdgeRanked/sports/wnba/outputs/archive/projections/wnba_projections_20260619.csv,missing_projected_or_actual_value,1,2026-06-21T11:30:44Z
2026-06-19,2026-06-19,Hailey Van Lith,hailey van lith,hailey van lith,CON,TOR,points,4.72,/home/ubuntu/EdgeRanked/sports/wnba/outputs/archive/projections/wnba_projections_20260619.csv,missing_projected_or_actual_value,1,2026-06-21T11:30:44Z
2026-06-19,2026-06-19,Hailey Van Lith,hailey van lith,hailey van lith,CON,TOR,rebounds,1.53,/home/ubuntu/EdgeRanked/sports/wnba/outputs/archive/projections/wnba_projections_20260619.csv,missing_projected_or_actual_value,1,2026-06-21T11:30:44Z
2026-06-19,2026-06-19,Hailey Van Lith,hailey van lith,hailey van lith,CON,TOR,assists,1.33,/home/ubuntu/EdgeRanked/sports/wnba/outputs/archive/projections/wnba_projections_20260619.csv,missing_projected_or_actual_value,1,2026-06-21T11:30:44Z
2026-06-19,2026-06-19,Hailey Van Lith,hailey van lith,hailey van lith,CON,TOR,threes_made,0.61,/home/ubuntu/EdgeRanked/sports/wnba/outputs/archive/projections/wnba_projections_20260619.csv,missing_projected_or_actual_value,1,2026-06-21T11:30:44Z
2026-06-19,2026-06-19,Hailey Van Lith,hailey van lith,hailey van lith,CON,TOR,steals,0.55,/home/ubuntu/EdgeRanked/sports/wnba/outputs/archive/projections/wnba_projections_20260619.csv,missing_projected_or_actual_value,1,2026-06-21T11:30:44Z
2026-06-19,2026-06-19,Hailey Van Lith,hailey van lith,hailey van lith,CON,TOR,blocks,0.18,/home/ubuntu/EdgeRanked/sports/wnba/outputs/archive/projections/wnba_projections_20260619.csv,missing_projected_or_actual_value,1,2026-06-21T11:30:44Z
2026-06-19,2026-06-19,Iliana Rupert,iliana rupert,iliana rupert,GSV,MIN,points,6.2,/home/ubuntu/EdgeRanked/sports/wnba/outputs/archive/projections/wnba_projections_20260619.csv,no_safe_player_match,0,2026-06-21T11:30:44Z
2026-06-19,2026-06-19,Iliana Rupert,iliana rupert,iliana rupert,GSV,MIN,rebounds,3.16,/home/ubuntu/EdgeRanked/sports/wnba/outputs/archive/projections/wnba_projections_20260619.csv,no_safe_player_match,0,2026-06-21T11:30:44Z
2026-06-19,2026-06-19,Iliana Rupert,iliana rupert,iliana rupert,GSV,MIN,assists,1.67,/home/ubuntu/EdgeRanked/sports/wnba/outputs/archive/projections/wnba_projections_20260619.csv,no_safe_player_match,0,2026-06-21T11:30:44Z
2026-06-19,2026-06-19,Iliana Rupert,iliana rupert,iliana rupert,GSV,MIN,threes_made,0.61,/home/ubuntu/EdgeRanked/sports/wnba/outputs/archive/projections/wnba_projections_20260619.csv,no_safe_player_match,0,2026-06-21T11:30:44Z
2026-06-19,2026-06-19,Iliana Rupert,iliana rupert,iliana rupert,GSV,MIN,steals,0.73,/home/ubuntu/EdgeRanked/sports/wnba/outputs/archive/projections/wnba_projections_20260619.csv,no_safe_player_match,0,2026-06-21T11:30:44Z
2026-06-19,2026-06-19,Iliana Rupert,iliana rupert,iliana rupert,GSV,MIN,blocks,0.37,/home/ubuntu/EdgeRanked/sports/wnba/outputs/archive/projections/wnba_projections_20260619.csv,no_safe_player_match,0,2026-06-21T11:30:44Z
2026-06-19,2026-06-19,Julie Vanloo,julie vanloo,julie vanloo,NYL,WAS,points,5.52,/home/ubuntu/EdgeRanked/sports/wnba/outputs/archive/projections/wnba_projections_20260619.csv,no_safe_player_match,0,2026-06-21T11:30:44Z
2026-06-19,2026-06-19,Julie Vanloo,julie vanloo,julie vanloo,NYL,WAS,rebounds,1.67,/home/ubuntu/EdgeRanked/sports/wnba/outputs/archive/projections/wnba_projections_20260619.csv,no_safe_player_match,0,2026-06-21T11:30:44Z
2026-06-19,2026-06-19,Julie Vanloo,julie vanloo,julie vanloo,NYL,WAS,assists,3.85,/home/ubuntu/EdgeRanked/sports/wnba/outputs/archive/projections/wnba_projections_20260619.csv,no_safe_player_match,0,2026-06-21T11:30:44Z
2026-06-19,2026-06-19,Julie Vanloo,julie vanloo,julie vanloo,NYL,WAS,threes_made,1.42,/home/ubuntu/EdgeRanked/sports/wnba/outputs/archive/projections/wnba_projections_20260619.csv,no_safe_player_match,0,2026-06-21T11:30:44Z
2026-06-19,2026-06-19,Julie Vanloo,julie vanloo,julie vanloo,NYL,WAS,steals,0.69,/home/ubuntu/EdgeRanked/sports/wnba/outputs/archive/projections/wnba_projections_20260619.csv,no_safe_player_match,0,2026-06-21T11:30:44Z
2026-06-19,2026-06-19,Julie Vanloo,julie vanloo,julie vanloo,NYL,WAS,blocks,0.18,/home/ubuntu/EdgeRanked/sports/wnba/outputs/archive/projections/wnba_projections_20260619.csv,no_safe_player_match,0,2026-06-21T11:30:44Z
2026-06-19,2026-06-19,Juste Jocyte,juste jocyte,juste jocyte,GSV,MIN,points,1.64,/home/ubuntu/EdgeRanked/sports/wnba/outputs/archive/projections/wnba_projections_20260619.csv,missing_projected_or_actual_value,1,2026-06-21T11:30:44Z
2026-06-19,2026-06-19,Juste Jocyte,juste jocyte,juste jocyte,GSV,MIN,rebounds,0.45,/home/ubuntu/EdgeRanked/sports/wnba/outputs/archive/projections/wnba_projections_20260619.csv,missing_projected_or_actual_value,1,2026-06-21T11:30:44Z
2026-06-19,2026-06-19,Juste Jocyte,juste jocyte,juste jocyte,GSV,MIN,assists,0.84,/home/ubuntu/EdgeRanked/sports/wnba/outputs/archive/projections/wnba_projections_20260619.csv,missing_projected_or_actual_value,1,2026-06-21T11:30:44Z
2026-06-19,2026-06-19,Juste Jocyte,juste jocyte,juste jocyte,GSV,MIN,threes_made,0.48,/home/ubuntu/EdgeRanked/sports/wnba/outputs/archive/projections/wnba_projections_20260619.csv,missing_projected_or_actual_value,1,2026-06-21T11:30:44Z
2026-06-19,2026-06-19,Juste Jocyte,juste jocyte,juste jocyte,GSV,MIN,steals,0.18,/home/ubuntu/EdgeRanked/sports/wnba/outputs/archive/projections/wnba_projections_20260619.csv,missing_projected_or_actual_value,1,2026-06-21T11:30:44Z
2026-06-19,2026-06-19,Juste Jocyte,juste jocyte,juste jocyte,GSV,MIN,blocks,0.12,/home/ubuntu/EdgeRanked/sports/wnba/outputs/archive/projections/wnba_projections_20260619.csv,missing_projected_or_actual_value,1,2026-06-21T11:30:44Z
2026-06-19,2026-06-19,Kiki Rice,kiki rice,kiki rice,TOR,CON,points,11.35,/home/ubuntu/EdgeRanked/sports/wnba/outputs/archive/projections/wnba_projections_20260619.csv,missing_projected_or_actual_value,1,2026-06-21T11:30:44Z
2026-06-19,2026-06-19,Kiki Rice,kiki rice,kiki rice,TOR,CON,rebounds,4.98,/home/ubuntu/EdgeRanked/sports/wnba/outputs/archive/projections/wnba_projections_20260619.csv,missing_projected_or_actual_value,1,2026-06-21T11:30:44Z
2026-06-19,2026-06-19,Kiki Rice,kiki rice,kiki rice,TOR,CON,assists,2.86,/home/ubuntu/EdgeRanked/sports/wnba/outputs/archive/projections/wnba_projections_20260619.csv,missing_projected_or_actual_value,1,2026-06-21T11:30:44Z
2026-06-19,2026-06-19,Kiki Rice,kiki rice,kiki rice,TOR,CON,threes_made,0.68,/home/ubuntu/EdgeRanked/sports/wnba/outputs/archive/projections/wnba_projections_20260619.csv,missing_projected_or_actual_value,1,2026-06-21T11:30:44Z
2026-06-19,2026-06-19,Kiki Rice,kiki rice,kiki rice,TOR,CON,steals,1.18,/home/ubuntu/EdgeRanked/sports/wnba/outputs/archive/projections/wnba_projections_20260619.csv,missing_projected_or_actual_value,1,2026-06-21T11:30:44Z
2026-06-19,2026-06-19,Kiki Rice,kiki rice,kiki rice,TOR,CON,blocks,0.28,/home/ubuntu/EdgeRanked/sports/wnba/outputs/archive/projections/wnba_projections_20260619.csv,missing_projected_or_actual_value,1,2026-06-21T11:30:44Z
2026-06-19,2026-06-19,Liatu King,liatu king,liatu king,MIN,GSV,points,2.93,/home/ubuntu/EdgeRanked/sports/wnba/outputs/archive/projections/wnba_projections_20260619.csv,missing_projected_or_actual_value,1,2026-06-21T11:30:44Z
2026-06-19,2026-06-19,Liatu King,liatu king,liatu king,MIN,GSV,rebounds,3.91,/home/ubuntu/EdgeRanked/sports/wnba/outputs/archive/projections/wnba_projections_20260619.csv,missing_projected_or_actual_value,1,2026-06-21T11:30:44Z
2026-06-19,2026-06-19,Liatu King,liatu king,liatu king,MIN,GSV,assists,0.24,/home/ubuntu/EdgeRanked/sports/wnba/outputs/archive/projections/wnba_projections_20260619.csv,missing_projected_or_actual_value,1,2026-06-21T11:30:44Z
2026-06-19,2026-06-19,Liatu King,liatu king,liatu king,MIN,GSV,threes_made,0.45,/home/ubuntu/EdgeRanked/sports/wnba/outputs/archive/projections/wnba_projections_20260619.csv,missing_projected_or_actual_value,1,2026-06-21T11:30:44Z
2026-06-19,2026-06-19,Liatu King,liatu king,liatu king,MIN,GSV,steals,0.47,/home/ubuntu/EdgeRanked/sports/wnba/outputs/archive/projections/wnba_projections_20260619.csv,missing_projected_or_actual_value,1,2026-06-21T11:30:44Z
2026-06-19,2026-06-19,Liatu King,liatu king,liatu king,MIN,GSV,blocks,0.76,/home/ubuntu/EdgeRanked/sports/wnba/outputs/archive/projections/wnba_projections_20260619.csv,missing_projected_or_actual_value,1,2026-06-21T11:30:44Z
2026-06-19,2026-06-19,Mariella Fasoula,mariella fasoula,mariella fasoula,TOR,CON,points,1.77,/home/ubuntu/EdgeRanked/sports/wnba/outputs/archive/projections/wnba_projections_20260619.csv,no_safe_player_match,0,2026-06-21T11:30:44Z
2026-06-19,2026-06-19,Mariella Fasoula,mariella fasoula,mariella fasoula,TOR,CON,rebounds,1.61,/home/ubuntu/EdgeRanked/sports/wnba/outputs/archive/projections/wnba_projections_20260619.csv,no_safe_player_match,0,2026-06-21T11:30:44Z
2026-06-19,2026-06-19,Mariella Fasoula,mariella fasoula,mariella fasoula,TOR,CON,assists,0.71,/home/ubuntu/EdgeRanked/sports/wnba/outputs/archive/projections/wnba_projections_20260619.csv,no_safe_player_match,0,2026-06-21T11:30:44Z
2026-06-19,2026-06-19,Mariella Fasoula,mariella fasoula,mariella fasoula,TOR,CON,threes_made,0.15,/home/ubuntu/EdgeRanked/sports/wnba/outputs/archive/projections/wnba_projections_20260619.csv,no_safe_player_match,0,2026-06-21T11:30:44Z
2026-06-19,2026-06-19,Mariella Fasoula,mariella fasoula,mariella fasoula,TOR,CON,steals,0.42,/home/ubuntu/EdgeRanked/sports/wnba/outputs/archive/projections/wnba_projections_20260619.csv,no_safe_player_match,0,2026-06-21T11:30:44Z
2026-06-19,2026-06-19,Mariella Fasoula,mariella fasoula,mariella fasoula,TOR,CON,blocks,0.92,/home/ubuntu/EdgeRanked/sports/wnba/outputs/archive/projections/wnba_projections_20260619.csv,no_safe_player_match,0,2026-06-21T11:30:44Z
2026-06-19,2026-06-19,Marine Fauthoux,marine fauthoux,marine fauthoux,NYL,WAS,points,0.7,/home/ubuntu/EdgeRanked/sports/wnba/outputs/archive/projections/wnba_projections_20260619.csv,no_safe_player_match,0,2026-06-21T11:30:44Z
2026-06-19,2026-06-19,Marine Fauthoux,marine fauthoux,marine fauthoux,NYL,WAS,rebounds,1.35,/home/ubuntu/EdgeRanked/sports/wnba/outputs/archive/projections/wnba_projections_20260619.csv,no_safe_player_match,0,2026-06-21T11:30:44Z
2026-06-19,2026-06-19,Marine Fauthoux,marine fauthoux,marine fauthoux,NYL,WAS,assists,0.4,/home/ubuntu/EdgeRanked/sports/wnba/outputs/archive/projections/wnba_projections_20260619.csv,no_safe_player_match,0,2026-06-21T11:30:44Z
2026-06-19,2026-06-19,Marine Fauthoux,marine fauthoux,marine fauthoux,NYL,WAS,threes_made,0.42,/home/ubuntu/EdgeRanked/sports/wnba/outputs/archive/projections/wnba_projections_20260619.csv,no_safe_player_match,0,2026-06-21T11:30:44Z
2026-06-19,2026-06-19,Marine Fauthoux,marine fauthoux,marine fauthoux,NYL,WAS,steals,0.24,/home/ubuntu/EdgeRanked/sports/wnba/outputs/archive/projections/wnba_projections_20260619.csv,no_safe_player_match,0,2026-06-21T11:30:44Z
2026-06-19,2026-06-19,Marine Fauthoux,marine fauthoux,marine fauthoux,NYL,WAS,blocks,0.15,/home/ubuntu/EdgeRanked/sports/wnba/outputs/archive/projections/wnba_projections_20260619.csv,no_safe_player_match,0,2026-06-21T11:30:44Z
2026-06-19,2026-06-19,Miela Sowah,miela sowah,miela sowah,GSV,MIN,points,0.41,/home/ubuntu/EdgeRanked/sports/wnba/outputs/archive/projections/wnba_projections_20260619.csv,no_safe_player_match,0,2026-06-21T11:30:44Z
2026-06-19,2026-06-19,Miela Sowah,miela sowah,miela sowah,GSV,MIN,rebounds,0.38,/home/ubuntu/EdgeRanked/sports/wnba/outputs/archive/projections/wnba_projections_20260619.csv,no_safe_player_match,0,2026-06-21T11:30:44Z
2026-06-19,2026-06-19,Miela Sowah,miela sowah,miela sowah,GSV,MIN,assists,0.14,/home/ubuntu/EdgeRanked/sports/wnba/outputs/archive/projections/wnba_projections_20260619.csv,no_safe_player_match,0,2026-06-21T11:30:44Z
2026-06-19,2026-06-19,Miela Sowah,miela sowah,miela sowah,GSV,MIN,threes_made,0.18,/home/ubuntu/EdgeRanked/sports/wnba/outputs/archive/projections/wnba_projections_20260619.csv,no_safe_player_match,0,2026-06-21T11:30:44Z
2026-06-19,2026-06-19,Miela Sowah,miela sowah,miela sowah,GSV,MIN,steals,0.14,/home/ubuntu/EdgeRanked/sports/wnba/outputs/archive/projections/wnba_projections_20260619.csv,no_safe_player_match,0,2026-06-21T11:30:44Z
2026-06-19,2026-06-19,Miela Sowah,miela sowah,miela sowah,GSV,MIN,blocks,0.11,/home/ubuntu/EdgeRanked/sports/wnba/outputs/archive/projections/wnba_projections_20260619.csv,no_safe_player_match,0,2026-06-21T11:30:44Z
2026-06-19,2026-06-19,Nadia Fingall,nadia fingall,nadia fingall,GSV,MIN,points,5.81,/home/ubuntu/EdgeRanked/sports/wnba/outputs/archive/projections/wnba_projections_20260619.csv,missing_projected_or_actual_value,1,2026-06-21T11:30:44Z
2026-06-19,2026-06-19,Nadia Fingall,nadia fingall,nadia fingall,GSV,MIN,rebounds,2.92,/home/ubuntu/EdgeRanked/sports/wnba/outputs/archive/projections/wnba_projections_20260619.csv,missing_projected_or_actual_value,1,2026-06-21T11:30:44Z
2026-06-19,2026-06-19,Nadia Fingall,nadia fingall,nadia fingall,GSV,MIN,assists,1.71,/home/ubuntu/EdgeRanked/sports/wnba/outputs/archive/projections/wnba_projections_20260619.csv,missing_projected_or_actual_value,1,2026-06-21T11:30:44Z
2026-06-19,2026-06-19,Nadia Fingall,nadia fingall,nadia fingall,GSV,MIN,threes_made,0.72,/home/ubuntu/EdgeRanked/sports/wnba/outputs/archive/projections/wnba_projections_20260619.csv,missing_projected_or_actual_value,1,2026-06-21T11:30:44Z
2026-06-19,2026-06-19,Nadia Fingall,nadia fingall,nadia fingall,GSV,MIN,steals,0.68,/home/ubuntu/EdgeRanked/sports/wnba/outputs/archive/projections/wnba_projections_20260619.csv,missing_projected_or_actual_value,1,2026-06-21T11:30:44Z
2026-06-19,2026-06-19,Nadia Fingall,nadia fingall,nadia fingall,GSV,MIN,blocks,0.28,/home/ubuntu/EdgeRanked/sports/wnba/outputs/archive/projections/wnba_projections_20260619.csv,missing_projected_or_actual_value,1,2026-06-21T11:30:44Z
2026-06-19,2026-06-19,Napheesa Collier,napheesa collier,napheesa collier,MIN,GSV,points,6.02,/home/ubuntu/EdgeRanked/sports/wnba/outputs/archive/projections/wnba_projections_20260619.csv,no_safe_player_match,0,2026-06-21T11:30:44Z
2026-06-19,2026-06-19,Napheesa Collier,napheesa collier,napheesa collier,MIN,GSV,rebounds,2.99,/home/ubuntu/EdgeRanked/sports/wnba/outputs/archive/projections/wnba_projections_20260619.csv,no_safe_player_match,0,2026-06-21T11:30:44Z
2026-06-19,2026-06-19,Napheesa Collier,napheesa collier,napheesa collier,MIN,GSV,assists,1.62,/home/ubuntu/EdgeRanked/sports/wnba/outputs/archive/projections/wnba_projections_20260619.csv,no_safe_player_match,0,2026-06-21T11:30:44Z
2026-06-19,2026-06-19,Napheesa Collier,napheesa collier,napheesa collier,MIN,GSV,threes_made,0.78,/home/ubuntu/EdgeRanked/sports/wnba/outputs/archive/projections/wnba_projections_20260619.csv,no_safe_player_match,0,2026-06-21T11:30:44Z
2026-06-19,2026-06-19,Napheesa Collier,napheesa collier,napheesa collier,MIN,GSV,steals,0.65,/home/ubuntu/EdgeRanked/sports/wnba/outputs/archive/projections/wnba_projections_20260619.csv,no_safe_player_match,0,2026-06-21T11:30:44Z
2026-06-19,2026-06-19,Napheesa Collier,napheesa collier,napheesa collier,MIN,GSV,blocks,0.31,/home/ubuntu/EdgeRanked/sports/wnba/outputs/archive/projections/wnba_projections_20260619.csv,no_safe_player_match,0,2026-06-21T11:30:44Z
2026-06-19,2026-06-19,Ndjakalenga Mwenentanda,ndjakalenga mwenentanda,ndjakalenga mwenentanda,GSV,MIN,points,0.5,/home/ubuntu/EdgeRanked/sports/wnba/outputs/archive/projections/wnba_projections_20260619.csv,no_safe_player_match,0,2026-06-21T11:30:44Z
2026-06-19,2026-06-19,Ndjakalenga Mwenentanda,ndjakalenga mwenentanda,ndjakalenga mwenentanda,GSV,MIN,rebounds,1.07,/home/ubuntu/EdgeRanked/sports/wnba/outputs/archive/projections/wnba_projections_20260619.csv,no_safe_player_match,0,2026-06-21T11:30:44Z
2026-06-19,2026-06-19,Ndjakalenga Mwenentanda,ndjakalenga mwenentanda,ndjakalenga mwenentanda,GSV,MIN,assists,0.74,/home/ubuntu/EdgeRanked/sports/wnba/outputs/archive/projections/wnba_projections_20260619.csv,no_safe_player_match,0,2026-06-21T11:30:44Z
2026-06-19,2026-06-19,Ndjakalenga Mwenentanda,ndjakalenga mwenentanda,ndjakalenga mwenentanda,GSV,MIN,threes_made,0.23,/home/ubuntu/EdgeRanked/sports/wnba/outputs/archive/projections/wnba_projections_20260619.csv,no_safe_player_match,0,2026-06-21T11:30:44Z
2026-06-19,2026-06-19,Ndjakalenga Mwenentanda,ndjakalenga mwenentanda,ndjakalenga mwenentanda,GSV,MIN,steals,0.25,/home/ubuntu/EdgeRanked/sports/wnba/outputs/archive/projections/wnba_projections_20260619.csv,no_safe_player_match,0,2026-06-21T11:30:44Z
2026-06-19,2026-06-19,Ndjakalenga Mwenentanda,ndjakalenga mwenentanda,ndjakalenga mwenentanda,GSV,MIN,blocks,0.1,/home/ubuntu/EdgeRanked/sports/wnba/outputs/archive/projections/wnba_projections_20260619.csv,no_safe_player_match,0,2026-06-21T11:30:44Z
2026-06-19,2026-06-19,Nikolina Milic,nikolina milic,nikolina milic,TOR,CON,points,2.16,/home/ubuntu/EdgeRanked/sports/wnba/outputs/archive/projections/wnba_projections_20260619.csv,no_safe_player_match,0,2026-06-21T11:30:44Z
2026-06-19,2026-06-19,Nikolina Milic,nikolina milic,nikolina milic,TOR,CON,rebounds,1.75,/home/ubuntu/EdgeRanked/sports/wnba/outputs/archive/projections/wnba_projections_20260619.csv,no_safe_player_match,0,2026-06-21T11:30:44Z
2026-06-19,2026-06-19,Nikolina Milic,nikolina milic,nikolina milic,TOR,CON,assists,0.32,/home/ubuntu/EdgeRanked/sports/wnba/outputs/archive/projections/wnba_projections_20260619.csv,no_safe_player_match,0,2026-06-21T11:30:44Z
2026-06-19,2026-06-19,Nikolina Milic,nikolina milic,nikolina milic,TOR,CON,threes_made,0.24,/home/ubuntu/EdgeRanked/sports/wnba/outputs/archive/projections/wnba_projections_20260619.csv,no_safe_player_match,0,2026-06-21T11:30:44Z
2026-06-19,2026-06-19,Nikolina Milic,nikolina milic,nikolina milic,TOR,CON,steals,0.2,/home/ubuntu/EdgeRanked/sports/wnba/outputs/archive/projections/wnba_projections_20260619.csv,no_safe_player_match,0,2026-06-21T11:30:44Z
2026-06-19,2026-06-19,Nikolina Milic,nikolina milic,nikolina milic,TOR,CON,blocks,0.15,/home/ubuntu/EdgeRanked/sports/wnba/outputs/archive/projections/wnba_projections_20260619.csv,no_safe_player_match,0,2026-06-21T11:30:44Z
2026-06-19,2026-06-19,Nyara Sabally,nyara sabally,nyara sabally,TOR,CON,points,13.02,/home/ubuntu/EdgeRanked/sports/wnba/outputs/archive/projections/wnba_projections_20260619.csv,missing_projected_or_actual_value,1,2026-06-21T11:30:44Z
2026-06-19,2026-06-19,Nyara Sabally,nyara sabally,nyara sabally,TOR,CON,rebounds,5.61,/home/ubuntu/EdgeRanked/sports/wnba/outputs/archive/projections/wnba_projections_20260619.csv,missing_projected_or_actual_value,1,2026-06-21T11:30:44Z
2026-06-19,2026-06-19,Nyara Sabally,nyara sabally,nyara sabally,TOR,CON,assists,1.81,/home/ubuntu/EdgeRanked/sports/wnba/outputs/archive/projections/wnba_projections_20260619.csv,missing_projected_or_actual_value,1,2026-06-21T11:30:44Z
2026-06-19,2026-06-19,Nyara Sabally,nyara sabally,nyara sabally,TOR,CON,threes_made,0.77,/home/ubuntu/EdgeRanked/sports/wnba/outputs/archive/projections/wnba_projections_20260619.csv,missing_projected_or_actual_value,1,2026-06-21T11:30:44Z
2026-06-19,2026-06-19,Nyara Sabally,nyara sabally,nyara sabally,TOR,CON,steals,0.96,/home/ubuntu/EdgeRanked/sports/wnba/outputs/archive/projections/wnba_projections_20260619.csv,missing_projected_or_actual_value,1,2026-06-21T11:30:44Z
2026-06-19,2026-06-19,Nyara Sabally,nyara sabally,nyara sabally,TOR,CON,blocks,0.99,/home/ubuntu/EdgeRanked/sports/wnba/outputs/archive/projections/wnba_projections_20260619.csv,missing_projected_or_actual_value,1,2026-06-21T11:30:44Z
2026-06-19,2026-06-19,Raegan Beers,raegan beers,raegan beers,CON,TOR,points,2.01,/home/ubuntu/EdgeRanked/sports/wnba/outputs/archive/projections/wnba_projections_20260619.csv,missing_projected_or_actual_value,1,2026-06-21T11:30:44Z
2026-06-19,2026-06-19,Raegan Beers,raegan beers,raegan beers,CON,TOR,rebounds,3.37,/home/ubuntu/EdgeRanked/sports/wnba/outputs/archive/projections/wnba_projections_20260619.csv,missing_projected_or_actual_value,1,2026-06-21T11:30:44Z
2026-06-19,2026-06-19,Raegan Beers,raegan beers,raegan beers,CON,TOR,assists,0.62,/home/ubuntu/EdgeRanked/sports/wnba/outputs/archive/projections/wnba_projections_20260619.csv,missing_projected_or_actual_value,1,2026-06-21T11:30:44Z
2026-06-19,2026-06-19,Raegan Beers,raegan beers,raegan beers,CON,TOR,threes_made,0.12,/home/ubuntu/EdgeRanked/sports/wnba/outputs/archive/projections/wnba_projections_20260619.csv,missing_projected_or_actual_value,1,2026-06-21T11:30:44Z
2026-06-19,2026-06-19,Raegan Beers,raegan beers,raegan beers,CON,TOR,steals,0.53,/home/ubuntu/EdgeRanked/sports/wnba/outputs/archive/projections/wnba_projections_20260619.csv,missing_projected_or_actual_value,1,2026-06-21T11:30:44Z
2026-06-19,2026-06-19,Raegan Beers,raegan beers,raegan beers,CON,TOR,blocks,0.28,/home/ubuntu/EdgeRanked/sports/wnba/outputs/archive/projections/wnba_projections_20260619.csv,missing_projected_or_actual_value,1,2026-06-21T11:30:44Z
2026-06-19,2026-06-19,Raquel Carrera,raquel carrera,raquel carrera,NYL,WAS,points,3.97,/home/ubuntu/EdgeRanked/sports/wnba/outputs/archive/projections/wnba_projections_20260619.csv,missing_projected_or_actual_value,1,2026-06-21T11:30:44Z
2026-06-19,2026-06-19,Raquel Carrera,raquel carrera,raquel carrera,NYL,WAS,rebounds,2.27,/home/ubuntu/EdgeRanked/sports/wnba/outputs/archive/projections/wnba_projections_20260619.csv,missing_projected_or_actual_value,1,2026-06-21T11:30:44Z
2026-06-19,2026-06-19,Raquel Carrera,raquel carrera,raquel carrera,NYL,WAS,assists,0.6,/home/ubuntu/EdgeRanked/sports/wnba/outputs/archive/projections/wnba_projections_20260619.csv,missing_projected_or_actual_value,1,2026-06-21T11:30:44Z
2026-06-19,2026-06-19,Raquel Carrera,raquel carrera,raquel carrera,NYL,WAS,threes_made,0.49,/home/ubuntu/EdgeRanked/sports/wnba/outputs/archive/projections/wnba_projections_20260619.csv,missing_projected_or_actual_value,1,2026-06-21T11:30:44Z
2026-06-19,2026-06-19,Raquel Carrera,raquel carrera,raquel carrera,NYL,WAS,steals,0.3,/home/ubuntu/EdgeRanked/sports/wnba/outputs/archive/projections/wnba_projections_20260619.csv,missing_projected_or_actual_value,1,2026-06-21T11:30:44Z
2026-06-19,2026-06-19,Raquel Carrera,raquel carrera,raquel carrera,NYL,WAS,blocks,0.29,/home/ubuntu/EdgeRanked/sports/wnba/outputs/archive/projections/wnba_projections_20260619.csv,missing_projected_or_actual_value,1,2026-06-21T11:30:44Z
2026-06-19,2026-06-19,Rebecca Allen,rebecca allen,rebecca allen,NYL,WAS,points,2.75,/home/ubuntu/EdgeRanked/sports/wnba/outputs/archive/projections/wnba_projections_20260619.csv,missing_projected_or_actual_value,1,2026-06-21T11:30:44Z
2026-06-19,2026-06-19,Rebecca Allen,rebecca allen,rebecca allen,NYL,WAS,rebounds,2.19,/home/ubuntu/EdgeRanked/sports/wnba/outputs/archive/projections/wnba_projections_20260619.csv,missing_projected_or_actual_value,1,2026-06-21T11:30:44Z
2026-06-19,2026-06-19,Rebecca Allen,rebecca allen,rebecca allen,NYL,WAS,assists,0.84,/home/ubuntu/EdgeRanked/sports/wnba/outputs/archive/projections/wnba_projections_20260619.csv,missing_projected_or_actual_value,1,2026-06-21T11:30:44Z
2026-06-19,2026-06-19,Rebecca Allen,rebecca allen,rebecca allen,NYL,WAS,threes_made,0.54,/home/ubuntu/EdgeRanked/sports/wnba/outputs/archive/projections/wnba_projections_20260619.csv,missing_projected_or_actual_value,1,2026-06-21T11:30:44Z
2026-06-19,2026-06-19,Rebecca Allen,rebecca allen,rebecca allen,NYL,WAS,steals,0.51,/home/ubuntu/EdgeRanked/sports/wnba/outputs/archive/projections/wnba_projections_20260619.csv,missing_projected_or_actual_value,1,2026-06-21T11:30:44Z
2026-06-19,2026-06-19,Rebecca Allen,rebecca allen,rebecca allen,NYL,WAS,blocks,0.24,/home/ubuntu/EdgeRanked/sports/wnba/outputs/archive/projections/wnba_projections_20260619.csv,missing_projected_or_actual_value,1,2026-06-21T11:30:44Z
2026-06-19,2026-06-19,Rori Harmon,rori harmon,rori harmon,WAS,NYL,points,1.44,/home/ubuntu/EdgeRanked/sports/wnba/outputs/archive/projections/wnba_projections_20260619.csv,missing_projected_or_actual_value,1,2026-06-21T11:30:44Z
2026-06-19,2026-06-19,Rori Harmon,rori harmon,rori harmon,WAS,NYL,rebounds,0.65,/home/ubuntu/EdgeRanked/sports/wnba/outputs/archive/projections/wnba_projections_20260619.csv,missing_projected_or_actual_value,1,2026-06-21T11:30:44Z
2026-06-19,2026-06-19,Rori Harmon,rori harmon,rori harmon,WAS,NYL,assists,1.04,/home/ubuntu/EdgeRanked/sports/wnba/outputs/archive/projections/wnba_projections_20260619.csv,missing_projected_or_actual_value,1,2026-06-21T11:30:44Z
2026-06-19,2026-06-19,Rori Harmon,rori harmon,rori harmon,WAS,NYL,threes_made,0.14,/home/ubuntu/EdgeRanked/sports/wnba/outputs/archive/projections/wnba_projections_20260619.csv,missing_projected_or_actual_value,1,2026-06-21T11:30:44Z
2026-06-19,2026-06-19,Rori Harmon,rori harmon,rori harmon,WAS,NYL,steals,0.24,/home/ubuntu/EdgeRanked/sports/wnba/outputs/archive/projections/wnba_projections_20260619.csv,missing_projected_or_actual_value,1,2026-06-21T11:30:44Z
2026-06-19,2026-06-19,Rori Harmon,rori harmon,rori harmon,WAS,NYL,blocks,0.1,/home/ubuntu/EdgeRanked/sports/wnba/outputs/archive/projections/wnba_projections_20260619.csv,missing_projected_or_actual_value,1,2026-06-21T11:30:44Z
2026-06-19,2026-06-19,Teaira McCowan,teaira mccowan,teaira mccowan,MIN,GSV,points,1.17,/home/ubuntu/EdgeRanked/sports/wnba/outputs/archive/projections/wnba_projections_20260619.csv,missing_projected_or_actual_value,1,2026-06-21T11:30:44Z
2026-06-19,2026-06-19,Teaira McCowan,teaira mccowan,teaira mccowan,MIN,GSV,rebounds,3.11,/home/ubuntu/EdgeRanked/sports/wnba/outputs/archive/projections/wnba_projections_20260619.csv,missing_projected_or_actual_value,1,2026-06-21T11:30:44Z
2026-06-19,2026-06-19,Teaira McCowan,teaira mccowan,teaira mccowan,MIN,GSV,assists,0.28,/home/ubuntu/EdgeRanked/sports/wnba/outputs/archive/projections/wnba_projections_20260619.csv,missing_projected_or_actual_value,1,2026-06-21T11:30:44Z
2026-06-19,2026-06-19,Teaira McCowan,teaira mccowan,teaira mccowan,MIN,GSV,threes_made,0.08,/home/ubuntu/EdgeRanked/sports/wnba/outputs/archive/projections/wnba_projections_20260619.csv,missing_projected_or_actual_value,1,2026-06-21T11:30:44Z
2026-06-19,2026-06-19,Teaira McCowan,teaira mccowan,teaira mccowan,MIN,GSV,steals,0.28,/home/ubuntu/EdgeRanked/sports/wnba/outputs/archive/projections/wnba_projections_20260619.csv,missing_projected_or_actual_value,1,2026-06-21T11:30:44Z
2026-06-19,2026-06-19,Teaira McCowan,teaira mccowan,teaira mccowan,MIN,GSV,blocks,0.46,/home/ubuntu/EdgeRanked/sports/wnba/outputs/archive/projections/wnba_projections_20260619.csv,missing_projected_or_actual_value,1,2026-06-21T11:30:44Z
2026-06-20,2026-06-20,Aaliyah Nye,aaliyah nye,aaliyah nye,ATL,IND,points,0.91,/home/ubuntu/EdgeRanked/sports/wnba/projections.csv,missing_projected_or_actual_value,1,2026-06-21T11:30:44Z
2026-06-20,2026-06-20,Aaliyah Nye,aaliyah nye,aaliyah nye,ATL,IND,rebounds,0.31,/home/ubuntu/EdgeRanked/sports/wnba/projections.csv,missing_projected_or_actual_value,1,2026-06-21T11:30:44Z
2026-06-20,2026-06-20,Aaliyah Nye,aaliyah nye,aaliyah nye,ATL,IND,assists,0.64,/home/ubuntu/EdgeRanked/sports/wnba/projections.csv,missing_projected_or_actual_value,1,2026-06-21T11:30:44Z
2026-06-20,2026-06-20,Aaliyah Nye,aaliyah nye,aaliyah nye,ATL,IND,threes_made,0.35,/home/ubuntu/EdgeRanked/sports/wnba/projections.csv,missing_projected_or_actual_value,1,2026-06-21T11:30:44Z
2026-06-20,2026-06-20,Aaliyah Nye,aaliyah nye,aaliyah nye,ATL,IND,steals,0.3,/home/ubuntu/EdgeRanked/sports/wnba/projections.csv,missing_projected_or_actual_value,1,2026-06-21T11:30:44Z
2026-06-20,2026-06-20,Aaliyah Nye,aaliyah nye,aaliyah nye,ATL,IND,blocks,0.08,/home/ubuntu/EdgeRanked/sports/wnba/projections.csv,missing_projected_or_actual_value,1,2026-06-21T11:30:44Z
2026-06-20,2026-06-20,Aicha Coulibaly,aicha coulibaly,aicha coulibaly,CHI,DAL,points,3.93,/home/ubuntu/EdgeRanked/sports/wnba/projections.csv,no_safe_player_match,0,2026-06-21T11:30:44Z
2026-06-20,2026-06-20,Aicha Coulibaly,aicha coulibaly,aicha coulibaly,CHI,DAL,rebounds,2.47,/home/ubuntu/EdgeRanked/sports/wnba/projections.csv,no_safe_player_match,0,2026-06-21T11:30:44Z
2026-06-20,2026-06-20,Aicha Coulibaly,aicha coulibaly,aicha coulibaly,CHI,DAL,assists,0.62,/home/ubuntu/EdgeRanked/sports/wnba/projections.csv,no_safe_player_match,0,2026-06-21T11:30:44Z
2026-06-20,2026-06-20,Aicha Coulibaly,aicha coulibaly,aicha coulibaly,CHI,DAL,threes_made,0.16,/home/ubuntu/EdgeRanked/sports/wnba/projections.csv,no_safe_player_match,0,2026-06-21T11:30:44Z
2026-06-20,2026-06-20,Aicha Coulibaly,aicha coulibaly,aicha coulibaly,CHI,DAL,steals,0.64,/home/ubuntu/EdgeRanked/sports/wnba/projections.csv,no_safe_player_match,0,2026-06-21T11:30:44Z
2026-06-20,2026-06-20,Aicha Coulibaly,aicha coulibaly,aicha coulibaly,CHI,DAL,blocks,0.24,/home/ubuntu/EdgeRanked/sports/wnba/projections.csv,no_safe_player_match,0,2026-06-21T11:30:44Z
2026-06-20,2026-06-20,Alysha Clark,alysha clark,alysha clark,DAL,CHI,points,1.43,/home/ubuntu/EdgeRanked/sports/wnba/projections.csv,no_safe_player_match,0,2026-06-21T11:30:44Z
2026-06-20,2026-06-20,Alysha Clark,alysha clark,alysha clark,DAL,CHI,rebounds,1.4,/home/ubuntu/EdgeRanked/sports/wnba/projections.csv,no_safe_player_match,0,2026-06-21T11:30:44Z
2026-06-20,2026-06-20,Alysha Clark,alysha clark,alysha clark,DAL,CHI,assists,0.68,/home/ubuntu/EdgeRanked/sports/wnba/projections.csv,no_safe_player_match,0,2026-06-21T11:30:44Z
2026-06-20,2026-06-20,Alysha Clark,alysha clark,alysha clark,DAL,CHI,threes_made,0.24,/home/ubuntu/EdgeRanked/sports/wnba/projections.csv,no_safe_player_match,0,2026-06-21T11:30:44Z
2026-06-20,2026-06-20,Alysha Clark,alysha clark,alysha clark,DAL,CHI,steals,0.38,/home/ubuntu/EdgeRanked/sports/wnba/projections.csv,no_safe_player_match,0,2026-06-21T11:30:44Z
2026-06-20,2026-06-20,Alysha Clark,alysha clark,alysha clark,DAL,CHI,blocks,0.2,/home/ubuntu/EdgeRanked/sports/wnba/projections.csv,no_safe_player_match,0,2026-06-21T11:30:44Z
2026-06-20,2026-06-20,Bree Hall,bree hall,bree hall,IND,ATL,points,6.09,/home/ubuntu/EdgeRanked/sports/wnba/projections.csv,no_safe_player_match,0,2026-06-21T11:30:44Z
2026-06-20,2026-06-20,Bree Hall,bree hall,bree hall,IND,ATL,rebounds,2.77,/home/ubuntu/EdgeRanked/sports/wnba/projections.csv,no_safe_player_match,0,2026-06-21T11:30:44Z
2026-06-20,2026-06-20,Bree Hall,bree hall,bree hall,IND,ATL,assists,1.38,/home/ubuntu/EdgeRanked/sports/wnba/projections.csv,no_safe_player_match,0,2026-06-21T11:30:44Z
2026-06-20,2026-06-20,Bree Hall,bree hall,bree hall,IND,ATL,threes_made,0.81,/home/ubuntu/EdgeRanked/sports/wnba/projections.csv,no_safe_player_match,0,2026-06-21T11:30:44Z
2026-06-20,2026-06-20,Bree Hall,bree hall,bree hall,IND,ATL,steals,0.65,/home/ubuntu/EdgeRanked/sports/wnba/projections.csv,no_safe_player_match,0,2026-06-21T11:30:44Z
2026-06-20,2026-06-20,Bree Hall,bree hall,bree hall,IND,ATL,blocks,0.27,/home/ubuntu/EdgeRanked/sports/wnba/projections.csv,no_safe_player_match,0,2026-06-21T11:30:44Z
2026-06-20,2026-06-20,Brionna Jones,brionna jones,brionna jones,ATL,IND,points,7.02,/home/ubuntu/EdgeRanked/sports/wnba/projections.csv,missing_projected_or_actual_value,1,2026-06-21T11:30:44Z
2026-06-20,2026-06-20,Brionna Jones,brionna jones,brionna jones,ATL,IND,rebounds,3.62,/home/ubuntu/EdgeRanked/sports/wnba/projections.csv,missing_projected_or_actual_value,1,2026-06-21T11:30:44Z
2026-06-20,2026-06-20,Brionna Jones,brionna jones,brionna jones,ATL,IND,assists,1.78,/home/ubuntu/EdgeRanked/sports/wnba/projections.csv,missing_projected_or_actual_value,1,2026-06-21T11:30:44Z
2026-06-20,2026-06-20,Brionna Jones,brionna jones,brionna jones,ATL,IND,threes_made,0.76,/home/ubuntu/EdgeRanked/sports/wnba/projections.csv,missing_projected_or_actual_value,1,2026-06-21T11:30:44Z
2026-06-20,2026-06-20,Brionna Jones,brionna jones,brionna jones,ATL,IND,steals,0.54,/home/ubuntu/EdgeRanked/sports/wnba/projections.csv,missing_projected_or_actual_value,1,2026-06-21T11:30:44Z
2026-06-20,2026-06-20,Brionna Jones,brionna jones,brionna jones,ATL,IND,blocks,0.38,/home/ubuntu/EdgeRanked/sports/wnba/projections.csv,missing_projected_or_actual_value,1,2026-06-21T11:30:44Z
2026-06-20,2026-06-20,Costanza Verona,costanza verona,costanza verona,DAL,CHI,points,3.65,/home/ubuntu/EdgeRanked/sports/wnba/projections.csv,missing_projected_or_actual_value,1,2026-06-21T11:30:44Z
2026-06-20,2026-06-20,Costanza Verona,costanza verona,costanza verona,DAL,CHI,rebounds,0.41,/home/ubuntu/EdgeRanked/sports/wnba/projections.csv,missing_projected_or_actual_value,1,2026-06-21T11:30:44Z
2026-06-20,2026-06-20,Costanza Verona,costanza verona,costanza verona,DAL,CHI,assists,1.61,/home/ubuntu/EdgeRanked/sports/wnba/projections.csv,missing_projected_or_actual_value,1,2026-06-21T11:30:44Z
2026-06-20,2026-06-20,Costanza Verona,costanza verona,costanza verona,DAL,CHI,threes_made,0.1,/home/ubuntu/EdgeRanked/sports/wnba/projections.csv,missing_projected_or_actual_value,1,2026-06-21T11:30:44Z
2026-06-20,2026-06-20,Costanza Verona,costanza verona,costanza verona,DAL,CHI,steals,0.31,/home/ubuntu/EdgeRanked/sports/wnba/projections.csv,missing_projected_or_actual_value,1,2026-06-21T11:30:44Z
2026-06-20,2026-06-20,Costanza Verona,costanza verona,costanza verona,DAL,CHI,blocks,0.1,/home/ubuntu/EdgeRanked/sports/wnba/projections.csv,missing_projected_or_actual_value,1,2026-06-21T11:30:44Z
2026-06-20,2026-06-20,Courtney Vandersloot,courtney vandersloot,courtney vandersloot,CHI,DAL,points,7.01,/home/ubuntu/EdgeRanked/sports/wnba/projections.csv,no_safe_player_match,0,2026-06-21T11:30:44Z
2026-06-20,2026-06-20,Courtney Vandersloot,courtney vandersloot,courtney vandersloot,CHI,DAL,rebounds,2.71,/home/ubuntu/EdgeRanked/sports/wnba/projections.csv,no_safe_player_match,0,2026-06-21T11:30:44Z
2026-06-20,2026-06-20,Courtney Vandersloot,courtney vandersloot,courtney vandersloot,CHI,DAL,assists,1.8,/home/ubuntu/EdgeRanked/sports/wnba/projections.csv,no_safe_player_match,0,2026-06-21T11:30:44Z
2026-06-20,2026-06-20,Courtney Vandersloot,courtney vandersloot,courtney vandersloot,CHI,DAL,threes_made,0.89,/home/ubuntu/EdgeRanked/sports/wnba/projections.csv,no_safe_player_match,0,2026-06-21T11:30:44Z
2026-06-20,2026-06-20,Courtney Vandersloot,courtney vandersloot,courtney vandersloot,CHI,DAL,steals,0.54,/home/ubuntu/EdgeRanked/sports/wnba/projections.csv,no_safe_player_match,0,2026-06-21T11:30:44Z
2026-06-20,2026-06-20,Courtney Vandersloot,courtney vandersloot,courtney vandersloot,CHI,DAL,blocks,0.36,/home/ubuntu/EdgeRanked/sports/wnba/projections.csv,no_safe_player_match,0,2026-06-21T11:30:44Z
2026-06-20,2026-06-20,DiJonai Carrington,dijonai carrington,dijonai carrington,CHI,DAL,points,6.92,/home/ubuntu/EdgeRanked/sports/wnba/projections.csv,no_safe_player_match,0,2026-06-21T11:30:44Z
2026-06-20,2026-06-20,DiJonai Carrington,dijonai carrington,dijonai carrington,CHI,DAL,rebounds,2.92,/home/ubuntu/EdgeRanked/sports/wnba/projections.csv,no_safe_player_match,0,2026-06-21T11:30:44Z
2026-06-20,2026-06-20,DiJonai Carrington,dijonai carrington,dijonai carrington,CHI,DAL,assists,1.8,/home/ubuntu/EdgeRanked/sports/wnba/projections.csv,no_safe_player_match,0,2026-06-21T11:30:44Z
2026-06-20,2026-06-20,DiJonai Carrington,dijonai carrington,dijonai carrington,CHI,DAL,threes_made,0.94,/home/ubuntu/EdgeRanked/sports/wnba/projections.csv,no_safe_player_match,0,2026-06-21T11:30:44Z
2026-06-20,2026-06-20,DiJonai Carrington,dijonai carrington,dijonai carrington,CHI,DAL,steals,0.53,/home/ubuntu/EdgeRanked/sports/wnba/projections.csv,no_safe_player_match,0,2026-06-21T11:30:44Z
2026-06-20,2026-06-20,DiJonai Carrington,dijonai carrington,dijonai carrington,CHI,DAL,blocks,0.29,/home/ubuntu/EdgeRanked/sports/wnba/projections.csv,no_safe_player_match,0,2026-06-21T11:30:44Z
2026-06-20,2026-06-20,Dulcy Fankam Mendjiadeu,dulcy fankam mendjiadeu,dulcy fankam mendjiadeu,DAL,CHI,points,6.45,/home/ubuntu/EdgeRanked/sports/wnba/projections.csv,no_safe_player_match,0,2026-06-21T11:30:44Z
2026-06-20,2026-06-20,Dulcy Fankam Mendjiadeu,dulcy fankam mendjiadeu,dulcy fankam mendjiadeu,DAL,CHI,rebounds,2.64,/home/ubuntu/EdgeRanked/sports/wnba/projections.csv,no_safe_player_match,0,2026-06-21T11:30:44Z
2026-06-20,2026-06-20,Dulcy Fankam Mendjiadeu,dulcy fankam mendjiadeu,dulcy fankam mendjiadeu,DAL,CHI,assists,1.66,/home/ubuntu/EdgeRanked/sports/wnba/projections.csv,no_safe_player_match,0,2026-06-21T11:30:44Z
2026-06-20,2026-06-20,Dulcy Fankam Mendjiadeu,dulcy fankam mendjiadeu,dulcy fankam mendjiadeu,DAL,CHI,threes_made,0.76,/home/ubuntu/EdgeRanked/sports/wnba/projections.csv,no_safe_player_match,0,2026-06-21T11:30:44Z
2026-06-20,2026-06-20,Dulcy Fankam Mendjiadeu,dulcy fankam mendjiadeu,dulcy fankam mendjiadeu,DAL,CHI,steals,0.82,/home/ubuntu/EdgeRanked/sports/wnba/projections.csv,no_safe_player_match,0,2026-06-21T11:30:44Z
2026-06-20,2026-06-20,Dulcy Fankam Mendjiadeu,dulcy fankam mendjiadeu,dulcy fankam mendjiadeu,DAL,CHI,blocks,0.33,/home/ubuntu/EdgeRanked/sports/wnba/projections.csv,no_safe_player_match,0,2026-06-21T11:30:44Z
2026-06-20,2026-06-20,Ezi Magbegor,ezi magbegor,ezi magbegor,SEA,PHX,points,6.25,/home/ubuntu/EdgeRanked/sports/wnba/projections.csv,missing_projected_or_actual_value,1,2026-06-21T11:30:44Z
2026-06-20,2026-06-20,Ezi Magbegor,ezi magbegor,ezi magbegor,SEA,PHX,rebounds,2.77,/home/ubuntu/EdgeRanked/sports/wnba/projections.csv,missing_projected_or_actual_value,1,2026-06-21T11:30:44Z
2026-06-20,2026-06-20,Ezi Magbegor,ezi magbegor,ezi magbegor,SEA,PHX,assists,1.62,/home/ubuntu/EdgeRanked/sports/wnba/projections.csv,missing_projected_or_actual_value,1,2026-06-21T11:30:44Z
2026-06-20,2026-06-20,Ezi Magbegor,ezi magbegor,ezi magbegor,SEA,PHX,threes_made,0.76,/home/ubuntu/EdgeRanked/sports/wnba/projections.csv,missing_projected_or_actual_value,1,2026-06-21T11:30:44Z
2026-06-20,2026-06-20,Ezi Magbegor,ezi magbegor,ezi magbegor,SEA,PHX,steals,0.63,/home/ubuntu/EdgeRanked/sports/wnba/projections.csv,missing_projected_or_actual_value,1,2026-06-21T11:30:44Z
2026-06-20,2026-06-20,Ezi Magbegor,ezi magbegor,ezi magbegor,SEA,PHX,blocks,0.29,/home/ubuntu/EdgeRanked/sports/wnba/projections.csv,missing_projected_or_actual_value,1,2026-06-21T11:30:44Z
2026-06-20,2026-06-20,Grace VanSlooten,grace vanslooten,grace vanslooten,IND,ATL,points,1.73,/home/ubuntu/EdgeRanked/sports/wnba/projections.csv,missing_projected_or_actual_value,1,2026-06-21T11:30:44Z
2026-06-20,2026-06-20,Grace VanSlooten,grace vanslooten,grace vanslooten,IND,ATL,rebounds,0.54,/home/ubuntu/EdgeRanked/sports/wnba/projections.csv,missing_projected_or_actual_value,1,2026-06-21T11:30:44Z
2026-06-20,2026-06-20,Grace VanSlooten,grace vanslooten,grace vanslooten,IND,ATL,assists,0.77,/home/ubuntu/EdgeRanked/sports/wnba/projections.csv,missing_projected_or_actual_value,1,2026-06-21T11:30:44Z
2026-06-20,2026-06-20,Grace VanSlooten,grace vanslooten,grace vanslooten,IND,ATL,threes_made,0.22,/home/ubuntu/EdgeRanked/sports/wnba/projections.csv,missing_projected_or_actual_value,1,2026-06-21T11:30:44Z
2026-06-20,2026-06-20,Grace VanSlooten,grace vanslooten,grace vanslooten,IND,ATL,steals,0.4,/home/ubuntu/EdgeRanked/sports/wnba/projections.csv,missing_projected_or_actual_value,1,2026-06-21T11:30:44Z
2026-06-20,2026-06-20,Grace VanSlooten,grace vanslooten,grace vanslooten,IND,ATL,blocks,0.33,/home/ubuntu/EdgeRanked/sports/wnba/projections.csv,missing_projected_or_actual_value,1,2026-06-21T11:30:44Z
2026-06-20,2026-06-20,JJ Quinerly,jj quinerly,jj quinerly,DAL,CHI,points,1.26,/home/ubuntu/EdgeRanked/sports/wnba/projections.csv,no_safe_player_match,0,2026-06-21T11:30:44Z
2026-06-20,2026-06-20,JJ Quinerly,jj quinerly,jj quinerly,DAL,CHI,rebounds,1.01,/home/ubuntu/EdgeRanked/sports/wnba/projections.csv,no_safe_player_match,0,2026-06-21T11:30:44Z
2026-06-20,2026-06-20,JJ Quinerly,jj quinerly,jj quinerly,DAL,CHI,assists,1.02,/home/ubuntu/EdgeRanked/sports/wnba/projections.csv,no_safe_player_match,0,2026-06-21T11:30:44Z
2026-06-20,2026-06-20,JJ Quinerly,jj quinerly,jj quinerly,DAL,CHI,threes_made,0.12,/home/ubuntu/EdgeRanked/sports/wnba/projections.csv,no_safe_player_match,0,2026-06-21T11:30:44Z
2026-06-20,2026-06-20,JJ Quinerly,jj quinerly,jj quinerly,DAL,CHI,steals,0.32,/home/ubuntu/EdgeRanked/sports/wnba/projections.csv,no_safe_player_match,0,2026-06-21T11:30:44Z
2026-06-20,2026-06-20,JJ Quinerly,jj quinerly,jj quinerly,DAL,CHI,blocks,0.4,/home/ubuntu/EdgeRanked/sports/wnba/projections.csv,no_safe_player_match,0,2026-06-21T11:30:44Z
2026-06-20,2026-06-20,Jordan Horston,jordan horston,jordan horston,SEA,PHX,points,6.68,/home/ubuntu/EdgeRanked/sports/wnba/projections.csv,missing_projected_or_actual_value,1,2026-06-21T11:30:44Z
2026-06-20,2026-06-20,Jordan Horston,jordan horston,jordan horston,SEA,PHX,rebounds,4.8,/home/ubuntu/EdgeRanked/sports/wnba/projections.csv,missing_projected_or_actual_value,1,2026-06-21T11:30:44Z
2026-06-20,2026-06-20,Jordan Horston,jordan horston,jordan horston,SEA,PHX,assists,2.02,/home/ubuntu/EdgeRanked/sports/wnba/projections.csv,missing_projected_or_actual_value,1,2026-06-21T11:30:44Z
2026-06-20,2026-06-20,Jordan Horston,jordan horston,jordan horston,SEA,PHX,threes_made,0.59,/home/ubuntu/EdgeRanked/sports/wnba/projections.csv,missing_projected_or_actual_value,1,2026-06-21T11:30:44Z
2026-06-20,2026-06-20,Jordan Horston,jordan horston,jordan horston,SEA,PHX,steals,1.13,/home/ubuntu/EdgeRanked/sports/wnba/projections.csv,missing_projected_or_actual_value,1,2026-06-21T11:30:44Z
2026-06-20,2026-06-20,Jordan Horston,jordan horston,jordan horston,SEA,PHX,blocks,0.84,/home/ubuntu/EdgeRanked/sports/wnba/projections.csv,missing_projected_or_actual_value,1,2026-06-21T11:30:44Z
2026-06-20,2026-06-20,Jovana Nogic,jovana nogic,jovana nogic,PHX,SEA,points,8.77,/home/ubuntu/EdgeRanked/sports/wnba/projections.csv,no_safe_player_match,0,2026-06-21T11:30:44Z
2026-06-20,2026-06-20,Jovana Nogic,jovana nogic,jovana nogic,PHX,SEA,rebounds,1.67,/home/ubuntu/EdgeRanked/sports/wnba/projections.csv,no_safe_player_match,0,2026-06-21T11:30:44Z
2026-06-20,2026-06-20,Jovana Nogic,jovana nogic,jovana nogic,PHX,SEA,assists,1.77,/home/ubuntu/EdgeRanked/sports/wnba/projections.csv,no_safe_player_match,0,2026-06-21T11:30:44Z
2026-06-20,2026-06-20,Jovana Nogic,jovana nogic,jovana nogic,PHX,SEA,threes_made,1.53,/home/ubuntu/EdgeRanked/sports/wnba/projections.csv,no_safe_player_match,0,2026-06-21T11:30:44Z
2026-06-20,2026-06-20,Jovana Nogic,jovana nogic,jovana nogic,PHX,SEA,steals,0.68,/home/ubuntu/EdgeRanked/sports/wnba/projections.csv,no_safe_player_match,0,2026-06-21T11:30:44Z
2026-06-20,2026-06-20,Jovana Nogic,jovana nogic,jovana nogic,PHX,SEA,blocks,0.17,/home/ubuntu/EdgeRanked/sports/wnba/projections.csv,no_safe_player_match,0,2026-06-21T11:30:44Z
2026-06-20,2026-06-20,Joyner Holmes,joyner holmes,joyner holmes,SEA,PHX,points,2.83,/home/ubuntu/EdgeRanked/sports/wnba/projections.csv,no_safe_player_match,0,2026-06-21T11:30:44Z
2026-06-20,2026-06-20,Joyner Holmes,joyner holmes,joyner holmes,SEA,PHX,rebounds,4.29,/home/ubuntu/EdgeRanked/sports/wnba/projections.csv,no_safe_player_match,0,2026-06-21T11:30:44Z
2026-06-20,2026-06-20,Joyner Holmes,joyner holmes,joyner holmes,SEA,PHX,assists,1.01,/home/ubuntu/EdgeRanked/sports/wnba/projections.csv,no_safe_player_match,0,2026-06-21T11:30:44Z
2026-06-20,2026-06-20,Joyner Holmes,joyner holmes,joyner holmes,SEA,PHX,threes_made,0.12,/home/ubuntu/EdgeRanked/sports/wnba/projections.csv,no_safe_player_match,0,2026-06-21T11:30:44Z
2026-06-20,2026-06-20,Joyner Holmes,joyner holmes,joyner holmes,SEA,PHX,steals,0.36,/home/ubuntu/EdgeRanked/sports/wnba/projections.csv,no_safe_player_match,0,2026-06-21T11:30:44Z
2026-06-20,2026-06-20,Joyner Holmes,joyner holmes,joyner holmes,SEA,PHX,blocks,2.15,/home/ubuntu/EdgeRanked/sports/wnba/projections.csv,no_safe_player_match,0,2026-06-21T11:30:44Z
2026-06-20,2026-06-20,Justine Pissott,justine pissott,justine pissott,IND,ATL,points,6.1,/home/ubuntu/EdgeRanked/sports/wnba/projections.csv,no_safe_player_match,0,2026-06-21T11:30:44Z
2026-06-20,2026-06-20,Justine Pissott,justine pissott,justine pissott,IND,ATL,rebounds,2.77,/home/ubuntu/EdgeRanked/sports/wnba/projections.csv,no_safe_player_match,0,2026-06-21T11:30:44Z
2026-06-20,2026-06-20,Justine Pissott,justine pissott,justine pissott,IND,ATL,assists,1.38,/home/ubuntu/EdgeRanked/sports/wnba/projections.csv,no_safe_player_match,0,2026-06-21T11:30:44Z
2026-06-20,2026-06-20,Justine Pissott,justine pissott,justine pissott,IND,ATL,threes_made,0.8,/home/ubuntu/EdgeRanked/sports/wnba/projections.csv,no_safe_player_match,0,2026-06-21T11:30:44Z
2026-06-20,2026-06-20,Justine Pissott,justine pissott,justine pissott,IND,ATL,steals,0.66,/home/ubuntu/EdgeRanked/sports/wnba/projections.csv,no_safe_player_match,0,2026-06-21T11:30:44Z
2026-06-20,2026-06-20,Justine Pissott,justine pissott,justine pissott,IND,ATL,blocks,0.3,/home/ubuntu/EdgeRanked/sports/wnba/projections.csv,no_safe_player_match,0,2026-06-21T11:30:44Z
2026-06-20,2026-06-20,Kiana Williams,kiana williams,kiana williams,PHX,SEA,points,3.27,/home/ubuntu/EdgeRanked/sports/wnba/projections.csv,no_safe_player_match,0,2026-06-21T11:30:44Z
2026-06-20,2026-06-20,Kiana Williams,kiana williams,kiana williams,PHX,SEA,rebounds,0.79,/home/ubuntu/EdgeRanked/sports/wnba/projections.csv,no_safe_player_match,0,2026-06-21T11:30:44Z
2026-06-20,2026-06-20,Kiana Williams,kiana williams,kiana williams,PHX,SEA,assists,0.62,/home/ubuntu/EdgeRanked/sports/wnba/projections.csv,no_safe_player_match,0,2026-06-21T11:30:44Z
2026-06-20,2026-06-20,Kiana Williams,kiana williams,kiana williams,PHX,SEA,threes_made,0.86,/home/ubuntu/EdgeRanked/sports/wnba/projections.csv,no_safe_player_match,0,2026-06-21T11:30:44Z
2026-06-20,2026-06-20,Kiana Williams,kiana williams,kiana williams,PHX,SEA,steals,0.57,/home/ubuntu/EdgeRanked/sports/wnba/projections.csv,no_safe_player_match,0,2026-06-21T11:30:44Z
2026-06-20,2026-06-20,Kiana Williams,kiana williams,kiana williams,PHX,SEA,blocks,0.14,/home/ubuntu/EdgeRanked/sports/wnba/projections.csv,no_safe_player_match,0,2026-06-21T11:30:44Z
2026-06-20,2026-06-20,Lexie Brown,lexie brown,lexie brown,SEA,PHX,points,2.57,/home/ubuntu/EdgeRanked/sports/wnba/projections.csv,no_safe_player_match,0,2026-06-21T11:30:44Z
2026-06-20,2026-06-20,Lexie Brown,lexie brown,lexie brown,SEA,PHX,rebounds,1.04,/home/ubuntu/EdgeRanked/sports/wnba/projections.csv,no_safe_player_match,0,2026-06-21T11:30:44Z
2026-06-20,2026-06-20,Lexie Brown,lexie brown,lexie brown,SEA,PHX,assists,0.64,/home/ubuntu/EdgeRanked/sports/wnba/projections.csv,no_safe_player_match,0,2026-06-21T11:30:44Z
2026-06-20,2026-06-20,Lexie Brown,lexie brown,lexie brown,SEA,PHX,threes_made,0.73,/home/ubuntu/EdgeRanked/sports/wnba/projections.csv,no_safe_player_match,0,2026-06-21T11:30:44Z
2026-06-20,2026-06-20,Lexie Brown,lexie brown,lexie brown,SEA,PHX,steals,0.48,/home/ubuntu/EdgeRanked/sports/wnba/projections.csv,no_safe_player_match,0,2026-06-21T11:30:44Z
2026-06-20,2026-06-20,Lexie Brown,lexie brown,lexie brown,SEA,PHX,blocks,0.13,/home/ubuntu/EdgeRanked/sports/wnba/projections.csv,no_safe_player_match,0,2026-06-21T11:30:44Z
2026-06-20,2026-06-20,Marta Suarez,marta suarez,marta suarez,PHX,SEA,points,2.0,/home/ubuntu/EdgeRanked/sports/wnba/projections.csv,no_safe_player_match,0,2026-06-21T11:30:44Z
2026-06-20,2026-06-20,Marta Suarez,marta suarez,marta suarez,PHX,SEA,rebounds,1.4,/home/ubuntu/EdgeRanked/sports/wnba/projections.csv,no_safe_player_match,0,2026-06-21T11:30:44Z
2026-06-20,2026-06-20,Marta Suarez,marta suarez,marta suarez,PHX,SEA,assists,0.28,/home/ubuntu/EdgeRanked/sports/wnba/projections.csv,no_safe_player_match,0,2026-06-21T11:30:44Z
2026-06-20,2026-06-20,Marta Suarez,marta suarez,marta suarez,PHX,SEA,threes_made,0.6,/home/ubuntu/EdgeRanked/sports/wnba/projections.csv,no_safe_player_match,0,2026-06-21T11:30:44Z
2026-06-20,2026-06-20,Marta Suarez,marta suarez,marta suarez,PHX,SEA,steals,0.41,/home/ubuntu/EdgeRanked/sports/wnba/projections.csv,no_safe_player_match,0,2026-06-21T11:30:44Z
2026-06-20,2026-06-20,Marta Suarez,marta suarez,marta suarez,PHX,SEA,blocks,0.13,/home/ubuntu/EdgeRanked/sports/wnba/projections.csv,no_safe_player_match,0,2026-06-21T11:30:44Z
2026-06-20,2026-06-20,Monique Akoa Makani,monique akoa makani,monique akoa makani,PHX,SEA,points,8.31,/home/ubuntu/EdgeRanked/sports/wnba/projections.csv,missing_projected_or_actual_value,1,2026-06-21T11:30:44Z
2026-06-20,2026-06-20,Monique Akoa Makani,monique akoa makani,monique akoa makani,PHX,SEA,rebounds,2.02,/home/ubuntu/EdgeRanked/sports/wnba/projections.csv,missing_projected_or_actual_value,1,2026-06-21T11:30:44Z
2026-06-20,2026-06-20,Monique Akoa Makani,monique akoa makani,monique akoa makani,PHX,SEA,assists,2.79,/home/ubuntu/EdgeRanked/sports/wnba/projections.csv,missing_projected_or_actual_value,1,2026-06-21T11:30:44Z
2026-06-20,2026-06-20,Monique Akoa Makani,monique akoa makani,monique akoa makani,PHX,SEA,threes_made,1.12,/home/ubuntu/EdgeRanked/sports/wnba/projections.csv,missing_projected_or_actual_value,1,2026-06-21T11:30:44Z
2026-06-20,2026-06-20,Monique Akoa Makani,monique akoa makani,monique akoa makani,PHX,SEA,steals,1.19,/home/ubuntu/EdgeRanked/sports/wnba/projections.csv,missing_projected_or_actual_value,1,2026-06-21T11:30:44Z
2026-06-20,2026-06-20,Monique Akoa Makani,monique akoa makani,monique akoa makani,PHX,SEA,blocks,0.26,/home/ubuntu/EdgeRanked/sports/wnba/projections.csv,missing_projected_or_actual_value,1,2026-06-21T11:30:44Z
2026-06-20,2026-06-20,Odyssey Sims,odyssey sims,odyssey sims,DAL,CHI,points,2.63,/home/ubuntu/EdgeRanked/sports/wnba/projections.csv,no_safe_player_match,0,2026-06-21T11:30:44Z
2026-06-20,2026-06-20,Odyssey Sims,odyssey sims,odyssey sims,DAL,CHI,rebounds,0.74,/home/ubuntu/EdgeRanked/sports/wnba/projections.csv,no_safe_player_match,0,2026-06-21T11:30:44Z
2026-06-20,2026-06-20,Odyssey Sims,odyssey sims,odyssey sims,DAL,CHI,assists,2.18,/home/ubuntu/EdgeRanked/sports/wnba/projections.csv,no_safe_player_match,0,2026-06-21T11:30:44Z
2026-06-20,2026-06-20,Odyssey Sims,odyssey sims,odyssey sims,DAL,CHI,threes_made,0.3,/home/ubuntu/EdgeRanked/sports/wnba/projections.csv,no_safe_player_match,0,2026-06-21T11:30:44Z
2026-06-20,2026-06-20,Odyssey Sims,odyssey sims,odyssey sims,DAL,CHI,steals,0.67,/home/ubuntu/EdgeRanked/sports/wnba/projections.csv,no_safe_player_match,0,2026-06-21T11:30:44Z
2026-06-20,2026-06-20,Odyssey Sims,odyssey sims,odyssey sims,DAL,CHI,blocks,0.14,/home/ubuntu/EdgeRanked/sports/wnba/projections.csv,no_safe_player_match,0,2026-06-21T11:30:44Z
2026-06-20,2026-06-20,Rachel Banham,rachel banham,rachel banham,CHI,DAL,points,1.95,/home/ubuntu/EdgeRanked/sports/wnba/projections.csv,missing_projected_or_actual_value,1,2026-06-21T11:30:44Z
2026-06-20,2026-06-20,Rachel Banham,rachel banham,rachel banham,CHI,DAL,rebounds,0.7,/home/ubuntu/EdgeRanked/sports/wnba/projections.csv,missing_projected_or_actual_value,1,2026-06-21T11:30:44Z
2026-06-20,2026-06-20,Rachel Banham,rachel banham,rachel banham,CHI,DAL,assists,0.36,/home/ubuntu/EdgeRanked/sports/wnba/projections.csv,missing_projected_or_actual_value,1,2026-06-21T11:30:44Z
2026-06-20,2026-06-20,Rachel Banham,rachel banham,rachel banham,CHI,DAL,threes_made,0.54,/home/ubuntu/EdgeRanked/sports/wnba/projections.csv,missing_projected_or_actual_value,1,2026-06-21T11:30:44Z
2026-06-20,2026-06-20,Rachel Banham,rachel banham,rachel banham,CHI,DAL,steals,0.15,/home/ubuntu/EdgeRanked/sports/wnba/projections.csv,missing_projected_or_actual_value,1,2026-06-21T11:30:44Z
2026-06-20,2026-06-20,Rachel Banham,rachel banham,rachel banham,CHI,DAL,blocks,0.23,/home/ubuntu/EdgeRanked/sports/wnba/projections.csv,missing_projected_or_actual_value,1,2026-06-21T11:30:44Z
2026-06-20,2026-06-20,Rickea Jackson,rickea jackson,rickea jackson,CHI,DAL,points,16.47,/home/ubuntu/EdgeRanked/sports/wnba/projections.csv,no_safe_player_match,0,2026-06-21T11:30:44Z
2026-06-20,2026-06-20,Rickea Jackson,rickea jackson,rickea jackson,CHI,DAL,rebounds,3.98,/home/ubuntu/EdgeRanked/sports/wnba/projections.csv,no_safe_player_match,0,2026-06-21T11:30:44Z
2026-06-20,2026-06-20,Rickea Jackson,rickea jackson,rickea jackson,CHI,DAL,assists,0.62,/home/ubuntu/EdgeRanked/sports/wnba/projections.csv,no_safe_player_match,0,2026-06-21T11:30:44Z
2026-06-20,2026-06-20,Rickea Jackson,rickea jackson,rickea jackson,CHI,DAL,threes_made,1.86,/home/ubuntu/EdgeRanked/sports/wnba/projections.csv,no_safe_player_match,0,2026-06-21T11:30:44Z
2026-06-20,2026-06-20,Rickea Jackson,rickea jackson,rickea jackson,CHI,DAL,steals,0.3,/home/ubuntu/EdgeRanked/sports/wnba/projections.csv,no_safe_player_match,0,2026-06-21T11:30:44Z
2026-06-20,2026-06-20,Rickea Jackson,rickea jackson,rickea jackson,CHI,DAL,blocks,1.79,/home/ubuntu/EdgeRanked/sports/wnba/projections.csv,no_safe_player_match,0,2026-06-21T11:30:44Z
2026-06-20,2026-06-20,Sami Whitcomb,sami whitcomb,sami whitcomb,PHX,SEA,points,6.24,/home/ubuntu/EdgeRanked/sports/wnba/projections.csv,missing_projected_or_actual_value,1,2026-06-21T11:30:44Z
2026-06-20,2026-06-20,Sami Whitcomb,sami whitcomb,sami whitcomb,PHX,SEA,rebounds,2.61,/home/ubuntu/EdgeRanked/sports/wnba/projections.csv,missing_projected_or_actual_value,1,2026-06-21T11:30:44Z
2026-06-20,2026-06-20,Sami Whitcomb,sami whitcomb,sami whitcomb,PHX,SEA,assists,1.54,/home/ubuntu/EdgeRanked/sports/wnba/projections.csv,missing_projected_or_actual_value,1,2026-06-21T11:30:44Z
2026-06-20,2026-06-20,Sami Whitcomb,sami whitcomb,sami whitcomb,PHX,SEA,threes_made,0.75,/home/ubuntu/EdgeRanked/sports/wnba/projections.csv,missing_projected_or_actual_value,1,2026-06-21T11:30:44Z
2026-06-20,2026-06-20,Sami Whitcomb,sami whitcomb,sami whitcomb,PHX,SEA,steals,0.66,/home/ubuntu/EdgeRanked/sports/wnba/projections.csv,missing_projected_or_actual_value,1,2026-06-21T11:30:44Z
2026-06-20,2026-06-20,Sami Whitcomb,sami whitcomb,sami whitcomb,PHX,SEA,blocks,0.29,/home/ubuntu/EdgeRanked/sports/wnba/projections.csv,missing_projected_or_actual_value,1,2026-06-21T11:30:44Z
2026-06-20,2026-06-20,Saylor Poffenbarger,saylor poffenbarger,saylor poffenbarger,CHI,DAL,points,0.45,/home/ubuntu/EdgeRanked/sports/wnba/projections.csv,missing_projected_or_actual_value,1,2026-06-21T11:30:44Z
2026-06-20,2026-06-20,Saylor Poffenbarger,saylor poffenbarger,saylor poffenbarger,CHI,DAL,rebounds,1.86,/home/ubuntu/EdgeRanked/sports/wnba/projections.csv,missing_projected_or_actual_value,1,2026-06-21T11:30:44Z
2026-06-20,2026-06-20,Saylor Poffenbarger,saylor poffenbarger,saylor poffenbarger,CHI,DAL,assists,0.35,/home/ubuntu/EdgeRanked/sports/wnba/projections.csv,missing_projected_or_actual_value,1,2026-06-21T11:30:44Z
2026-06-20,2026-06-20,Saylor Poffenbarger,saylor poffenbarger,saylor poffenbarger,CHI,DAL,threes_made,0.12,/home/ubuntu/EdgeRanked/sports/wnba/projections.csv,missing_projected_or_actual_value,1,2026-06-21T11:30:44Z
2026-06-20,2026-06-20,Saylor Poffenbarger,saylor poffenbarger,saylor poffenbarger,CHI,DAL,steals,0.36,/home/ubuntu/EdgeRanked/sports/wnba/projections.csv,missing_projected_or_actual_value,1,2026-06-21T11:30:44Z
2026-06-20,2026-06-20,Saylor Poffenbarger,saylor poffenbarger,saylor poffenbarger,CHI,DAL,blocks,0.25,/home/ubuntu/EdgeRanked/sports/wnba/projections.csv,missing_projected_or_actual_value,1,2026-06-21T11:30:44Z
2026-06-20,2026-06-20,Taina Mair,taina mair,taina mair,SEA,PHX,points,0.47,/home/ubuntu/EdgeRanked/sports/wnba/projections.csv,no_safe_player_match,0,2026-06-21T11:30:44Z
2026-06-20,2026-06-20,Taina Mair,taina mair,taina mair,SEA,PHX,rebounds,0.27,/home/ubuntu/EdgeRanked/sports/wnba/projections.csv,no_safe_player_match,0,2026-06-21T11:30:44Z
2026-06-20,2026-06-20,Taina Mair,taina mair,taina mair,SEA,PHX,assists,0.79,/home/ubuntu/EdgeRanked/sports/wnba/projections.csv,no_safe_player_match,0,2026-06-21T11:30:44Z
2026-06-20,2026-06-20,Taina Mair,taina mair,taina mair,SEA,PHX,threes_made,0.14,/home/ubuntu/EdgeRanked/sports/wnba/projections.csv,no_safe_player_match,0,2026-06-21T11:30:44Z
2026-06-20,2026-06-20,Taina Mair,taina mair,taina mair,SEA,PHX,steals,0.17,/home/ubuntu/EdgeRanked/sports/wnba/projections.csv,no_safe_player_match,0,2026-06-21T11:30:44Z
2026-06-20,2026-06-20,Taina Mair,taina mair,taina mair,SEA,PHX,blocks,0.08,/home/ubuntu/EdgeRanked/sports/wnba/projections.csv,no_safe_player_match,0,2026-06-21T11:30:44Z
