slate_date,game_date,player_name,player_id,player_key,team,opponent,projected_minutes,source_file,reason,candidate_actual_rows,created_at_utc
2025-07-05,2025-07-05,A'ja Wilson,a'ja wilson,a'ja wilson,LVA,NYL,36.35,/home/ubuntu/EdgeRanked/sports/wnba/outputs/archive/projections/wnba_projections_20250705.csv,no_safe_player_match,0,2026-06-24T11:30:43Z
2025-07-05,2025-07-05,Aliyah Boston,aliyah boston,aliyah boston,IND,CON,30.13,/home/ubuntu/EdgeRanked/sports/wnba/outputs/archive/projections/wnba_projections_20250705.csv,no_safe_player_match,0,2026-06-24T11:30:43Z
2025-07-05,2025-07-05,Alysha Clark,alysha clark,alysha clark,LVA,NYL,26.22,/home/ubuntu/EdgeRanked/sports/wnba/outputs/archive/projections/wnba_projections_20250705.csv,no_safe_player_match,0,2026-06-24T11:30:43Z
2025-07-05,2025-07-05,Alyssa Thomas,alyssa thomas,alyssa thomas,CON,IND,34.07,/home/ubuntu/EdgeRanked/sports/wnba/outputs/archive/projections/wnba_projections_20250705.csv,no_safe_player_match,0,2026-06-24T11:30:43Z
2025-07-05,2025-07-05,Betnijah Laney-Hamilton,betnijah laney-hamilton,betnijah laney-hamilton,NYL,LVA,28.36,/home/ubuntu/EdgeRanked/sports/wnba/outputs/archive/projections/wnba_projections_20250705.csv,no_safe_player_match,0,2026-06-24T11:30:43Z
2025-07-05,2025-07-05,Breanna Stewart,breanna stewart,breanna stewart,NYL,LVA,34.45,/home/ubuntu/EdgeRanked/sports/wnba/outputs/archive/projections/wnba_projections_20250705.csv,no_safe_player_match,0,2026-06-24T11:30:43Z
2025-07-05,2025-07-05,Brionna Jones,brionna jones,brionna jones,CON,IND,28.92,/home/ubuntu/EdgeRanked/sports/wnba/outputs/archive/projections/wnba_projections_20250705.csv,no_safe_player_match,0,2026-06-24T11:30:43Z
2025-07-05,2025-07-05,Caitlin Clark,caitlin clark,caitlin clark,IND,CON,34.6,/home/ubuntu/EdgeRanked/sports/wnba/outputs/archive/projections/wnba_projections_20250705.csv,no_safe_player_match,0,2026-06-24T11:30:43Z
2025-07-05,2025-07-05,Chelsea Gray,chelsea gray,chelsea gray,LVA,NYL,32.14,/home/ubuntu/EdgeRanked/sports/wnba/outputs/archive/projections/wnba_projections_20250705.csv,no_safe_player_match,0,2026-06-24T11:30:43Z
2025-07-05,2025-07-05,Courtney Vandersloot,courtney vandersloot,courtney vandersloot,NYL,LVA,26.39,/home/ubuntu/EdgeRanked/sports/wnba/outputs/archive/projections/wnba_projections_20250705.csv,no_safe_player_match,0,2026-06-24T11:30:43Z
2025-07-05,2025-07-05,DeWanna Bonner,dewanna bonner,dewanna bonner,CON,IND,31.09,/home/ubuntu/EdgeRanked/sports/wnba/outputs/archive/projections/wnba_projections_20250705.csv,no_safe_player_match,0,2026-06-24T11:30:43Z
2025-07-05,2025-07-05,DiJonai Carrington,dijonai carrington,dijonai carrington,CON,IND,29.69,/home/ubuntu/EdgeRanked/sports/wnba/outputs/archive/projections/wnba_projections_20250705.csv,no_safe_player_match,0,2026-06-24T11:30:43Z
2025-07-05,2025-07-05,Erica Wheeler,erica wheeler,erica wheeler,IND,CON,23.49,/home/ubuntu/EdgeRanked/sports/wnba/outputs/archive/projections/wnba_projections_20250705.csv,no_safe_player_match,0,2026-06-24T11:30:43Z
2025-07-05,2025-07-05,Jackie Young,jackie young,jackie young,LVA,NYL,33.83,/home/ubuntu/EdgeRanked/sports/wnba/outputs/archive/projections/wnba_projections_20250705.csv,no_safe_player_match,0,2026-06-24T11:30:43Z
2025-07-05,2025-07-05,Jonquel Jones,jonquel jones,jonquel jones,NYL,LVA,30.9,/home/ubuntu/EdgeRanked/sports/wnba/outputs/archive/projections/wnba_projections_20250705.csv,no_safe_player_match,0,2026-06-24T11:30:43Z
2025-07-05,2025-07-05,Kelsey Mitchell,kelsey mitchell,kelsey mitchell,IND,CON,31.6,/home/ubuntu/EdgeRanked/sports/wnba/outputs/archive/projections/wnba_projections_20250705.csv,no_safe_player_match,0,2026-06-24T11:30:43Z
2025-07-05,2025-07-05,Kelsey Plum,kelsey plum,kelsey plum,LVA,NYL,32.98,/home/ubuntu/EdgeRanked/sports/wnba/outputs/archive/projections/wnba_projections_20250705.csv,no_safe_player_match,0,2026-06-24T11:30:43Z
2025-07-05,2025-07-05,Marina Mabrey,marina mabrey,marina mabrey,CON,IND,30.06,/home/ubuntu/EdgeRanked/sports/wnba/outputs/archive/projections/wnba_projections_20250705.csv,no_safe_player_match,0,2026-06-24T11:30:43Z
2025-07-05,2025-07-05,NaLyssa Smith,nalyssa smith,nalyssa smith,IND,CON,27.17,/home/ubuntu/EdgeRanked/sports/wnba/outputs/archive/projections/wnba_projections_20250705.csv,no_safe_player_match,0,2026-06-24T11:30:43Z
2025-07-05,2025-07-05,Sabrina Ionescu,sabrina ionescu,sabrina ionescu,NYL,LVA,32.37,/home/ubuntu/EdgeRanked/sports/wnba/outputs/archive/projections/wnba_projections_20250705.csv,no_safe_player_match,0,2026-06-24T11:30:43Z
2026-03-31,2026-03-31,A'ja Wilson,a'ja wilson,a'ja wilson,LVA,NYL,36.22,/home/ubuntu/EdgeRanked/sports/wnba/outputs/archive/projections/wnba_projections_20260331.csv,no_actual_rows_for_game_date,0,2026-06-24T11:30:43Z
2026-03-31,2026-03-31,Aliyah Boston,aliyah boston,aliyah boston,IND,CON,30.09,/home/ubuntu/EdgeRanked/sports/wnba/outputs/archive/projections/wnba_projections_20260331.csv,no_actual_rows_for_game_date,0,2026-06-24T11:30:43Z
2026-03-31,2026-03-31,Alysha Clark,alysha clark,alysha clark,LVA,NYL,26.16,/home/ubuntu/EdgeRanked/sports/wnba/outputs/archive/projections/wnba_projections_20260331.csv,no_actual_rows_for_game_date,0,2026-06-24T11:30:43Z
2026-03-31,2026-03-31,Alyssa Thomas,alyssa thomas,alyssa thomas,CON,IND,34.01,/home/ubuntu/EdgeRanked/sports/wnba/outputs/archive/projections/wnba_projections_20260331.csv,no_actual_rows_for_game_date,0,2026-06-24T11:30:43Z
2026-03-31,2026-03-31,Betnijah Laney-Hamilton,betnijah laney-hamilton,betnijah laney-hamilton,NYL,LVA,28.31,/home/ubuntu/EdgeRanked/sports/wnba/outputs/archive/projections/wnba_projections_20260331.csv,no_actual_rows_for_game_date,0,2026-06-24T11:30:43Z
2026-03-31,2026-03-31,Breanna Stewart,breanna stewart,breanna stewart,NYL,LVA,34.52,/home/ubuntu/EdgeRanked/sports/wnba/outputs/archive/projections/wnba_projections_20260331.csv,no_actual_rows_for_game_date,0,2026-06-24T11:30:43Z
2026-03-31,2026-03-31,Brionna Jones,brionna jones,brionna jones,CON,IND,29.0,/home/ubuntu/EdgeRanked/sports/wnba/outputs/archive/projections/wnba_projections_20260331.csv,no_actual_rows_for_game_date,0,2026-06-24T11:30:43Z
2026-03-31,2026-03-31,Caitlin Clark,caitlin clark,caitlin clark,IND,CON,34.55,/home/ubuntu/EdgeRanked/sports/wnba/outputs/archive/projections/wnba_projections_20260331.csv,no_actual_rows_for_game_date,0,2026-06-24T11:30:43Z
2026-03-31,2026-03-31,Chelsea Gray,chelsea gray,chelsea gray,LVA,NYL,32.21,/home/ubuntu/EdgeRanked/sports/wnba/outputs/archive/projections/wnba_projections_20260331.csv,no_actual_rows_for_game_date,0,2026-06-24T11:30:43Z
2026-03-31,2026-03-31,Courtney Vandersloot,courtney vandersloot,courtney vandersloot,NYL,LVA,26.3,/home/ubuntu/EdgeRanked/sports/wnba/outputs/archive/projections/wnba_projections_20260331.csv,no_actual_rows_for_game_date,0,2026-06-24T11:30:43Z
2026-03-31,2026-03-31,DeWanna Bonner,dewanna bonner,dewanna bonner,CON,IND,31.18,/home/ubuntu/EdgeRanked/sports/wnba/outputs/archive/projections/wnba_projections_20260331.csv,no_actual_rows_for_game_date,0,2026-06-24T11:30:43Z
2026-03-31,2026-03-31,DiJonai Carrington,dijonai carrington,dijonai carrington,CON,IND,29.73,/home/ubuntu/EdgeRanked/sports/wnba/outputs/archive/projections/wnba_projections_20260331.csv,no_actual_rows_for_game_date,0,2026-06-24T11:30:43Z
2026-03-31,2026-03-31,Erica Wheeler,erica wheeler,erica wheeler,IND,CON,23.55,/home/ubuntu/EdgeRanked/sports/wnba/outputs/archive/projections/wnba_projections_20260331.csv,no_actual_rows_for_game_date,0,2026-06-24T11:30:43Z
2026-03-31,2026-03-31,Jackie Young,jackie young,jackie young,LVA,NYL,33.55,/home/ubuntu/EdgeRanked/sports/wnba/outputs/archive/projections/wnba_projections_20260331.csv,no_actual_rows_for_game_date,0,2026-06-24T11:30:43Z
2026-03-31,2026-03-31,Jonquel Jones,jonquel jones,jonquel jones,NYL,LVA,30.92,/home/ubuntu/EdgeRanked/sports/wnba/outputs/archive/projections/wnba_projections_20260331.csv,no_actual_rows_for_game_date,0,2026-06-24T11:30:43Z
2026-03-31,2026-03-31,Kelsey Mitchell,kelsey mitchell,kelsey mitchell,IND,CON,31.67,/home/ubuntu/EdgeRanked/sports/wnba/outputs/archive/projections/wnba_projections_20260331.csv,no_actual_rows_for_game_date,0,2026-06-24T11:30:43Z
2026-03-31,2026-03-31,Kelsey Plum,kelsey plum,kelsey plum,LVA,NYL,32.89,/home/ubuntu/EdgeRanked/sports/wnba/outputs/archive/projections/wnba_projections_20260331.csv,no_actual_rows_for_game_date,0,2026-06-24T11:30:43Z
2026-03-31,2026-03-31,Marina Mabrey,marina mabrey,marina mabrey,CON,IND,29.97,/home/ubuntu/EdgeRanked/sports/wnba/outputs/archive/projections/wnba_projections_20260331.csv,no_actual_rows_for_game_date,0,2026-06-24T11:30:43Z
2026-03-31,2026-03-31,NaLyssa Smith,nalyssa smith,nalyssa smith,IND,CON,27.1,/home/ubuntu/EdgeRanked/sports/wnba/outputs/archive/projections/wnba_projections_20260331.csv,no_actual_rows_for_game_date,0,2026-06-24T11:30:43Z
2026-03-31,2026-03-31,Sabrina Ionescu,sabrina ionescu,sabrina ionescu,NYL,LVA,32.44,/home/ubuntu/EdgeRanked/sports/wnba/outputs/archive/projections/wnba_projections_20260331.csv,no_actual_rows_for_game_date,0,2026-06-24T11:30:43Z
2026-05-09,2026-05-09,Monique Billings,monique billings,monique billings,IND,DAL,21.34,/home/ubuntu/EdgeRanked/sports/wnba/outputs/archive/projections/wnba_projections_20260509.csv,missing_projected_or_actual_minutes,1,2026-06-24T11:30:43Z
2026-05-14,2026-05-14,Carla Leite,carla leite,carla leite,POR,NYL,13.37,/home/ubuntu/EdgeRanked/sports/wnba/outputs/archive/projections/wnba_projections_20260514.csv,no_safe_player_match,0,2026-06-24T11:30:43Z
2026-05-17,2026-05-17,Aliyah Boston,aliyah boston,aliyah boston,IND,SEA,29.44,/home/ubuntu/EdgeRanked/sports/wnba/outputs/archive/projections/wnba_projections_20260517.csv,missing_projected_or_actual_minutes,1,2026-06-24T11:30:43Z
2026-05-17,2026-05-17,Skylar Diggins,skylar diggins,skylar diggins,CHI,MIN,31.81,/home/ubuntu/EdgeRanked/sports/wnba/outputs/archive/projections/wnba_projections_20260517.csv,missing_projected_or_actual_minutes,1,2026-06-24T11:30:43Z
2026-05-18,2026-05-18,Carla Leite,carla leite,carla leite,POR,CON,13.63,/home/ubuntu/EdgeRanked/sports/wnba/outputs/archive/projections/wnba_projections_20260518.csv,no_safe_player_match,0,2026-06-24T11:30:43Z
2026-05-20,2026-05-20,Brittney Griner,brittney griner,brittney griner,CON,SEA,18.75,/home/ubuntu/EdgeRanked/sports/wnba/outputs/archive/projections/wnba_projections_20260520.csv,missing_projected_or_actual_minutes,1,2026-06-24T11:30:43Z
2026-05-22,2026-05-22,Brittney Griner,brittney griner,brittney griner,CON,SEA,18.28,/home/ubuntu/EdgeRanked/sports/wnba/outputs/archive/projections/wnba_projections_20260522.csv,missing_projected_or_actual_minutes,1,2026-06-24T11:30:43Z
2026-05-23,2026-05-23,Alysha Clark,alysha clark,alysha clark,LVA,LAS,24.29,/home/ubuntu/EdgeRanked/sports/wnba/outputs/archive/projections/wnba_projections_20260523.csv,no_safe_player_match,0,2026-06-24T11:30:43Z
2026-05-23,2026-05-23,Haley Jones,haley jones,haley jones,POR,TOR,24.77,/home/ubuntu/EdgeRanked/sports/wnba/outputs/archive/projections/wnba_projections_20260523.csv,no_safe_player_match,0,2026-06-24T11:30:43Z
2026-05-23,2026-05-23,Julie Allemand,julie allemand,julie allemand,TOR,POR,27.8,/home/ubuntu/EdgeRanked/sports/wnba/outputs/archive/projections/wnba_projections_20260523.csv,missing_projected_or_actual_minutes,1,2026-06-24T11:30:43Z
2026-05-23,2026-05-23,Karlie Samuelson,karlie samuelson,karlie samuelson,POR,TOR,13.09,/home/ubuntu/EdgeRanked/sports/wnba/outputs/archive/projections/wnba_projections_20260523.csv,missing_projected_or_actual_minutes,1,2026-06-24T11:30:43Z
2026-05-23,2026-05-23,Nneka Ogwumike,nneka ogwumike,nneka ogwumike,LAS,LVA,29.47,/home/ubuntu/EdgeRanked/sports/wnba/outputs/archive/projections/wnba_projections_20260523.csv,no_safe_player_match,0,2026-06-24T11:30:43Z
2026-05-23,2026-05-23,Rickea Jackson,rickea jackson,rickea jackson,CHI,MIN,29.67,/home/ubuntu/EdgeRanked/sports/wnba/outputs/archive/projections/wnba_projections_20260523.csv,missing_projected_or_actual_minutes,1,2026-06-24T11:30:43Z
2026-05-23,2026-05-23,Temi Fágbénlé,temi fágbénlé,temi fágbénlé,TOR,POR,21.71,/home/ubuntu/EdgeRanked/sports/wnba/outputs/archive/projections/wnba_projections_20260523.csv,missing_projected_or_actual_minutes,1,2026-06-24T11:30:43Z
2026-05-24,2026-05-24,Betnijah Laney-Hamilton,betnijah laney-hamilton,betnijah laney-hamilton,NYL,DAL,27.84,/home/ubuntu/EdgeRanked/sports/wnba/outputs/archive/projections/wnba_projections_20260524.csv,no_safe_player_match,0,2026-06-24T11:30:43Z
2026-05-24,2026-05-24,Courtney Vandersloot,courtney vandersloot,courtney vandersloot,NYL,DAL,26.41,/home/ubuntu/EdgeRanked/sports/wnba/outputs/archive/projections/wnba_projections_20260524.csv,no_safe_player_match,0,2026-06-24T11:30:43Z
2026-05-24,2026-05-24,Dominique Malonga,dominique malonga,dominique malonga,SEA,WAS,16.15,/home/ubuntu/EdgeRanked/sports/wnba/outputs/archive/projections/wnba_projections_20260524.csv,missing_projected_or_actual_minutes,1,2026-06-24T11:30:43Z
2026-05-25,2026-05-25,Sabrina Ionescu,sabrina ionescu,sabrina ionescu,NYL,POR,30.88,/home/ubuntu/EdgeRanked/sports/wnba/outputs/archive/projections/wnba_projections_20260525.csv,no_safe_player_match,0,2026-06-24T11:30:43Z
2026-05-29,2026-05-29,Bridget Carleton,bridget carleton,bridget carleton,POR,ATL,25.22,/home/ubuntu/EdgeRanked/sports/wnba/outputs/archive/projections/wnba_projections_20260529.csv,missing_projected_or_actual_minutes,1,2026-06-24T11:30:43Z
2026-05-31,2026-05-31,Alysha Clark,alysha clark,alysha clark,LVA,GSV,24.39,/home/ubuntu/EdgeRanked/sports/wnba/outputs/archive/projections/wnba_projections_20260531.csv,no_safe_player_match,0,2026-06-24T11:30:43Z
2026-05-31,2026-05-31,Jewell Loyd,jewell loyd,jewell loyd,LVA,GSV,27.05,/home/ubuntu/EdgeRanked/sports/wnba/outputs/archive/projections/wnba_projections_20260531.csv,no_safe_player_match,0,2026-06-24T11:30:43Z
2026-05-31,2026-05-31,Kelsey Plum,kelsey plum,kelsey plum,LVA,GSV,32.07,/home/ubuntu/EdgeRanked/sports/wnba/outputs/archive/projections/wnba_projections_20260531.csv,no_safe_player_match,0,2026-06-24T11:30:43Z
2026-06-02,2026-06-02,Chennedy Carter,chennedy carter,chennedy carter,LVA,LAS,28.31,/home/ubuntu/EdgeRanked/sports/wnba/outputs/archive/projections/wnba_projections_20260602.csv,no_safe_player_match,0,2026-06-24T11:30:43Z
2026-06-06,2026-06-06,Alysha Clark,alysha clark,alysha clark,LVA,GSV,24.7,/home/ubuntu/EdgeRanked/sports/wnba/outputs/archive/projections/wnba_projections_20260606.csv,no_safe_player_match,0,2026-06-24T11:30:43Z
2026-06-06,2026-06-06,Chennedy Carter,chennedy carter,chennedy carter,LVA,GSV,28.59,/home/ubuntu/EdgeRanked/sports/wnba/outputs/archive/projections/wnba_projections_20260606.csv,no_safe_player_match,0,2026-06-24T11:30:43Z
2026-06-06,2026-06-06,Courtney Vandersloot,courtney vandersloot,courtney vandersloot,NYL,IND,25.95,/home/ubuntu/EdgeRanked/sports/wnba/outputs/archive/projections/wnba_projections_20260606.csv,no_safe_player_match,0,2026-06-24T11:30:43Z
2026-06-06,2026-06-06,Erica Wheeler,erica wheeler,erica wheeler,IND,NYL,24.02,/home/ubuntu/EdgeRanked/sports/wnba/outputs/archive/projections/wnba_projections_20260606.csv,no_safe_player_match,0,2026-06-24T11:30:43Z
2026-06-06,2026-06-06,Sabrina Ionescu,sabrina ionescu,sabrina ionescu,NYL,IND,31.21,/home/ubuntu/EdgeRanked/sports/wnba/outputs/archive/projections/wnba_projections_20260606.csv,no_safe_player_match,0,2026-06-24T11:30:43Z
2026-06-07,2026-06-07,Aicha Coulibaly,aicha coulibaly,aicha coulibaly,CHI,TOR,17.37,/home/ubuntu/EdgeRanked/sports/wnba/outputs/archive/projections/wnba_projections_20260607.csv,no_safe_player_match,0,2026-06-24T11:30:43Z
2026-06-07,2026-06-07,Courtney Vandersloot,courtney vandersloot,courtney vandersloot,CHI,TOR,29.95,/home/ubuntu/EdgeRanked/sports/wnba/outputs/archive/projections/wnba_projections_20260607.csv,missing_projected_or_actual_minutes,1,2026-06-24T11:30:43Z
2026-06-07,2026-06-07,DiJonai Carrington,dijonai carrington,dijonai carrington,CHI,TOR,32.03,/home/ubuntu/EdgeRanked/sports/wnba/outputs/archive/projections/wnba_projections_20260607.csv,missing_projected_or_actual_minutes,1,2026-06-24T11:30:43Z
2026-06-07,2026-06-07,Emma Cannon,emma cannon,emma cannon,LAS,POR,8.87,/home/ubuntu/EdgeRanked/sports/wnba/outputs/archive/projections/wnba_projections_20260607.csv,missing_projected_or_actual_minutes,1,2026-06-24T11:30:43Z
2026-06-07,2026-06-07,Haley Jones,haley jones,haley jones,POR,LAS,12.73,/home/ubuntu/EdgeRanked/sports/wnba/outputs/archive/projections/wnba_projections_20260607.csv,no_safe_player_match,0,2026-06-24T11:30:43Z
2026-06-07,2026-06-07,Holly Winterburn,holly winterburn,holly winterburn,POR,LAS,15.4,/home/ubuntu/EdgeRanked/sports/wnba/outputs/archive/projections/wnba_projections_20260607.csv,missing_projected_or_actual_minutes,1,2026-06-24T11:30:43Z
2026-06-07,2026-06-07,Jihyun Park,jihyun park,jihyun park,LAS,POR,9.87,/home/ubuntu/EdgeRanked/sports/wnba/outputs/archive/projections/wnba_projections_20260607.csv,missing_projected_or_actual_minutes,1,2026-06-24T11:30:43Z
2026-06-07,2026-06-07,Jordan Harrison,jordan harrison,jordan harrison,POR,LAS,11.07,/home/ubuntu/EdgeRanked/sports/wnba/outputs/archive/projections/wnba_projections_20260607.csv,missing_projected_or_actual_minutes,1,2026-06-24T11:30:43Z
2026-06-07,2026-06-07,Kamiah Smalls,kamiah smalls,kamiah smalls,POR,LAS,14.9,/home/ubuntu/EdgeRanked/sports/wnba/outputs/archive/projections/wnba_projections_20260607.csv,no_safe_player_match,0,2026-06-24T11:30:43Z
2026-06-07,2026-06-07,Kiki Rice,kiki rice,kiki rice,TOR,CHI,28.43,/home/ubuntu/EdgeRanked/sports/wnba/outputs/archive/projections/wnba_projections_20260607.csv,missing_projected_or_actual_minutes,1,2026-06-24T11:30:43Z
2026-06-07,2026-06-07,Mariella Fasoula,mariella fasoula,mariella fasoula,TOR,CHI,11.17,/home/ubuntu/EdgeRanked/sports/wnba/outputs/archive/projections/wnba_projections_20260607.csv,no_safe_player_match,0,2026-06-24T11:30:43Z
2026-06-07,2026-06-07,Nikolina Milic,nikolina milic,nikolina milic,TOR,CHI,10.45,/home/ubuntu/EdgeRanked/sports/wnba/outputs/archive/projections/wnba_projections_20260607.csv,no_safe_player_match,0,2026-06-24T11:30:43Z
2026-06-07,2026-06-07,Rickea Jackson,rickea jackson,rickea jackson,CHI,TOR,30.69,/home/ubuntu/EdgeRanked/sports/wnba/outputs/archive/projections/wnba_projections_20260607.csv,missing_projected_or_actual_minutes,1,2026-06-24T11:30:43Z
2026-06-07,2026-06-07,Sania Feagin,sania feagin,sania feagin,LAS,POR,8.0,/home/ubuntu/EdgeRanked/sports/wnba/outputs/archive/projections/wnba_projections_20260607.csv,missing_projected_or_actual_minutes,1,2026-06-24T11:30:43Z
2026-06-07,2026-06-07,Serah Williams,serah williams,serah williams,POR,LAS,13.41,/home/ubuntu/EdgeRanked/sports/wnba/outputs/archive/projections/wnba_projections_20260607.csv,no_safe_player_match,0,2026-06-24T11:30:43Z
2026-06-07,2026-06-07,Sug Sutton,sug sutton,sug sutton,POR,LAS,22.11,/home/ubuntu/EdgeRanked/sports/wnba/outputs/archive/projections/wnba_projections_20260607.csv,no_safe_player_match,0,2026-06-24T11:30:43Z
2026-06-07,2026-06-07,Ta'Niya Latson,ta'niya latson,ta'niya latson,LAS,POR,11.81,/home/ubuntu/EdgeRanked/sports/wnba/outputs/archive/projections/wnba_projections_20260607.csv,missing_projected_or_actual_minutes,1,2026-06-24T11:30:43Z
2026-06-07,2026-06-07,Temi Fagbenle,temi fagbenle,temi fagbenle,TOR,CHI,16.12,/home/ubuntu/EdgeRanked/sports/wnba/outputs/archive/projections/wnba_projections_20260607.csv,missing_projected_or_actual_minutes,1,2026-06-24T11:30:43Z
2026-06-08,2026-06-08,Alex Fowler,alex fowler,alex fowler,NYL,CON,15.89,/home/ubuntu/EdgeRanked/sports/wnba/outputs/archive/projections/wnba_projections_20260608.csv,no_safe_player_match,0,2026-06-24T11:30:43Z
2026-06-08,2026-06-08,Alex Wilson,alex wilson,alex wilson,WAS,IND,11.6,/home/ubuntu/EdgeRanked/sports/wnba/outputs/archive/projections/wnba_projections_20260608.csv,no_safe_player_match,0,2026-06-24T11:30:43Z
2026-06-08,2026-06-08,Alicia Florez Getino,alicia florez getino,alicia florez getino,WAS,IND,24.91,/home/ubuntu/EdgeRanked/sports/wnba/outputs/archive/projections/wnba_projections_20260608.csv,no_safe_player_match,0,2026-06-24T11:30:43Z
2026-06-08,2026-06-08,Aneesah Morrow,aneesah morrow,aneesah morrow,CON,NYL,27.1,/home/ubuntu/EdgeRanked/sports/wnba/outputs/archive/projections/wnba_projections_20260608.csv,missing_projected_or_actual_minutes,1,2026-06-24T11:30:43Z
2026-06-08,2026-06-08,Anneli Maley,anneli maley,anneli maley,NYL,CON,8.46,/home/ubuntu/EdgeRanked/sports/wnba/outputs/archive/projections/wnba_projections_20260608.csv,missing_projected_or_actual_minutes,1,2026-06-24T11:30:43Z
2026-06-08,2026-06-08,Ashlon Jackson,ashlon jackson,ashlon jackson,CON,NYL,16.13,/home/ubuntu/EdgeRanked/sports/wnba/outputs/archive/projections/wnba_projections_20260608.csv,missing_projected_or_actual_minutes,1,2026-06-24T11:30:43Z
2026-06-08,2026-06-08,Aubrey Griffin,aubrey griffin,aubrey griffin,NYL,CON,8.18,/home/ubuntu/EdgeRanked/sports/wnba/outputs/archive/projections/wnba_projections_20260608.csv,no_safe_player_match,0,2026-06-24T11:30:43Z
2026-06-08,2026-06-08,Bree Hall,bree hall,bree hall,IND,WAS,21.5,/home/ubuntu/EdgeRanked/sports/wnba/outputs/archive/projections/wnba_projections_20260608.csv,no_safe_player_match,0,2026-06-24T11:30:43Z
2026-06-08,2026-06-08,Brittney Griner,brittney griner,brittney griner,CON,NYL,24.15,/home/ubuntu/EdgeRanked/sports/wnba/outputs/archive/projections/wnba_projections_20260608.csv,missing_projected_or_actual_minutes,1,2026-06-24T11:30:43Z
2026-06-08,2026-06-08,Chennedy Carter,chennedy carter,chennedy carter,LVA,SEA,24.22,/home/ubuntu/EdgeRanked/sports/wnba/outputs/archive/projections/wnba_projections_20260608.csv,no_safe_player_match,0,2026-06-24T11:30:43Z
2026-06-08,2026-06-08,Dana Evans,dana evans,dana evans,LVA,SEA,24.29,/home/ubuntu/EdgeRanked/sports/wnba/outputs/archive/projections/wnba_projections_20260608.csv,no_safe_player_match,0,2026-06-24T11:30:43Z
2026-06-08,2026-06-08,Darianna Littlepage-Buggs,darianna littlepage-buggs,darianna littlepage-buggs,WAS,IND,21.34,/home/ubuntu/EdgeRanked/sports/wnba/outputs/archive/projections/wnba_projections_20260608.csv,no_safe_player_match,0,2026-06-24T11:30:43Z
2026-06-08,2026-06-08,Ezi Magbegor,ezi magbegor,ezi magbegor,SEA,LVA,24.95,/home/ubuntu/EdgeRanked/sports/wnba/outputs/archive/projections/wnba_projections_20260608.csv,missing_projected_or_actual_minutes,1,2026-06-24T11:30:43Z
2026-06-08,2026-06-08,Grace VanSlooten,grace vanslooten,grace vanslooten,IND,WAS,10.73,/home/ubuntu/EdgeRanked/sports/wnba/outputs/archive/projections/wnba_projections_20260608.csv,missing_projected_or_actual_minutes,1,2026-06-24T11:30:43Z
2026-06-08,2026-06-08,Hailey Van Lith,hailey van lith,hailey van lith,CON,NYL,18.55,/home/ubuntu/EdgeRanked/sports/wnba/outputs/archive/projections/wnba_projections_20260608.csv,missing_projected_or_actual_minutes,1,2026-06-24T11:30:43Z
2026-06-08,2026-06-08,Janiah Barker,janiah barker,janiah barker,LVA,SEA,25.71,/home/ubuntu/EdgeRanked/sports/wnba/outputs/archive/projections/wnba_projections_20260608.csv,missing_projected_or_actual_minutes,1,2026-06-24T11:30:43Z
2026-06-08,2026-06-08,Jonquel Jones,jonquel jones,jonquel jones,NYL,CON,30.19,/home/ubuntu/EdgeRanked/sports/wnba/outputs/archive/projections/wnba_projections_20260608.csv,missing_projected_or_actual_minutes,1,2026-06-24T11:30:43Z
2026-06-08,2026-06-08,Joyner Holmes,joyner holmes,joyner holmes,SEA,LVA,13.25,/home/ubuntu/EdgeRanked/sports/wnba/outputs/archive/projections/wnba_projections_20260608.csv,no_safe_player_match,0,2026-06-24T11:30:43Z
2026-06-08,2026-06-08,Julie Vanloo,julie vanloo,julie vanloo,NYL,CON,18.52,/home/ubuntu/EdgeRanked/sports/wnba/outputs/archive/projections/wnba_projections_20260608.csv,no_safe_player_match,0,2026-06-24T11:30:43Z
2026-06-08,2026-06-08,Justine Pissott,justine pissott,justine pissott,IND,WAS,21.5,/home/ubuntu/EdgeRanked/sports/wnba/outputs/archive/projections/wnba_projections_20260608.csv,no_safe_player_match,0,2026-06-24T11:30:43Z
2026-06-08,2026-06-08,Lexie Brown,lexie brown,lexie brown,SEA,LVA,12.47,/home/ubuntu/EdgeRanked/sports/wnba/outputs/archive/projections/wnba_projections_20260608.csv,no_safe_player_match,0,2026-06-24T11:30:43Z
2026-06-08,2026-06-08,Lucy Olsen,lucy olsen,lucy olsen,WAS,IND,15.34,/home/ubuntu/EdgeRanked/sports/wnba/outputs/archive/projections/wnba_projections_20260608.csv,missing_projected_or_actual_minutes,1,2026-06-24T11:30:43Z
2026-06-08,2026-06-08,Rebecca Allen,rebecca allen,rebecca allen,NYL,CON,12.12,/home/ubuntu/EdgeRanked/sports/wnba/outputs/archive/projections/wnba_projections_20260608.csv,missing_projected_or_actual_minutes,1,2026-06-24T11:30:43Z
2026-06-08,2026-06-08,Rori Harmon,rori harmon,rori harmon,WAS,IND,8.87,/home/ubuntu/EdgeRanked/sports/wnba/outputs/archive/projections/wnba_projections_20260608.csv,missing_projected_or_actual_minutes,1,2026-06-24T11:30:43Z
2026-06-08,2026-06-08,Sabrina Ionescu,sabrina ionescu,sabrina ionescu,NYL,CON,30.86,/home/ubuntu/EdgeRanked/sports/wnba/outputs/archive/projections/wnba_projections_20260608.csv,missing_projected_or_actual_minutes,1,2026-06-24T11:30:43Z
2026-06-08,2026-06-08,Shatori Walker-Kimbrough,shatori walker-kimbrough,shatori walker-kimbrough,IND,WAS,8.0,/home/ubuntu/EdgeRanked/sports/wnba/outputs/archive/projections/wnba_projections_20260608.csv,no_safe_player_match,0,2026-06-24T11:30:43Z
2026-06-08,2026-06-08,Shey Peddy,shey peddy,shey peddy,CON,NYL,23.63,/home/ubuntu/EdgeRanked/sports/wnba/outputs/archive/projections/wnba_projections_20260608.csv,no_safe_player_match,0,2026-06-24T11:30:43Z
2026-06-08,2026-06-08,Taina Mair,taina mair,taina mair,SEA,LVA,8.0,/home/ubuntu/EdgeRanked/sports/wnba/outputs/archive/projections/wnba_projections_20260608.csv,no_safe_player_match,0,2026-06-24T11:30:43Z
2026-06-08,2026-06-08,Taylor Thierry,taylor thierry,taylor thierry,SEA,LVA,11.59,/home/ubuntu/EdgeRanked/sports/wnba/outputs/archive/projections/wnba_projections_20260608.csv,missing_projected_or_actual_minutes,1,2026-06-24T11:30:43Z
2026-06-09,2026-06-09,Aicha Coulibaly,aicha coulibaly,aicha coulibaly,CHI,ATL,18.54,/home/ubuntu/EdgeRanked/sports/wnba/outputs/archive/projections/wnba_projections_20260609.csv,no_safe_player_match,0,2026-06-24T11:30:43Z
2026-06-09,2026-06-09,Ashten Prechtel,ashten prechtel,ashten prechtel,GSV,PHX,11.93,/home/ubuntu/EdgeRanked/sports/wnba/outputs/archive/projections/wnba_projections_20260609.csv,no_safe_player_match,0,2026-06-24T11:30:43Z
2026-06-09,2026-06-09,Awak Kuier,awak kuier,awak kuier,DAL,MIN,15.37,/home/ubuntu/EdgeRanked/sports/wnba/outputs/archive/projections/wnba_projections_20260609.csv,missing_projected_or_actual_minutes,1,2026-06-24T11:30:43Z
2026-06-09,2026-06-09,Brionna Jones,brionna jones,brionna jones,ATL,CHI,32.28,/home/ubuntu/EdgeRanked/sports/wnba/outputs/archive/projections/wnba_projections_20260609.csv,missing_projected_or_actual_minutes,1,2026-06-24T11:30:43Z
2026-06-09,2026-06-09,Courtney Vandersloot,courtney vandersloot,courtney vandersloot,CHI,ATL,31.02,/home/ubuntu/EdgeRanked/sports/wnba/outputs/archive/projections/wnba_projections_20260609.csv,missing_projected_or_actual_minutes,1,2026-06-24T11:30:43Z
2026-06-09,2026-06-09,DiJonai Carrington,dijonai carrington,dijonai carrington,CHI,ATL,32.84,/home/ubuntu/EdgeRanked/sports/wnba/outputs/archive/projections/wnba_projections_20260609.csv,missing_projected_or_actual_minutes,1,2026-06-24T11:30:43Z
2026-06-09,2026-06-09,Dorka Juhasz,dorka juhasz,dorka juhasz,MIN,DAL,25.6,/home/ubuntu/EdgeRanked/sports/wnba/outputs/archive/projections/wnba_projections_20260609.csv,missing_projected_or_actual_minutes,1,2026-06-24T11:30:43Z
2026-06-09,2026-06-09,Dulcy Fankam Mendjiadeu,dulcy fankam mendjiadeu,dulcy fankam mendjiadeu,DAL,MIN,23.47,/home/ubuntu/EdgeRanked/sports/wnba/outputs/archive/projections/wnba_projections_20260609.csv,no_safe_player_match,0,2026-06-24T11:30:43Z
2026-06-09,2026-06-09,Eliska Hamzova,eliska hamzova,eliska hamzova,MIN,DAL,8.0,/home/ubuntu/EdgeRanked/sports/wnba/outputs/archive/projections/wnba_projections_20260609.csv,no_safe_player_match,0,2026-06-24T11:30:43Z
2026-06-09,2026-06-09,Emese Hof,emese hof,emese hof,MIN,DAL,10.04,/home/ubuntu/EdgeRanked/sports/wnba/outputs/archive/projections/wnba_projections_20260609.csv,no_safe_player_match,0,2026-06-24T11:30:43Z
2026-06-09,2026-06-09,Emma Cechova,emma cechova,emma cechova,MIN,DAL,18.81,/home/ubuntu/EdgeRanked/sports/wnba/outputs/archive/projections/wnba_projections_20260609.csv,missing_projected_or_actual_minutes,1,2026-06-24T11:30:43Z
2026-06-09,2026-06-09,Iliana Rupert,iliana rupert,iliana rupert,GSV,PHX,21.27,/home/ubuntu/EdgeRanked/sports/wnba/outputs/archive/projections/wnba_projections_20260609.csv,no_safe_player_match,0,2026-06-24T11:30:43Z
2026-06-09,2026-06-09,Juste Jocyte,juste jocyte,juste jocyte,GSV,PHX,9.85,/home/ubuntu/EdgeRanked/sports/wnba/outputs/archive/projections/wnba_projections_20260609.csv,missing_projected_or_actual_minutes,1,2026-06-24T11:30:43Z
2026-06-09,2026-06-09,Kiana Williams,kiana williams,kiana williams,PHX,GSV,13.16,/home/ubuntu/EdgeRanked/sports/wnba/outputs/archive/projections/wnba_projections_20260609.csv,no_safe_player_match,0,2026-06-24T11:30:43Z
2026-06-09,2026-06-09,Kyara Linskens,kyara linskens,kyara linskens,PHX,GSV,15.19,/home/ubuntu/EdgeRanked/sports/wnba/outputs/archive/projections/wnba_projections_20260609.csv,missing_projected_or_actual_minutes,1,2026-06-24T11:30:43Z
2026-06-09,2026-06-09,Laeticia Amihere,laeticia amihere,laeticia amihere,GSV,PHX,9.53,/home/ubuntu/EdgeRanked/sports/wnba/outputs/archive/projections/wnba_projections_20260609.csv,missing_projected_or_actual_minutes,1,2026-06-24T11:30:43Z
2026-06-09,2026-06-09,Liatu King,liatu king,liatu king,MIN,DAL,12.91,/home/ubuntu/EdgeRanked/sports/wnba/outputs/archive/projections/wnba_projections_20260609.csv,no_safe_player_match,0,2026-06-24T11:30:43Z
2026-06-09,2026-06-09,Marta Suarez,marta suarez,marta suarez,PHX,GSV,13.07,/home/ubuntu/EdgeRanked/sports/wnba/outputs/archive/projections/wnba_projections_20260609.csv,no_safe_player_match,0,2026-06-24T11:30:43Z
2026-06-09,2026-06-09,Miela Sowah,miela sowah,miela sowah,GSV,PHX,8.0,/home/ubuntu/EdgeRanked/sports/wnba/outputs/archive/projections/wnba_projections_20260609.csv,no_safe_player_match,0,2026-06-24T11:30:43Z
2026-06-09,2026-06-09,Napheesa Collier,napheesa collier,napheesa collier,MIN,DAL,25.6,/home/ubuntu/EdgeRanked/sports/wnba/outputs/archive/projections/wnba_projections_20260609.csv,missing_projected_or_actual_minutes,1,2026-06-24T11:30:43Z
2026-06-09,2026-06-09,Ndjakalenga Mwenentanda,ndjakalenga mwenentanda,ndjakalenga mwenentanda,GSV,PHX,8.25,/home/ubuntu/EdgeRanked/sports/wnba/outputs/archive/projections/wnba_projections_20260609.csv,no_safe_player_match,0,2026-06-24T11:30:43Z
2026-06-09,2026-06-09,Odyssey Sims,odyssey sims,odyssey sims,DAL,MIN,15.64,/home/ubuntu/EdgeRanked/sports/wnba/outputs/archive/projections/wnba_projections_20260609.csv,missing_projected_or_actual_minutes,1,2026-06-24T11:30:43Z
2026-06-09,2026-06-09,Peyton Williams,peyton williams,peyton williams,PHX,GSV,8.0,/home/ubuntu/EdgeRanked/sports/wnba/outputs/archive/projections/wnba_projections_20260609.csv,no_safe_player_match,0,2026-06-24T11:30:43Z
2026-06-09,2026-06-09,Rickea Jackson,rickea jackson,rickea jackson,CHI,ATL,32.57,/home/ubuntu/EdgeRanked/sports/wnba/outputs/archive/projections/wnba_projections_20260609.csv,missing_projected_or_actual_minutes,1,2026-06-24T11:30:43Z
2026-06-09,2026-06-09,Sami Whitcomb,sami whitcomb,sami whitcomb,PHX,GSV,25.4,/home/ubuntu/EdgeRanked/sports/wnba/outputs/archive/projections/wnba_projections_20260609.csv,no_safe_player_match,0,2026-06-24T11:30:43Z
2026-06-09,2026-06-09,Saylor Poffenbarger,saylor poffenbarger,saylor poffenbarger,CHI,ATL,9.87,/home/ubuntu/EdgeRanked/sports/wnba/outputs/archive/projections/wnba_projections_20260609.csv,missing_projected_or_actual_minutes,1,2026-06-24T11:30:43Z
2026-06-09,2026-06-09,Valeriane Ayayi,valeriane ayayi,valeriane ayayi,PHX,GSV,10.71,/home/ubuntu/EdgeRanked/sports/wnba/outputs/archive/projections/wnba_projections_20260609.csv,missing_projected_or_actual_minutes,1,2026-06-24T11:30:43Z
2026-06-10,2026-06-10,Aneesah Morrow,aneesah morrow,aneesah morrow,CON,TOR,24.96,/home/ubuntu/EdgeRanked/sports/wnba/outputs/archive/projections/wnba_projections_20260610.csv,missing_projected_or_actual_minutes,1,2026-06-24T11:30:43Z
2026-06-10,2026-06-10,Ashlon Jackson,ashlon jackson,ashlon jackson,CON,TOR,12.09,/home/ubuntu/EdgeRanked/sports/wnba/outputs/archive/projections/wnba_projections_20260610.csv,no_safe_player_match,0,2026-06-24T11:30:43Z
2026-06-10,2026-06-10,Brittney Griner,brittney griner,brittney griner,CON,TOR,25.93,/home/ubuntu/EdgeRanked/sports/wnba/outputs/archive/projections/wnba_projections_20260610.csv,missing_projected_or_actual_minutes,1,2026-06-24T11:30:43Z
2026-06-10,2026-06-10,Emma Cannon,emma cannon,emma cannon,LAS,SEA,8.22,/home/ubuntu/EdgeRanked/sports/wnba/outputs/archive/projections/wnba_projections_20260610.csv,missing_projected_or_actual_minutes,1,2026-06-24T11:30:43Z
2026-06-10,2026-06-10,Ezi Magbegor,ezi magbegor,ezi magbegor,SEA,LAS,23.92,/home/ubuntu/EdgeRanked/sports/wnba/outputs/archive/projections/wnba_projections_20260610.csv,missing_projected_or_actual_minutes,1,2026-06-24T11:30:43Z
2026-06-10,2026-06-10,Hailey Van Lith,hailey van lith,hailey van lith,CON,TOR,13.42,/home/ubuntu/EdgeRanked/sports/wnba/outputs/archive/projections/wnba_projections_20260610.csv,no_safe_player_match,0,2026-06-24T11:30:43Z
2026-06-10,2026-06-10,Joyner Holmes,joyner holmes,joyner holmes,SEA,LAS,13.29,/home/ubuntu/EdgeRanked/sports/wnba/outputs/archive/projections/wnba_projections_20260610.csv,no_safe_player_match,0,2026-06-24T11:30:43Z
2026-06-10,2026-06-10,Kate Martin,kate martin,kate martin,LAS,SEA,10.61,/home/ubuntu/EdgeRanked/sports/wnba/outputs/archive/projections/wnba_projections_20260610.csv,no_safe_player_match,0,2026-06-24T11:30:43Z
2026-06-10,2026-06-10,Kiki Rice,kiki rice,kiki rice,TOR,CON,27.26,/home/ubuntu/EdgeRanked/sports/wnba/outputs/archive/projections/wnba_projections_20260610.csv,missing_projected_or_actual_minutes,1,2026-06-24T11:30:43Z
2026-06-10,2026-06-10,Laura Ziegler,laura ziegler,laura ziegler,LAS,SEA,18.42,/home/ubuntu/EdgeRanked/sports/wnba/outputs/archive/projections/wnba_projections_20260610.csv,no_safe_player_match,0,2026-06-24T11:30:43Z
2026-06-10,2026-06-10,Lexie Brown,lexie brown,lexie brown,SEA,LAS,12.59,/home/ubuntu/EdgeRanked/sports/wnba/outputs/archive/projections/wnba_projections_20260610.csv,no_safe_player_match,0,2026-06-24T11:30:43Z
2026-06-10,2026-06-10,Mariella Fasoula,mariella fasoula,mariella fasoula,TOR,CON,11.57,/home/ubuntu/EdgeRanked/sports/wnba/outputs/archive/projections/wnba_projections_20260610.csv,no_safe_player_match,0,2026-06-24T11:30:43Z
2026-06-10,2026-06-10,Nikolina Milic,nikolina milic,nikolina milic,TOR,CON,10.92,/home/ubuntu/EdgeRanked/sports/wnba/outputs/archive/projections/wnba_projections_20260610.csv,no_safe_player_match,0,2026-06-24T11:30:43Z
2026-06-10,2026-06-10,Sania Feagin,sania feagin,sania feagin,LAS,SEA,8.0,/home/ubuntu/EdgeRanked/sports/wnba/outputs/archive/projections/wnba_projections_20260610.csv,missing_projected_or_actual_minutes,1,2026-06-24T11:30:43Z
2026-06-10,2026-06-10,Shey Peddy,shey peddy,shey peddy,CON,TOR,21.2,/home/ubuntu/EdgeRanked/sports/wnba/outputs/archive/projections/wnba_projections_20260610.csv,no_safe_player_match,0,2026-06-24T11:30:43Z
2026-06-10,2026-06-10,Ta'Niya Latson,ta'niya latson,ta'niya latson,LAS,SEA,11.22,/home/ubuntu/EdgeRanked/sports/wnba/outputs/archive/projections/wnba_projections_20260610.csv,missing_projected_or_actual_minutes,1,2026-06-24T11:30:43Z
2026-06-10,2026-06-10,Taina Mair,taina mair,taina mair,SEA,LAS,8.0,/home/ubuntu/EdgeRanked/sports/wnba/outputs/archive/projections/wnba_projections_20260610.csv,no_safe_player_match,0,2026-06-24T11:30:43Z
2026-06-10,2026-06-10,Taylor Thierry,taylor thierry,taylor thierry,SEA,LAS,11.8,/home/ubuntu/EdgeRanked/sports/wnba/outputs/archive/projections/wnba_projections_20260610.csv,missing_projected_or_actual_minutes,1,2026-06-24T11:30:43Z
2026-06-10,2026-06-10,Temi Fagbenle,temi fagbenle,temi fagbenle,TOR,CON,15.06,/home/ubuntu/EdgeRanked/sports/wnba/outputs/archive/projections/wnba_projections_20260610.csv,missing_projected_or_actual_minutes,1,2026-06-24T11:30:43Z
2026-06-11,2026-06-11,Alex Fowler,alex fowler,alex fowler,NYL,ATL,14.96,/home/ubuntu/EdgeRanked/sports/wnba/outputs/archive/projections/wnba_projections_20260611.csv,no_safe_player_match,0,2026-06-24T11:30:43Z
2026-06-11,2026-06-11,Anneli Maley,anneli maley,anneli maley,NYL,ATL,11.12,/home/ubuntu/EdgeRanked/sports/wnba/outputs/archive/projections/wnba_projections_20260611.csv,no_safe_player_match,0,2026-06-24T11:30:43Z
2026-06-11,2026-06-11,Aubrey Griffin,aubrey griffin,aubrey griffin,NYL,ATL,8.06,/home/ubuntu/EdgeRanked/sports/wnba/outputs/archive/projections/wnba_projections_20260611.csv,no_safe_player_match,0,2026-06-24T11:30:43Z
2026-06-11,2026-06-11,Bree Hall,bree hall,bree hall,IND,CHI,16.15,/home/ubuntu/EdgeRanked/sports/wnba/outputs/archive/projections/wnba_projections_20260611.csv,missing_projected_or_actual_minutes,1,2026-06-24T11:30:43Z
2026-06-11,2026-06-11,Brionna Jones,brionna jones,brionna jones,ATL,NYL,32.88,/home/ubuntu/EdgeRanked/sports/wnba/outputs/archive/projections/wnba_projections_20260611.csv,missing_projected_or_actual_minutes,1,2026-06-24T11:30:43Z
2026-06-11,2026-06-11,Costanza Verona,costanza verona,costanza verona,DAL,PHX,21.7,/home/ubuntu/EdgeRanked/sports/wnba/outputs/archive/projections/wnba_projections_20260611.csv,no_safe_player_match,0,2026-06-24T11:30:43Z
2026-06-11,2026-06-11,Courtney Vandersloot,courtney vandersloot,courtney vandersloot,CHI,IND,32.51,/home/ubuntu/EdgeRanked/sports/wnba/outputs/archive/projections/wnba_projections_20260611.csv,missing_projected_or_actual_minutes,1,2026-06-24T11:30:43Z
2026-06-11,2026-06-11,Dana Evans,dana evans,dana evans,LVA,POR,20.58,/home/ubuntu/EdgeRanked/sports/wnba/outputs/archive/projections/wnba_projections_20260611.csv,missing_projected_or_actual_minutes,1,2026-06-24T11:30:43Z
2026-06-11,2026-06-11,DiJonai Carrington,dijonai carrington,dijonai carrington,CHI,IND,31.89,/home/ubuntu/EdgeRanked/sports/wnba/outputs/archive/projections/wnba_projections_20260611.csv,missing_projected_or_actual_minutes,1,2026-06-24T11:30:43Z
2026-06-11,2026-06-11,Dulcy Fankam Mendjiadeu,dulcy fankam mendjiadeu,dulcy fankam mendjiadeu,DAL,PHX,20.45,/home/ubuntu/EdgeRanked/sports/wnba/outputs/archive/projections/wnba_projections_20260611.csv,no_safe_player_match,0,2026-06-24T11:30:43Z
2026-06-11,2026-06-11,Grace VanSlooten,grace vanslooten,grace vanslooten,IND,CHI,11.74,/home/ubuntu/EdgeRanked/sports/wnba/outputs/archive/projections/wnba_projections_20260611.csv,missing_projected_or_actual_minutes,1,2026-06-24T11:30:43Z
2026-06-11,2026-06-11,Haley Jones,haley jones,haley jones,POR,LVA,11.83,/home/ubuntu/EdgeRanked/sports/wnba/outputs/archive/projections/wnba_projections_20260611.csv,no_safe_player_match,0,2026-06-24T11:30:43Z
2026-06-11,2026-06-11,Holly Winterburn,holly winterburn,holly winterburn,POR,LVA,11.37,/home/ubuntu/EdgeRanked/sports/wnba/outputs/archive/projections/wnba_projections_20260611.csv,missing_projected_or_actual_minutes,1,2026-06-24T11:30:43Z
2026-06-11,2026-06-11,Janiah Barker,janiah barker,janiah barker,LVA,POR,21.37,/home/ubuntu/EdgeRanked/sports/wnba/outputs/archive/projections/wnba_projections_20260611.csv,missing_projected_or_actual_minutes,1,2026-06-24T11:30:43Z
2026-06-11,2026-06-11,Jordan Harrison,jordan harrison,jordan harrison,POR,LVA,11.86,/home/ubuntu/EdgeRanked/sports/wnba/outputs/archive/projections/wnba_projections_20260611.csv,no_safe_player_match,0,2026-06-24T11:30:43Z
2026-06-11,2026-06-11,Julie Vanloo,julie vanloo,julie vanloo,NYL,ATL,17.85,/home/ubuntu/EdgeRanked/sports/wnba/outputs/archive/projections/wnba_projections_20260611.csv,no_safe_player_match,0,2026-06-24T11:30:43Z
2026-06-11,2026-06-11,Justine Pissott,justine pissott,justine pissott,IND,CHI,16.15,/home/ubuntu/EdgeRanked/sports/wnba/outputs/archive/projections/wnba_projections_20260611.csv,no_safe_player_match,0,2026-06-24T11:30:43Z
2026-06-11,2026-06-11,Kamiah Smalls,kamiah smalls,kamiah smalls,POR,LVA,12.97,/home/ubuntu/EdgeRanked/sports/wnba/outputs/archive/projections/wnba_projections_20260611.csv,no_safe_player_match,0,2026-06-24T11:30:43Z
2026-06-11,2026-06-11,Kiana Williams,kiana williams,kiana williams,PHX,DAL,12.21,/home/ubuntu/EdgeRanked/sports/wnba/outputs/archive/projections/wnba_projections_20260611.csv,no_safe_player_match,0,2026-06-24T11:30:43Z
2026-06-11,2026-06-11,Kierstan Bell,kierstan bell,kierstan bell,LVA,POR,12.4,/home/ubuntu/EdgeRanked/sports/wnba/outputs/archive/projections/wnba_projections_20260611.csv,missing_projected_or_actual_minutes,1,2026-06-24T11:30:43Z
2026-06-11,2026-06-11,Kyara Linskens,kyara linskens,kyara linskens,PHX,DAL,12.96,/home/ubuntu/EdgeRanked/sports/wnba/outputs/archive/projections/wnba_projections_20260611.csv,missing_projected_or_actual_minutes,1,2026-06-24T11:30:43Z
2026-06-11,2026-06-11,Marta Suarez,marta suarez,marta suarez,PHX,DAL,12.47,/home/ubuntu/EdgeRanked/sports/wnba/outputs/archive/projections/wnba_projections_20260611.csv,no_safe_player_match,0,2026-06-24T11:30:43Z
2026-06-11,2026-06-11,Odyssey Sims,odyssey sims,odyssey sims,DAL,PHX,15.21,/home/ubuntu/EdgeRanked/sports/wnba/outputs/archive/projections/wnba_projections_20260611.csv,no_safe_player_match,0,2026-06-24T11:30:43Z
2026-06-11,2026-06-11,Rebecca Allen,rebecca allen,rebecca allen,NYL,ATL,11.01,/home/ubuntu/EdgeRanked/sports/wnba/outputs/archive/projections/wnba_projections_20260611.csv,missing_projected_or_actual_minutes,1,2026-06-24T11:30:43Z
2026-06-11,2026-06-11,Rickea Jackson,rickea jackson,rickea jackson,CHI,IND,32.97,/home/ubuntu/EdgeRanked/sports/wnba/outputs/archive/projections/wnba_projections_20260611.csv,missing_projected_or_actual_minutes,1,2026-06-24T11:30:43Z
2026-06-11,2026-06-11,Sabrina Ionescu,sabrina ionescu,sabrina ionescu,NYL,ATL,32.14,/home/ubuntu/EdgeRanked/sports/wnba/outputs/archive/projections/wnba_projections_20260611.csv,missing_projected_or_actual_minutes,1,2026-06-24T11:30:43Z
2026-06-11,2026-06-11,Sami Whitcomb,sami whitcomb,sami whitcomb,PHX,DAL,21.56,/home/ubuntu/EdgeRanked/sports/wnba/outputs/archive/projections/wnba_projections_20260611.csv,no_safe_player_match,0,2026-06-24T11:30:43Z
2026-06-11,2026-06-11,Saylor Poffenbarger,saylor poffenbarger,saylor poffenbarger,CHI,IND,8.83,/home/ubuntu/EdgeRanked/sports/wnba/outputs/archive/projections/wnba_projections_20260611.csv,missing_projected_or_actual_minutes,1,2026-06-24T11:30:43Z
2026-06-11,2026-06-11,Shatori Walker-Kimbrough,shatori walker-kimbrough,shatori walker-kimbrough,IND,CHI,8.0,/home/ubuntu/EdgeRanked/sports/wnba/outputs/archive/projections/wnba_projections_20260611.csv,no_safe_player_match,0,2026-06-24T11:30:43Z
2026-06-11,2026-06-11,Sophie Cunningham,sophie cunningham,sophie cunningham,IND,CHI,21.18,/home/ubuntu/EdgeRanked/sports/wnba/outputs/archive/projections/wnba_projections_20260611.csv,missing_projected_or_actual_minutes,1,2026-06-24T11:30:43Z
2026-06-11,2026-06-11,Sug Sutton,sug sutton,sug sutton,POR,LVA,20.01,/home/ubuntu/EdgeRanked/sports/wnba/outputs/archive/projections/wnba_projections_20260611.csv,no_safe_player_match,0,2026-06-24T11:30:43Z
2026-06-11,2026-06-11,Valeriane Ayayi,valeriane ayayi,valeriane ayayi,PHX,DAL,9.84,/home/ubuntu/EdgeRanked/sports/wnba/outputs/archive/projections/wnba_projections_20260611.csv,missing_projected_or_actual_minutes,1,2026-06-24T11:30:43Z
2026-06-12,2026-06-12,Alex Wilson,alex wilson,alex wilson,WAS,TOR,11.06,/home/ubuntu/EdgeRanked/sports/wnba/outputs/archive/projections/wnba_projections_20260612.csv,no_safe_player_match,0,2026-06-24T11:30:43Z
2026-06-12,2026-06-12,Alicia Florez Getino,alicia florez getino,alicia florez getino,WAS,TOR,23.86,/home/ubuntu/EdgeRanked/sports/wnba/outputs/archive/projections/wnba_projections_20260612.csv,no_safe_player_match,0,2026-06-24T11:30:43Z
2026-06-12,2026-06-12,Ashten Prechtel,ashten prechtel,ashten prechtel,GSV,SEA,13.17,/home/ubuntu/EdgeRanked/sports/wnba/outputs/archive/projections/wnba_projections_20260612.csv,no_safe_player_match,0,2026-06-24T11:30:43Z
2026-06-12,2026-06-12,Ezi Magbegor,ezi magbegor,ezi magbegor,SEA,GSV,22.4,/home/ubuntu/EdgeRanked/sports/wnba/outputs/archive/projections/wnba_projections_20260612.csv,missing_projected_or_actual_minutes,1,2026-06-24T11:30:43Z
2026-06-12,2026-06-12,Iliana Rupert,iliana rupert,iliana rupert,GSV,SEA,15.57,/home/ubuntu/EdgeRanked/sports/wnba/outputs/archive/projections/wnba_projections_20260612.csv,no_safe_player_match,0,2026-06-24T11:30:43Z
2026-06-12,2026-06-12,Joyner Holmes,joyner holmes,joyner holmes,SEA,GSV,13.44,/home/ubuntu/EdgeRanked/sports/wnba/outputs/archive/projections/wnba_projections_20260612.csv,no_safe_player_match,0,2026-06-24T11:30:43Z
2026-06-12,2026-06-12,Juste Jocyte,juste jocyte,juste jocyte,GSV,SEA,10.74,/home/ubuntu/EdgeRanked/sports/wnba/outputs/archive/projections/wnba_projections_20260612.csv,missing_projected_or_actual_minutes,1,2026-06-24T11:30:43Z
2026-06-12,2026-06-12,Kiki Iriafen,kiki iriafen,kiki iriafen,WAS,TOR,25.1,/home/ubuntu/EdgeRanked/sports/wnba/outputs/archive/projections/wnba_projections_20260612.csv,missing_projected_or_actual_minutes,1,2026-06-24T11:30:43Z
2026-06-12,2026-06-12,Kiki Rice,kiki rice,kiki rice,TOR,WAS,26.62,/home/ubuntu/EdgeRanked/sports/wnba/outputs/archive/projections/wnba_projections_20260612.csv,missing_projected_or_actual_minutes,1,2026-06-24T11:30:43Z
2026-06-12,2026-06-12,Laeticia Amihere,laeticia amihere,laeticia amihere,GSV,SEA,9.76,/home/ubuntu/EdgeRanked/sports/wnba/outputs/archive/projections/wnba_projections_20260612.csv,missing_projected_or_actual_minutes,1,2026-06-24T11:30:43Z
2026-06-12,2026-06-12,Lexie Brown,lexie brown,lexie brown,SEA,GSV,12.09,/home/ubuntu/EdgeRanked/sports/wnba/outputs/archive/projections/wnba_projections_20260612.csv,no_safe_player_match,0,2026-06-24T11:30:43Z
2026-06-12,2026-06-12,Lucy Olsen,lucy olsen,lucy olsen,WAS,TOR,14.67,/home/ubuntu/EdgeRanked/sports/wnba/outputs/archive/projections/wnba_projections_20260612.csv,missing_projected_or_actual_minutes,1,2026-06-24T11:30:43Z
2026-06-12,2026-06-12,Mariella Fasoula,mariella fasoula,mariella fasoula,TOR,WAS,11.04,/home/ubuntu/EdgeRanked/sports/wnba/outputs/archive/projections/wnba_projections_20260612.csv,no_safe_player_match,0,2026-06-24T11:30:43Z
2026-06-12,2026-06-12,Miela Sowah,miela sowah,miela sowah,GSV,SEA,8.0,/home/ubuntu/EdgeRanked/sports/wnba/outputs/archive/projections/wnba_projections_20260612.csv,no_safe_player_match,0,2026-06-24T11:30:43Z
2026-06-12,2026-06-12,Nadia Fingall,nadia fingall,nadia fingall,GSV,SEA,16.05,/home/ubuntu/EdgeRanked/sports/wnba/outputs/archive/projections/wnba_projections_20260612.csv,missing_projected_or_actual_minutes,1,2026-06-24T11:30:43Z
2026-06-12,2026-06-12,Ndjakalenga Mwenentanda,ndjakalenga mwenentanda,ndjakalenga mwenentanda,GSV,SEA,8.0,/home/ubuntu/EdgeRanked/sports/wnba/outputs/archive/projections/wnba_projections_20260612.csv,no_safe_player_match,0,2026-06-24T11:30:43Z
2026-06-12,2026-06-12,Nikolina Milic,nikolina milic,nikolina milic,TOR,WAS,10.17,/home/ubuntu/EdgeRanked/sports/wnba/outputs/archive/projections/wnba_projections_20260612.csv,no_safe_player_match,0,2026-06-24T11:30:43Z
2026-06-12,2026-06-12,Nyara Sabally,nyara sabally,nyara sabally,TOR,WAS,26.17,/home/ubuntu/EdgeRanked/sports/wnba/outputs/archive/projections/wnba_projections_20260612.csv,missing_projected_or_actual_minutes,1,2026-06-24T11:30:43Z
2026-06-12,2026-06-12,Rori Harmon,rori harmon,rori harmon,WAS,TOR,8.0,/home/ubuntu/EdgeRanked/sports/wnba/outputs/archive/projections/wnba_projections_20260612.csv,missing_projected_or_actual_minutes,1,2026-06-24T11:30:43Z
2026-06-12,2026-06-12,Taina Mair,taina mair,taina mair,SEA,GSV,8.0,/home/ubuntu/EdgeRanked/sports/wnba/outputs/archive/projections/wnba_projections_20260612.csv,no_safe_player_match,0,2026-06-24T11:30:43Z
2026-06-12,2026-06-12,Taylor Thierry,taylor thierry,taylor thierry,SEA,GSV,12.12,/home/ubuntu/EdgeRanked/sports/wnba/outputs/archive/projections/wnba_projections_20260612.csv,missing_projected_or_actual_minutes,1,2026-06-24T11:30:43Z
2026-06-13,2026-06-13,Ashlon Jackson,ashlon jackson,ashlon jackson,CON,IND,12.33,/home/ubuntu/EdgeRanked/sports/wnba/outputs/archive/projections/wnba_projections_20260613.csv,missing_projected_or_actual_minutes,1,2026-06-24T11:30:43Z
2026-06-13,2026-06-13,Bree Hall,bree hall,bree hall,IND,CON,22.19,/home/ubuntu/EdgeRanked/sports/wnba/outputs/archive/projections/wnba_projections_20260613.csv,missing_projected_or_actual_minutes,1,2026-06-24T11:30:43Z
2026-06-13,2026-06-13,Costanza Verona,costanza verona,costanza verona,DAL,POR,20.55,/home/ubuntu/EdgeRanked/sports/wnba/outputs/archive/projections/wnba_projections_20260613.csv,missing_projected_or_actual_minutes,1,2026-06-24T11:30:43Z
2026-06-13,2026-06-13,Damiris Dantas,damiris dantas,damiris dantas,IND,CON,13.45,/home/ubuntu/EdgeRanked/sports/wnba/outputs/archive/projections/wnba_projections_20260613.csv,missing_projected_or_actual_minutes,1,2026-06-24T11:30:43Z
2026-06-13,2026-06-13,Dana Evans,dana evans,dana evans,LVA,MIN,22.16,/home/ubuntu/EdgeRanked/sports/wnba/outputs/archive/projections/wnba_projections_20260613.csv,no_safe_player_match,0,2026-06-24T11:30:43Z
2026-06-13,2026-06-13,Dorka Juhasz,dorka juhasz,dorka juhasz,MIN,LVA,21.12,/home/ubuntu/EdgeRanked/sports/wnba/outputs/archive/projections/wnba_projections_20260613.csv,no_safe_player_match,0,2026-06-24T11:30:43Z
2026-06-13,2026-06-13,Dulcy Fankam Mendjiadeu,dulcy fankam mendjiadeu,dulcy fankam mendjiadeu,DAL,POR,19.76,/home/ubuntu/EdgeRanked/sports/wnba/outputs/archive/projections/wnba_projections_20260613.csv,no_safe_player_match,0,2026-06-24T11:30:43Z
2026-06-13,2026-06-13,Eliska Hamzova,eliska hamzova,eliska hamzova,MIN,LVA,8.0,/home/ubuntu/EdgeRanked/sports/wnba/outputs/archive/projections/wnba_projections_20260613.csv,no_safe_player_match,0,2026-06-24T11:30:43Z
2026-06-13,2026-06-13,Emese Hof,emese hof,emese hof,MIN,LVA,9.21,/home/ubuntu/EdgeRanked/sports/wnba/outputs/archive/projections/wnba_projections_20260613.csv,no_safe_player_match,0,2026-06-24T11:30:43Z
2026-06-13,2026-06-13,Emma Cannon,emma cannon,emma cannon,LAS,PHX,8.0,/home/ubuntu/EdgeRanked/sports/wnba/outputs/archive/projections/wnba_projections_20260613.csv,missing_projected_or_actual_minutes,1,2026-06-24T11:30:43Z
2026-06-13,2026-06-13,Emma Cechova,emma cechova,emma cechova,MIN,LVA,19.03,/home/ubuntu/EdgeRanked/sports/wnba/outputs/archive/projections/wnba_projections_20260613.csv,no_safe_player_match,0,2026-06-24T11:30:43Z
2026-06-13,2026-06-13,Gianna Kneepkens,gianna kneepkens,gianna kneepkens,CON,IND,12.04,/home/ubuntu/EdgeRanked/sports/wnba/outputs/archive/projections/wnba_projections_20260613.csv,missing_projected_or_actual_minutes,1,2026-06-24T11:30:43Z
2026-06-13,2026-06-13,Grace VanSlooten,grace vanslooten,grace vanslooten,IND,CON,12.31,/home/ubuntu/EdgeRanked/sports/wnba/outputs/archive/projections/wnba_projections_20260613.csv,missing_projected_or_actual_minutes,1,2026-06-24T11:30:43Z
2026-06-13,2026-06-13,Hailey Van Lith,hailey van lith,hailey van lith,CON,IND,15.07,/home/ubuntu/EdgeRanked/sports/wnba/outputs/archive/projections/wnba_projections_20260613.csv,missing_projected_or_actual_minutes,1,2026-06-24T11:30:43Z
2026-06-13,2026-06-13,Haley Jones,haley jones,haley jones,POR,DAL,12.4,/home/ubuntu/EdgeRanked/sports/wnba/outputs/archive/projections/wnba_projections_20260613.csv,no_safe_player_match,0,2026-06-24T11:30:43Z
2026-06-13,2026-06-13,Holly Winterburn,holly winterburn,holly winterburn,POR,DAL,12.83,/home/ubuntu/EdgeRanked/sports/wnba/outputs/archive/projections/wnba_projections_20260613.csv,missing_projected_or_actual_minutes,1,2026-06-24T11:30:43Z
2026-06-13,2026-06-13,Janiah Barker,janiah barker,janiah barker,LVA,MIN,22.13,/home/ubuntu/EdgeRanked/sports/wnba/outputs/archive/projections/wnba_projections_20260613.csv,missing_projected_or_actual_minutes,1,2026-06-24T11:30:43Z
2026-06-13,2026-06-13,JJ Quinerly,jj quinerly,jj quinerly,DAL,POR,12.0,/home/ubuntu/EdgeRanked/sports/wnba/outputs/archive/projections/wnba_projections_20260613.csv,missing_projected_or_actual_minutes,1,2026-06-24T11:30:43Z
2026-06-13,2026-06-13,Jordan Harrison,jordan harrison,jordan harrison,POR,DAL,12.31,/home/ubuntu/EdgeRanked/sports/wnba/outputs/archive/projections/wnba_projections_20260613.csv,no_safe_player_match,0,2026-06-24T11:30:43Z
2026-06-13,2026-06-13,Justine Pissott,justine pissott,justine pissott,IND,CON,15.26,/home/ubuntu/EdgeRanked/sports/wnba/outputs/archive/projections/wnba_projections_20260613.csv,missing_projected_or_actual_minutes,1,2026-06-24T11:30:43Z
2026-06-13,2026-06-13,Kamiah Smalls,kamiah smalls,kamiah smalls,POR,DAL,13.83,/home/ubuntu/EdgeRanked/sports/wnba/outputs/archive/projections/wnba_projections_20260613.csv,no_safe_player_match,0,2026-06-24T11:30:43Z
2026-06-13,2026-06-13,Kiana Williams,kiana williams,kiana williams,PHX,LAS,12.4,/home/ubuntu/EdgeRanked/sports/wnba/outputs/archive/projections/wnba_projections_20260613.csv,no_safe_player_match,0,2026-06-24T11:30:43Z
2026-06-13,2026-06-13,Kyara Linskens,kyara linskens,kyara linskens,PHX,LAS,11.69,/home/ubuntu/EdgeRanked/sports/wnba/outputs/archive/projections/wnba_projections_20260613.csv,missing_projected_or_actual_minutes,1,2026-06-24T11:30:43Z
2026-06-13,2026-06-13,Laura Ziegler,laura ziegler,laura ziegler,LAS,PHX,15.46,/home/ubuntu/EdgeRanked/sports/wnba/outputs/archive/projections/wnba_projections_20260613.csv,no_safe_player_match,0,2026-06-24T11:30:43Z
2026-06-13,2026-06-13,Li Yueru,li yueru,li yueru,DAL,POR,8.58,/home/ubuntu/EdgeRanked/sports/wnba/outputs/archive/projections/wnba_projections_20260613.csv,missing_projected_or_actual_minutes,1,2026-06-24T11:30:43Z
2026-06-13,2026-06-13,Marta Suarez,marta suarez,marta suarez,PHX,LAS,12.18,/home/ubuntu/EdgeRanked/sports/wnba/outputs/archive/projections/wnba_projections_20260613.csv,missing_projected_or_actual_minutes,1,2026-06-24T11:30:43Z
2026-06-13,2026-06-13,Napheesa Collier,napheesa collier,napheesa collier,MIN,LVA,21.12,/home/ubuntu/EdgeRanked/sports/wnba/outputs/archive/projections/wnba_projections_20260613.csv,no_safe_player_match,0,2026-06-24T11:30:43Z
2026-06-13,2026-06-13,Nyadiew Puoch,nyadiew puoch,nyadiew puoch,POR,DAL,14.16,/home/ubuntu/EdgeRanked/sports/wnba/outputs/archive/projections/wnba_projections_20260613.csv,missing_projected_or_actual_minutes,1,2026-06-24T11:30:43Z
2026-06-13,2026-06-13,Odyssey Sims,odyssey sims,odyssey sims,DAL,POR,13.88,/home/ubuntu/EdgeRanked/sports/wnba/outputs/archive/projections/wnba_projections_20260613.csv,missing_projected_or_actual_minutes,1,2026-06-24T11:30:43Z
2026-06-13,2026-06-13,Paige Bueckers,paige bueckers,paige bueckers,DAL,POR,28.92,/home/ubuntu/EdgeRanked/sports/wnba/outputs/archive/projections/wnba_projections_20260613.csv,missing_projected_or_actual_minutes,1,2026-06-24T11:30:43Z
2026-06-13,2026-06-13,Sami Whitcomb,sami whitcomb,sami whitcomb,PHX,LAS,21.14,/home/ubuntu/EdgeRanked/sports/wnba/outputs/archive/projections/wnba_projections_20260613.csv,missing_projected_or_actual_minutes,1,2026-06-24T11:30:43Z
2026-06-13,2026-06-13,Sania Feagin,sania feagin,sania feagin,LAS,PHX,8.0,/home/ubuntu/EdgeRanked/sports/wnba/outputs/archive/projections/wnba_projections_20260613.csv,missing_projected_or_actual_minutes,1,2026-06-24T11:30:43Z
2026-06-13,2026-06-13,Shatori Walker-Kimbrough,shatori walker-kimbrough,shatori walker-kimbrough,IND,CON,8.0,/home/ubuntu/EdgeRanked/sports/wnba/outputs/archive/projections/wnba_projections_20260613.csv,no_safe_player_match,0,2026-06-24T11:30:43Z
2026-06-13,2026-06-13,Sug Sutton,sug sutton,sug sutton,POR,DAL,20.63,/home/ubuntu/EdgeRanked/sports/wnba/outputs/archive/projections/wnba_projections_20260613.csv,no_safe_player_match,0,2026-06-24T11:30:43Z
2026-06-13,2026-06-13,Ta'Niya Latson,ta'niya latson,ta'niya latson,LAS,PHX,11.64,/home/ubuntu/EdgeRanked/sports/wnba/outputs/archive/projections/wnba_projections_20260613.csv,missing_projected_or_actual_minutes,1,2026-06-24T11:30:43Z
2026-06-13,2026-06-13,Valeriane Ayayi,valeriane ayayi,valeriane ayayi,PHX,LAS,9.21,/home/ubuntu/EdgeRanked/sports/wnba/outputs/archive/projections/wnba_projections_20260613.csv,missing_projected_or_actual_minutes,1,2026-06-24T11:30:43Z
2026-06-14,2026-06-14,Alex Fowler,alex fowler,alex fowler,NYL,WAS,13.69,/home/ubuntu/EdgeRanked/sports/wnba/outputs/archive/projections/wnba_projections_20260614.csv,no_safe_player_match,0,2026-06-24T11:30:43Z
2026-06-14,2026-06-14,Alex Wilson,alex wilson,alex wilson,WAS,NYL,11.85,/home/ubuntu/EdgeRanked/sports/wnba/outputs/archive/projections/wnba_projections_20260614.csv,no_safe_player_match,0,2026-06-24T11:30:43Z
2026-06-14,2026-06-14,Alicia Florez Getino,alicia florez getino,alicia florez getino,WAS,NYL,23.78,/home/ubuntu/EdgeRanked/sports/wnba/outputs/archive/projections/wnba_projections_20260614.csv,no_safe_player_match,0,2026-06-24T11:30:43Z
2026-06-14,2026-06-14,Anneli Maley,anneli maley,anneli maley,NYL,WAS,9.75,/home/ubuntu/EdgeRanked/sports/wnba/outputs/archive/projections/wnba_projections_20260614.csv,no_safe_player_match,0,2026-06-24T11:30:43Z
2026-06-14,2026-06-14,Brionna Jones,brionna jones,brionna jones,ATL,TOR,29.9,/home/ubuntu/EdgeRanked/sports/wnba/outputs/archive/projections/wnba_projections_20260614.csv,missing_projected_or_actual_minutes,1,2026-06-24T11:30:43Z
2026-06-14,2026-06-14,Julie Vanloo,julie vanloo,julie vanloo,NYL,WAS,17.8,/home/ubuntu/EdgeRanked/sports/wnba/outputs/archive/projections/wnba_projections_20260614.csv,no_safe_player_match,0,2026-06-24T11:30:43Z
2026-06-14,2026-06-14,Kiki Iriafen,kiki iriafen,kiki iriafen,WAS,NYL,24.85,/home/ubuntu/EdgeRanked/sports/wnba/outputs/archive/projections/wnba_projections_20260614.csv,missing_projected_or_actual_minutes,1,2026-06-24T11:30:43Z
2026-06-14,2026-06-14,Kiki Rice,kiki rice,kiki rice,TOR,ATL,26.83,/home/ubuntu/EdgeRanked/sports/wnba/outputs/archive/projections/wnba_projections_20260614.csv,missing_projected_or_actual_minutes,1,2026-06-24T11:30:43Z
2026-06-14,2026-06-14,Mariella Fasoula,mariella fasoula,mariella fasoula,TOR,ATL,11.45,/home/ubuntu/EdgeRanked/sports/wnba/outputs/archive/projections/wnba_projections_20260614.csv,no_safe_player_match,0,2026-06-24T11:30:43Z
2026-06-14,2026-06-14,Marine Fauthoux,marine fauthoux,marine fauthoux,NYL,WAS,8.0,/home/ubuntu/EdgeRanked/sports/wnba/outputs/archive/projections/wnba_projections_20260614.csv,no_safe_player_match,0,2026-06-24T11:30:43Z
2026-06-14,2026-06-14,Nikolina Milic,nikolina milic,nikolina milic,TOR,ATL,9.92,/home/ubuntu/EdgeRanked/sports/wnba/outputs/archive/projections/wnba_projections_20260614.csv,no_safe_player_match,0,2026-06-24T11:30:43Z
2026-06-14,2026-06-14,Nyara Sabally,nyara sabally,nyara sabally,TOR,ATL,27.05,/home/ubuntu/EdgeRanked/sports/wnba/outputs/archive/projections/wnba_projections_20260614.csv,missing_projected_or_actual_minutes,1,2026-06-24T11:30:43Z
2026-06-14,2026-06-14,Rebecca Allen,rebecca allen,rebecca allen,NYL,WAS,12.47,/home/ubuntu/EdgeRanked/sports/wnba/outputs/archive/projections/wnba_projections_20260614.csv,missing_projected_or_actual_minutes,1,2026-06-24T11:30:43Z
2026-06-15,2026-06-15,Ashten Prechtel,ashten prechtel,ashten prechtel,GSV,LAS,10.07,/home/ubuntu/EdgeRanked/sports/wnba/outputs/archive/projections/wnba_projections_20260615.csv,no_safe_player_match,0,2026-06-24T11:30:43Z
2026-06-15,2026-06-15,Chennedy Carter,chennedy carter,chennedy carter,LVA,DAL,19.05,/home/ubuntu/EdgeRanked/sports/wnba/outputs/archive/projections/wnba_projections_20260615.csv,no_safe_player_match,0,2026-06-24T11:30:43Z
2026-06-15,2026-06-15,Costanza Verona,costanza verona,costanza verona,DAL,LVA,9.91,/home/ubuntu/EdgeRanked/sports/wnba/outputs/archive/projections/wnba_projections_20260615.csv,no_safe_player_match,0,2026-06-24T11:30:43Z
2026-06-15,2026-06-15,Dana Evans,dana evans,dana evans,LVA,DAL,19.6,/home/ubuntu/EdgeRanked/sports/wnba/outputs/archive/projections/wnba_projections_20260615.csv,no_safe_player_match,0,2026-06-24T11:30:43Z
2026-06-15,2026-06-15,Dorka Juhasz,dorka juhasz,dorka juhasz,MIN,POR,18.26,/home/ubuntu/EdgeRanked/sports/wnba/outputs/archive/projections/wnba_projections_20260615.csv,missing_projected_or_actual_minutes,1,2026-06-24T11:30:43Z
2026-06-15,2026-06-15,Dulcy Fankam Mendjiadeu,dulcy fankam mendjiadeu,dulcy fankam mendjiadeu,DAL,LVA,18.39,/home/ubuntu/EdgeRanked/sports/wnba/outputs/archive/projections/wnba_projections_20260615.csv,no_safe_player_match,0,2026-06-24T11:30:43Z
2026-06-15,2026-06-15,Emese Hof,emese hof,emese hof,MIN,POR,8.0,/home/ubuntu/EdgeRanked/sports/wnba/outputs/archive/projections/wnba_projections_20260615.csv,no_safe_player_match,0,2026-06-24T11:30:43Z
2026-06-15,2026-06-15,Emma Cannon,emma cannon,emma cannon,LAS,GSV,8.0,/home/ubuntu/EdgeRanked/sports/wnba/outputs/archive/projections/wnba_projections_20260615.csv,missing_projected_or_actual_minutes,1,2026-06-24T11:30:43Z
2026-06-15,2026-06-15,Emma Cechova,emma cechova,emma cechova,MIN,POR,16.75,/home/ubuntu/EdgeRanked/sports/wnba/outputs/archive/projections/wnba_projections_20260615.csv,missing_projected_or_actual_minutes,1,2026-06-24T11:30:43Z
2026-06-15,2026-06-15,Haley Jones,haley jones,haley jones,POR,MIN,11.73,/home/ubuntu/EdgeRanked/sports/wnba/outputs/archive/projections/wnba_projections_20260615.csv,no_safe_player_match,0,2026-06-24T11:30:43Z
2026-06-15,2026-06-15,Iliana Rupert,iliana rupert,iliana rupert,GSV,LAS,14.8,/home/ubuntu/EdgeRanked/sports/wnba/outputs/archive/projections/wnba_projections_20260615.csv,no_safe_player_match,0,2026-06-24T11:30:43Z
2026-06-15,2026-06-15,Janiah Barker,janiah barker,janiah barker,LVA,DAL,19.93,/home/ubuntu/EdgeRanked/sports/wnba/outputs/archive/projections/wnba_projections_20260615.csv,missing_projected_or_actual_minutes,1,2026-06-24T11:30:43Z
2026-06-15,2026-06-15,JJ Quinerly,jj quinerly,jj quinerly,DAL,LVA,10.29,/home/ubuntu/EdgeRanked/sports/wnba/outputs/archive/projections/wnba_projections_20260615.csv,no_safe_player_match,0,2026-06-24T11:30:43Z
2026-06-15,2026-06-15,Jordan Harrison,jordan harrison,jordan harrison,POR,MIN,9.76,/home/ubuntu/EdgeRanked/sports/wnba/outputs/archive/projections/wnba_projections_20260615.csv,no_safe_player_match,0,2026-06-24T11:30:43Z
2026-06-15,2026-06-15,Kamiah Smalls,kamiah smalls,kamiah smalls,POR,MIN,13.88,/home/ubuntu/EdgeRanked/sports/wnba/outputs/archive/projections/wnba_projections_20260615.csv,no_safe_player_match,0,2026-06-24T11:30:43Z
2026-06-15,2026-06-15,Karlie Samuelson,karlie samuelson,karlie samuelson,POR,MIN,15.51,/home/ubuntu/EdgeRanked/sports/wnba/outputs/archive/projections/wnba_projections_20260615.csv,missing_projected_or_actual_minutes,1,2026-06-24T11:30:43Z
2026-06-15,2026-06-15,Laura Ziegler,laura ziegler,laura ziegler,LAS,GSV,14.83,/home/ubuntu/EdgeRanked/sports/wnba/outputs/archive/projections/wnba_projections_20260615.csv,no_safe_player_match,0,2026-06-24T11:30:43Z
2026-06-15,2026-06-15,Liatu King,liatu king,liatu king,MIN,POR,11.67,/home/ubuntu/EdgeRanked/sports/wnba/outputs/archive/projections/wnba_projections_20260615.csv,no_safe_player_match,0,2026-06-24T11:30:43Z
2026-06-15,2026-06-15,Miela Sowah,miela sowah,miela sowah,GSV,LAS,8.0,/home/ubuntu/EdgeRanked/sports/wnba/outputs/archive/projections/wnba_projections_20260615.csv,no_safe_player_match,0,2026-06-24T11:30:43Z
2026-06-15,2026-06-15,Nadia Fingall,nadia fingall,nadia fingall,GSV,LAS,19.67,/home/ubuntu/EdgeRanked/sports/wnba/outputs/archive/projections/wnba_projections_20260615.csv,missing_projected_or_actual_minutes,1,2026-06-24T11:30:43Z
2026-06-15,2026-06-15,Napheesa Collier,napheesa collier,napheesa collier,MIN,POR,18.26,/home/ubuntu/EdgeRanked/sports/wnba/outputs/archive/projections/wnba_projections_20260615.csv,missing_projected_or_actual_minutes,1,2026-06-24T11:30:43Z
2026-06-15,2026-06-15,Ndjakalenga Mwenentanda,ndjakalenga mwenentanda,ndjakalenga mwenentanda,GSV,LAS,8.0,/home/ubuntu/EdgeRanked/sports/wnba/outputs/archive/projections/wnba_projections_20260615.csv,no_safe_player_match,0,2026-06-24T11:30:43Z
2026-06-15,2026-06-15,Odyssey Sims,odyssey sims,odyssey sims,DAL,LVA,13.6,/home/ubuntu/EdgeRanked/sports/wnba/outputs/archive/projections/wnba_projections_20260615.csv,no_safe_player_match,0,2026-06-24T11:30:43Z
2026-06-16,2026-06-16,Bree Hall,bree hall,bree hall,IND,TOR,19.31,/home/ubuntu/EdgeRanked/sports/wnba/outputs/archive/projections/wnba_projections_20260616.csv,no_safe_player_match,0,2026-06-24T11:30:43Z
2026-06-16,2026-06-16,Justine Pissott,justine pissott,justine pissott,IND,TOR,19.31,/home/ubuntu/EdgeRanked/sports/wnba/outputs/archive/projections/wnba_projections_20260616.csv,no_safe_player_match,0,2026-06-24T11:30:43Z
2026-06-16,2026-06-16,Kiki Rice,kiki rice,kiki rice,TOR,IND,29.41,/home/ubuntu/EdgeRanked/sports/wnba/outputs/archive/projections/wnba_projections_20260616.csv,missing_projected_or_actual_minutes,1,2026-06-24T11:30:43Z
2026-06-16,2026-06-16,Mariella Fasoula,mariella fasoula,mariella fasoula,TOR,IND,11.47,/home/ubuntu/EdgeRanked/sports/wnba/outputs/archive/projections/wnba_projections_20260616.csv,no_safe_player_match,0,2026-06-24T11:30:43Z
2026-06-16,2026-06-16,Nikolina Milic,nikolina milic,nikolina milic,TOR,IND,10.41,/home/ubuntu/EdgeRanked/sports/wnba/outputs/archive/projections/wnba_projections_20260616.csv,no_safe_player_match,0,2026-06-24T11:30:43Z
2026-06-16,2026-06-16,Nyara Sabally,nyara sabally,nyara sabally,TOR,IND,27.31,/home/ubuntu/EdgeRanked/sports/wnba/outputs/archive/projections/wnba_projections_20260616.csv,missing_projected_or_actual_minutes,1,2026-06-24T11:30:43Z
2026-06-16,2026-06-16,Shatori Walker-Kimbrough,shatori walker-kimbrough,shatori walker-kimbrough,IND,TOR,8.0,/home/ubuntu/EdgeRanked/sports/wnba/outputs/archive/projections/wnba_projections_20260616.csv,no_safe_player_match,0,2026-06-24T11:30:43Z
2026-06-16,2026-06-16,Tyasha Harris,tyasha harris,tyasha harris,IND,TOR,12.55,/home/ubuntu/EdgeRanked/sports/wnba/outputs/archive/projections/wnba_projections_20260616.csv,missing_projected_or_actual_minutes,1,2026-06-24T11:30:43Z
2026-06-17,2026-06-17,Alex Fowler,alex fowler,alex fowler,NYL,CHI,13.29,/home/ubuntu/EdgeRanked/sports/wnba/outputs/archive/projections/wnba_projections_20260617.csv,no_safe_player_match,0,2026-06-24T11:30:43Z
2026-06-17,2026-06-17,Alex Wilson,alex wilson,alex wilson,WAS,CON,12.5,/home/ubuntu/EdgeRanked/sports/wnba/outputs/archive/projections/wnba_projections_20260617.csv,no_safe_player_match,0,2026-06-24T11:30:43Z
2026-06-17,2026-06-17,Alicia Florez,alicia florez,alicia florez,WAS,CON,17.16,/home/ubuntu/EdgeRanked/sports/wnba/outputs/archive/projections/wnba_projections_20260617.csv,missing_projected_or_actual_minutes,1,2026-06-24T11:30:43Z
2026-06-17,2026-06-17,Alicia Florez Getino,alicia florez getino,alicia florez getino,WAS,CON,24.4,/home/ubuntu/EdgeRanked/sports/wnba/outputs/archive/projections/wnba_projections_20260617.csv,no_safe_player_match,0,2026-06-24T11:30:43Z
2026-06-17,2026-06-17,Alysha Clark,alysha clark,alysha clark,DAL,GSV,13.49,/home/ubuntu/EdgeRanked/sports/wnba/outputs/archive/projections/wnba_projections_20260617.csv,missing_projected_or_actual_minutes,1,2026-06-24T11:30:43Z
2026-06-17,2026-06-17,Anneli Maley,anneli maley,anneli maley,NYL,CHI,9.88,/home/ubuntu/EdgeRanked/sports/wnba/outputs/archive/projections/wnba_projections_20260617.csv,no_safe_player_match,0,2026-06-24T11:30:43Z
2026-06-17,2026-06-17,Ashlon Jackson,ashlon jackson,ashlon jackson,CON,WAS,12.48,/home/ubuntu/EdgeRanked/sports/wnba/outputs/archive/projections/wnba_projections_20260617.csv,missing_projected_or_actual_minutes,1,2026-06-24T11:30:43Z
2026-06-17,2026-06-17,Ashten Prechtel,ashten prechtel,ashten prechtel,GSV,DAL,10.24,/home/ubuntu/EdgeRanked/sports/wnba/outputs/archive/projections/wnba_projections_20260617.csv,no_safe_player_match,0,2026-06-24T11:30:43Z
2026-06-17,2026-06-17,Betnijah Laney-Hamilton,betnijah laney-hamilton,betnijah laney-hamilton,NYL,CHI,16.73,/home/ubuntu/EdgeRanked/sports/wnba/outputs/archive/projections/wnba_projections_20260617.csv,no_safe_player_match,0,2026-06-24T11:30:43Z
2026-06-17,2026-06-17,Cameron Brink,cameron brink,cameron brink,LAS,MIN,19.24,/home/ubuntu/EdgeRanked/sports/wnba/outputs/archive/projections/wnba_projections_20260617.csv,no_safe_player_match,0,2026-06-24T11:30:43Z
2026-06-17,2026-06-17,Chennedy Carter,chennedy carter,chennedy carter,LVA,PHX,18.24,/home/ubuntu/EdgeRanked/sports/wnba/outputs/archive/projections/wnba_projections_20260617.csv,missing_projected_or_actual_minutes,1,2026-06-24T11:30:43Z
2026-06-17,2026-06-17,Costanza Verona,costanza verona,costanza verona,DAL,GSV,10.1,/home/ubuntu/EdgeRanked/sports/wnba/outputs/archive/projections/wnba_projections_20260617.csv,no_safe_player_match,0,2026-06-24T11:30:43Z
2026-06-17,2026-06-17,Courtney Vandersloot,courtney vandersloot,courtney vandersloot,CHI,NYL,26.9,/home/ubuntu/EdgeRanked/sports/wnba/outputs/archive/projections/wnba_projections_20260617.csv,no_safe_player_match,0,2026-06-24T11:30:43Z
2026-06-17,2026-06-17,Dana Evans,dana evans,dana evans,LVA,PHX,18.98,/home/ubuntu/EdgeRanked/sports/wnba/outputs/archive/projections/wnba_projections_20260617.csv,missing_projected_or_actual_minutes,1,2026-06-24T11:30:43Z
2026-06-17,2026-06-17,Darianna Littlepage-Buggs,darianna littlepage-buggs,darianna littlepage-buggs,WAS,CON,20.66,/home/ubuntu/EdgeRanked/sports/wnba/outputs/archive/projections/wnba_projections_20260617.csv,missing_projected_or_actual_minutes,1,2026-06-24T11:30:43Z
2026-06-17,2026-06-17,DiJonai Carrington,dijonai carrington,dijonai carrington,CHI,NYL,28.41,/home/ubuntu/EdgeRanked/sports/wnba/outputs/archive/projections/wnba_projections_20260617.csv,no_safe_player_match,0,2026-06-24T11:30:43Z
2026-06-17,2026-06-17,Dorka Juhasz,dorka juhasz,dorka juhasz,MIN,LAS,19.93,/home/ubuntu/EdgeRanked/sports/wnba/outputs/archive/projections/wnba_projections_20260617.csv,no_safe_player_match,0,2026-06-24T11:30:43Z
2026-06-17,2026-06-17,Dulcy Fankam Mendjiadeu,dulcy fankam mendjiadeu,dulcy fankam mendjiadeu,DAL,GSV,18.83,/home/ubuntu/EdgeRanked/sports/wnba/outputs/archive/projections/wnba_projections_20260617.csv,no_safe_player_match,0,2026-06-24T11:30:43Z
2026-06-17,2026-06-17,Emese Hof,emese hof,emese hof,MIN,LAS,8.64,/home/ubuntu/EdgeRanked/sports/wnba/outputs/archive/projections/wnba_projections_20260617.csv,no_safe_player_match,0,2026-06-24T11:30:43Z
2026-06-17,2026-06-17,Emma Cechova,emma cechova,emma cechova,MIN,LAS,15.79,/home/ubuntu/EdgeRanked/sports/wnba/outputs/archive/projections/wnba_projections_20260617.csv,no_safe_player_match,0,2026-06-24T11:30:43Z
2026-06-17,2026-06-17,Ezi Magbegor,ezi magbegor,ezi magbegor,SEA,POR,18.18,/home/ubuntu/EdgeRanked/sports/wnba/outputs/archive/projections/wnba_projections_20260617.csv,missing_projected_or_actual_minutes,1,2026-06-24T11:30:43Z
2026-06-17,2026-06-17,Hailey Van Lith,hailey van lith,hailey van lith,CON,WAS,13.47,/home/ubuntu/EdgeRanked/sports/wnba/outputs/archive/projections/wnba_projections_20260617.csv,missing_projected_or_actual_minutes,1,2026-06-24T11:30:43Z
2026-06-17,2026-06-17,Haley Jones,haley jones,haley jones,POR,SEA,11.41,/home/ubuntu/EdgeRanked/sports/wnba/outputs/archive/projections/wnba_projections_20260617.csv,no_safe_player_match,0,2026-06-24T11:30:43Z
2026-06-17,2026-06-17,Holly Winterburn,holly winterburn,holly winterburn,POR,SEA,13.61,/home/ubuntu/EdgeRanked/sports/wnba/outputs/archive/projections/wnba_projections_20260617.csv,missing_projected_or_actual_minutes,1,2026-06-24T11:30:43Z
2026-06-17,2026-06-17,Iliana Rupert,iliana rupert,iliana rupert,GSV,DAL,14.52,/home/ubuntu/EdgeRanked/sports/wnba/outputs/archive/projections/wnba_projections_20260617.csv,no_safe_player_match,0,2026-06-24T11:30:43Z
2026-06-17,2026-06-17,Janiah Barker,janiah barker,janiah barker,LVA,PHX,19.57,/home/ubuntu/EdgeRanked/sports/wnba/outputs/archive/projections/wnba_projections_20260617.csv,missing_projected_or_actual_minutes,1,2026-06-24T11:30:43Z
2026-06-17,2026-06-17,JJ Quinerly,jj quinerly,jj quinerly,DAL,GSV,10.49,/home/ubuntu/EdgeRanked/sports/wnba/outputs/archive/projections/wnba_projections_20260617.csv,no_safe_player_match,0,2026-06-24T11:30:43Z
2026-06-17,2026-06-17,Jordan Harrison,jordan harrison,jordan harrison,POR,SEA,9.43,/home/ubuntu/EdgeRanked/sports/wnba/outputs/archive/projections/wnba_projections_20260617.csv,no_safe_player_match,0,2026-06-24T11:30:43Z
2026-06-17,2026-06-17,Jordan Horston,jordan horston,jordan horston,SEA,POR,19.26,/home/ubuntu/EdgeRanked/sports/wnba/outputs/archive/projections/wnba_projections_20260617.csv,missing_projected_or_actual_minutes,1,2026-06-24T11:30:43Z
2026-06-17,2026-06-17,Joyner Holmes,joyner holmes,joyner holmes,SEA,POR,10.55,/home/ubuntu/EdgeRanked/sports/wnba/outputs/archive/projections/wnba_projections_20260617.csv,no_safe_player_match,0,2026-06-24T11:30:43Z
2026-06-17,2026-06-17,Julie Vanloo,julie vanloo,julie vanloo,NYL,CHI,17.66,/home/ubuntu/EdgeRanked/sports/wnba/outputs/archive/projections/wnba_projections_20260617.csv,no_safe_player_match,0,2026-06-24T11:30:43Z
2026-06-17,2026-06-17,Juste Jocyte,juste jocyte,juste jocyte,GSV,DAL,11.26,/home/ubuntu/EdgeRanked/sports/wnba/outputs/archive/projections/wnba_projections_20260617.csv,missing_projected_or_actual_minutes,1,2026-06-24T11:30:43Z
2026-06-17,2026-06-17,Kamiah Smalls,kamiah smalls,kamiah smalls,POR,SEA,13.49,/home/ubuntu/EdgeRanked/sports/wnba/outputs/archive/projections/wnba_projections_20260617.csv,no_safe_player_match,0,2026-06-24T11:30:43Z
2026-06-17,2026-06-17,Kelsey Plum,kelsey plum,kelsey plum,LAS,MIN,37.03,/home/ubuntu/EdgeRanked/sports/wnba/outputs/archive/projections/wnba_projections_20260617.csv,no_safe_player_match,0,2026-06-24T11:30:43Z
2026-06-17,2026-06-17,Kiana Williams,kiana williams,kiana williams,PHX,LVA,11.54,/home/ubuntu/EdgeRanked/sports/wnba/outputs/archive/projections/wnba_projections_20260617.csv,no_safe_player_match,0,2026-06-24T11:30:43Z
2026-06-17,2026-06-17,Kiki Iriafen,kiki iriafen,kiki iriafen,WAS,CON,25.14,/home/ubuntu/EdgeRanked/sports/wnba/outputs/archive/projections/wnba_projections_20260617.csv,missing_projected_or_actual_minutes,1,2026-06-24T11:30:43Z
2026-06-17,2026-06-17,Laura Ziegler,laura ziegler,laura ziegler,LAS,MIN,14.65,/home/ubuntu/EdgeRanked/sports/wnba/outputs/archive/projections/wnba_projections_20260617.csv,missing_projected_or_actual_minutes,1,2026-06-24T11:30:43Z
2026-06-17,2026-06-17,Lexie Brown,lexie brown,lexie brown,SEA,POR,11.58,/home/ubuntu/EdgeRanked/sports/wnba/outputs/archive/projections/wnba_projections_20260617.csv,no_safe_player_match,0,2026-06-24T11:30:43Z
2026-06-17,2026-06-17,Li Yueru,li yueru,li yueru,DAL,GSV,8.9,/home/ubuntu/EdgeRanked/sports/wnba/outputs/archive/projections/wnba_projections_20260617.csv,missing_projected_or_actual_minutes,1,2026-06-24T11:30:43Z
2026-06-17,2026-06-17,Liatu King,liatu king,liatu king,MIN,LAS,11.84,/home/ubuntu/EdgeRanked/sports/wnba/outputs/archive/projections/wnba_projections_20260617.csv,missing_projected_or_actual_minutes,1,2026-06-24T11:30:43Z
2026-06-17,2026-06-17,Luisa Geiselsoder,luisa geiselsoder,luisa geiselsoder,POR,SEA,15.93,/home/ubuntu/EdgeRanked/sports/wnba/outputs/archive/projections/wnba_projections_20260617.csv,missing_projected_or_actual_minutes,1,2026-06-24T11:30:43Z
2026-06-17,2026-06-17,Marine Fauthoux,marine fauthoux,marine fauthoux,NYL,CHI,8.39,/home/ubuntu/EdgeRanked/sports/wnba/outputs/archive/projections/wnba_projections_20260617.csv,no_safe_player_match,0,2026-06-24T11:30:43Z
2026-06-17,2026-06-17,Marta Suarez,marta suarez,marta suarez,PHX,LVA,11.94,/home/ubuntu/EdgeRanked/sports/wnba/outputs/archive/projections/wnba_projections_20260617.csv,no_safe_player_match,0,2026-06-24T11:30:43Z
2026-06-17,2026-06-17,Miela Sowah,miela sowah,miela sowah,GSV,DAL,8.0,/home/ubuntu/EdgeRanked/sports/wnba/outputs/archive/projections/wnba_projections_20260617.csv,no_safe_player_match,0,2026-06-24T11:30:43Z
2026-06-17,2026-06-17,Nadia Fingall,nadia fingall,nadia fingall,GSV,DAL,19.51,/home/ubuntu/EdgeRanked/sports/wnba/outputs/archive/projections/wnba_projections_20260617.csv,missing_projected_or_actual_minutes,1,2026-06-24T11:30:43Z
2026-06-17,2026-06-17,Napheesa Collier,napheesa collier,napheesa collier,MIN,LAS,19.93,/home/ubuntu/EdgeRanked/sports/wnba/outputs/archive/projections/wnba_projections_20260617.csv,no_safe_player_match,0,2026-06-24T11:30:43Z
2026-06-17,2026-06-17,Ndjakalenga Mwenentanda,ndjakalenga mwenentanda,ndjakalenga mwenentanda,GSV,DAL,8.0,/home/ubuntu/EdgeRanked/sports/wnba/outputs/archive/projections/wnba_projections_20260617.csv,no_safe_player_match,0,2026-06-24T11:30:43Z
2026-06-17,2026-06-17,Odyssey Sims,odyssey sims,odyssey sims,DAL,GSV,13.71,/home/ubuntu/EdgeRanked/sports/wnba/outputs/archive/projections/wnba_projections_20260617.csv,no_safe_player_match,0,2026-06-24T11:30:43Z
2026-06-17,2026-06-17,Quionche Carter,quionche carter,quionche carter,PHX,LVA,11.21,/home/ubuntu/EdgeRanked/sports/wnba/outputs/archive/projections/wnba_projections_20260617.csv,missing_projected_or_actual_minutes,1,2026-06-24T11:30:43Z
2026-06-17,2026-06-17,Raquel Carrera,raquel carrera,raquel carrera,NYL,CHI,12.49,/home/ubuntu/EdgeRanked/sports/wnba/outputs/archive/projections/wnba_projections_20260617.csv,missing_projected_or_actual_minutes,1,2026-06-24T11:30:43Z
2026-06-17,2026-06-17,Rebecca Allen,rebecca allen,rebecca allen,NYL,CHI,13.54,/home/ubuntu/EdgeRanked/sports/wnba/outputs/archive/projections/wnba_projections_20260617.csv,missing_projected_or_actual_minutes,1,2026-06-24T11:30:43Z
2026-06-17,2026-06-17,Rickea Jackson,rickea jackson,rickea jackson,CHI,NYL,32.33,/home/ubuntu/EdgeRanked/sports/wnba/outputs/archive/projections/wnba_projections_20260617.csv,no_safe_player_match,0,2026-06-24T11:30:43Z
2026-06-17,2026-06-17,Rori Harmon,rori harmon,rori harmon,WAS,CON,10.06,/home/ubuntu/EdgeRanked/sports/wnba/outputs/archive/projections/wnba_projections_20260617.csv,missing_projected_or_actual_minutes,1,2026-06-24T11:30:43Z
2026-06-17,2026-06-17,Sami Whitcomb,sami whitcomb,sami whitcomb,PHX,LVA,19.52,/home/ubuntu/EdgeRanked/sports/wnba/outputs/archive/projections/wnba_projections_20260617.csv,missing_projected_or_actual_minutes,1,2026-06-24T11:30:43Z
2026-06-17,2026-06-17,Saylor Poffenbarger,saylor poffenbarger,saylor poffenbarger,CHI,NYL,9.11,/home/ubuntu/EdgeRanked/sports/wnba/outputs/archive/projections/wnba_projections_20260617.csv,missing_projected_or_actual_minutes,1,2026-06-24T11:30:43Z
2026-06-17,2026-06-17,Shakira Austin,shakira austin,shakira austin,WAS,CON,28.6,/home/ubuntu/EdgeRanked/sports/wnba/outputs/archive/projections/wnba_projections_20260617.csv,missing_projected_or_actual_minutes,1,2026-06-24T11:30:43Z
2026-06-17,2026-06-17,Taina Mair,taina mair,taina mair,SEA,POR,8.0,/home/ubuntu/EdgeRanked/sports/wnba/outputs/archive/projections/wnba_projections_20260617.csv,missing_projected_or_actual_minutes,1,2026-06-24T11:30:43Z
2026-06-18,2026-06-18,Aaliyah Nye,aaliyah nye,aaliyah nye,ATL,IND,8.0,/home/ubuntu/EdgeRanked/sports/wnba/outputs/archive/projections/wnba_projections_20260618.csv,missing_projected_or_actual_minutes,1,2026-06-24T11:30:43Z
2026-06-18,2026-06-18,Bree Hall,bree hall,bree hall,IND,ATL,19.4,/home/ubuntu/EdgeRanked/sports/wnba/outputs/archive/projections/wnba_projections_20260618.csv,no_safe_player_match,0,2026-06-24T11:30:43Z
2026-06-18,2026-06-18,Brionna Jones,brionna jones,brionna jones,ATL,IND,28.01,/home/ubuntu/EdgeRanked/sports/wnba/outputs/archive/projections/wnba_projections_20260618.csv,missing_projected_or_actual_minutes,1,2026-06-24T11:30:43Z
2026-06-18,2026-06-18,Damiris Dantas,damiris dantas,damiris dantas,IND,ATL,11.24,/home/ubuntu/EdgeRanked/sports/wnba/outputs/archive/projections/wnba_projections_20260618.csv,missing_projected_or_actual_minutes,1,2026-06-24T11:30:43Z
2026-06-18,2026-06-18,Grace VanSlooten,grace vanslooten,grace vanslooten,IND,ATL,10.82,/home/ubuntu/EdgeRanked/sports/wnba/outputs/archive/projections/wnba_projections_20260618.csv,missing_projected_or_actual_minutes,1,2026-06-24T11:30:43Z
2026-06-18,2026-06-18,Indya Nivar,indya nivar,indya nivar,ATL,IND,8.0,/home/ubuntu/EdgeRanked/sports/wnba/outputs/archive/projections/wnba_projections_20260618.csv,missing_projected_or_actual_minutes,1,2026-06-24T11:30:43Z
2026-06-18,2026-06-18,Justine Pissott,justine pissott,justine pissott,IND,ATL,19.41,/home/ubuntu/EdgeRanked/sports/wnba/outputs/archive/projections/wnba_projections_20260618.csv,no_safe_player_match,0,2026-06-24T11:30:43Z
2026-06-18,2026-06-18,Shatori Walker-Kimbrough,shatori walker-kimbrough,shatori walker-kimbrough,IND,ATL,8.0,/home/ubuntu/EdgeRanked/sports/wnba/outputs/archive/projections/wnba_projections_20260618.csv,no_safe_player_match,0,2026-06-24T11:30:43Z
2026-06-19,2026-06-19,Alex Fowler,alex fowler,alex fowler,NYL,WAS,13.12,/home/ubuntu/EdgeRanked/sports/wnba/outputs/archive/projections/wnba_projections_20260619.csv,no_safe_player_match,0,2026-06-24T11:30:43Z
2026-06-19,2026-06-19,Alex Wilson,alex wilson,alex wilson,WAS,NYL,11.83,/home/ubuntu/EdgeRanked/sports/wnba/outputs/archive/projections/wnba_projections_20260619.csv,no_safe_player_match,0,2026-06-24T11:30:43Z
2026-06-19,2026-06-19,Alicia Florez,alicia florez,alicia florez,WAS,NYL,19.19,/home/ubuntu/EdgeRanked/sports/wnba/outputs/archive/projections/wnba_projections_20260619.csv,missing_projected_or_actual_minutes,1,2026-06-24T11:30:43Z
2026-06-19,2026-06-19,Alicia Florez Getino,alicia florez getino,alicia florez getino,WAS,NYL,23.2,/home/ubuntu/EdgeRanked/sports/wnba/outputs/archive/projections/wnba_projections_20260619.csv,no_safe_player_match,0,2026-06-24T11:30:43Z
2026-06-19,2026-06-19,Anneli Maley,anneli maley,anneli maley,NYL,WAS,8.51,/home/ubuntu/EdgeRanked/sports/wnba/outputs/archive/projections/wnba_projections_20260619.csv,no_safe_player_match,0,2026-06-24T11:30:43Z
2026-06-19,2026-06-19,Ashlon Jackson,ashlon jackson,ashlon jackson,CON,TOR,10.7,/home/ubuntu/EdgeRanked/sports/wnba/outputs/archive/projections/wnba_projections_20260619.csv,missing_projected_or_actual_minutes,1,2026-06-24T11:30:43Z
2026-06-19,2026-06-19,Ashten Prechtel,ashten prechtel,ashten prechtel,GSV,MIN,8.31,/home/ubuntu/EdgeRanked/sports/wnba/outputs/archive/projections/wnba_projections_20260619.csv,no_safe_player_match,0,2026-06-24T11:30:43Z
2026-06-19,2026-06-19,Betnijah Laney-Hamilton,betnijah laney-hamilton,betnijah laney-hamilton,NYL,WAS,16.27,/home/ubuntu/EdgeRanked/sports/wnba/outputs/archive/projections/wnba_projections_20260619.csv,no_safe_player_match,0,2026-06-24T11:30:43Z
2026-06-19,2026-06-19,Brittney Sykes,brittney sykes,brittney sykes,TOR,CON,30.5,/home/ubuntu/EdgeRanked/sports/wnba/outputs/archive/projections/wnba_projections_20260619.csv,missing_projected_or_actual_minutes,1,2026-06-24T11:30:43Z
2026-06-19,2026-06-19,Darianna Littlepage-Buggs,darianna littlepage-buggs,darianna littlepage-buggs,WAS,NYL,20.76,/home/ubuntu/EdgeRanked/sports/wnba/outputs/archive/projections/wnba_projections_20260619.csv,missing_projected_or_actual_minutes,1,2026-06-24T11:30:43Z
2026-06-19,2026-06-19,Dorka Juhasz,dorka juhasz,dorka juhasz,MIN,GSV,19.15,/home/ubuntu/EdgeRanked/sports/wnba/outputs/archive/projections/wnba_projections_20260619.csv,no_safe_player_match,0,2026-06-24T11:30:43Z
2026-06-19,2026-06-19,Eliska Hamzova,eliska hamzova,eliska hamzova,MIN,GSV,10.22,/home/ubuntu/EdgeRanked/sports/wnba/outputs/archive/projections/wnba_projections_20260619.csv,no_safe_player_match,0,2026-06-24T11:30:43Z
2026-06-19,2026-06-19,Emese Hof,emese hof,emese hof,MIN,GSV,8.23,/home/ubuntu/EdgeRanked/sports/wnba/outputs/archive/projections/wnba_projections_20260619.csv,no_safe_player_match,0,2026-06-24T11:30:43Z
2026-06-19,2026-06-19,Emma Cechova,emma cechova,emma cechova,MIN,GSV,15.09,/home/ubuntu/EdgeRanked/sports/wnba/outputs/archive/projections/wnba_projections_20260619.csv,no_safe_player_match,0,2026-06-24T11:30:43Z
2026-06-19,2026-06-19,Gianna Kneepkens,gianna kneepkens,gianna kneepkens,CON,TOR,10.08,/home/ubuntu/EdgeRanked/sports/wnba/outputs/archive/projections/wnba_projections_20260619.csv,missing_projected_or_actual_minutes,1,2026-06-24T11:30:43Z
2026-06-19,2026-06-19,Hailey Van Lith,hailey van lith,hailey van lith,CON,TOR,11.74,/home/ubuntu/EdgeRanked/sports/wnba/outputs/archive/projections/wnba_projections_20260619.csv,missing_projected_or_actual_minutes,1,2026-06-24T11:30:43Z
2026-06-19,2026-06-19,Iliana Rupert,iliana rupert,iliana rupert,GSV,MIN,14.54,/home/ubuntu/EdgeRanked/sports/wnba/outputs/archive/projections/wnba_projections_20260619.csv,no_safe_player_match,0,2026-06-24T11:30:43Z
2026-06-19,2026-06-19,Julie Vanloo,julie vanloo,julie vanloo,NYL,WAS,17.47,/home/ubuntu/EdgeRanked/sports/wnba/outputs/archive/projections/wnba_projections_20260619.csv,no_safe_player_match,0,2026-06-24T11:30:43Z
2026-06-19,2026-06-19,Juste Jocyte,juste jocyte,juste jocyte,GSV,MIN,8.0,/home/ubuntu/EdgeRanked/sports/wnba/outputs/archive/projections/wnba_projections_20260619.csv,missing_projected_or_actual_minutes,1,2026-06-24T11:30:43Z
2026-06-19,2026-06-19,Kiki Rice,kiki rice,kiki rice,TOR,CON,29.09,/home/ubuntu/EdgeRanked/sports/wnba/outputs/archive/projections/wnba_projections_20260619.csv,missing_projected_or_actual_minutes,1,2026-06-24T11:30:43Z
2026-06-19,2026-06-19,Liatu King,liatu king,liatu king,MIN,GSV,12.36,/home/ubuntu/EdgeRanked/sports/wnba/outputs/archive/projections/wnba_projections_20260619.csv,missing_projected_or_actual_minutes,1,2026-06-24T11:30:43Z
2026-06-19,2026-06-19,Mariella Fasoula,mariella fasoula,mariella fasoula,TOR,CON,10.28,/home/ubuntu/EdgeRanked/sports/wnba/outputs/archive/projections/wnba_projections_20260619.csv,no_safe_player_match,0,2026-06-24T11:30:43Z
2026-06-19,2026-06-19,Marine Fauthoux,marine fauthoux,marine fauthoux,NYL,WAS,8.0,/home/ubuntu/EdgeRanked/sports/wnba/outputs/archive/projections/wnba_projections_20260619.csv,no_safe_player_match,0,2026-06-24T11:30:43Z
2026-06-19,2026-06-19,Miela Sowah,miela sowah,miela sowah,GSV,MIN,8.0,/home/ubuntu/EdgeRanked/sports/wnba/outputs/archive/projections/wnba_projections_20260619.csv,no_safe_player_match,0,2026-06-24T11:30:43Z
2026-06-19,2026-06-19,Nadia Fingall,nadia fingall,nadia fingall,GSV,MIN,19.27,/home/ubuntu/EdgeRanked/sports/wnba/outputs/archive/projections/wnba_projections_20260619.csv,missing_projected_or_actual_minutes,1,2026-06-24T11:30:43Z
2026-06-19,2026-06-19,Napheesa Collier,napheesa collier,napheesa collier,MIN,GSV,19.15,/home/ubuntu/EdgeRanked/sports/wnba/outputs/archive/projections/wnba_projections_20260619.csv,no_safe_player_match,0,2026-06-24T11:30:43Z
2026-06-19,2026-06-19,Ndjakalenga Mwenentanda,ndjakalenga mwenentanda,ndjakalenga mwenentanda,GSV,MIN,8.0,/home/ubuntu/EdgeRanked/sports/wnba/outputs/archive/projections/wnba_projections_20260619.csv,no_safe_player_match,0,2026-06-24T11:30:43Z
2026-06-19,2026-06-19,Nikolina Milic,nikolina milic,nikolina milic,TOR,CON,9.64,/home/ubuntu/EdgeRanked/sports/wnba/outputs/archive/projections/wnba_projections_20260619.csv,no_safe_player_match,0,2026-06-24T11:30:43Z
2026-06-19,2026-06-19,Nyara Sabally,nyara sabally,nyara sabally,TOR,CON,27.13,/home/ubuntu/EdgeRanked/sports/wnba/outputs/archive/projections/wnba_projections_20260619.csv,missing_projected_or_actual_minutes,1,2026-06-24T11:30:43Z
2026-06-19,2026-06-19,Raegan Beers,raegan beers,raegan beers,CON,TOR,9.23,/home/ubuntu/EdgeRanked/sports/wnba/outputs/archive/projections/wnba_projections_20260619.csv,missing_projected_or_actual_minutes,1,2026-06-24T11:30:43Z
2026-06-19,2026-06-19,Raquel Carrera,raquel carrera,raquel carrera,NYL,WAS,10.18,/home/ubuntu/EdgeRanked/sports/wnba/outputs/archive/projections/wnba_projections_20260619.csv,missing_projected_or_actual_minutes,1,2026-06-24T11:30:43Z
2026-06-19,2026-06-19,Rebecca Allen,rebecca allen,rebecca allen,NYL,WAS,12.01,/home/ubuntu/EdgeRanked/sports/wnba/outputs/archive/projections/wnba_projections_20260619.csv,missing_projected_or_actual_minutes,1,2026-06-24T11:30:43Z
2026-06-19,2026-06-19,Rori Harmon,rori harmon,rori harmon,WAS,NYL,9.77,/home/ubuntu/EdgeRanked/sports/wnba/outputs/archive/projections/wnba_projections_20260619.csv,missing_projected_or_actual_minutes,1,2026-06-24T11:30:43Z
2026-06-19,2026-06-19,Teaira McCowan,teaira mccowan,teaira mccowan,MIN,GSV,8.0,/home/ubuntu/EdgeRanked/sports/wnba/outputs/archive/projections/wnba_projections_20260619.csv,missing_projected_or_actual_minutes,1,2026-06-24T11:30:43Z
2026-06-20,2026-06-20,Aaliyah Nye,aaliyah nye,aaliyah nye,ATL,IND,8.0,/home/ubuntu/EdgeRanked/sports/wnba/outputs/archive/projections/wnba_projections_20260620.csv,missing_projected_or_actual_minutes,1,2026-06-24T11:30:43Z
2026-06-20,2026-06-20,Aicha Coulibaly,aicha coulibaly,aicha coulibaly,CHI,DAL,16.38,/home/ubuntu/EdgeRanked/sports/wnba/outputs/archive/projections/wnba_projections_20260620.csv,no_safe_player_match,0,2026-06-24T11:30:43Z
2026-06-20,2026-06-20,Alysha Clark,alysha clark,alysha clark,DAL,CHI,10.19,/home/ubuntu/EdgeRanked/sports/wnba/outputs/archive/projections/wnba_projections_20260620.csv,no_safe_player_match,0,2026-06-24T11:30:43Z
2026-06-20,2026-06-20,Bree Hall,bree hall,bree hall,IND,ATL,18.13,/home/ubuntu/EdgeRanked/sports/wnba/outputs/archive/projections/wnba_projections_20260620.csv,no_safe_player_match,0,2026-06-24T11:30:43Z
2026-06-20,2026-06-20,Brionna Jones,brionna jones,brionna jones,ATL,IND,26.93,/home/ubuntu/EdgeRanked/sports/wnba/outputs/archive/projections/wnba_projections_20260620.csv,missing_projected_or_actual_minutes,1,2026-06-24T11:30:43Z
2026-06-20,2026-06-20,Costanza Verona,costanza verona,costanza verona,DAL,CHI,10.07,/home/ubuntu/EdgeRanked/sports/wnba/outputs/archive/projections/wnba_projections_20260620.csv,missing_projected_or_actual_minutes,1,2026-06-24T11:30:43Z
2026-06-20,2026-06-20,Courtney Vandersloot,courtney vandersloot,courtney vandersloot,CHI,DAL,24.83,/home/ubuntu/EdgeRanked/sports/wnba/outputs/archive/projections/wnba_projections_20260620.csv,no_safe_player_match,0,2026-06-24T11:30:43Z
2026-06-20,2026-06-20,DiJonai Carrington,dijonai carrington,dijonai carrington,CHI,DAL,26.54,/home/ubuntu/EdgeRanked/sports/wnba/outputs/archive/projections/wnba_projections_20260620.csv,no_safe_player_match,0,2026-06-24T11:30:43Z
2026-06-20,2026-06-20,Dulcy Fankam Mendjiadeu,dulcy fankam mendjiadeu,dulcy fankam mendjiadeu,DAL,CHI,17.32,/home/ubuntu/EdgeRanked/sports/wnba/outputs/archive/projections/wnba_projections_20260620.csv,no_safe_player_match,0,2026-06-24T11:30:43Z
2026-06-20,2026-06-20,Ezi Magbegor,ezi magbegor,ezi magbegor,SEA,PHX,17.85,/home/ubuntu/EdgeRanked/sports/wnba/outputs/archive/projections/wnba_projections_20260620.csv,missing_projected_or_actual_minutes,1,2026-06-24T11:30:43Z
2026-06-20,2026-06-20,Grace VanSlooten,grace vanslooten,grace vanslooten,IND,ATL,10.64,/home/ubuntu/EdgeRanked/sports/wnba/outputs/archive/projections/wnba_projections_20260620.csv,missing_projected_or_actual_minutes,1,2026-06-24T11:30:43Z
2026-06-20,2026-06-20,JJ Quinerly,jj quinerly,jj quinerly,DAL,CHI,9.65,/home/ubuntu/EdgeRanked/sports/wnba/outputs/archive/projections/wnba_projections_20260620.csv,no_safe_player_match,0,2026-06-24T11:30:43Z
2026-06-20,2026-06-20,Jordan Horston,jordan horston,jordan horston,SEA,PHX,21.92,/home/ubuntu/EdgeRanked/sports/wnba/outputs/archive/projections/wnba_projections_20260620.csv,missing_projected_or_actual_minutes,1,2026-06-24T11:30:43Z
2026-06-20,2026-06-20,Jovana Nogic,jovana nogic,jovana nogic,PHX,SEA,17.0,/home/ubuntu/EdgeRanked/sports/wnba/outputs/archive/projections/wnba_projections_20260620.csv,no_safe_player_match,0,2026-06-24T11:30:43Z
2026-06-20,2026-06-20,Joyner Holmes,joyner holmes,joyner holmes,SEA,PHX,10.39,/home/ubuntu/EdgeRanked/sports/wnba/outputs/archive/projections/wnba_projections_20260620.csv,no_safe_player_match,0,2026-06-24T11:30:43Z
2026-06-20,2026-06-20,Justine Pissott,justine pissott,justine pissott,IND,ATL,18.14,/home/ubuntu/EdgeRanked/sports/wnba/outputs/archive/projections/wnba_projections_20260620.csv,no_safe_player_match,0,2026-06-24T11:30:43Z
2026-06-20,2026-06-20,Kiana Williams,kiana williams,kiana williams,PHX,SEA,11.69,/home/ubuntu/EdgeRanked/sports/wnba/outputs/archive/projections/wnba_projections_20260620.csv,no_safe_player_match,0,2026-06-24T11:30:43Z
2026-06-20,2026-06-20,Lexie Brown,lexie brown,lexie brown,SEA,PHX,10.99,/home/ubuntu/EdgeRanked/sports/wnba/outputs/archive/projections/wnba_projections_20260620.csv,no_safe_player_match,0,2026-06-24T11:30:43Z
2026-06-20,2026-06-20,Marta Suarez,marta suarez,marta suarez,PHX,SEA,10.86,/home/ubuntu/EdgeRanked/sports/wnba/outputs/archive/projections/wnba_projections_20260620.csv,no_safe_player_match,0,2026-06-24T11:30:43Z
2026-06-20,2026-06-20,Monique Akoa Makani,monique akoa makani,monique akoa makani,PHX,SEA,25.71,/home/ubuntu/EdgeRanked/sports/wnba/outputs/archive/projections/wnba_projections_20260620.csv,missing_projected_or_actual_minutes,1,2026-06-24T11:30:43Z
2026-06-20,2026-06-20,Odyssey Sims,odyssey sims,odyssey sims,DAL,CHI,13.12,/home/ubuntu/EdgeRanked/sports/wnba/outputs/archive/projections/wnba_projections_20260620.csv,no_safe_player_match,0,2026-06-24T11:30:43Z
2026-06-20,2026-06-20,Rachel Banham,rachel banham,rachel banham,CHI,DAL,14.98,/home/ubuntu/EdgeRanked/sports/wnba/outputs/archive/projections/wnba_projections_20260620.csv,missing_projected_or_actual_minutes,1,2026-06-24T11:30:43Z
2026-06-20,2026-06-20,Rickea Jackson,rickea jackson,rickea jackson,CHI,DAL,31.0,/home/ubuntu/EdgeRanked/sports/wnba/outputs/archive/projections/wnba_projections_20260620.csv,no_safe_player_match,0,2026-06-24T11:30:43Z
2026-06-20,2026-06-20,Sami Whitcomb,sami whitcomb,sami whitcomb,PHX,SEA,18.31,/home/ubuntu/EdgeRanked/sports/wnba/outputs/archive/projections/wnba_projections_20260620.csv,missing_projected_or_actual_minutes,1,2026-06-24T11:30:43Z
2026-06-20,2026-06-20,Saylor Poffenbarger,saylor poffenbarger,saylor poffenbarger,CHI,DAL,8.65,/home/ubuntu/EdgeRanked/sports/wnba/outputs/archive/projections/wnba_projections_20260620.csv,missing_projected_or_actual_minutes,1,2026-06-24T11:30:43Z
2026-06-20,2026-06-20,Taina Mair,taina mair,taina mair,SEA,PHX,8.0,/home/ubuntu/EdgeRanked/sports/wnba/outputs/archive/projections/wnba_projections_20260620.csv,no_safe_player_match,0,2026-06-24T11:30:43Z
2026-06-21,2026-06-21,Alex Wilson,alex wilson,alex wilson,WAS,MIN,11.55,/home/ubuntu/EdgeRanked/sports/wnba/outputs/archive/projections/wnba_projections_20260621.csv,no_safe_player_match,0,2026-06-24T11:30:43Z
2026-06-21,2026-06-21,Alicia Florez,alicia florez,alicia florez,WAS,MIN,19.91,/home/ubuntu/EdgeRanked/sports/wnba/outputs/archive/projections/wnba_projections_20260621.csv,missing_projected_or_actual_minutes,1,2026-06-24T11:30:43Z
2026-06-21,2026-06-21,Alicia Florez Getino,alicia florez getino,alicia florez getino,WAS,MIN,23.28,/home/ubuntu/EdgeRanked/sports/wnba/outputs/archive/projections/wnba_projections_20260621.csv,no_safe_player_match,0,2026-06-24T11:30:43Z
2026-06-21,2026-06-21,Anneli Maley,anneli maley,anneli maley,NYL,LAS,8.65,/home/ubuntu/EdgeRanked/sports/wnba/outputs/archive/projections/wnba_projections_20260621.csv,no_safe_player_match,0,2026-06-24T11:30:43Z
2026-06-21,2026-06-21,Ashten Prechtel,ashten prechtel,ashten prechtel,GSV,LVA,8.0,/home/ubuntu/EdgeRanked/sports/wnba/outputs/archive/projections/wnba_projections_20260621.csv,no_safe_player_match,0,2026-06-24T11:30:43Z
2026-06-21,2026-06-21,Betnijah Laney-Hamilton,betnijah laney-hamilton,betnijah laney-hamilton,NYL,LAS,16.73,/home/ubuntu/EdgeRanked/sports/wnba/outputs/archive/projections/wnba_projections_20260621.csv,missing_projected_or_actual_minutes,1,2026-06-24T11:30:43Z
2026-06-21,2026-06-21,Cameron Brink,cameron brink,cameron brink,LAS,NYL,18.9,/home/ubuntu/EdgeRanked/sports/wnba/outputs/archive/projections/wnba_projections_20260621.csv,no_safe_player_match,0,2026-06-24T11:30:43Z
2026-06-21,2026-06-21,Cassandre Prosper,cassandre prosper,cassandre prosper,WAS,MIN,12.98,/home/ubuntu/EdgeRanked/sports/wnba/outputs/archive/projections/wnba_projections_20260621.csv,missing_projected_or_actual_minutes,1,2026-06-24T11:30:43Z
2026-06-21,2026-06-21,Chance Gray,chance gray,chance gray,LAS,NYL,9.83,/home/ubuntu/EdgeRanked/sports/wnba/outputs/archive/projections/wnba_projections_20260621.csv,missing_projected_or_actual_minutes,1,2026-06-24T11:30:43Z
2026-06-21,2026-06-21,Chennedy Carter,chennedy carter,chennedy carter,LVA,GSV,17.35,/home/ubuntu/EdgeRanked/sports/wnba/outputs/archive/projections/wnba_projections_20260621.csv,no_safe_player_match,0,2026-06-24T11:30:43Z
2026-06-21,2026-06-21,Dana Evans,dana evans,dana evans,LVA,GSV,18.06,/home/ubuntu/EdgeRanked/sports/wnba/outputs/archive/projections/wnba_projections_20260621.csv,no_safe_player_match,0,2026-06-24T11:30:43Z
2026-06-21,2026-06-21,Darianna Littlepage-Buggs,darianna littlepage-buggs,darianna littlepage-buggs,WAS,MIN,18.85,/home/ubuntu/EdgeRanked/sports/wnba/outputs/archive/projections/wnba_projections_20260621.csv,no_safe_player_match,0,2026-06-24T11:30:43Z
2026-06-21,2026-06-21,Dorka Juhasz,dorka juhasz,dorka juhasz,MIN,WAS,17.33,/home/ubuntu/EdgeRanked/sports/wnba/outputs/archive/projections/wnba_projections_20260621.csv,missing_projected_or_actual_minutes,1,2026-06-24T11:30:43Z
2026-06-21,2026-06-21,Eliska Hamzova,eliska hamzova,eliska hamzova,MIN,WAS,9.5,/home/ubuntu/EdgeRanked/sports/wnba/outputs/archive/projections/wnba_projections_20260621.csv,no_safe_player_match,0,2026-06-24T11:30:43Z
2026-06-21,2026-06-21,Emese Hof,emese hof,emese hof,MIN,WAS,8.37,/home/ubuntu/EdgeRanked/sports/wnba/outputs/archive/projections/wnba_projections_20260621.csv,no_safe_player_match,0,2026-06-24T11:30:43Z
2026-06-21,2026-06-21,Emma Cannon,emma cannon,emma cannon,LAS,NYL,8.0,/home/ubuntu/EdgeRanked/sports/wnba/outputs/archive/projections/wnba_projections_20260621.csv,missing_projected_or_actual_minutes,1,2026-06-24T11:30:43Z
2026-06-21,2026-06-21,Emma Cechova,emma cechova,emma cechova,MIN,WAS,14.0,/home/ubuntu/EdgeRanked/sports/wnba/outputs/archive/projections/wnba_projections_20260621.csv,missing_projected_or_actual_minutes,1,2026-06-24T11:30:43Z
2026-06-21,2026-06-21,Iliana Rupert,iliana rupert,iliana rupert,GSV,LVA,14.33,/home/ubuntu/EdgeRanked/sports/wnba/outputs/archive/projections/wnba_projections_20260621.csv,no_safe_player_match,0,2026-06-24T11:30:43Z
2026-06-21,2026-06-21,Janiah Barker,janiah barker,janiah barker,LVA,GSV,18.02,/home/ubuntu/EdgeRanked/sports/wnba/outputs/archive/projections/wnba_projections_20260621.csv,no_safe_player_match,0,2026-06-24T11:30:43Z
2026-06-21,2026-06-21,Kate Martin,kate martin,kate martin,LAS,NYL,9.53,/home/ubuntu/EdgeRanked/sports/wnba/outputs/archive/projections/wnba_projections_20260621.csv,no_safe_player_match,0,2026-06-24T11:30:43Z
2026-06-21,2026-06-21,Liatu King,liatu king,liatu king,MIN,WAS,11.2,/home/ubuntu/EdgeRanked/sports/wnba/outputs/archive/projections/wnba_projections_20260621.csv,no_safe_player_match,0,2026-06-24T11:30:43Z
2026-06-21,2026-06-21,Marine Fauthoux,marine fauthoux,marine fauthoux,NYL,LAS,8.08,/home/ubuntu/EdgeRanked/sports/wnba/outputs/archive/projections/wnba_projections_20260621.csv,no_safe_player_match,0,2026-06-24T11:30:43Z
2026-06-21,2026-06-21,Napheesa Collier,napheesa collier,napheesa collier,MIN,WAS,17.33,/home/ubuntu/EdgeRanked/sports/wnba/outputs/archive/projections/wnba_projections_20260621.csv,missing_projected_or_actual_minutes,1,2026-06-24T11:30:43Z
2026-06-21,2026-06-21,Ndjakalenga Mwenentanda,ndjakalenga mwenentanda,ndjakalenga mwenentanda,GSV,LVA,8.0,/home/ubuntu/EdgeRanked/sports/wnba/outputs/archive/projections/wnba_projections_20260621.csv,no_safe_player_match,0,2026-06-24T11:30:43Z
2026-06-21,2026-06-21,Rori Harmon,rori harmon,rori harmon,WAS,MIN,9.93,/home/ubuntu/EdgeRanked/sports/wnba/outputs/archive/projections/wnba_projections_20260621.csv,missing_projected_or_actual_minutes,1,2026-06-24T11:30:43Z
2026-06-21,2026-06-21,Sania Feagin,sania feagin,sania feagin,LAS,NYL,8.0,/home/ubuntu/EdgeRanked/sports/wnba/outputs/archive/projections/wnba_projections_20260621.csv,no_safe_player_match,0,2026-06-24T11:30:43Z
2026-06-21,2026-06-21,Ta'Niya Latson,ta'niya latson,ta'niya latson,LAS,NYL,8.0,/home/ubuntu/EdgeRanked/sports/wnba/outputs/archive/projections/wnba_projections_20260621.csv,missing_projected_or_actual_minutes,1,2026-06-24T11:30:43Z
2026-06-22,2026-06-22,Aaliyah Nye,aaliyah nye,aaliyah nye,ATL,TOR,8.0,/home/ubuntu/EdgeRanked/sports/wnba/outputs/archive/projections/wnba_projections_20260622.csv,missing_projected_or_actual_minutes,1,2026-06-24T11:30:43Z
2026-06-22,2026-06-22,Aicha Coulibaly,aicha coulibaly,aicha coulibaly,CHI,CON,15.7,/home/ubuntu/EdgeRanked/sports/wnba/outputs/archive/projections/wnba_projections_20260622.csv,missing_projected_or_actual_minutes,1,2026-06-24T11:30:43Z
2026-06-22,2026-06-22,Alanna Smith,alanna smith,alanna smith,DAL,SEA,13.64,/home/ubuntu/EdgeRanked/sports/wnba/outputs/archive/projections/wnba_projections_20260622.csv,missing_projected_or_actual_minutes,1,2026-06-24T11:30:43Z
2026-06-22,2026-06-22,Alysha Clark,alysha clark,alysha clark,DAL,SEA,9.77,/home/ubuntu/EdgeRanked/sports/wnba/outputs/archive/projections/wnba_projections_20260622.csv,missing_projected_or_actual_minutes,1,2026-06-24T11:30:43Z
2026-06-22,2026-06-22,Ashlon Jackson,ashlon jackson,ashlon jackson,CON,CHI,11.05,/home/ubuntu/EdgeRanked/sports/wnba/outputs/archive/projections/wnba_projections_20260622.csv,missing_projected_or_actual_minutes,1,2026-06-24T11:30:43Z
2026-06-22,2026-06-22,Bree Hall,bree hall,bree hall,IND,PHX,16.63,/home/ubuntu/EdgeRanked/sports/wnba/outputs/archive/projections/wnba_projections_20260622.csv,no_safe_player_match,0,2026-06-24T11:30:43Z
2026-06-22,2026-06-22,Brionna Jones,brionna jones,brionna jones,ATL,TOR,26.7,/home/ubuntu/EdgeRanked/sports/wnba/outputs/archive/projections/wnba_projections_20260622.csv,missing_projected_or_actual_minutes,1,2026-06-24T11:30:43Z
2026-06-22,2026-06-22,Brittney Sykes,brittney sykes,brittney sykes,TOR,ATL,29.31,/home/ubuntu/EdgeRanked/sports/wnba/outputs/archive/projections/wnba_projections_20260622.csv,missing_projected_or_actual_minutes,1,2026-06-24T11:30:43Z
2026-06-22,2026-06-22,Costanza Verona,costanza verona,costanza verona,DAL,SEA,10.61,/home/ubuntu/EdgeRanked/sports/wnba/outputs/archive/projections/wnba_projections_20260622.csv,missing_projected_or_actual_minutes,1,2026-06-24T11:30:43Z
2026-06-22,2026-06-22,Courtney Vandersloot,courtney vandersloot,courtney vandersloot,CHI,CON,25.25,/home/ubuntu/EdgeRanked/sports/wnba/outputs/archive/projections/wnba_projections_20260622.csv,missing_projected_or_actual_minutes,1,2026-06-24T11:30:43Z
2026-06-22,2026-06-22,Damiris Dantas,damiris dantas,damiris dantas,IND,PHX,9.07,/home/ubuntu/EdgeRanked/sports/wnba/outputs/archive/projections/wnba_projections_20260622.csv,missing_projected_or_actual_minutes,1,2026-06-24T11:30:43Z
2026-06-22,2026-06-22,DiJonai Carrington,dijonai carrington,dijonai carrington,CHI,CON,26.16,/home/ubuntu/EdgeRanked/sports/wnba/outputs/archive/projections/wnba_projections_20260622.csv,missing_projected_or_actual_minutes,1,2026-06-24T11:30:43Z
2026-06-22,2026-06-22,Dulcy Fankam Mendjiadeu,dulcy fankam mendjiadeu,dulcy fankam mendjiadeu,DAL,SEA,16.34,/home/ubuntu/EdgeRanked/sports/wnba/outputs/archive/projections/wnba_projections_20260622.csv,no_safe_player_match,0,2026-06-24T11:30:43Z
2026-06-22,2026-06-22,Ezi Magbegor,ezi magbegor,ezi magbegor,SEA,DAL,18.09,/home/ubuntu/EdgeRanked/sports/wnba/outputs/archive/projections/wnba_projections_20260622.csv,missing_projected_or_actual_minutes,1,2026-06-24T11:30:43Z
2026-06-22,2026-06-22,Hailey Van Lith,hailey van lith,hailey van lith,CON,CHI,15.18,/home/ubuntu/EdgeRanked/sports/wnba/outputs/archive/projections/wnba_projections_20260622.csv,missing_projected_or_actual_minutes,1,2026-06-24T11:30:43Z
2026-06-22,2026-06-22,Jade Melbourne,jade melbourne,jade melbourne,SEA,DAL,22.88,/home/ubuntu/EdgeRanked/sports/wnba/outputs/archive/projections/wnba_projections_20260622.csv,missing_projected_or_actual_minutes,1,2026-06-24T11:30:43Z
2026-06-22,2026-06-22,JJ Quinerly,jj quinerly,jj quinerly,DAL,SEA,9.21,/home/ubuntu/EdgeRanked/sports/wnba/outputs/archive/projections/wnba_projections_20260622.csv,no_safe_player_match,0,2026-06-24T11:30:43Z
2026-06-22,2026-06-22,Jordan Horston,jordan horston,jordan horston,SEA,DAL,22.16,/home/ubuntu/EdgeRanked/sports/wnba/outputs/archive/projections/wnba_projections_20260622.csv,missing_projected_or_actual_minutes,1,2026-06-24T11:30:43Z
2026-06-22,2026-06-22,Jovana Nogic,jovana nogic,jovana nogic,PHX,IND,17.58,/home/ubuntu/EdgeRanked/sports/wnba/outputs/archive/projections/wnba_projections_20260622.csv,no_safe_player_match,0,2026-06-24T11:30:43Z
2026-06-22,2026-06-22,Joyner Holmes,joyner holmes,joyner holmes,SEA,DAL,11.3,/home/ubuntu/EdgeRanked/sports/wnba/outputs/archive/projections/wnba_projections_20260622.csv,no_safe_player_match,0,2026-06-24T11:30:43Z
2026-06-22,2026-06-22,Justine Pissott,justine pissott,justine pissott,IND,PHX,16.63,/home/ubuntu/EdgeRanked/sports/wnba/outputs/archive/projections/wnba_projections_20260622.csv,no_safe_player_match,0,2026-06-24T11:30:43Z
2026-06-22,2026-06-22,Kiki Rice,kiki rice,kiki rice,TOR,ATL,29.04,/home/ubuntu/EdgeRanked/sports/wnba/outputs/archive/projections/wnba_projections_20260622.csv,missing_projected_or_actual_minutes,1,2026-06-24T11:30:43Z
2026-06-22,2026-06-22,Lexie Brown,lexie brown,lexie brown,SEA,DAL,11.57,/home/ubuntu/EdgeRanked/sports/wnba/outputs/archive/projections/wnba_projections_20260622.csv,no_safe_player_match,0,2026-06-24T11:30:43Z
2026-06-22,2026-06-22,Mackenzie Holmes,mackenzie holmes,mackenzie holmes,SEA,DAL,9.39,/home/ubuntu/EdgeRanked/sports/wnba/outputs/archive/projections/wnba_projections_20260622.csv,missing_projected_or_actual_minutes,1,2026-06-24T11:30:43Z
2026-06-22,2026-06-22,Mariella Fasoula,mariella fasoula,mariella fasoula,TOR,ATL,10.88,/home/ubuntu/EdgeRanked/sports/wnba/outputs/archive/projections/wnba_projections_20260622.csv,no_safe_player_match,0,2026-06-24T11:30:43Z
2026-06-22,2026-06-22,Marta Suarez,marta suarez,marta suarez,PHX,IND,10.38,/home/ubuntu/EdgeRanked/sports/wnba/outputs/archive/projections/wnba_projections_20260622.csv,no_safe_player_match,0,2026-06-24T11:30:43Z
2026-06-22,2026-06-22,Monique Akoa Makani,monique akoa makani,monique akoa makani,PHX,IND,24.72,/home/ubuntu/EdgeRanked/sports/wnba/outputs/archive/projections/wnba_projections_20260622.csv,missing_projected_or_actual_minutes,1,2026-06-24T11:30:43Z
2026-06-22,2026-06-22,Nikolina Milic,nikolina milic,nikolina milic,TOR,ATL,9.61,/home/ubuntu/EdgeRanked/sports/wnba/outputs/archive/projections/wnba_projections_20260622.csv,no_safe_player_match,0,2026-06-24T11:30:43Z
2026-06-22,2026-06-22,Odyssey Sims,odyssey sims,odyssey sims,DAL,SEA,12.19,/home/ubuntu/EdgeRanked/sports/wnba/outputs/archive/projections/wnba_projections_20260622.csv,missing_projected_or_actual_minutes,1,2026-06-24T11:30:43Z
2026-06-22,2026-06-22,Rickea Jackson,rickea jackson,rickea jackson,CHI,CON,30.11,/home/ubuntu/EdgeRanked/sports/wnba/outputs/archive/projections/wnba_projections_20260622.csv,missing_projected_or_actual_minutes,1,2026-06-24T11:30:43Z
2026-06-22,2026-06-22,Sami Whitcomb,sami whitcomb,sami whitcomb,PHX,IND,18.18,/home/ubuntu/EdgeRanked/sports/wnba/outputs/archive/projections/wnba_projections_20260622.csv,missing_projected_or_actual_minutes,1,2026-06-24T11:30:43Z
2026-06-22,2026-06-22,Taylor Thierry,taylor thierry,taylor thierry,SEA,DAL,8.0,/home/ubuntu/EdgeRanked/sports/wnba/outputs/archive/projections/wnba_projections_20260622.csv,missing_projected_or_actual_minutes,1,2026-06-24T11:30:43Z
2026-06-22,2026-06-22,Tyasha Harris,tyasha harris,tyasha harris,IND,PHX,13.21,/home/ubuntu/EdgeRanked/sports/wnba/outputs/archive/projections/wnba_projections_20260622.csv,missing_projected_or_actual_minutes,1,2026-06-24T11:30:43Z
2026-06-23,2026-06-23,Anneli Maley,anneli maley,anneli maley,NYL,LVA,8.35,/home/ubuntu/EdgeRanked/sports/wnba/projections.csv,no_safe_player_match,0,2026-06-24T11:30:43Z
2026-06-23,2026-06-23,Brianna Turner,brianna turner,brianna turner,LVA,NYL,9.12,/home/ubuntu/EdgeRanked/sports/wnba/projections.csv,missing_projected_or_actual_minutes,1,2026-06-24T11:30:43Z
2026-06-23,2026-06-23,Chennedy Carter,chennedy carter,chennedy carter,LVA,NYL,17.5,/home/ubuntu/EdgeRanked/sports/wnba/projections.csv,missing_projected_or_actual_minutes,1,2026-06-24T11:30:43Z
2026-06-23,2026-06-23,Dana Evans,dana evans,dana evans,LVA,NYL,17.59,/home/ubuntu/EdgeRanked/sports/wnba/projections.csv,missing_projected_or_actual_minutes,1,2026-06-24T11:30:43Z
2026-06-23,2026-06-23,Janiah Barker,janiah barker,janiah barker,LVA,NYL,17.55,/home/ubuntu/EdgeRanked/sports/wnba/projections.csv,missing_projected_or_actual_minutes,1,2026-06-24T11:30:43Z
2026-06-23,2026-06-23,Marine Fauthoux,marine fauthoux,marine fauthoux,NYL,LVA,8.0,/home/ubuntu/EdgeRanked/sports/wnba/projections.csv,no_safe_player_match,0,2026-06-24T11:30:43Z
2026-06-23,2026-06-23,Raquel Carrera,raquel carrera,raquel carrera,NYL,LVA,9.94,/home/ubuntu/EdgeRanked/sports/wnba/projections.csv,missing_projected_or_actual_minutes,1,2026-06-24T11:30:43Z
2026-06-23,2026-06-23,Rebecca Allen,rebecca allen,rebecca allen,NYL,LVA,11.24,/home/ubuntu/EdgeRanked/sports/wnba/projections.csv,missing_projected_or_actual_minutes,1,2026-06-24T11:30:43Z
2026-06-23,2026-06-23,Rebekah Gardner,rebekah gardner,rebekah gardner,NYL,LVA,15.44,/home/ubuntu/EdgeRanked/sports/wnba/projections.csv,missing_projected_or_actual_minutes,1,2026-06-24T11:30:43Z
