GAME_DATE,PLAYER_KEY,PLAYER,TEAM,OPPONENT,MATCHUP,STAT,STAT_LABEL,PROJECTION,MEDIAN,FLOOR,CEILING,STDDEV,MIN,CONFIDENCE,ACTIVE_PROB,INJURY_STATUS,SIM_RUNS,CONFIDENCE_RANK
2026-08-07,jordin canada,Jordin Canada,ATL,WAS,ATL @ WAS,AST,Assists,7.71,7.0,4.0,12.0,3.01,30.19,Medium,,UNKNOWN,10000,2
2026-08-07,rhyne howard,Rhyne Howard,ATL,WAS,ATL @ WAS,AST,Assists,3.55,3.0,1.0,6.0,1.99,29.85,Low,,UNKNOWN,10000,1
2026-08-07,allisha gray,Allisha Gray,ATL,WAS,ATL @ WAS,AST,Assists,2.18,2.0,0.0,4.0,1.54,31.16,Medium,,UNKNOWN,10000,2
2026-08-07,angel reese,Angel Reese,ATL,WAS,ATL @ WAS,AST,Assists,1.97,2.0,0.0,4.0,1.49,28.32,Low,,UNKNOWN,10000,1
2026-08-07,brionna jones,Brionna Jones,ATL,WAS,ATL @ WAS,AST,Assists,1.3,1.0,0.0,3.0,1.73,16.13,Low,,UNKNOWN,10000,1
2026-08-07,naz hillmon,Naz Hillmon,ATL,WAS,ATL @ WAS,AST,Assists,1.25,1.0,0.0,3.0,1.21,24.81,Low,,UNKNOWN,10000,1
2026-08-07,jaylyn sherrod,Jaylyn Sherrod,ATL,WAS,ATL @ WAS,AST,Assists,1.0,1.0,0.0,2.0,1.1,8.12,Medium,,UNKNOWN,10000,2
2026-08-07,isobel borlase,Isobel Borlase,ATL,WAS,ATL @ WAS,AST,Assists,0.48,0.0,0.0,2.0,0.96,13.74,Medium,,UNKNOWN,10000,2
2026-08-07,indya nivar,Indya Nivar,ATL,WAS,ATL @ WAS,AST,Assists,0.21,0.0,0.0,1.0,0.46,8.36,Medium,,UNKNOWN,10000,2
2026-08-07,sika kone,Sika Kone,ATL,WAS,ATL @ WAS,AST,Assists,0.16,0.0,0.0,0.0,0.81,9.08,Low,,UNKNOWN,10000,1
2026-08-07,madina okot,Madina Okot,ATL,WAS,ATL @ WAS,AST,Assists,0.14,0.0,0.0,1.0,0.38,8.93,Medium,,UNKNOWN,10000,2
2026-08-07,shatori walker-kimbrough,Shatori Walker-Kimbrough,ATL,WAS,ATL @ WAS,AST,Assists,0.1,0.0,0.0,0.0,0.31,8.04,Medium,,UNKNOWN,10000,2
2026-08-07,aaliyah nye,Aaliyah Nye,ATL,WAS,ATL @ WAS,AST,Assists,0.08,0.0,0.0,0.0,0.28,8.04,Medium,,UNKNOWN,10000,2
2026-08-07,rhyne howard,Rhyne Howard,ATL,WAS,ATL @ WAS,BLK,Blocks,0.82,0.0,0.0,2.0,1.31,29.85,Low,,UNKNOWN,10000,1
2026-08-07,brionna jones,Brionna Jones,ATL,WAS,ATL @ WAS,BLK,Blocks,0.71,0.0,0.0,2.0,1.42,16.13,Low,,UNKNOWN,10000,1
2026-08-07,allisha gray,Allisha Gray,ATL,WAS,ATL @ WAS,BLK,Blocks,0.47,0.0,0.0,1.0,0.7,31.16,Medium,,UNKNOWN,10000,2
2026-08-07,angel reese,Angel Reese,ATL,WAS,ATL @ WAS,BLK,Blocks,0.43,0.0,0.0,1.0,0.67,28.32,Low,,UNKNOWN,10000,1
2026-08-07,naz hillmon,Naz Hillmon,ATL,WAS,ATL @ WAS,BLK,Blocks,0.32,0.0,0.0,1.0,0.58,24.81,Low,,UNKNOWN,10000,1
2026-08-07,jordin canada,Jordin Canada,ATL,WAS,ATL @ WAS,BLK,Blocks,0.3,0.0,0.0,1.0,0.56,30.19,Medium,,UNKNOWN,10000,2
2026-08-07,madina okot,Madina Okot,ATL,WAS,ATL @ WAS,BLK,Blocks,0.26,0.0,0.0,1.0,0.52,8.93,Medium,,UNKNOWN,10000,2
2026-08-07,isobel borlase,Isobel Borlase,ATL,WAS,ATL @ WAS,BLK,Blocks,0.19,0.0,0.0,1.0,0.44,13.74,Medium,,UNKNOWN,10000,2
2026-08-07,jaylyn sherrod,Jaylyn Sherrod,ATL,WAS,ATL @ WAS,BLK,Blocks,0.13,0.0,0.0,1.0,0.36,8.12,Medium,,UNKNOWN,10000,2
2026-08-07,shatori walker-kimbrough,Shatori Walker-Kimbrough,ATL,WAS,ATL @ WAS,BLK,Blocks,0.12,0.0,0.0,1.0,0.35,8.04,Medium,,UNKNOWN,10000,2
2026-08-07,indya nivar,Indya Nivar,ATL,WAS,ATL @ WAS,BLK,Blocks,0.09,0.0,0.0,0.0,0.29,8.36,Medium,,UNKNOWN,10000,2
2026-08-07,sika kone,Sika Kone,ATL,WAS,ATL @ WAS,BLK,Blocks,0.09,0.0,0.0,0.0,0.31,9.08,Low,,UNKNOWN,10000,1
2026-08-07,aaliyah nye,Aaliyah Nye,ATL,WAS,ATL @ WAS,BLK,Blocks,0.08,0.0,0.0,0.0,0.29,8.04,Medium,,UNKNOWN,10000,2
2026-08-07,rhyne howard,Rhyne Howard,ATL,WAS,ATL @ WAS,FG3M,3PM,2.27,2.0,0.0,4.0,1.56,29.85,Low,,UNKNOWN,10000,1
2026-08-07,allisha gray,Allisha Gray,ATL,WAS,ATL @ WAS,FG3M,3PM,1.67,1.0,0.0,4.0,1.7,31.16,Medium,,UNKNOWN,10000,2
2026-08-07,naz hillmon,Naz Hillmon,ATL,WAS,ATL @ WAS,FG3M,3PM,1.12,1.0,0.0,3.0,1.14,24.81,Low,,UNKNOWN,10000,1
2026-08-07,jordin canada,Jordin Canada,ATL,WAS,ATL @ WAS,FG3M,3PM,0.59,0.0,0.0,2.0,0.77,30.19,Medium,,UNKNOWN,10000,2
2026-08-07,angel reese,Angel Reese,ATL,WAS,ATL @ WAS,FG3M,3PM,0.29,0.0,0.0,1.0,0.69,28.32,Low,,UNKNOWN,10000,1
2026-08-07,isobel borlase,Isobel Borlase,ATL,WAS,ATL @ WAS,FG3M,3PM,0.28,0.0,0.0,1.0,0.71,13.74,Medium,,UNKNOWN,10000,2
2026-08-07,brionna jones,Brionna Jones,ATL,WAS,ATL @ WAS,FG3M,3PM,0.17,0.0,0.0,1.0,0.41,16.13,Low,,UNKNOWN,10000,1
2026-08-07,jaylyn sherrod,Jaylyn Sherrod,ATL,WAS,ATL @ WAS,FG3M,3PM,0.16,0.0,0.0,1.0,0.41,8.12,Medium,,UNKNOWN,10000,2
2026-08-07,sika kone,Sika Kone,ATL,WAS,ATL @ WAS,FG3M,3PM,0.13,0.0,0.0,0.0,0.51,9.08,Low,,UNKNOWN,10000,1
2026-08-07,indya nivar,Indya Nivar,ATL,WAS,ATL @ WAS,FG3M,3PM,0.1,0.0,0.0,0.0,0.32,8.36,Medium,,UNKNOWN,10000,2
2026-08-07,madina okot,Madina Okot,ATL,WAS,ATL @ WAS,FG3M,3PM,0.09,0.0,0.0,0.0,0.3,8.93,Medium,,UNKNOWN,10000,2
2026-08-07,aaliyah nye,Aaliyah Nye,ATL,WAS,ATL @ WAS,FG3M,3PM,0.08,0.0,0.0,0.0,0.28,8.04,Medium,,UNKNOWN,10000,2
2026-08-07,shatori walker-kimbrough,Shatori Walker-Kimbrough,ATL,WAS,ATL @ WAS,FG3M,3PM,0.08,0.0,0.0,0.0,0.28,8.04,Medium,,UNKNOWN,10000,2
2026-08-07,allisha gray,Allisha Gray,ATL,WAS,ATL @ WAS,PA,Pts+Ast,22.37,22.03,16.29,28.81,4.91,31.16,Medium,,UNKNOWN,10000,2
2026-08-07,jordin canada,Jordin Canada,ATL,WAS,ATL @ WAS,PA,Pts+Ast,18.57,18.14,11.91,25.8,5.48,30.19,Medium,,UNKNOWN,10000,2
2026-08-07,angel reese,Angel Reese,ATL,WAS,ATL @ WAS,PA,Pts+Ast,18.35,16.72,8.03,30.56,9.35,28.32,Low,,UNKNOWN,10000,1
2026-08-07,rhyne howard,Rhyne Howard,ATL,WAS,ATL @ WAS,PA,Pts+Ast,15.94,15.15,9.08,23.89,5.96,29.85,Low,,UNKNOWN,10000,1
2026-08-07,naz hillmon,Naz Hillmon,ATL,WAS,ATL @ WAS,PA,Pts+Ast,9.99,7.59,2.08,20.94,8.7,24.81,Low,,UNKNOWN,10000,1
2026-08-07,brionna jones,Brionna Jones,ATL,WAS,ATL @ WAS,PA,Pts+Ast,9.58,8.44,2.78,17.84,6.25,16.13,Low,,UNKNOWN,10000,1
2026-08-07,isobel borlase,Isobel Borlase,ATL,WAS,ATL @ WAS,PA,Pts+Ast,8.85,6.38,1.09,19.53,8.57,13.74,Medium,,UNKNOWN,10000,2
2026-08-07,madina okot,Madina Okot,ATL,WAS,ATL @ WAS,PA,Pts+Ast,6.58,3.05,0.18,17.24,9.68,8.93,Medium,,UNKNOWN,10000,2
2026-08-07,sika kone,Sika Kone,ATL,WAS,ATL @ WAS,PA,Pts+Ast,4.43,0.04,0.0,10.59,15.2,9.08,Low,,UNKNOWN,10000,1
2026-08-07,jaylyn sherrod,Jaylyn Sherrod,ATL,WAS,ATL @ WAS,PA,Pts+Ast,4.28,3.24,0.48,9.05,3.99,8.12,Medium,,UNKNOWN,10000,2
2026-08-07,indya nivar,Indya Nivar,ATL,WAS,ATL @ WAS,PA,Pts+Ast,2.89,1.39,0.03,7.5,4.06,8.36,Medium,,UNKNOWN,10000,2
2026-08-07,shatori walker-kimbrough,Shatori Walker-Kimbrough,ATL,WAS,ATL @ WAS,PA,Pts+Ast,1.29,1.17,0.68,2.08,0.62,8.04,Medium,,UNKNOWN,10000,2
2026-08-07,aaliyah nye,Aaliyah Nye,ATL,WAS,ATL @ WAS,PA,Pts+Ast,0.62,0.25,0.02,1.65,0.98,8.04,Medium,,UNKNOWN,10000,2
2026-08-07,angel reese,Angel Reese,ATL,WAS,ATL @ WAS,PR,Pts+Reb,27.29,25.78,14.4,41.95,11.18,28.32,Low,,UNKNOWN,10000,1
2026-08-07,allisha gray,Allisha Gray,ATL,WAS,ATL @ WAS,PR,Pts+Reb,24.19,23.84,17.84,31.12,5.21,31.16,Medium,,UNKNOWN,10000,2
2026-08-07,rhyne howard,Rhyne Howard,ATL,WAS,ATL @ WAS,PR,Pts+Reb,19.95,18.88,11.78,29.37,7.14,29.85,Low,,UNKNOWN,10000,1
2026-08-07,brionna jones,Brionna Jones,ATL,WAS,ATL @ WAS,PR,Pts+Reb,18.51,16.85,6.23,32.89,10.77,16.13,Low,,UNKNOWN,10000,1
2026-08-07,jordin canada,Jordin Canada,ATL,WAS,ATL @ WAS,PR,Pts+Reb,15.9,15.19,9.53,23.17,5.41,30.19,Medium,,UNKNOWN,10000,2
2026-08-07,madina okot,Madina Okot,ATL,WAS,ATL @ WAS,PR,Pts+Reb,14.58,9.29,2.02,33.03,16.46,8.93,Medium,,UNKNOWN,10000,2
2026-08-07,naz hillmon,Naz Hillmon,ATL,WAS,ATL @ WAS,PR,Pts+Reb,13.6,10.96,3.78,26.76,10.26,24.81,Low,,UNKNOWN,10000,1
2026-08-07,isobel borlase,Isobel Borlase,ATL,WAS,ATL @ WAS,PR,Pts+Reb,12.16,9.08,3.12,25.2,10.32,13.74,Medium,,UNKNOWN,10000,2
2026-08-07,jaylyn sherrod,Jaylyn Sherrod,ATL,WAS,ATL @ WAS,PR,Pts+Reb,8.06,5.92,2.06,16.54,7.13,8.12,Medium,,UNKNOWN,10000,2
2026-08-07,sika kone,Sika Kone,ATL,WAS,ATL @ WAS,PR,Pts+Reb,6.83,1.84,0.05,16.35,16.16,9.08,Low,,UNKNOWN,10000,1
2026-08-07,indya nivar,Indya Nivar,ATL,WAS,ATL @ WAS,PR,Pts+Reb,4.06,2.76,0.66,8.98,4.28,8.36,Medium,,UNKNOWN,10000,2
2026-08-07,shatori walker-kimbrough,Shatori Walker-Kimbrough,ATL,WAS,ATL @ WAS,PR,Pts+Reb,2.13,2.07,1.22,3.13,0.76,8.04,Medium,,UNKNOWN,10000,2
2026-08-07,aaliyah nye,Aaliyah Nye,ATL,WAS,ATL @ WAS,PR,Pts+Reb,1.14,1.02,0.51,1.91,0.63,8.04,Medium,,UNKNOWN,10000,2
2026-08-07,angel reese,Angel Reese,ATL,WAS,ATL @ WAS,PRA,Pts+Reb+Ast,28.72,27.34,15.54,43.56,11.39,28.32,Low,,UNKNOWN,10000,1
2026-08-07,allisha gray,Allisha Gray,ATL,WAS,ATL @ WAS,PRA,Pts+Reb+Ast,26.17,25.8,19.33,33.61,5.58,31.16,Medium,,UNKNOWN,10000,2
2026-08-07,jordin canada,Jordin Canada,ATL,WAS,ATL @ WAS,PRA,Pts+Reb+Ast,22.95,22.44,15.5,31.11,6.15,30.19,Medium,,UNKNOWN,10000,2
2026-08-07,rhyne howard,Rhyne Howard,ATL,WAS,ATL @ WAS,PRA,Pts+Reb+Ast,20.92,20.07,13.12,29.82,6.7,29.85,Low,,UNKNOWN,10000,1
2026-08-07,brionna jones,Brionna Jones,ATL,WAS,ATL @ WAS,PRA,Pts+Reb+Ast,17.39,15.88,5.92,30.71,9.97,16.13,Low,,UNKNOWN,10000,1
2026-08-07,naz hillmon,Naz Hillmon,ATL,WAS,ATL @ WAS,PRA,Pts+Reb+Ast,13.99,11.66,4.35,26.6,9.87,24.81,Low,,UNKNOWN,10000,1
2026-08-07,isobel borlase,Isobel Borlase,ATL,WAS,ATL @ WAS,PRA,Pts+Reb+Ast,12.01,9.35,3.13,24.05,9.62,13.74,Medium,,UNKNOWN,10000,2
2026-08-07,madina okot,Madina Okot,ATL,WAS,ATL @ WAS,PRA,Pts+Reb+Ast,11.2,7.58,1.68,24.72,11.87,8.93,Medium,,UNKNOWN,10000,2
2026-08-07,jaylyn sherrod,Jaylyn Sherrod,ATL,WAS,ATL @ WAS,PRA,Pts+Reb+Ast,7.41,6.16,2.01,14.07,5.49,8.12,Medium,,UNKNOWN,10000,2
2026-08-07,sika kone,Sika Kone,ATL,WAS,ATL @ WAS,PRA,Pts+Reb+Ast,7.1,2.1,0.06,17.38,16.22,9.08,Low,,UNKNOWN,10000,1
2026-08-07,indya nivar,Indya Nivar,ATL,WAS,ATL @ WAS,PRA,Pts+Reb+Ast,4.68,3.4,0.71,10.25,4.61,8.36,Medium,,UNKNOWN,10000,2
2026-08-07,shatori walker-kimbrough,Shatori Walker-Kimbrough,ATL,WAS,ATL @ WAS,PRA,Pts+Reb+Ast,2.4,2.31,1.33,3.59,0.91,8.04,Medium,,UNKNOWN,10000,2
2026-08-07,aaliyah nye,Aaliyah Nye,ATL,WAS,ATL @ WAS,PRA,Pts+Reb+Ast,1.44,1.13,0.56,2.79,1.09,8.04,Medium,,UNKNOWN,10000,2
2026-08-07,allisha gray,Allisha Gray,ATL,WAS,ATL @ WAS,PTS,Points,18.46,18.11,13.5,23.84,4.09,31.16,Medium,,UNKNOWN,10000,2
2026-08-07,angel reese,Angel Reese,ATL,WAS,ATL @ WAS,PTS,Points,13.81,12.32,5.43,23.99,7.69,28.32,Low,,UNKNOWN,10000,1
2026-08-07,rhyne howard,Rhyne Howard,ATL,WAS,ATL @ WAS,PTS,Points,13.23,12.3,6.72,20.82,5.75,29.85,Low,,UNKNOWN,10000,1
2026-08-07,jordin canada,Jordin Canada,ATL,WAS,ATL @ WAS,PTS,Points,10.83,10.2,5.68,16.85,4.44,30.19,Medium,,UNKNOWN,10000,2
2026-08-07,naz hillmon,Naz Hillmon,ATL,WAS,ATL @ WAS,PTS,Points,8.64,6.21,1.26,19.26,8.37,24.81,Low,,UNKNOWN,10000,1
2026-08-07,brionna jones,Brionna Jones,ATL,WAS,ATL @ WAS,PTS,Points,8.26,7.11,2.31,15.66,5.6,16.13,Low,,UNKNOWN,10000,1
2026-08-07,madina okot,Madina Okot,ATL,WAS,ATL @ WAS,PTS,Points,4.41,1.93,0.1,11.72,6.68,8.93,Medium,,UNKNOWN,10000,2
2026-08-07,isobel borlase,Isobel Borlase,ATL,WAS,ATL @ WAS,PTS,Points,3.44,2.28,0.33,8.07,3.66,13.74,Medium,,UNKNOWN,10000,2
2026-08-07,jaylyn sherrod,Jaylyn Sherrod,ATL,WAS,ATL @ WAS,PTS,Points,2.0,1.21,0.13,4.84,2.4,8.12,Medium,,UNKNOWN,10000,2
2026-08-07,sika kone,Sika Kone,ATL,WAS,ATL @ WAS,PTS,Points,1.34,0.01,0.0,2.89,5.01,9.08,Low,,UNKNOWN,10000,1
2026-08-07,shatori walker-kimbrough,Shatori Walker-Kimbrough,ATL,WAS,ATL @ WAS,PTS,Points,0.77,0.76,0.45,1.1,0.26,8.04,Medium,,UNKNOWN,10000,2
2026-08-07,indya nivar,Indya Nivar,ATL,WAS,ATL @ WAS,PTS,Points,0.76,0.28,0.01,2.11,1.25,8.36,Medium,,UNKNOWN,10000,2
2026-08-07,aaliyah nye,Aaliyah Nye,ATL,WAS,ATL @ WAS,PTS,Points,0.13,0.07,0.01,0.32,0.16,8.04,Medium,,UNKNOWN,10000,2
2026-08-07,jordin canada,Jordin Canada,ATL,WAS,ATL @ WAS,RA,Reb+Ast,11.84,11.5,7.1,17.05,3.91,30.19,Medium,,UNKNOWN,10000,2
2026-08-07,angel reese,Angel Reese,ATL,WAS,ATL @ WAS,RA,Reb+Ast,10.72,10.37,5.87,16.02,3.96,28.32,Low,,UNKNOWN,10000,1
2026-08-07,rhyne howard,Rhyne Howard,ATL,WAS,ATL @ WAS,RA,Reb+Ast,7.63,7.42,4.54,11.01,2.54,29.85,Low,,UNKNOWN,10000,1
2026-08-07,brionna jones,Brionna Jones,ATL,WAS,ATL @ WAS,RA,Reb+Ast,7.17,6.32,2.15,13.31,4.59,16.13,Low,,UNKNOWN,10000,1
2026-08-07,allisha gray,Allisha Gray,ATL,WAS,ATL @ WAS,RA,Reb+Ast,5.49,5.22,2.72,8.6,2.33,31.16,Medium,,UNKNOWN,10000,2
2026-08-07,naz hillmon,Naz Hillmon,ATL,WAS,ATL @ WAS,RA,Reb+Ast,4.76,4.22,1.53,8.57,2.94,24.81,Low,,UNKNOWN,10000,1
2026-08-07,madina okot,Madina Okot,ATL,WAS,ATL @ WAS,RA,Reb+Ast,2.99,2.2,0.47,6.5,2.71,8.93,Medium,,UNKNOWN,10000,2
2026-08-07,jaylyn sherrod,Jaylyn Sherrod,ATL,WAS,ATL @ WAS,RA,Reb+Ast,2.42,2.19,0.69,4.47,1.5,8.12,Medium,,UNKNOWN,10000,2
2026-08-07,isobel borlase,Isobel Borlase,ATL,WAS,ATL @ WAS,RA,Reb+Ast,1.96,1.64,0.62,3.67,1.35,13.74,Medium,,UNKNOWN,10000,2
2026-08-07,sika kone,Sika Kone,ATL,WAS,ATL @ WAS,RA,Reb+Ast,1.26,0.4,0.0,3.51,2.22,9.08,Low,,UNKNOWN,10000,1
2026-08-07,shatori walker-kimbrough,Shatori Walker-Kimbrough,ATL,WAS,ATL @ WAS,RA,Reb+Ast,1.19,1.09,0.57,2.0,0.58,8.04,Medium,,UNKNOWN,10000,2
2026-08-07,indya nivar,Indya Nivar,ATL,WAS,ATL @ WAS,RA,Reb+Ast,0.8,0.55,0.12,1.8,0.73,8.36,Medium,,UNKNOWN,10000,2
2026-08-07,aaliyah nye,Aaliyah Nye,ATL,WAS,ATL @ WAS,RA,Reb+Ast,0.43,0.35,0.18,0.7,0.33,8.04,Medium,,UNKNOWN,10000,2
2026-08-07,angel reese,Angel Reese,ATL,WAS,ATL @ WAS,REB,Rebounds,8.75,8.38,4.77,13.22,3.35,28.32,Low,,UNKNOWN,10000,1
2026-08-07,brionna jones,Brionna Jones,ATL,WAS,ATL @ WAS,REB,Rebounds,5.87,5.08,1.76,11.0,3.84,16.13,Low,,UNKNOWN,10000,1
2026-08-07,jordin canada,Jordin Canada,ATL,WAS,ATL @ WAS,REB,Rebounds,4.13,3.66,1.57,7.26,2.35,30.19,Medium,,UNKNOWN,10000,2
2026-08-07,rhyne howard,Rhyne Howard,ATL,WAS,ATL @ WAS,REB,Rebounds,4.09,3.92,2.46,5.91,1.37,29.85,Low,,UNKNOWN,10000,1
2026-08-07,naz hillmon,Naz Hillmon,ATL,WAS,ATL @ WAS,REB,Rebounds,3.5,2.93,0.95,6.79,2.5,24.81,Low,,UNKNOWN,10000,1
2026-08-07,allisha gray,Allisha Gray,ATL,WAS,ATL @ WAS,REB,Rebounds,3.31,3.04,1.43,5.53,1.68,31.16,Medium,,UNKNOWN,10000,2
2026-08-07,madina okot,Madina Okot,ATL,WAS,ATL @ WAS,REB,Rebounds,2.85,2.06,0.45,6.23,2.64,8.93,Medium,,UNKNOWN,10000,2
2026-08-07,isobel borlase,Isobel Borlase,ATL,WAS,ATL @ WAS,REB,Rebounds,1.47,1.29,0.54,2.64,0.89,13.74,Medium,,UNKNOWN,10000,2
2026-08-07,jaylyn sherrod,Jaylyn Sherrod,ATL,WAS,ATL @ WAS,REB,Rebounds,1.42,1.34,0.56,2.39,0.72,8.12,Medium,,UNKNOWN,10000,2
2026-08-07,shatori walker-kimbrough,Shatori Walker-Kimbrough,ATL,WAS,ATL @ WAS,REB,Rebounds,1.1,1.04,0.56,1.71,0.47,8.04,Medium,,UNKNOWN,10000,2
2026-08-07,sika kone,Sika Kone,ATL,WAS,ATL @ WAS,REB,Rebounds,1.1,0.32,0.0,3.11,2.07,9.08,Low,,UNKNOWN,10000,1
2026-08-07,indya nivar,Indya Nivar,ATL,WAS,ATL @ WAS,REB,Rebounds,0.6,0.45,0.11,1.27,0.52,8.36,Medium,,UNKNOWN,10000,2
2026-08-07,aaliyah nye,Aaliyah Nye,ATL,WAS,ATL @ WAS,REB,Rebounds,0.35,0.33,0.18,0.56,0.15,8.04,Medium,,UNKNOWN,10000,2
2026-08-07,rhyne howard,Rhyne Howard,ATL,WAS,ATL @ WAS,SB,Stl+Blk,2.57,2.0,0.0,5.0,2.13,29.85,Low,,UNKNOWN,10000,1
2026-08-07,jordin canada,Jordin Canada,ATL,WAS,ATL @ WAS,SB,Stl+Blk,2.09,2.0,0.0,4.0,1.47,30.19,Medium,,UNKNOWN,10000,2
2026-08-07,angel reese,Angel Reese,ATL,WAS,ATL @ WAS,SB,Stl+Blk,1.92,2.0,0.0,4.0,1.48,28.32,Low,,UNKNOWN,10000,1
2026-08-07,allisha gray,Allisha Gray,ATL,WAS,ATL @ WAS,SB,Stl+Blk,1.56,1.0,0.0,3.0,1.28,31.16,Medium,,UNKNOWN,10000,2
2026-08-07,naz hillmon,Naz Hillmon,ATL,WAS,ATL @ WAS,SB,Stl+Blk,1.14,1.0,0.0,3.0,1.17,24.81,Low,,UNKNOWN,10000,1
2026-08-07,brionna jones,Brionna Jones,ATL,WAS,ATL @ WAS,SB,Stl+Blk,1.12,1.0,0.0,3.0,1.61,16.13,Low,,UNKNOWN,10000,1
2026-08-07,jaylyn sherrod,Jaylyn Sherrod,ATL,WAS,ATL @ WAS,SB,Stl+Blk,0.72,0.0,0.0,2.0,0.9,8.12,Medium,,UNKNOWN,10000,2
2026-08-07,madina okot,Madina Okot,ATL,WAS,ATL @ WAS,SB,Stl+Blk,0.54,0.0,0.0,2.0,0.79,8.93,Medium,,UNKNOWN,10000,2
2026-08-07,isobel borlase,Isobel Borlase,ATL,WAS,ATL @ WAS,SB,Stl+Blk,0.48,0.0,0.0,1.0,0.7,13.74,Medium,,UNKNOWN,10000,2
2026-08-07,indya nivar,Indya Nivar,ATL,WAS,ATL @ WAS,SB,Stl+Blk,0.32,0.0,0.0,1.0,0.59,8.36,Medium,,UNKNOWN,10000,2
2026-08-07,shatori walker-kimbrough,Shatori Walker-Kimbrough,ATL,WAS,ATL @ WAS,SB,Stl+Blk,0.31,0.0,0.0,1.0,0.56,8.04,Medium,,UNKNOWN,10000,2
2026-08-07,sika kone,Sika Kone,ATL,WAS,ATL @ WAS,SB,Stl+Blk,0.21,0.0,0.0,1.0,0.48,9.08,Low,,UNKNOWN,10000,1
2026-08-07,aaliyah nye,Aaliyah Nye,ATL,WAS,ATL @ WAS,SB,Stl+Blk,0.16,0.0,0.0,1.0,0.41,8.04,Medium,,UNKNOWN,10000,2
2026-08-07,jordin canada,Jordin Canada,ATL,WAS,ATL @ WAS,STL,Steals,1.79,2.0,0.0,4.0,1.36,30.19,Medium,,UNKNOWN,10000,2
2026-08-07,rhyne howard,Rhyne Howard,ATL,WAS,ATL @ WAS,STL,Steals,1.76,1.0,0.0,4.0,1.64,29.85,Low,,UNKNOWN,10000,1
2026-08-07,angel reese,Angel Reese,ATL,WAS,ATL @ WAS,STL,Steals,1.48,1.0,0.0,3.0,1.29,28.32,Low,,UNKNOWN,10000,1
2026-08-07,allisha gray,Allisha Gray,ATL,WAS,ATL @ WAS,STL,Steals,1.09,1.0,0.0,3.0,1.07,31.16,Medium,,UNKNOWN,10000,2
2026-08-07,naz hillmon,Naz Hillmon,ATL,WAS,ATL @ WAS,STL,Steals,0.82,1.0,0.0,2.0,0.99,24.81,Low,,UNKNOWN,10000,1
2026-08-07,jaylyn sherrod,Jaylyn Sherrod,ATL,WAS,ATL @ WAS,STL,Steals,0.58,0.0,0.0,2.0,0.81,8.12,Medium,,UNKNOWN,10000,2
2026-08-07,brionna jones,Brionna Jones,ATL,WAS,ATL @ WAS,STL,Steals,0.41,0.0,0.0,1.0,0.67,16.13,Low,,UNKNOWN,10000,1
2026-08-07,isobel borlase,Isobel Borlase,ATL,WAS,ATL @ WAS,STL,Steals,0.29,0.0,0.0,1.0,0.54,13.74,Medium,,UNKNOWN,10000,2
2026-08-07,madina okot,Madina Okot,ATL,WAS,ATL @ WAS,STL,Steals,0.28,0.0,0.0,1.0,0.56,8.93,Medium,,UNKNOWN,10000,2
2026-08-07,indya nivar,Indya Nivar,ATL,WAS,ATL @ WAS,STL,Steals,0.23,0.0,0.0,1.0,0.49,8.36,Medium,,UNKNOWN,10000,2
2026-08-07,shatori walker-kimbrough,Shatori Walker-Kimbrough,ATL,WAS,ATL @ WAS,STL,Steals,0.19,0.0,0.0,1.0,0.43,8.04,Medium,,UNKNOWN,10000,2
2026-08-07,sika kone,Sika Kone,ATL,WAS,ATL @ WAS,STL,Steals,0.12,0.0,0.0,1.0,0.37,9.08,Low,,UNKNOWN,10000,1
2026-08-07,aaliyah nye,Aaliyah Nye,ATL,WAS,ATL @ WAS,STL,Steals,0.08,0.0,0.0,0.0,0.29,8.04,Medium,,UNKNOWN,10000,2
2026-08-07,charlisse leger-walker,Charlisse Leger-Walker,CON,PHX,CON vs PHX,AST,Assists,4.27,4.0,1.0,8.0,2.43,25.27,Medium,,UNKNOWN,10000,2
2026-08-07,leila lacan,Leila Lacan,CON,PHX,CON vs PHX,AST,Assists,4.03,4.0,1.0,7.0,2.2,28.22,Medium,,UNKNOWN,10000,2
2026-08-07,saniya rivers,Saniya Rivers,CON,PHX,CON vs PHX,AST,Assists,2.89,3.0,1.0,5.0,1.92,21.9,Medium,,UNKNOWN,10000,2
2026-08-07,diamond miller,Diamond Miller,CON,PHX,CON vs PHX,AST,Assists,2.32,2.0,0.0,5.0,1.72,26.99,Medium,,UNKNOWN,10000,2
2026-08-07,olivia nelson-ododa,Olivia Nelson-Ododa,CON,PHX,CON vs PHX,AST,Assists,2.1,2.0,0.0,4.0,1.5,25.08,Medium,,UNKNOWN,10000,2
2026-08-07,kennedy burke,Kennedy Burke,CON,PHX,CON vs PHX,AST,Assists,2.07,2.0,0.0,4.0,1.49,23.9,Medium,,UNKNOWN,10000,2
2026-08-07,hailey van lith,Hailey Van Lith,CON,PHX,CON vs PHX,AST,Assists,1.23,1.0,0.0,3.0,1.26,8.94,Medium,,UNKNOWN,10000,2
2026-08-07,aaliyah edwards,Aaliyah Edwards,CON,PHX,CON vs PHX,AST,Assists,1.03,0.0,0.0,3.0,1.6,14.46,Low,,UNKNOWN,10000,1
2026-08-07,nell angloma,Nell Angloma,CON,PHX,CON vs PHX,AST,Assists,0.97,0.0,0.0,3.0,1.46,8.98,Medium,,UNKNOWN,10000,2
2026-08-07,ashlon jackson,Ashlon Jackson,CON,PHX,CON vs PHX,AST,Assists,0.52,0.0,0.0,2.0,0.74,8.04,High,,UNKNOWN,10000,3
2026-08-07,gianna kneepkens,Gianna Kneepkens,CON,PHX,CON vs PHX,AST,Assists,0.36,0.0,0.0,1.0,0.61,9.74,Medium,,UNKNOWN,10000,2
2026-08-07,rayah marshall,Rayah Marshall,CON,PHX,CON vs PHX,AST,Assists,0.25,0.0,0.0,1.0,0.52,8.18,Medium,,UNKNOWN,10000,2
2026-08-07,olivia nelson-ododa,Olivia Nelson-Ododa,CON,PHX,CON vs PHX,BLK,Blocks,1.23,1.0,0.0,3.0,1.24,25.08,Medium,,UNKNOWN,10000,2
2026-08-07,kennedy burke,Kennedy Burke,CON,PHX,CON vs PHX,BLK,Blocks,0.86,1.0,0.0,2.0,0.95,23.9,Medium,,UNKNOWN,10000,2
2026-08-07,saniya rivers,Saniya Rivers,CON,PHX,CON vs PHX,BLK,Blocks,0.57,0.0,0.0,2.0,0.78,21.9,Medium,,UNKNOWN,10000,2
2026-08-07,diamond miller,Diamond Miller,CON,PHX,CON vs PHX,BLK,Blocks,0.46,0.0,0.0,1.0,0.69,26.99,Medium,,UNKNOWN,10000,2
2026-08-07,leila lacan,Leila Lacan,CON,PHX,CON vs PHX,BLK,Blocks,0.41,0.0,0.0,1.0,0.7,28.22,Medium,,UNKNOWN,10000,2
2026-08-07,aaliyah edwards,Aaliyah Edwards,CON,PHX,CON vs PHX,BLK,Blocks,0.32,0.0,0.0,1.0,0.6,14.46,Low,,UNKNOWN,10000,1
2026-08-07,nell angloma,Nell Angloma,CON,PHX,CON vs PHX,BLK,Blocks,0.31,0.0,0.0,1.0,0.75,8.98,Medium,,UNKNOWN,10000,2
2026-08-07,charlisse leger-walker,Charlisse Leger-Walker,CON,PHX,CON vs PHX,BLK,Blocks,0.26,0.0,0.0,1.0,0.51,25.27,Medium,,UNKNOWN,10000,2
2026-08-07,rayah marshall,Rayah Marshall,CON,PHX,CON vs PHX,BLK,Blocks,0.25,0.0,0.0,1.0,0.51,8.18,Medium,,UNKNOWN,10000,2
2026-08-07,ashlon jackson,Ashlon Jackson,CON,PHX,CON vs PHX,BLK,Blocks,0.16,0.0,0.0,1.0,0.41,8.04,High,,UNKNOWN,10000,3
2026-08-07,gianna kneepkens,Gianna Kneepkens,CON,PHX,CON vs PHX,BLK,Blocks,0.1,0.0,0.0,0.0,0.31,9.74,Medium,,UNKNOWN,10000,2
2026-08-07,hailey van lith,Hailey Van Lith,CON,PHX,CON vs PHX,BLK,Blocks,0.09,0.0,0.0,0.0,0.3,8.94,Medium,,UNKNOWN,10000,2
2026-08-07,kennedy burke,Kennedy Burke,CON,PHX,CON vs PHX,FG3M,3PM,2.08,2.0,0.0,4.0,1.49,23.9,Medium,,UNKNOWN,10000,2
2026-08-07,diamond miller,Diamond Miller,CON,PHX,CON vs PHX,FG3M,3PM,1.78,2.0,0.0,4.0,1.42,26.99,Medium,,UNKNOWN,10000,2
2026-08-07,leila lacan,Leila Lacan,CON,PHX,CON vs PHX,FG3M,3PM,1.12,1.0,0.0,3.0,1.09,28.22,Medium,,UNKNOWN,10000,2
2026-08-07,charlisse leger-walker,Charlisse Leger-Walker,CON,PHX,CON vs PHX,FG3M,3PM,0.99,1.0,0.0,2.0,1.02,25.27,Medium,,UNKNOWN,10000,2
2026-08-07,gianna kneepkens,Gianna Kneepkens,CON,PHX,CON vs PHX,FG3M,3PM,0.49,0.0,0.0,2.0,0.86,9.74,Medium,,UNKNOWN,10000,2
2026-08-07,saniya rivers,Saniya Rivers,CON,PHX,CON vs PHX,FG3M,3PM,0.42,0.0,0.0,1.0,0.65,21.9,Medium,,UNKNOWN,10000,2
2026-08-07,ashlon jackson,Ashlon Jackson,CON,PHX,CON vs PHX,FG3M,3PM,0.34,0.0,0.0,1.0,0.59,8.04,High,,UNKNOWN,10000,3
2026-08-07,aaliyah edwards,Aaliyah Edwards,CON,PHX,CON vs PHX,FG3M,3PM,0.28,0.0,0.0,1.0,0.55,14.46,Low,,UNKNOWN,10000,1
2026-08-07,nell angloma,Nell Angloma,CON,PHX,CON vs PHX,FG3M,3PM,0.26,0.0,0.0,1.0,0.53,8.98,Medium,,UNKNOWN,10000,2
2026-08-07,olivia nelson-ododa,Olivia Nelson-Ododa,CON,PHX,CON vs PHX,FG3M,3PM,0.25,0.0,0.0,1.0,0.5,25.08,Medium,,UNKNOWN,10000,2
2026-08-07,hailey van lith,Hailey Van Lith,CON,PHX,CON vs PHX,FG3M,3PM,0.17,0.0,0.0,1.0,0.41,8.94,Medium,,UNKNOWN,10000,2
2026-08-07,rayah marshall,Rayah Marshall,CON,PHX,CON vs PHX,FG3M,3PM,0.15,0.0,0.0,1.0,0.39,8.18,Medium,,UNKNOWN,10000,2
2026-08-07,leila lacan,Leila Lacan,CON,PHX,CON vs PHX,PA,Pts+Ast,17.37,16.35,9.3,26.75,7.04,28.22,Medium,,UNKNOWN,10000,2
2026-08-07,diamond miller,Diamond Miller,CON,PHX,CON vs PHX,PA,Pts+Ast,13.09,12.64,8.13,18.68,4.16,26.99,Medium,,UNKNOWN,10000,2
2026-08-07,olivia nelson-ododa,Olivia Nelson-Ododa,CON,PHX,CON vs PHX,PA,Pts+Ast,12.96,12.68,8.93,17.33,3.31,25.08,Medium,,UNKNOWN,10000,2
2026-08-07,saniya rivers,Saniya Rivers,CON,PHX,CON vs PHX,PA,Pts+Ast,12.71,11.68,5.7,21.19,6.35,21.9,Medium,,UNKNOWN,10000,2
2026-08-07,charlisse leger-walker,Charlisse Leger-Walker,CON,PHX,CON vs PHX,PA,Pts+Ast,12.12,11.44,6.46,18.59,4.89,25.27,Medium,,UNKNOWN,10000,2
2026-08-07,kennedy burke,Kennedy Burke,CON,PHX,CON vs PHX,PA,Pts+Ast,9.29,8.67,4.84,14.5,3.91,23.9,Medium,,UNKNOWN,10000,2
2026-08-07,aaliyah edwards,Aaliyah Edwards,CON,PHX,CON vs PHX,PA,Pts+Ast,7.65,5.95,1.53,15.65,6.45,14.46,Low,,UNKNOWN,10000,1
2026-08-07,gianna kneepkens,Gianna Kneepkens,CON,PHX,CON vs PHX,PA,Pts+Ast,4.2,2.88,0.4,9.58,4.42,9.74,Medium,,UNKNOWN,10000,2
2026-08-07,nell angloma,Nell Angloma,CON,PHX,CON vs PHX,PA,Pts+Ast,3.84,2.87,0.51,8.32,3.57,8.98,Medium,,UNKNOWN,10000,2
2026-08-07,rayah marshall,Rayah Marshall,CON,PHX,CON vs PHX,PA,Pts+Ast,3.63,2.75,0.52,7.8,3.33,8.18,Medium,,UNKNOWN,10000,2
2026-08-07,hailey van lith,Hailey Van Lith,CON,PHX,CON vs PHX,PA,Pts+Ast,3.45,3.07,0.79,6.58,2.3,8.94,Medium,,UNKNOWN,10000,2
2026-08-07,ashlon jackson,Ashlon Jackson,CON,PHX,CON vs PHX,PA,Pts+Ast,1.67,1.58,0.85,2.62,0.7,8.04,High,,UNKNOWN,10000,3
2026-08-07,leila lacan,Leila Lacan,CON,PHX,CON vs PHX,PR,Pts+Reb,16.36,15.29,8.69,25.51,6.82,28.22,Medium,,UNKNOWN,10000,2
2026-08-07,olivia nelson-ododa,Olivia Nelson-Ododa,CON,PHX,CON vs PHX,PR,Pts+Reb,15.55,15.17,10.92,20.67,3.85,25.08,Medium,,UNKNOWN,10000,2
2026-08-07,diamond miller,Diamond Miller,CON,PHX,CON vs PHX,PR,Pts+Reb,12.81,12.43,8.33,17.8,3.76,26.99,Medium,,UNKNOWN,10000,2
2026-08-07,saniya rivers,Saniya Rivers,CON,PHX,CON vs PHX,PR,Pts+Reb,11.28,10.2,5.35,18.58,5.51,21.9,Medium,,UNKNOWN,10000,2
2026-08-07,charlisse leger-walker,Charlisse Leger-Walker,CON,PHX,CON vs PHX,PR,Pts+Reb,11.06,10.37,6.05,16.88,4.42,25.27,Medium,,UNKNOWN,10000,2
2026-08-07,aaliyah edwards,Aaliyah Edwards,CON,PHX,CON vs PHX,PR,Pts+Reb,10.98,9.17,2.98,21.15,8.0,14.46,Low,,UNKNOWN,10000,1
2026-08-07,kennedy burke,Kennedy Burke,CON,PHX,CON vs PHX,PR,Pts+Reb,9.72,9.22,5.43,14.75,3.74,23.9,Medium,,UNKNOWN,10000,2
2026-08-07,nell angloma,Nell Angloma,CON,PHX,CON vs PHX,PR,Pts+Reb,5.18,4.02,0.98,10.82,4.33,8.98,Medium,,UNKNOWN,10000,2
2026-08-07,rayah marshall,Rayah Marshall,CON,PHX,CON vs PHX,PR,Pts+Reb,4.38,3.54,1.05,8.7,3.4,8.18,Medium,,UNKNOWN,10000,2
2026-08-07,gianna kneepkens,Gianna Kneepkens,CON,PHX,CON vs PHX,PR,Pts+Reb,4.19,3.07,0.95,8.78,3.76,9.74,Medium,,UNKNOWN,10000,2
2026-08-07,hailey van lith,Hailey Van Lith,CON,PHX,CON vs PHX,PR,Pts+Reb,2.57,2.53,1.04,4.14,1.19,8.94,Medium,,UNKNOWN,10000,2
2026-08-07,ashlon jackson,Ashlon Jackson,CON,PHX,CON vs PHX,PR,Pts+Reb,0.9,0.89,0.53,1.28,0.29,8.04,High,,UNKNOWN,10000,3
2026-08-07,leila lacan,Leila Lacan,CON,PHX,CON vs PHX,PRA,Pts+Reb+Ast,20.89,19.88,12.08,30.98,7.6,28.22,Medium,,UNKNOWN,10000,2
2026-08-07,olivia nelson-ododa,Olivia Nelson-Ododa,CON,PHX,CON vs PHX,PRA,Pts+Reb+Ast,18.82,18.42,13.36,24.81,4.51,25.08,Medium,,UNKNOWN,10000,2
2026-08-07,diamond miller,Diamond Miller,CON,PHX,CON vs PHX,PRA,Pts+Reb+Ast,15.84,15.39,10.4,21.83,4.52,26.99,Medium,,UNKNOWN,10000,2
2026-08-07,saniya rivers,Saniya Rivers,CON,PHX,CON vs PHX,PRA,Pts+Reb+Ast,15.41,14.38,7.73,24.48,6.81,21.9,Medium,,UNKNOWN,10000,2
2026-08-07,charlisse leger-walker,Charlisse Leger-Walker,CON,PHX,CON vs PHX,PRA,Pts+Reb+Ast,15.35,14.69,9.26,22.2,5.19,25.27,Medium,,UNKNOWN,10000,2
2026-08-07,kennedy burke,Kennedy Burke,CON,PHX,CON vs PHX,PRA,Pts+Reb+Ast,12.32,11.74,7.21,18.2,4.4,23.9,Medium,,UNKNOWN,10000,2
2026-08-07,aaliyah edwards,Aaliyah Edwards,CON,PHX,CON vs PHX,PRA,Pts+Reb+Ast,11.25,9.51,3.13,21.46,7.99,14.46,Low,,UNKNOWN,10000,1
2026-08-07,nell angloma,Nell Angloma,CON,PHX,CON vs PHX,PRA,Pts+Reb+Ast,5.85,4.71,1.16,11.99,4.67,8.98,Medium,,UNKNOWN,10000,2
2026-08-07,rayah marshall,Rayah Marshall,CON,PHX,CON vs PHX,PRA,Pts+Reb+Ast,5.38,4.44,1.28,10.54,4.05,8.18,Medium,,UNKNOWN,10000,2
2026-08-07,gianna kneepkens,Gianna Kneepkens,CON,PHX,CON vs PHX,PRA,Pts+Reb+Ast,5.26,4.03,1.21,10.73,4.48,9.74,Medium,,UNKNOWN,10000,2
2026-08-07,hailey van lith,Hailey Van Lith,CON,PHX,CON vs PHX,PRA,Pts+Reb+Ast,4.37,4.01,1.24,7.91,2.61,8.94,Medium,,UNKNOWN,10000,2
2026-08-07,ashlon jackson,Ashlon Jackson,CON,PHX,CON vs PHX,PRA,Pts+Reb+Ast,1.89,1.83,1.03,2.84,0.71,8.04,High,,UNKNOWN,10000,3
2026-08-07,diamond miller,Diamond Miller,CON,PHX,CON vs PHX,PTS,Points,13.17,12.63,8.03,19.02,4.39,26.99,Medium,,UNKNOWN,10000,2
2026-08-07,olivia nelson-ododa,Olivia Nelson-Ododa,CON,PHX,CON vs PHX,PTS,Points,12.33,12.01,8.4,16.65,3.26,25.08,Medium,,UNKNOWN,10000,2
2026-08-07,leila lacan,Leila Lacan,CON,PHX,CON vs PHX,PTS,Points,11.62,10.63,5.3,19.16,5.67,28.22,Medium,,UNKNOWN,10000,2
2026-08-07,kennedy burke,Kennedy Burke,CON,PHX,CON vs PHX,PTS,Points,10.85,9.99,5.09,17.69,5.14,23.9,Medium,,UNKNOWN,10000,2
2026-08-07,aaliyah edwards,Aaliyah Edwards,CON,PHX,CON vs PHX,PTS,Points,8.26,6.25,1.46,17.43,7.43,14.46,Low,,UNKNOWN,10000,1
2026-08-07,charlisse leger-walker,Charlisse Leger-Walker,CON,PHX,CON vs PHX,PTS,Points,7.77,7.09,3.2,13.15,4.09,25.27,Medium,,UNKNOWN,10000,2
2026-08-07,saniya rivers,Saniya Rivers,CON,PHX,CON vs PHX,PTS,Points,7.05,6.18,2.65,12.56,4.15,21.9,Medium,,UNKNOWN,10000,2
2026-08-07,nell angloma,Nell Angloma,CON,PHX,CON vs PHX,PTS,Points,4.03,2.76,0.52,9.12,4.12,8.98,Medium,,UNKNOWN,10000,2
2026-08-07,gianna kneepkens,Gianna Kneepkens,CON,PHX,CON vs PHX,PTS,Points,2.78,1.73,0.23,6.65,3.2,9.74,Medium,,UNKNOWN,10000,2
2026-08-07,ashlon jackson,Ashlon Jackson,CON,PHX,CON vs PHX,PTS,Points,2.33,2.3,1.37,3.35,0.78,8.04,High,,UNKNOWN,10000,3
2026-08-07,rayah marshall,Rayah Marshall,CON,PHX,CON vs PHX,PTS,Points,1.5,1.07,0.22,3.31,1.47,8.18,Medium,,UNKNOWN,10000,2
2026-08-07,hailey van lith,Hailey Van Lith,CON,PHX,CON vs PHX,PTS,Points,1.04,1.02,0.42,1.67,0.49,8.94,Medium,,UNKNOWN,10000,2
2026-08-07,olivia nelson-ododa,Olivia Nelson-Ododa,CON,PHX,CON vs PHX,RA,Reb+Ast,9.39,8.93,5.26,14.16,3.59,25.08,Medium,,UNKNOWN,10000,2
2026-08-07,charlisse leger-walker,Charlisse Leger-Walker,CON,PHX,CON vs PHX,RA,Reb+Ast,7.46,7.19,4.09,11.22,2.82,25.27,Medium,,UNKNOWN,10000,2
2026-08-07,leila lacan,Leila Lacan,CON,PHX,CON vs PHX,RA,Reb+Ast,7.17,6.88,3.65,11.04,2.95,28.22,Medium,,UNKNOWN,10000,2
2026-08-07,diamond miller,Diamond Miller,CON,PHX,CON vs PHX,RA,Reb+Ast,6.48,6.15,3.34,10.07,2.67,26.99,Medium,,UNKNOWN,10000,2
2026-08-07,kennedy burke,Kennedy Burke,CON,PHX,CON vs PHX,RA,Reb+Ast,6.21,5.9,3.12,9.69,2.65,23.9,Medium,,UNKNOWN,10000,2
2026-08-07,saniya rivers,Saniya Rivers,CON,PHX,CON vs PHX,RA,Reb+Ast,5.29,5.02,2.39,8.54,2.4,21.9,Medium,,UNKNOWN,10000,2
2026-08-07,aaliyah edwards,Aaliyah Edwards,CON,PHX,CON vs PHX,RA,Reb+Ast,4.81,4.02,1.15,9.45,3.57,14.46,Low,,UNKNOWN,10000,1
2026-08-07,nell angloma,Nell Angloma,CON,PHX,CON vs PHX,RA,Reb+Ast,3.17,2.33,0.34,7.02,2.95,8.98,Medium,,UNKNOWN,10000,2
2026-08-07,ashlon jackson,Ashlon Jackson,CON,PHX,CON vs PHX,RA,Reb+Ast,1.9,1.69,0.87,3.22,0.96,8.04,High,,UNKNOWN,10000,3
2026-08-07,hailey van lith,Hailey Van Lith,CON,PHX,CON vs PHX,RA,Reb+Ast,1.77,1.52,0.26,3.69,1.38,8.94,Medium,,UNKNOWN,10000,2
2026-08-07,rayah marshall,Rayah Marshall,CON,PHX,CON vs PHX,RA,Reb+Ast,1.59,1.19,0.2,3.48,1.51,8.18,Medium,,UNKNOWN,10000,2
2026-08-07,gianna kneepkens,Gianna Kneepkens,CON,PHX,CON vs PHX,RA,Reb+Ast,1.24,1.03,0.31,2.49,0.9,9.74,Medium,,UNKNOWN,10000,2
2026-08-07,olivia nelson-ododa,Olivia Nelson-Ododa,CON,PHX,CON vs PHX,REB,Rebounds,7.29,6.79,3.66,11.49,3.18,25.08,Medium,,UNKNOWN,10000,2
2026-08-07,diamond miller,Diamond Miller,CON,PHX,CON vs PHX,REB,Rebounds,4.15,3.85,2.04,6.69,1.88,26.99,Medium,,UNKNOWN,10000,2
2026-08-07,kennedy burke,Kennedy Burke,CON,PHX,CON vs PHX,REB,Rebounds,4.14,3.74,1.88,6.9,2.06,23.9,Medium,,UNKNOWN,10000,2
2026-08-07,aaliyah edwards,Aaliyah Edwards,CON,PHX,CON vs PHX,REB,Rebounds,3.79,3.07,0.93,7.42,2.91,14.46,Low,,UNKNOWN,10000,1
2026-08-07,charlisse leger-walker,Charlisse Leger-Walker,CON,PHX,CON vs PHX,REB,Rebounds,3.2,3.02,1.76,4.86,1.26,25.27,Medium,,UNKNOWN,10000,2
2026-08-07,leila lacan,Leila Lacan,CON,PHX,CON vs PHX,REB,Rebounds,3.14,2.82,1.27,5.44,1.73,28.22,Medium,,UNKNOWN,10000,2
2026-08-07,saniya rivers,Saniya Rivers,CON,PHX,CON vs PHX,REB,Rebounds,2.4,2.26,1.25,3.76,1.0,21.9,Medium,,UNKNOWN,10000,2
2026-08-07,nell angloma,Nell Angloma,CON,PHX,CON vs PHX,REB,Rebounds,2.2,1.46,0.24,5.16,2.3,8.98,Medium,,UNKNOWN,10000,2
2026-08-07,ashlon jackson,Ashlon Jackson,CON,PHX,CON vs PHX,REB,Rebounds,1.38,1.37,0.8,1.98,0.46,8.04,High,,UNKNOWN,10000,3
2026-08-07,rayah marshall,Rayah Marshall,CON,PHX,CON vs PHX,REB,Rebounds,1.33,0.92,0.17,2.98,1.37,8.18,Medium,,UNKNOWN,10000,2
2026-08-07,gianna kneepkens,Gianna Kneepkens,CON,PHX,CON vs PHX,REB,Rebounds,0.89,0.77,0.28,1.65,0.58,9.74,Medium,,UNKNOWN,10000,2
2026-08-07,hailey van lith,Hailey Van Lith,CON,PHX,CON vs PHX,REB,Rebounds,0.54,0.53,0.22,0.88,0.25,8.94,Medium,,UNKNOWN,10000,2
2026-08-07,olivia nelson-ododa,Olivia Nelson-Ododa,CON,PHX,CON vs PHX,SB,Stl+Blk,2.25,2.0,0.0,5.0,1.73,25.08,Medium,,UNKNOWN,10000,2
2026-08-07,kennedy burke,Kennedy Burke,CON,PHX,CON vs PHX,SB,Stl+Blk,1.94,2.0,0.0,4.0,1.45,23.9,Medium,,UNKNOWN,10000,2
2026-08-07,leila lacan,Leila Lacan,CON,PHX,CON vs PHX,SB,Stl+Blk,1.78,2.0,0.0,4.0,1.53,28.22,Medium,,UNKNOWN,10000,2
2026-08-07,saniya rivers,Saniya Rivers,CON,PHX,CON vs PHX,SB,Stl+Blk,1.57,1.0,0.0,3.0,1.32,21.9,Medium,,UNKNOWN,10000,2
2026-08-07,diamond miller,Diamond Miller,CON,PHX,CON vs PHX,SB,Stl+Blk,1.52,1.0,0.0,3.0,1.28,26.99,Medium,,UNKNOWN,10000,2
2026-08-07,charlisse leger-walker,Charlisse Leger-Walker,CON,PHX,CON vs PHX,SB,Stl+Blk,1.3,1.0,0.0,3.0,1.26,25.27,Medium,,UNKNOWN,10000,2
2026-08-07,ashlon jackson,Ashlon Jackson,CON,PHX,CON vs PHX,SB,Stl+Blk,0.99,1.0,0.0,2.0,1.05,8.04,High,,UNKNOWN,10000,3
2026-08-07,aaliyah edwards,Aaliyah Edwards,CON,PHX,CON vs PHX,SB,Stl+Blk,0.79,1.0,0.0,2.0,0.98,14.46,Low,,UNKNOWN,10000,1
2026-08-07,nell angloma,Nell Angloma,CON,PHX,CON vs PHX,SB,Stl+Blk,0.65,0.0,0.0,2.0,0.99,8.98,Medium,,UNKNOWN,10000,2
2026-08-07,rayah marshall,Rayah Marshall,CON,PHX,CON vs PHX,SB,Stl+Blk,0.56,0.0,0.0,2.0,0.79,8.18,Medium,,UNKNOWN,10000,2
2026-08-07,hailey van lith,Hailey Van Lith,CON,PHX,CON vs PHX,SB,Stl+Blk,0.53,0.0,0.0,2.0,0.78,8.94,Medium,,UNKNOWN,10000,2
2026-08-07,gianna kneepkens,Gianna Kneepkens,CON,PHX,CON vs PHX,SB,Stl+Blk,0.29,0.0,0.0,1.0,0.55,9.74,Medium,,UNKNOWN,10000,2
2026-08-07,leila lacan,Leila Lacan,CON,PHX,CON vs PHX,STL,Steals,1.37,1.0,0.0,3.0,1.34,28.22,Medium,,UNKNOWN,10000,2
2026-08-07,kennedy burke,Kennedy Burke,CON,PHX,CON vs PHX,STL,Steals,1.08,1.0,0.0,2.0,1.06,23.9,Medium,,UNKNOWN,10000,2
2026-08-07,diamond miller,Diamond Miller,CON,PHX,CON vs PHX,STL,Steals,1.06,1.0,0.0,2.0,1.05,26.99,Medium,,UNKNOWN,10000,2
2026-08-07,charlisse leger-walker,Charlisse Leger-Walker,CON,PHX,CON vs PHX,STL,Steals,1.04,1.0,0.0,3.0,1.15,25.27,Medium,,UNKNOWN,10000,2
2026-08-07,olivia nelson-ododa,Olivia Nelson-Ododa,CON,PHX,CON vs PHX,STL,Steals,1.02,1.0,0.0,3.0,1.17,25.08,Medium,,UNKNOWN,10000,2
2026-08-07,saniya rivers,Saniya Rivers,CON,PHX,CON vs PHX,STL,Steals,1.0,1.0,0.0,2.0,1.04,21.9,Medium,,UNKNOWN,10000,2
2026-08-07,ashlon jackson,Ashlon Jackson,CON,PHX,CON vs PHX,STL,Steals,0.82,1.0,0.0,2.0,0.95,8.04,High,,UNKNOWN,10000,3
2026-08-07,aaliyah edwards,Aaliyah Edwards,CON,PHX,CON vs PHX,STL,Steals,0.47,0.0,0.0,1.0,0.73,14.46,Low,,UNKNOWN,10000,1
2026-08-07,hailey van lith,Hailey Van Lith,CON,PHX,CON vs PHX,STL,Steals,0.44,0.0,0.0,1.0,0.71,8.94,Medium,,UNKNOWN,10000,2
2026-08-07,nell angloma,Nell Angloma,CON,PHX,CON vs PHX,STL,Steals,0.33,0.0,0.0,1.0,0.6,8.98,Medium,,UNKNOWN,10000,2
2026-08-07,rayah marshall,Rayah Marshall,CON,PHX,CON vs PHX,STL,Steals,0.32,0.0,0.0,1.0,0.58,8.18,Medium,,UNKNOWN,10000,2
2026-08-07,gianna kneepkens,Gianna Kneepkens,CON,PHX,CON vs PHX,STL,Steals,0.2,0.0,0.0,1.0,0.45,9.74,Medium,,UNKNOWN,10000,2
2026-08-07,paige bueckers,Paige Bueckers,DAL,GSV,DAL vs GSV,AST,Assists,5.23,5.0,2.0,8.0,2.41,33.69,Medium,,UNKNOWN,10000,2
2026-08-07,jessica shepard,Jessica Shepard,DAL,GSV,DAL vs GSV,AST,Assists,4.79,4.0,2.0,8.0,2.73,31.17,Medium,,UNKNOWN,10000,2
2026-08-07,arike ogunbowale,Arike Ogunbowale,DAL,GSV,DAL vs GSV,AST,Assists,2.7,2.0,0.0,6.0,2.45,32.62,Medium,,UNKNOWN,10000,2
2026-08-07,odyssey sims,Odyssey Sims,DAL,GSV,DAL vs GSV,AST,Assists,1.9,1.0,0.0,5.0,2.22,8.97,Medium,,UNKNOWN,10000,2
2026-08-07,azzi fudd,Azzi Fudd,DAL,GSV,DAL vs GSV,AST,Assists,1.73,2.0,0.0,4.0,1.34,30.41,Medium,,UNKNOWN,10000,2
2026-08-07,sug sutton,Sug Sutton,DAL,GSV,DAL vs GSV,AST,Assists,1.46,0.0,0.0,4.0,2.69,9.84,Medium,,UNKNOWN,10000,2
2026-08-07,haley jones,Haley Jones,DAL,GSV,DAL vs GSV,AST,Assists,1.26,1.0,0.0,3.0,1.2,15.09,Medium,,UNKNOWN,10000,2
2026-08-07,maddy siegrist,Maddy Siegrist,DAL,GSV,DAL vs GSV,AST,Assists,0.99,1.0,0.0,2.0,1.08,16.49,Medium,,UNKNOWN,10000,2
2026-08-07,costanza verona,Costanza Verona,DAL,GSV,DAL vs GSV,AST,Assists,0.97,1.0,0.0,2.0,1.05,8.05,Medium,,UNKNOWN,10000,2
2026-08-07,alysha clark,Alysha Clark,DAL,GSV,DAL vs GSV,AST,Assists,0.91,1.0,0.0,2.0,1.07,8.06,Low,0.85,DAY-TO-DAY,10000,1
2026-08-07,aziaha james,Aziaha James,DAL,GSV,DAL vs GSV,AST,Assists,0.72,0.0,0.0,2.0,0.88,8.09,Medium,,UNKNOWN,10000,2
2026-08-07,awak kuier,Awak Kuier,DAL,GSV,DAL vs GSV,AST,Assists,0.71,0.0,0.0,2.0,2.35,14.12,Low,,UNKNOWN,10000,1
2026-08-07,alanna smith,Alanna Smith,DAL,GSV,DAL vs GSV,AST,Assists,0.66,0.0,0.0,2.0,0.84,19.03,Medium,,UNKNOWN,10000,2
2026-08-07,li yueru,Li Yueru,DAL,GSV,DAL vs GSV,AST,Assists,0.54,0.0,0.0,2.0,0.78,12.85,Low,,UNKNOWN,10000,1
2026-08-07,awak kuier,Awak Kuier,DAL,GSV,DAL vs GSV,BLK,Blocks,0.86,0.0,0.0,3.0,1.57,14.12,Low,,UNKNOWN,10000,1
2026-08-07,azzi fudd,Azzi Fudd,DAL,GSV,DAL vs GSV,BLK,Blocks,0.49,0.0,0.0,1.0,0.7,30.41,Medium,,UNKNOWN,10000,2
2026-08-07,li yueru,Li Yueru,DAL,GSV,DAL vs GSV,BLK,Blocks,0.41,0.0,0.0,1.0,0.99,12.85,Low,,UNKNOWN,10000,1
2026-08-07,paige bueckers,Paige Bueckers,DAL,GSV,DAL vs GSV,BLK,Blocks,0.4,0.0,0.0,1.0,0.71,33.69,Medium,,UNKNOWN,10000,2
2026-08-07,maddy siegrist,Maddy Siegrist,DAL,GSV,DAL vs GSV,BLK,Blocks,0.35,0.0,0.0,1.0,0.61,16.49,Medium,,UNKNOWN,10000,2
2026-08-07,aziaha james,Aziaha James,DAL,GSV,DAL vs GSV,BLK,Blocks,0.34,0.0,0.0,1.0,0.69,8.09,Medium,,UNKNOWN,10000,2
2026-08-07,arike ogunbowale,Arike Ogunbowale,DAL,GSV,DAL vs GSV,BLK,Blocks,0.33,0.0,0.0,1.0,0.58,32.62,Medium,,UNKNOWN,10000,2
2026-08-07,odyssey sims,Odyssey Sims,DAL,GSV,DAL vs GSV,BLK,Blocks,0.32,0.0,0.0,1.0,0.64,8.97,Medium,,UNKNOWN,10000,2
2026-08-07,jessica shepard,Jessica Shepard,DAL,GSV,DAL vs GSV,BLK,Blocks,0.31,0.0,0.0,1.0,0.67,31.17,Medium,,UNKNOWN,10000,2
2026-08-07,alanna smith,Alanna Smith,DAL,GSV,DAL vs GSV,BLK,Blocks,0.27,0.0,0.0,1.0,0.53,19.03,Medium,,UNKNOWN,10000,2
2026-08-07,alysha clark,Alysha Clark,DAL,GSV,DAL vs GSV,BLK,Blocks,0.26,0.0,0.0,1.0,0.53,8.06,Low,0.85,DAY-TO-DAY,10000,1
2026-08-07,haley jones,Haley Jones,DAL,GSV,DAL vs GSV,BLK,Blocks,0.15,0.0,0.0,1.0,0.39,15.09,Medium,,UNKNOWN,10000,2
2026-08-07,sug sutton,Sug Sutton,DAL,GSV,DAL vs GSV,BLK,Blocks,0.1,0.0,0.0,0.0,0.33,9.84,Medium,,UNKNOWN,10000,2
2026-08-07,costanza verona,Costanza Verona,DAL,GSV,DAL vs GSV,BLK,Blocks,0.08,0.0,0.0,0.0,0.28,8.05,Medium,,UNKNOWN,10000,2
2026-08-07,azzi fudd,Azzi Fudd,DAL,GSV,DAL vs GSV,FG3M,3PM,1.85,2.0,0.0,4.0,1.53,30.41,Medium,,UNKNOWN,10000,2
2026-08-07,paige bueckers,Paige Bueckers,DAL,GSV,DAL vs GSV,FG3M,3PM,1.45,1.0,0.0,3.0,1.21,33.69,Medium,,UNKNOWN,10000,2
2026-08-07,arike ogunbowale,Arike Ogunbowale,DAL,GSV,DAL vs GSV,FG3M,3PM,1.44,1.0,0.0,3.0,1.22,32.62,Medium,,UNKNOWN,10000,2
2026-08-07,maddy siegrist,Maddy Siegrist,DAL,GSV,DAL vs GSV,FG3M,3PM,1.09,1.0,0.0,3.0,1.13,16.49,Medium,,UNKNOWN,10000,2
2026-08-07,odyssey sims,Odyssey Sims,DAL,GSV,DAL vs GSV,FG3M,3PM,0.76,0.0,0.0,2.0,0.96,8.97,Medium,,UNKNOWN,10000,2
2026-08-07,alanna smith,Alanna Smith,DAL,GSV,DAL vs GSV,FG3M,3PM,0.74,1.0,0.0,2.0,0.9,19.03,Medium,,UNKNOWN,10000,2
2026-08-07,alysha clark,Alysha Clark,DAL,GSV,DAL vs GSV,FG3M,3PM,0.66,0.0,0.0,2.0,0.88,8.06,Low,0.85,DAY-TO-DAY,10000,1
2026-08-07,awak kuier,Awak Kuier,DAL,GSV,DAL vs GSV,FG3M,3PM,0.47,0.0,0.0,2.0,1.16,14.12,Low,,UNKNOWN,10000,1
2026-08-07,li yueru,Li Yueru,DAL,GSV,DAL vs GSV,FG3M,3PM,0.35,0.0,0.0,1.0,0.62,12.85,Low,,UNKNOWN,10000,1
2026-08-07,jessica shepard,Jessica Shepard,DAL,GSV,DAL vs GSV,FG3M,3PM,0.31,0.0,0.0,1.0,0.56,31.17,Medium,,UNKNOWN,10000,2
2026-08-07,aziaha james,Aziaha James,DAL,GSV,DAL vs GSV,FG3M,3PM,0.29,0.0,0.0,1.0,0.55,8.09,Medium,,UNKNOWN,10000,2
2026-08-07,haley jones,Haley Jones,DAL,GSV,DAL vs GSV,FG3M,3PM,0.2,0.0,0.0,1.0,0.45,15.09,Medium,,UNKNOWN,10000,2
2026-08-07,sug sutton,Sug Sutton,DAL,GSV,DAL vs GSV,FG3M,3PM,0.19,0.0,0.0,1.0,0.45,9.84,Medium,,UNKNOWN,10000,2
2026-08-07,costanza verona,Costanza Verona,DAL,GSV,DAL vs GSV,FG3M,3PM,0.09,0.0,0.0,0.0,0.31,8.05,Medium,,UNKNOWN,10000,2
2026-08-07,paige bueckers,Paige Bueckers,DAL,GSV,DAL vs GSV,PA,Pts+Ast,27.8,26.8,17.21,39.58,8.96,33.69,Medium,,UNKNOWN,10000,2
2026-08-07,arike ogunbowale,Arike Ogunbowale,DAL,GSV,DAL vs GSV,PA,Pts+Ast,22.65,21.02,10.81,36.52,10.51,32.62,Medium,,UNKNOWN,10000,2
2026-08-07,jessica shepard,Jessica Shepard,DAL,GSV,DAL vs GSV,PA,Pts+Ast,21.32,20.23,11.54,32.73,8.41,31.17,Medium,,UNKNOWN,10000,2
2026-08-07,azzi fudd,Azzi Fudd,DAL,GSV,DAL vs GSV,PA,Pts+Ast,14.89,14.0,7.87,23.16,6.12,30.41,Medium,,UNKNOWN,10000,2
2026-08-07,costanza verona,Costanza Verona,DAL,GSV,DAL vs GSV,PA,Pts+Ast,8.87,7.05,1.35,18.32,7.5,8.05,Medium,,UNKNOWN,10000,2
2026-08-07,alanna smith,Alanna Smith,DAL,GSV,DAL vs GSV,PA,Pts+Ast,8.54,6.9,2.07,16.82,6.67,19.03,Medium,,UNKNOWN,10000,2
2026-08-07,haley jones,Haley Jones,DAL,GSV,DAL vs GSV,PA,Pts+Ast,7.76,6.88,2.9,13.79,4.51,15.09,Medium,,UNKNOWN,10000,2
2026-08-07,maddy siegrist,Maddy Siegrist,DAL,GSV,DAL vs GSV,PA,Pts+Ast,7.51,6.32,2.18,14.28,5.24,16.49,Medium,,UNKNOWN,10000,2
2026-08-07,awak kuier,Awak Kuier,DAL,GSV,DAL vs GSV,PA,Pts+Ast,6.87,3.79,0.35,16.87,8.83,14.12,Low,,UNKNOWN,10000,1
2026-08-07,li yueru,Li Yueru,DAL,GSV,DAL vs GSV,PA,Pts+Ast,5.57,3.42,0.4,13.16,6.66,12.85,Low,,UNKNOWN,10000,1
2026-08-07,sug sutton,Sug Sutton,DAL,GSV,DAL vs GSV,PA,Pts+Ast,4.08,2.87,0.48,8.93,4.26,9.84,Medium,,UNKNOWN,10000,2
2026-08-07,aziaha james,Aziaha James,DAL,GSV,DAL vs GSV,PA,Pts+Ast,2.92,2.67,1.08,5.08,1.63,8.09,Medium,,UNKNOWN,10000,2
2026-08-07,odyssey sims,Odyssey Sims,DAL,GSV,DAL vs GSV,PA,Pts+Ast,2.66,2.42,0.69,4.83,1.67,8.97,Medium,,UNKNOWN,10000,2
2026-08-07,alysha clark,Alysha Clark,DAL,GSV,DAL vs GSV,PA,Pts+Ast,2.02,1.59,0.34,4.21,1.73,8.06,Low,0.85,DAY-TO-DAY,10000,1
2026-08-07,jessica shepard,Jessica Shepard,DAL,GSV,DAL vs GSV,PR,Pts+Reb,25.74,24.5,14.75,38.36,9.38,31.17,Medium,,UNKNOWN,10000,2
2026-08-07,paige bueckers,Paige Bueckers,DAL,GSV,DAL vs GSV,PR,Pts+Reb,24.98,23.94,15.21,35.96,8.32,33.69,Medium,,UNKNOWN,10000,2
2026-08-07,arike ogunbowale,Arike Ogunbowale,DAL,GSV,DAL vs GSV,PR,Pts+Reb,20.87,19.33,10.51,32.94,9.23,32.62,Medium,,UNKNOWN,10000,2
2026-08-07,azzi fudd,Azzi Fudd,DAL,GSV,DAL vs GSV,PR,Pts+Reb,15.63,14.71,8.34,24.05,6.32,30.41,Medium,,UNKNOWN,10000,2
2026-08-07,li yueru,Li Yueru,DAL,GSV,DAL vs GSV,PR,Pts+Reb,9.36,6.34,1.12,21.37,9.87,12.85,Low,,UNKNOWN,10000,1
2026-08-07,awak kuier,Awak Kuier,DAL,GSV,DAL vs GSV,PR,Pts+Reb,9.11,5.81,0.93,21.23,10.13,14.12,Low,,UNKNOWN,10000,1
2026-08-07,alanna smith,Alanna Smith,DAL,GSV,DAL vs GSV,PR,Pts+Reb,8.54,7.43,3.0,15.31,5.36,19.03,Medium,,UNKNOWN,10000,2
2026-08-07,haley jones,Haley Jones,DAL,GSV,DAL vs GSV,PR,Pts+Reb,8.25,7.46,3.3,14.2,4.51,15.09,Medium,,UNKNOWN,10000,2
2026-08-07,maddy siegrist,Maddy Siegrist,DAL,GSV,DAL vs GSV,PR,Pts+Reb,8.21,7.15,2.9,14.96,5.16,16.49,Medium,,UNKNOWN,10000,2
2026-08-07,costanza verona,Costanza Verona,DAL,GSV,DAL vs GSV,PR,Pts+Reb,6.36,4.31,0.88,14.46,6.53,8.05,Medium,,UNKNOWN,10000,2
2026-08-07,aziaha james,Aziaha James,DAL,GSV,DAL vs GSV,PR,Pts+Reb,4.16,3.9,1.85,6.79,1.99,8.09,Medium,,UNKNOWN,10000,2
2026-08-07,sug sutton,Sug Sutton,DAL,GSV,DAL vs GSV,PR,Pts+Reb,3.61,3.08,0.78,7.03,2.64,9.84,Medium,,UNKNOWN,10000,2
2026-08-07,alysha clark,Alysha Clark,DAL,GSV,DAL vs GSV,PR,Pts+Reb,3.55,2.97,0.86,6.92,2.63,8.06,Low,0.85,DAY-TO-DAY,10000,1
2026-08-07,odyssey sims,Odyssey Sims,DAL,GSV,DAL vs GSV,PR,Pts+Reb,2.91,2.77,0.84,5.11,1.63,8.97,Medium,,UNKNOWN,10000,2
2026-08-07,paige bueckers,Paige Bueckers,DAL,GSV,DAL vs GSV,PRA,Pts+Reb+Ast,32.58,31.54,21.28,45.1,9.47,33.69,Medium,,UNKNOWN,10000,2
2026-08-07,jessica shepard,Jessica Shepard,DAL,GSV,DAL vs GSV,PRA,Pts+Reb+Ast,32.56,31.34,19.87,46.81,10.74,31.17,Medium,,UNKNOWN,10000,2
2026-08-07,arike ogunbowale,Arike Ogunbowale,DAL,GSV,DAL vs GSV,PRA,Pts+Reb+Ast,25.79,24.41,13.77,39.55,10.44,32.62,Medium,,UNKNOWN,10000,2
2026-08-07,azzi fudd,Azzi Fudd,DAL,GSV,DAL vs GSV,PRA,Pts+Reb+Ast,17.75,16.89,10.09,26.65,6.59,30.41,Medium,,UNKNOWN,10000,2
2026-08-07,alanna smith,Alanna Smith,DAL,GSV,DAL vs GSV,PRA,Pts+Reb+Ast,11.75,10.29,4.3,20.79,7.14,19.03,Medium,,UNKNOWN,10000,2
2026-08-07,haley jones,Haley Jones,DAL,GSV,DAL vs GSV,PRA,Pts+Reb+Ast,10.37,9.48,4.43,17.52,5.35,15.09,Medium,,UNKNOWN,10000,2
2026-08-07,awak kuier,Awak Kuier,DAL,GSV,DAL vs GSV,PRA,Pts+Reb+Ast,10.26,6.73,1.12,23.65,11.11,14.12,Low,,UNKNOWN,10000,1
2026-08-07,maddy siegrist,Maddy Siegrist,DAL,GSV,DAL vs GSV,PRA,Pts+Reb+Ast,9.74,8.61,3.5,17.35,5.86,16.49,Medium,,UNKNOWN,10000,2
2026-08-07,li yueru,Li Yueru,DAL,GSV,DAL vs GSV,PRA,Pts+Reb+Ast,9.39,6.63,1.34,20.83,9.29,12.85,Low,,UNKNOWN,10000,1
2026-08-07,costanza verona,Costanza Verona,DAL,GSV,DAL vs GSV,PRA,Pts+Reb+Ast,9.26,7.45,1.65,18.85,7.6,8.05,Medium,,UNKNOWN,10000,2
2026-08-07,sug sutton,Sug Sutton,DAL,GSV,DAL vs GSV,PRA,Pts+Reb+Ast,5.35,4.13,0.9,10.94,4.76,9.84,Medium,,UNKNOWN,10000,2
2026-08-07,aziaha james,Aziaha James,DAL,GSV,DAL vs GSV,PRA,Pts+Reb+Ast,4.64,4.37,2.07,7.57,2.2,8.09,Medium,,UNKNOWN,10000,2
2026-08-07,odyssey sims,Odyssey Sims,DAL,GSV,DAL vs GSV,PRA,Pts+Reb+Ast,3.44,3.2,0.93,6.17,2.08,8.97,Medium,,UNKNOWN,10000,2
2026-08-07,alysha clark,Alysha Clark,DAL,GSV,DAL vs GSV,PRA,Pts+Reb+Ast,3.3,2.87,0.83,6.3,2.31,8.06,Low,0.85,DAY-TO-DAY,10000,1
2026-08-07,paige bueckers,Paige Bueckers,DAL,GSV,DAL vs GSV,PTS,Points,16.54,15.7,9.15,24.99,6.35,33.69,Medium,,UNKNOWN,10000,2
2026-08-07,arike ogunbowale,Arike Ogunbowale,DAL,GSV,DAL vs GSV,PTS,Points,13.72,12.43,5.84,23.24,7.15,32.62,Medium,,UNKNOWN,10000,2
2026-08-07,jessica shepard,Jessica Shepard,DAL,GSV,DAL vs GSV,PTS,Points,10.86,10.02,5.03,17.76,5.16,31.17,Medium,,UNKNOWN,10000,2
2026-08-07,azzi fudd,Azzi Fudd,DAL,GSV,DAL vs GSV,PTS,Points,10.15,9.38,4.86,16.44,4.66,30.41,Medium,,UNKNOWN,10000,2
2026-08-07,maddy siegrist,Maddy Siegrist,DAL,GSV,DAL vs GSV,PTS,Points,7.21,5.88,1.85,14.27,5.43,16.49,Medium,,UNKNOWN,10000,2
2026-08-07,odyssey sims,Odyssey Sims,DAL,GSV,DAL vs GSV,PTS,Points,6.29,5.97,1.8,11.11,3.56,8.97,Medium,,UNKNOWN,10000,2
2026-08-07,alanna smith,Alanna Smith,DAL,GSV,DAL vs GSV,PTS,Points,6.12,4.78,1.2,12.49,5.15,19.03,Medium,,UNKNOWN,10000,2
2026-08-07,haley jones,Haley Jones,DAL,GSV,DAL vs GSV,PTS,Points,5.52,4.72,1.81,10.26,3.55,15.09,Medium,,UNKNOWN,10000,2
2026-08-07,alysha clark,Alysha Clark,DAL,GSV,DAL vs GSV,PTS,Points,4.44,3.19,0.65,9.75,4.25,8.06,Low,0.85,DAY-TO-DAY,10000,1
2026-08-07,aziaha james,Aziaha James,DAL,GSV,DAL vs GSV,PTS,Points,3.81,3.4,1.41,6.76,2.21,8.09,Medium,,UNKNOWN,10000,2
2026-08-07,awak kuier,Awak Kuier,DAL,GSV,DAL vs GSV,PTS,Points,3.15,1.64,0.15,8.06,4.22,14.12,Low,,UNKNOWN,10000,1
2026-08-07,li yueru,Li Yueru,DAL,GSV,DAL vs GSV,PTS,Points,3.06,1.68,0.16,7.55,4.07,12.85,Low,,UNKNOWN,10000,1
2026-08-07,costanza verona,Costanza Verona,DAL,GSV,DAL vs GSV,PTS,Points,1.99,1.29,0.2,4.63,2.15,8.05,Medium,,UNKNOWN,10000,2
2026-08-07,sug sutton,Sug Sutton,DAL,GSV,DAL vs GSV,PTS,Points,1.94,1.5,0.32,4.11,1.7,9.84,Medium,,UNKNOWN,10000,2
2026-08-07,jessica shepard,Jessica Shepard,DAL,GSV,DAL vs GSV,RA,Reb+Ast,13.52,12.83,7.33,20.55,5.29,31.17,Medium,,UNKNOWN,10000,2
2026-08-07,paige bueckers,Paige Bueckers,DAL,GSV,DAL vs GSV,RA,Reb+Ast,9.14,8.86,5.18,13.47,3.3,33.69,Medium,,UNKNOWN,10000,2
2026-08-07,arike ogunbowale,Arike Ogunbowale,DAL,GSV,DAL vs GSV,RA,Reb+Ast,5.77,5.25,2.31,9.96,3.1,32.62,Medium,,UNKNOWN,10000,2
2026-08-07,odyssey sims,Odyssey Sims,DAL,GSV,DAL vs GSV,RA,Reb+Ast,4.02,3.42,0.8,7.84,2.99,8.97,Medium,,UNKNOWN,10000,2
2026-08-07,alanna smith,Alanna Smith,DAL,GSV,DAL vs GSV,RA,Reb+Ast,4.0,3.47,1.23,7.38,2.59,19.03,Medium,,UNKNOWN,10000,2
2026-08-07,haley jones,Haley Jones,DAL,GSV,DAL vs GSV,RA,Reb+Ast,3.9,3.41,1.19,7.23,2.54,15.09,Medium,,UNKNOWN,10000,2
2026-08-07,maddy siegrist,Maddy Siegrist,DAL,GSV,DAL vs GSV,RA,Reb+Ast,3.86,3.4,1.21,7.05,2.39,16.49,Medium,,UNKNOWN,10000,2
2026-08-07,azzi fudd,Azzi Fudd,DAL,GSV,DAL vs GSV,RA,Reb+Ast,3.72,3.41,1.33,6.49,2.07,30.41,Medium,,UNKNOWN,10000,2
2026-08-07,aziaha james,Aziaha James,DAL,GSV,DAL vs GSV,RA,Reb+Ast,3.27,3.02,1.26,5.59,1.73,8.09,Medium,,UNKNOWN,10000,2
2026-08-07,alysha clark,Alysha Clark,DAL,GSV,DAL vs GSV,RA,Reb+Ast,3.18,2.77,0.65,6.21,2.28,8.06,Low,0.85,DAY-TO-DAY,10000,1
2026-08-07,awak kuier,Awak Kuier,DAL,GSV,DAL vs GSV,RA,Reb+Ast,3.03,1.27,0.03,8.16,4.64,14.12,Low,,UNKNOWN,10000,1
2026-08-07,li yueru,Li Yueru,DAL,GSV,DAL vs GSV,RA,Reb+Ast,2.96,1.76,0.13,7.19,3.67,12.85,Low,,UNKNOWN,10000,1
2026-08-07,sug sutton,Sug Sutton,DAL,GSV,DAL vs GSV,RA,Reb+Ast,2.37,1.46,0.25,5.46,2.91,9.84,Medium,,UNKNOWN,10000,2
2026-08-07,costanza verona,Costanza Verona,DAL,GSV,DAL vs GSV,RA,Reb+Ast,1.1,1.03,0.02,2.41,1.08,8.05,Medium,,UNKNOWN,10000,2
2026-08-07,jessica shepard,Jessica Shepard,DAL,GSV,DAL vs GSV,REB,Rebounds,8.73,8.01,3.94,14.47,4.27,31.17,Medium,,UNKNOWN,10000,2
2026-08-07,paige bueckers,Paige Bueckers,DAL,GSV,DAL vs GSV,REB,Rebounds,3.91,3.53,1.55,6.81,2.16,33.69,Medium,,UNKNOWN,10000,2
2026-08-07,alanna smith,Alanna Smith,DAL,GSV,DAL vs GSV,REB,Rebounds,3.33,2.81,0.96,6.4,2.34,19.03,Medium,,UNKNOWN,10000,2
2026-08-07,arike ogunbowale,Arike Ogunbowale,DAL,GSV,DAL vs GSV,REB,Rebounds,3.06,2.69,1.1,5.53,1.82,32.62,Medium,,UNKNOWN,10000,2
2026-08-07,maddy siegrist,Maddy Siegrist,DAL,GSV,DAL vs GSV,REB,Rebounds,2.87,2.44,0.89,5.42,1.92,16.49,Medium,,UNKNOWN,10000,2
2026-08-07,haley jones,Haley Jones,DAL,GSV,DAL vs GSV,REB,Rebounds,2.65,2.11,0.64,5.4,2.07,15.09,Medium,,UNKNOWN,10000,2
2026-08-07,aziaha james,Aziaha James,DAL,GSV,DAL vs GSV,REB,Rebounds,2.55,2.34,1.07,4.26,1.31,8.09,Medium,,UNKNOWN,10000,2
2026-08-07,li yueru,Li Yueru,DAL,GSV,DAL vs GSV,REB,Rebounds,2.42,1.15,0.08,6.34,3.49,12.85,Low,,UNKNOWN,10000,1
2026-08-07,awak kuier,Awak Kuier,DAL,GSV,DAL vs GSV,REB,Rebounds,2.32,0.81,0.02,6.48,3.91,14.12,Low,,UNKNOWN,10000,1
2026-08-07,alysha clark,Alysha Clark,DAL,GSV,DAL vs GSV,REB,Rebounds,2.27,1.88,0.53,4.51,1.71,8.06,Low,0.85,DAY-TO-DAY,10000,1
2026-08-07,odyssey sims,Odyssey Sims,DAL,GSV,DAL vs GSV,REB,Rebounds,2.12,2.02,0.6,3.72,1.2,8.97,Medium,,UNKNOWN,10000,2
2026-08-07,azzi fudd,Azzi Fudd,DAL,GSV,DAL vs GSV,REB,Rebounds,1.99,1.62,0.46,3.99,1.53,30.41,Medium,,UNKNOWN,10000,2
2026-08-07,sug sutton,Sug Sutton,DAL,GSV,DAL vs GSV,REB,Rebounds,0.91,0.85,0.22,1.67,0.56,9.84,Medium,,UNKNOWN,10000,2
2026-08-07,costanza verona,Costanza Verona,DAL,GSV,DAL vs GSV,REB,Rebounds,0.13,0.08,0.01,0.33,0.16,8.05,Medium,,UNKNOWN,10000,2
2026-08-07,azzi fudd,Azzi Fudd,DAL,GSV,DAL vs GSV,SB,Stl+Blk,1.46,1.0,0.0,3.0,1.36,30.41,Medium,,UNKNOWN,10000,2
2026-08-07,arike ogunbowale,Arike Ogunbowale,DAL,GSV,DAL vs GSV,SB,Stl+Blk,1.26,1.0,0.0,3.0,1.37,32.62,Medium,,UNKNOWN,10000,2
2026-08-07,awak kuier,Awak Kuier,DAL,GSV,DAL vs GSV,SB,Stl+Blk,1.1,1.0,0.0,3.0,1.68,14.12,Low,,UNKNOWN,10000,1
2026-08-07,paige bueckers,Paige Bueckers,DAL,GSV,DAL vs GSV,SB,Stl+Blk,0.99,1.0,0.0,2.0,1.05,33.69,Medium,,UNKNOWN,10000,2
2026-08-07,maddy siegrist,Maddy Siegrist,DAL,GSV,DAL vs GSV,SB,Stl+Blk,0.97,1.0,0.0,2.0,1.06,16.49,Medium,,UNKNOWN,10000,2
2026-08-07,jessica shepard,Jessica Shepard,DAL,GSV,DAL vs GSV,SB,Stl+Blk,0.95,1.0,0.0,2.0,1.07,31.17,Medium,,UNKNOWN,10000,2
2026-08-07,odyssey sims,Odyssey Sims,DAL,GSV,DAL vs GSV,SB,Stl+Blk,0.87,1.0,0.0,2.0,1.08,8.97,Medium,,UNKNOWN,10000,2
2026-08-07,aziaha james,Aziaha James,DAL,GSV,DAL vs GSV,SB,Stl+Blk,0.73,0.0,0.0,2.0,0.96,8.09,Medium,,UNKNOWN,10000,2
2026-08-07,haley jones,Haley Jones,DAL,GSV,DAL vs GSV,SB,Stl+Blk,0.69,0.0,0.0,2.0,0.91,15.09,Medium,,UNKNOWN,10000,2
2026-08-07,alysha clark,Alysha Clark,DAL,GSV,DAL vs GSV,SB,Stl+Blk,0.66,0.0,0.0,2.0,0.88,8.06,Low,0.85,DAY-TO-DAY,10000,1
2026-08-07,alanna smith,Alanna Smith,DAL,GSV,DAL vs GSV,SB,Stl+Blk,0.63,0.0,0.0,2.0,0.83,19.03,Medium,,UNKNOWN,10000,2
2026-08-07,li yueru,Li Yueru,DAL,GSV,DAL vs GSV,SB,Stl+Blk,0.6,0.0,0.0,2.0,1.11,12.85,Low,,UNKNOWN,10000,1
2026-08-07,sug sutton,Sug Sutton,DAL,GSV,DAL vs GSV,SB,Stl+Blk,0.25,0.0,0.0,1.0,0.52,9.84,Medium,,UNKNOWN,10000,2
2026-08-07,costanza verona,Costanza Verona,DAL,GSV,DAL vs GSV,SB,Stl+Blk,0.16,0.0,0.0,1.0,0.4,8.05,Medium,,UNKNOWN,10000,2
2026-08-07,azzi fudd,Azzi Fudd,DAL,GSV,DAL vs GSV,STL,Steals,0.97,1.0,0.0,3.0,1.16,30.41,Medium,,UNKNOWN,10000,2
2026-08-07,arike ogunbowale,Arike Ogunbowale,DAL,GSV,DAL vs GSV,STL,Steals,0.93,1.0,0.0,3.0,1.24,32.62,Medium,,UNKNOWN,10000,2
2026-08-07,jessica shepard,Jessica Shepard,DAL,GSV,DAL vs GSV,STL,Steals,0.64,0.0,0.0,2.0,0.81,31.17,Medium,,UNKNOWN,10000,2
2026-08-07,maddy siegrist,Maddy Siegrist,DAL,GSV,DAL vs GSV,STL,Steals,0.62,0.0,0.0,2.0,0.82,16.49,Medium,,UNKNOWN,10000,2
2026-08-07,paige bueckers,Paige Bueckers,DAL,GSV,DAL vs GSV,STL,Steals,0.6,0.0,0.0,2.0,0.78,33.69,Medium,,UNKNOWN,10000,2
2026-08-07,haley jones,Haley Jones,DAL,GSV,DAL vs GSV,STL,Steals,0.54,0.0,0.0,2.0,0.81,15.09,Medium,,UNKNOWN,10000,2
2026-08-07,odyssey sims,Odyssey Sims,DAL,GSV,DAL vs GSV,STL,Steals,0.54,0.0,0.0,2.0,0.8,8.97,Medium,,UNKNOWN,10000,2
2026-08-07,alysha clark,Alysha Clark,DAL,GSV,DAL vs GSV,STL,Steals,0.4,0.0,0.0,1.0,0.66,8.06,Low,0.85,DAY-TO-DAY,10000,1
2026-08-07,aziaha james,Aziaha James,DAL,GSV,DAL vs GSV,STL,Steals,0.39,0.0,0.0,1.0,0.64,8.09,Medium,,UNKNOWN,10000,2
2026-08-07,alanna smith,Alanna Smith,DAL,GSV,DAL vs GSV,STL,Steals,0.37,0.0,0.0,1.0,0.62,19.03,Medium,,UNKNOWN,10000,2
2026-08-07,awak kuier,Awak Kuier,DAL,GSV,DAL vs GSV,STL,Steals,0.24,0.0,0.0,1.0,0.52,14.12,Low,,UNKNOWN,10000,1
2026-08-07,li yueru,Li Yueru,DAL,GSV,DAL vs GSV,STL,Steals,0.19,0.0,0.0,1.0,0.45,12.85,Low,,UNKNOWN,10000,1
2026-08-07,sug sutton,Sug Sutton,DAL,GSV,DAL vs GSV,STL,Steals,0.15,0.0,0.0,1.0,0.4,9.84,Medium,,UNKNOWN,10000,2
2026-08-07,costanza verona,Costanza Verona,DAL,GSV,DAL vs GSV,STL,Steals,0.08,0.0,0.0,0.0,0.29,8.05,Medium,,UNKNOWN,10000,2
2026-08-07,veronica burton,Veronica Burton,GSV,DAL,GSV @ DAL,AST,Assists,5.56,5.0,2.0,9.0,2.63,28.38,Medium,,UNKNOWN,10000,2
2026-08-07,tiffany hayes,Tiffany Hayes,GSV,DAL,GSV @ DAL,AST,Assists,2.88,3.0,1.0,5.0,1.89,16.74,Medium,,UNKNOWN,10000,2
2026-08-07,kaitlyn chen,Kaitlyn Chen,GSV,DAL,GSV @ DAL,AST,Assists,2.84,3.0,0.0,6.0,2.0,17.06,Low,,UNKNOWN,10000,1
2026-08-07,gabby williams,Gabby Williams,GSV,DAL,GSV @ DAL,AST,Assists,2.4,2.0,0.0,5.0,2.07,28.15,Low,,UNKNOWN,10000,1
2026-08-07,janelle salaun,Janelle Salaun,GSV,DAL,GSV @ DAL,AST,Assists,1.7,2.0,0.0,3.0,1.35,23.55,Medium,,UNKNOWN,10000,2
2026-08-07,kiah stokes,Kiah Stokes,GSV,DAL,GSV @ DAL,AST,Assists,1.52,1.0,0.0,3.0,1.3,17.27,Medium,,UNKNOWN,10000,2
2026-08-07,cecilia zandalasini,Cecilia Zandalasini,GSV,DAL,GSV @ DAL,AST,Assists,1.35,1.0,0.0,3.0,1.19,20.29,Medium,,UNKNOWN,10000,2
2026-08-07,kaila charles,Kaila Charles,GSV,DAL,GSV @ DAL,AST,Assists,1.15,1.0,0.0,3.0,1.49,21.54,Medium,,UNKNOWN,10000,2
2026-08-07,laeticia amihere,Laeticia Amihere,GSV,DAL,GSV @ DAL,AST,Assists,0.7,0.0,0.0,2.0,1.19,10.91,Medium,,UNKNOWN,10000,2
2026-08-07,kayla thornton,Kayla Thornton,GSV,DAL,GSV @ DAL,AST,Assists,0.37,0.0,0.0,1.0,0.69,25.86,Medium,,UNKNOWN,10000,2
2026-08-07,ashten prechtel,Ashten Prechtel,GSV,DAL,GSV @ DAL,AST,Assists,0.26,0.0,0.0,1.0,0.55,11.05,Medium,,UNKNOWN,10000,2
2026-08-07,nadia fingall,Nadia Fingall,GSV,DAL,GSV @ DAL,AST,Assists,0.19,0.0,0.0,1.0,0.43,8.08,Medium,,UNKNOWN,10000,2
2026-08-07,juste jocyte,Juste Jocyte,GSV,DAL,GSV @ DAL,AST,Assists,0.16,0.0,0.0,1.0,0.4,8.02,Medium,,UNKNOWN,10000,2
2026-08-07,miela sowah,Miela Sowah,GSV,DAL,GSV @ DAL,AST,Assists,0.11,0.0,0.0,1.0,0.34,8.03,Medium,,UNKNOWN,10000,2
2026-08-07,kiah stokes,Kiah Stokes,GSV,DAL,GSV @ DAL,BLK,Blocks,1.84,1.0,0.0,4.0,1.94,17.27,Medium,,UNKNOWN,10000,2
2026-08-07,veronica burton,Veronica Burton,GSV,DAL,GSV @ DAL,BLK,Blocks,0.38,0.0,0.0,1.0,0.68,28.38,Medium,,UNKNOWN,10000,2
2026-08-07,laeticia amihere,Laeticia Amihere,GSV,DAL,GSV @ DAL,BLK,Blocks,0.34,0.0,0.0,1.0,0.96,10.91,Medium,,UNKNOWN,10000,2
2026-08-07,janelle salaun,Janelle Salaun,GSV,DAL,GSV @ DAL,BLK,Blocks,0.33,0.0,0.0,1.0,0.57,23.55,Medium,,UNKNOWN,10000,2
2026-08-07,tiffany hayes,Tiffany Hayes,GSV,DAL,GSV @ DAL,BLK,Blocks,0.31,0.0,0.0,1.0,0.57,16.74,Medium,,UNKNOWN,10000,2
2026-08-07,gabby williams,Gabby Williams,GSV,DAL,GSV @ DAL,BLK,Blocks,0.29,0.0,0.0,1.0,0.55,28.15,Low,,UNKNOWN,10000,1
2026-08-07,kaila charles,Kaila Charles,GSV,DAL,GSV @ DAL,BLK,Blocks,0.28,0.0,0.0,1.0,0.55,21.54,Medium,,UNKNOWN,10000,2
2026-08-07,kayla thornton,Kayla Thornton,GSV,DAL,GSV @ DAL,BLK,Blocks,0.26,0.0,0.0,1.0,0.52,25.86,Medium,,UNKNOWN,10000,2
2026-08-07,cecilia zandalasini,Cecilia Zandalasini,GSV,DAL,GSV @ DAL,BLK,Blocks,0.22,0.0,0.0,1.0,0.47,20.29,Medium,,UNKNOWN,10000,2
2026-08-07,kaitlyn chen,Kaitlyn Chen,GSV,DAL,GSV @ DAL,BLK,Blocks,0.16,0.0,0.0,1.0,0.41,17.06,Low,,UNKNOWN,10000,1
2026-08-07,ashten prechtel,Ashten Prechtel,GSV,DAL,GSV @ DAL,BLK,Blocks,0.14,0.0,0.0,1.0,0.42,11.05,Medium,,UNKNOWN,10000,2
2026-08-07,juste jocyte,Juste Jocyte,GSV,DAL,GSV @ DAL,BLK,Blocks,0.08,0.0,0.0,0.0,0.29,8.02,Medium,,UNKNOWN,10000,2
2026-08-07,miela sowah,Miela Sowah,GSV,DAL,GSV @ DAL,BLK,Blocks,0.08,0.0,0.0,0.0,0.28,8.03,Medium,,UNKNOWN,10000,2
2026-08-07,nadia fingall,Nadia Fingall,GSV,DAL,GSV @ DAL,BLK,Blocks,0.08,0.0,0.0,0.0,0.29,8.08,Medium,,UNKNOWN,10000,2
2026-08-07,janelle salaun,Janelle Salaun,GSV,DAL,GSV @ DAL,FG3M,3PM,2.41,2.0,0.0,5.0,1.63,23.55,Medium,,UNKNOWN,10000,2
2026-08-07,gabby williams,Gabby Williams,GSV,DAL,GSV @ DAL,FG3M,3PM,1.6,1.0,0.0,4.0,1.59,28.15,Low,,UNKNOWN,10000,1
2026-08-07,veronica burton,Veronica Burton,GSV,DAL,GSV @ DAL,FG3M,3PM,1.29,1.0,0.0,3.0,1.17,28.38,Medium,,UNKNOWN,10000,2
2026-08-07,kayla thornton,Kayla Thornton,GSV,DAL,GSV @ DAL,FG3M,3PM,1.21,1.0,0.0,3.0,1.52,25.86,Medium,,UNKNOWN,10000,2
2026-08-07,kiah stokes,Kiah Stokes,GSV,DAL,GSV @ DAL,FG3M,3PM,1.06,1.0,0.0,2.0,1.07,17.27,Medium,,UNKNOWN,10000,2
2026-08-07,cecilia zandalasini,Cecilia Zandalasini,GSV,DAL,GSV @ DAL,FG3M,3PM,0.98,1.0,0.0,2.0,1.0,20.29,Medium,,UNKNOWN,10000,2
2026-08-07,kaitlyn chen,Kaitlyn Chen,GSV,DAL,GSV @ DAL,FG3M,3PM,0.73,1.0,0.0,2.0,0.9,17.06,Low,,UNKNOWN,10000,1
2026-08-07,tiffany hayes,Tiffany Hayes,GSV,DAL,GSV @ DAL,FG3M,3PM,0.66,0.0,0.0,2.0,0.84,16.74,Medium,,UNKNOWN,10000,2
2026-08-07,kaila charles,Kaila Charles,GSV,DAL,GSV @ DAL,FG3M,3PM,0.65,0.0,0.0,2.0,0.83,21.54,Medium,,UNKNOWN,10000,2
2026-08-07,nadia fingall,Nadia Fingall,GSV,DAL,GSV @ DAL,FG3M,3PM,0.56,0.0,0.0,2.0,0.77,8.08,Medium,,UNKNOWN,10000,2
2026-08-07,ashten prechtel,Ashten Prechtel,GSV,DAL,GSV @ DAL,FG3M,3PM,0.32,0.0,0.0,1.0,0.62,11.05,Medium,,UNKNOWN,10000,2
2026-08-07,juste jocyte,Juste Jocyte,GSV,DAL,GSV @ DAL,FG3M,3PM,0.18,0.0,0.0,1.0,0.42,8.02,Medium,,UNKNOWN,10000,2
2026-08-07,miela sowah,Miela Sowah,GSV,DAL,GSV @ DAL,FG3M,3PM,0.12,0.0,0.0,1.0,0.35,8.03,Medium,,UNKNOWN,10000,2
2026-08-07,laeticia amihere,Laeticia Amihere,GSV,DAL,GSV @ DAL,FG3M,3PM,0.11,0.0,0.0,1.0,0.34,10.91,Medium,,UNKNOWN,10000,2
2026-08-07,gabby williams,Gabby Williams,GSV,DAL,GSV @ DAL,PA,Pts+Ast,20.19,18.15,8.13,34.72,11.13,28.15,Low,,UNKNOWN,10000,1
2026-08-07,veronica burton,Veronica Burton,GSV,DAL,GSV @ DAL,PA,Pts+Ast,17.24,16.44,9.8,25.59,6.36,28.38,Medium,,UNKNOWN,10000,2
2026-08-07,kayla thornton,Kayla Thornton,GSV,DAL,GSV @ DAL,PA,Pts+Ast,15.32,9.22,1.01,37.04,17.88,25.86,Medium,,UNKNOWN,10000,2
2026-08-07,janelle salaun,Janelle Salaun,GSV,DAL,GSV @ DAL,PA,Pts+Ast,12.67,12.1,7.41,18.69,4.55,23.55,Medium,,UNKNOWN,10000,2
2026-08-07,kaitlyn chen,Kaitlyn Chen,GSV,DAL,GSV @ DAL,PA,Pts+Ast,10.97,10.01,4.38,18.76,5.86,17.06,Low,,UNKNOWN,10000,1
2026-08-07,cecilia zandalasini,Cecilia Zandalasini,GSV,DAL,GSV @ DAL,PA,Pts+Ast,10.73,9.74,4.5,18.28,5.69,20.29,Medium,,UNKNOWN,10000,2
2026-08-07,kaila charles,Kaila Charles,GSV,DAL,GSV @ DAL,PA,Pts+Ast,9.61,8.47,3.42,17.12,5.81,21.54,Medium,,UNKNOWN,10000,2
2026-08-07,tiffany hayes,Tiffany Hayes,GSV,DAL,GSV @ DAL,PA,Pts+Ast,9.26,8.64,4.49,14.82,4.18,16.74,Medium,,UNKNOWN,10000,2
2026-08-07,ashten prechtel,Ashten Prechtel,GSV,DAL,GSV @ DAL,PA,Pts+Ast,8.0,4.59,0.4,19.35,10.4,11.05,Medium,,UNKNOWN,10000,2
2026-08-07,laeticia amihere,Laeticia Amihere,GSV,DAL,GSV @ DAL,PA,Pts+Ast,6.14,2.15,0.0,16.12,11.21,10.91,Medium,,UNKNOWN,10000,2
2026-08-07,nadia fingall,Nadia Fingall,GSV,DAL,GSV @ DAL,PA,Pts+Ast,5.98,4.82,1.3,12.14,4.71,8.08,Medium,,UNKNOWN,10000,2
2026-08-07,kiah stokes,Kiah Stokes,GSV,DAL,GSV @ DAL,PA,Pts+Ast,4.0,3.72,1.94,6.44,1.81,17.27,Medium,,UNKNOWN,10000,2
2026-08-07,juste jocyte,Juste Jocyte,GSV,DAL,GSV @ DAL,PA,Pts+Ast,1.93,1.61,0.92,3.91,1.15,8.02,Medium,,UNKNOWN,10000,2
2026-08-07,miela sowah,Miela Sowah,GSV,DAL,GSV @ DAL,PA,Pts+Ast,1.6,1.29,0.72,3.7,1.15,8.03,Medium,,UNKNOWN,10000,2
2026-08-07,kayla thornton,Kayla Thornton,GSV,DAL,GSV @ DAL,PR,Pts+Reb,20.89,15.31,4.33,44.49,19.02,25.86,Medium,,UNKNOWN,10000,2
2026-08-07,gabby williams,Gabby Williams,GSV,DAL,GSV @ DAL,PR,Pts+Reb,19.32,17.39,8.15,32.85,10.32,28.15,Low,,UNKNOWN,10000,1
2026-08-07,veronica burton,Veronica Burton,GSV,DAL,GSV @ DAL,PR,Pts+Reb,15.16,14.23,8.39,22.97,5.94,28.38,Medium,,UNKNOWN,10000,2
2026-08-07,janelle salaun,Janelle Salaun,GSV,DAL,GSV @ DAL,PR,Pts+Reb,14.49,13.92,8.99,20.73,4.72,23.55,Medium,,UNKNOWN,10000,2
2026-08-07,kaila charles,Kaila Charles,GSV,DAL,GSV @ DAL,PR,Pts+Reb,12.92,11.59,5.36,22.08,6.97,21.54,Medium,,UNKNOWN,10000,2
2026-08-07,cecilia zandalasini,Cecilia Zandalasini,GSV,DAL,GSV @ DAL,PR,Pts+Reb,11.01,9.94,5.13,18.08,5.43,20.29,Medium,,UNKNOWN,10000,2
2026-08-07,ashten prechtel,Ashten Prechtel,GSV,DAL,GSV @ DAL,PR,Pts+Reb,9.79,5.12,0.56,23.81,13.71,11.05,Medium,,UNKNOWN,10000,2
2026-08-07,kaitlyn chen,Kaitlyn Chen,GSV,DAL,GSV @ DAL,PR,Pts+Reb,9.27,8.37,3.79,15.91,5.02,17.06,Low,,UNKNOWN,10000,1
2026-08-07,tiffany hayes,Tiffany Hayes,GSV,DAL,GSV @ DAL,PR,Pts+Reb,9.03,8.35,4.42,14.53,4.11,16.74,Medium,,UNKNOWN,10000,2
2026-08-07,laeticia amihere,Laeticia Amihere,GSV,DAL,GSV @ DAL,PR,Pts+Reb,8.88,5.18,1.14,20.11,11.74,10.91,Medium,,UNKNOWN,10000,2
2026-08-07,kiah stokes,Kiah Stokes,GSV,DAL,GSV @ DAL,PR,Pts+Reb,7.74,7.41,4.48,11.44,2.79,17.27,Medium,,UNKNOWN,10000,2
2026-08-07,nadia fingall,Nadia Fingall,GSV,DAL,GSV @ DAL,PR,Pts+Reb,4.14,3.34,1.19,8.14,3.05,8.08,Medium,,UNKNOWN,10000,2
2026-08-07,juste jocyte,Juste Jocyte,GSV,DAL,GSV @ DAL,PR,Pts+Reb,1.26,1.19,0.68,1.92,0.52,8.02,Medium,,UNKNOWN,10000,2
2026-08-07,miela sowah,Miela Sowah,GSV,DAL,GSV @ DAL,PR,Pts+Reb,1.01,0.91,0.5,1.61,0.51,8.03,Medium,,UNKNOWN,10000,2
2026-08-07,gabby williams,Gabby Williams,GSV,DAL,GSV @ DAL,PRA,Pts+Reb+Ast,23.34,21.46,10.99,37.97,11.3,28.15,Low,,UNKNOWN,10000,1
2026-08-07,kayla thornton,Kayla Thornton,GSV,DAL,GSV @ DAL,PRA,Pts+Reb+Ast,22.08,16.64,5.15,45.83,19.23,25.86,Medium,,UNKNOWN,10000,2
2026-08-07,veronica burton,Veronica Burton,GSV,DAL,GSV @ DAL,PRA,Pts+Reb+Ast,20.71,19.85,12.65,29.74,6.9,28.38,Medium,,UNKNOWN,10000,2
2026-08-07,janelle salaun,Janelle Salaun,GSV,DAL,GSV @ DAL,PRA,Pts+Reb+Ast,16.32,15.73,10.26,23.09,5.13,23.55,Medium,,UNKNOWN,10000,2
2026-08-07,kaila charles,Kaila Charles,GSV,DAL,GSV @ DAL,PRA,Pts+Reb+Ast,14.36,13.12,6.21,24.03,7.41,21.54,Medium,,UNKNOWN,10000,2
2026-08-07,cecilia zandalasini,Cecilia Zandalasini,GSV,DAL,GSV @ DAL,PRA,Pts+Reb+Ast,12.92,11.95,6.43,20.68,5.84,20.29,Medium,,UNKNOWN,10000,2
2026-08-07,kaitlyn chen,Kaitlyn Chen,GSV,DAL,GSV @ DAL,PRA,Pts+Reb+Ast,12.43,11.5,5.27,20.72,6.26,17.06,Low,,UNKNOWN,10000,1
2026-08-07,tiffany hayes,Tiffany Hayes,GSV,DAL,GSV @ DAL,PRA,Pts+Reb+Ast,11.08,10.47,5.8,17.13,4.58,16.74,Medium,,UNKNOWN,10000,2
2026-08-07,ashten prechtel,Ashten Prechtel,GSV,DAL,GSV @ DAL,PRA,Pts+Reb+Ast,10.88,6.22,0.65,25.95,14.35,11.05,Medium,,UNKNOWN,10000,2
2026-08-07,laeticia amihere,Laeticia Amihere,GSV,DAL,GSV @ DAL,PRA,Pts+Reb+Ast,9.91,6.39,1.48,21.41,11.94,10.91,Medium,,UNKNOWN,10000,2
2026-08-07,kiah stokes,Kiah Stokes,GSV,DAL,GSV @ DAL,PRA,Pts+Reb+Ast,7.53,7.26,4.37,11.04,2.65,17.27,Medium,,UNKNOWN,10000,2
2026-08-07,nadia fingall,Nadia Fingall,GSV,DAL,GSV @ DAL,PRA,Pts+Reb+Ast,6.61,5.45,1.85,12.88,4.79,8.08,Medium,,UNKNOWN,10000,2
2026-08-07,juste jocyte,Juste Jocyte,GSV,DAL,GSV @ DAL,PRA,Pts+Reb+Ast,2.35,2.04,1.13,4.11,1.22,8.02,Medium,,UNKNOWN,10000,2
2026-08-07,miela sowah,Miela Sowah,GSV,DAL,GSV @ DAL,PRA,Pts+Reb+Ast,1.88,1.53,0.83,3.78,1.21,8.03,Medium,,UNKNOWN,10000,2
2026-08-07,janelle salaun,Janelle Salaun,GSV,DAL,GSV @ DAL,PTS,Points,14.53,13.75,8.18,21.86,5.51,23.55,Medium,,UNKNOWN,10000,2
2026-08-07,veronica burton,Veronica Burton,GSV,DAL,GSV @ DAL,PTS,Points,11.76,10.89,5.61,19.04,5.46,28.38,Medium,,UNKNOWN,10000,2
2026-08-07,gabby williams,Gabby Williams,GSV,DAL,GSV @ DAL,PTS,Points,10.6,9.27,3.53,19.34,6.66,28.15,Low,,UNKNOWN,10000,1
2026-08-07,kaitlyn chen,Kaitlyn Chen,GSV,DAL,GSV @ DAL,PTS,Points,10.46,9.22,3.76,18.72,6.23,17.06,Low,,UNKNOWN,10000,1
2026-08-07,tiffany hayes,Tiffany Hayes,GSV,DAL,GSV @ DAL,PTS,Points,8.36,7.57,3.6,14.16,4.33,16.74,Medium,,UNKNOWN,10000,2
2026-08-07,kiah stokes,Kiah Stokes,GSV,DAL,GSV @ DAL,PTS,Points,7.57,6.92,3.46,12.61,3.69,17.27,Medium,,UNKNOWN,10000,2
2026-08-07,cecilia zandalasini,Cecilia Zandalasini,GSV,DAL,GSV @ DAL,PTS,Points,6.58,5.78,2.35,11.7,3.94,20.29,Medium,,UNKNOWN,10000,2
2026-08-07,kaila charles,Kaila Charles,GSV,DAL,GSV @ DAL,PTS,Points,5.77,4.92,1.89,10.65,3.78,21.54,Medium,,UNKNOWN,10000,2
2026-08-07,kayla thornton,Kayla Thornton,GSV,DAL,GSV @ DAL,PTS,Points,4.73,2.61,0.22,11.92,5.9,25.86,Medium,,UNKNOWN,10000,2
2026-08-07,ashten prechtel,Ashten Prechtel,GSV,DAL,GSV @ DAL,PTS,Points,2.53,1.3,0.12,6.36,3.53,11.05,Medium,,UNKNOWN,10000,2
2026-08-07,nadia fingall,Nadia Fingall,GSV,DAL,GSV @ DAL,PTS,Points,1.85,1.43,0.39,3.84,1.52,8.08,Medium,,UNKNOWN,10000,2
2026-08-07,laeticia amihere,Laeticia Amihere,GSV,DAL,GSV @ DAL,PTS,Points,1.58,0.15,0.0,4.74,3.64,10.91,Medium,,UNKNOWN,10000,2
2026-08-07,juste jocyte,Juste Jocyte,GSV,DAL,GSV @ DAL,PTS,Points,0.51,0.51,0.3,0.73,0.17,8.02,Medium,,UNKNOWN,10000,2
2026-08-07,miela sowah,Miela Sowah,GSV,DAL,GSV @ DAL,PTS,Points,0.42,0.41,0.24,0.62,0.15,8.03,Medium,,UNKNOWN,10000,2
2026-08-07,veronica burton,Veronica Burton,GSV,DAL,GSV @ DAL,RA,Reb+Ast,9.06,8.73,4.99,13.57,3.37,28.38,Medium,,UNKNOWN,10000,2
2026-08-07,kiah stokes,Kiah Stokes,GSV,DAL,GSV @ DAL,RA,Reb+Ast,7.03,6.79,3.87,10.49,2.64,17.27,Medium,,UNKNOWN,10000,2
2026-08-07,janelle salaun,Janelle Salaun,GSV,DAL,GSV @ DAL,RA,Reb+Ast,6.33,5.96,3.2,9.94,2.71,23.55,Medium,,UNKNOWN,10000,2
2026-08-07,kaila charles,Kaila Charles,GSV,DAL,GSV @ DAL,RA,Reb+Ast,5.09,4.31,1.4,9.74,3.6,21.54,Medium,,UNKNOWN,10000,2
2026-08-07,tiffany hayes,Tiffany Hayes,GSV,DAL,GSV @ DAL,RA,Reb+Ast,4.94,4.68,2.05,8.09,2.38,16.74,Medium,,UNKNOWN,10000,2
2026-08-07,gabby williams,Gabby Williams,GSV,DAL,GSV @ DAL,RA,Reb+Ast,4.81,4.39,1.78,8.3,2.65,28.15,Low,,UNKNOWN,10000,1
2026-08-07,kaitlyn chen,Kaitlyn Chen,GSV,DAL,GSV @ DAL,RA,Reb+Ast,4.73,4.42,1.65,8.16,2.57,17.06,Low,,UNKNOWN,10000,1
2026-08-07,kayla thornton,Kayla Thornton,GSV,DAL,GSV @ DAL,RA,Reb+Ast,3.57,2.73,0.61,7.52,3.05,25.86,Medium,,UNKNOWN,10000,2
2026-08-07,cecilia zandalasini,Cecilia Zandalasini,GSV,DAL,GSV @ DAL,RA,Reb+Ast,3.1,2.93,1.45,4.92,1.37,20.29,Medium,,UNKNOWN,10000,2
2026-08-07,laeticia amihere,Laeticia Amihere,GSV,DAL,GSV @ DAL,RA,Reb+Ast,2.63,2.09,0.44,5.47,2.2,10.91,Medium,,UNKNOWN,10000,2
2026-08-07,ashten prechtel,Ashten Prechtel,GSV,DAL,GSV @ DAL,RA,Reb+Ast,1.33,0.19,0.0,3.23,3.17,11.05,Medium,,UNKNOWN,10000,2
2026-08-07,nadia fingall,Nadia Fingall,GSV,DAL,GSV @ DAL,RA,Reb+Ast,0.51,0.33,0.15,1.3,0.47,8.08,Medium,,UNKNOWN,10000,2
2026-08-07,juste jocyte,Juste Jocyte,GSV,DAL,GSV @ DAL,RA,Reb+Ast,0.32,0.15,0.03,1.09,0.44,8.02,Medium,,UNKNOWN,10000,2
2026-08-07,miela sowah,Miela Sowah,GSV,DAL,GSV @ DAL,RA,Reb+Ast,0.22,0.06,0.0,1.0,0.38,8.03,Medium,,UNKNOWN,10000,2
2026-08-07,kiah stokes,Kiah Stokes,GSV,DAL,GSV @ DAL,REB,Rebounds,5.51,5.28,3.17,8.14,2.01,17.27,Medium,,UNKNOWN,10000,2
2026-08-07,janelle salaun,Janelle Salaun,GSV,DAL,GSV @ DAL,REB,Rebounds,4.63,4.26,2.13,7.63,2.24,23.55,Medium,,UNKNOWN,10000,2
2026-08-07,kaila charles,Kaila Charles,GSV,DAL,GSV @ DAL,REB,Rebounds,3.94,3.13,0.88,7.93,3.15,21.54,Medium,,UNKNOWN,10000,2
2026-08-07,veronica burton,Veronica Burton,GSV,DAL,GSV @ DAL,REB,Rebounds,3.49,3.16,1.55,5.89,1.78,28.38,Medium,,UNKNOWN,10000,2
2026-08-07,kayla thornton,Kayla Thornton,GSV,DAL,GSV @ DAL,REB,Rebounds,3.19,2.33,0.48,7.05,2.95,25.86,Medium,,UNKNOWN,10000,2
2026-08-07,gabby williams,Gabby Williams,GSV,DAL,GSV @ DAL,REB,Rebounds,2.41,2.06,0.74,4.53,1.6,28.15,Low,,UNKNOWN,10000,1
2026-08-07,tiffany hayes,Tiffany Hayes,GSV,DAL,GSV @ DAL,REB,Rebounds,2.06,1.84,0.86,3.57,1.13,16.74,Medium,,UNKNOWN,10000,2
2026-08-07,laeticia amihere,Laeticia Amihere,GSV,DAL,GSV @ DAL,REB,Rebounds,1.92,1.42,0.31,4.13,1.78,10.91,Medium,,UNKNOWN,10000,2
2026-08-07,kaitlyn chen,Kaitlyn Chen,GSV,DAL,GSV @ DAL,REB,Rebounds,1.88,1.68,0.71,3.32,1.08,17.06,Low,,UNKNOWN,10000,1
2026-08-07,cecilia zandalasini,Cecilia Zandalasini,GSV,DAL,GSV @ DAL,REB,Rebounds,1.75,1.69,1.11,2.47,0.54,20.29,Medium,,UNKNOWN,10000,2
2026-08-07,ashten prechtel,Ashten Prechtel,GSV,DAL,GSV @ DAL,REB,Rebounds,1.07,0.05,0.0,2.85,3.08,11.05,Medium,,UNKNOWN,10000,2
2026-08-07,nadia fingall,Nadia Fingall,GSV,DAL,GSV @ DAL,REB,Rebounds,0.32,0.29,0.15,0.53,0.16,8.08,Medium,,UNKNOWN,10000,2
2026-08-07,juste jocyte,Juste Jocyte,GSV,DAL,GSV @ DAL,REB,Rebounds,0.17,0.12,0.03,0.36,0.16,8.02,Medium,,UNKNOWN,10000,2
2026-08-07,miela sowah,Miela Sowah,GSV,DAL,GSV @ DAL,REB,Rebounds,0.1,0.04,0.0,0.28,0.16,8.03,Medium,,UNKNOWN,10000,2
2026-08-07,kiah stokes,Kiah Stokes,GSV,DAL,GSV @ DAL,SB,Stl+Blk,2.79,2.0,0.0,6.0,2.29,17.27,Medium,,UNKNOWN,10000,2
2026-08-07,veronica burton,Veronica Burton,GSV,DAL,GSV @ DAL,SB,Stl+Blk,1.89,2.0,0.0,4.0,1.46,28.38,Medium,,UNKNOWN,10000,2
2026-08-07,gabby williams,Gabby Williams,GSV,DAL,GSV @ DAL,SB,Stl+Blk,1.54,1.0,0.0,3.0,1.29,28.15,Low,,UNKNOWN,10000,1
2026-08-07,janelle salaun,Janelle Salaun,GSV,DAL,GSV @ DAL,SB,Stl+Blk,1.24,1.0,0.0,3.0,1.14,23.55,Medium,,UNKNOWN,10000,2
2026-08-07,cecilia zandalasini,Cecilia Zandalasini,GSV,DAL,GSV @ DAL,SB,Stl+Blk,1.04,1.0,0.0,3.0,1.09,20.29,Medium,,UNKNOWN,10000,2
2026-08-07,kaila charles,Kaila Charles,GSV,DAL,GSV @ DAL,SB,Stl+Blk,1.0,1.0,0.0,3.0,1.15,21.54,Medium,,UNKNOWN,10000,2
2026-08-07,tiffany hayes,Tiffany Hayes,GSV,DAL,GSV @ DAL,SB,Stl+Blk,0.93,1.0,0.0,2.0,1.05,16.74,Medium,,UNKNOWN,10000,2
2026-08-07,kaitlyn chen,Kaitlyn Chen,GSV,DAL,GSV @ DAL,SB,Stl+Blk,0.85,1.0,0.0,2.0,0.97,17.06,Low,,UNKNOWN,10000,1
2026-08-07,kayla thornton,Kayla Thornton,GSV,DAL,GSV @ DAL,SB,Stl+Blk,0.69,0.0,0.0,2.0,0.86,25.86,Medium,,UNKNOWN,10000,2
2026-08-07,laeticia amihere,Laeticia Amihere,GSV,DAL,GSV @ DAL,SB,Stl+Blk,0.61,0.0,0.0,2.0,1.21,10.91,Medium,,UNKNOWN,10000,2
2026-08-07,ashten prechtel,Ashten Prechtel,GSV,DAL,GSV @ DAL,SB,Stl+Blk,0.25,0.0,0.0,1.0,0.55,11.05,Medium,,UNKNOWN,10000,2
2026-08-07,juste jocyte,Juste Jocyte,GSV,DAL,GSV @ DAL,SB,Stl+Blk,0.16,0.0,0.0,1.0,0.4,8.02,Medium,,UNKNOWN,10000,2
2026-08-07,miela sowah,Miela Sowah,GSV,DAL,GSV @ DAL,SB,Stl+Blk,0.16,0.0,0.0,1.0,0.41,8.03,Medium,,UNKNOWN,10000,2
2026-08-07,nadia fingall,Nadia Fingall,GSV,DAL,GSV @ DAL,SB,Stl+Blk,0.16,0.0,0.0,1.0,0.41,8.08,Medium,,UNKNOWN,10000,2
2026-08-07,veronica burton,Veronica Burton,GSV,DAL,GSV @ DAL,STL,Steals,1.51,1.0,0.0,3.0,1.28,28.38,Medium,,UNKNOWN,10000,2
2026-08-07,gabby williams,Gabby Williams,GSV,DAL,GSV @ DAL,STL,Steals,1.25,1.0,0.0,3.0,1.16,28.15,Low,,UNKNOWN,10000,1
2026-08-07,kiah stokes,Kiah Stokes,GSV,DAL,GSV @ DAL,STL,Steals,0.95,1.0,0.0,2.0,1.09,17.27,Medium,,UNKNOWN,10000,2
2026-08-07,janelle salaun,Janelle Salaun,GSV,DAL,GSV @ DAL,STL,Steals,0.91,1.0,0.0,2.0,0.97,23.55,Medium,,UNKNOWN,10000,2
2026-08-07,cecilia zandalasini,Cecilia Zandalasini,GSV,DAL,GSV @ DAL,STL,Steals,0.82,1.0,0.0,2.0,0.99,20.29,Medium,,UNKNOWN,10000,2
2026-08-07,kaila charles,Kaila Charles,GSV,DAL,GSV @ DAL,STL,Steals,0.71,0.0,0.0,2.0,1.0,21.54,Medium,,UNKNOWN,10000,2
2026-08-07,kaitlyn chen,Kaitlyn Chen,GSV,DAL,GSV @ DAL,STL,Steals,0.68,0.0,0.0,2.0,0.87,17.06,Low,,UNKNOWN,10000,1
2026-08-07,tiffany hayes,Tiffany Hayes,GSV,DAL,GSV @ DAL,STL,Steals,0.62,0.0,0.0,2.0,0.87,16.74,Medium,,UNKNOWN,10000,2
2026-08-07,kayla thornton,Kayla Thornton,GSV,DAL,GSV @ DAL,STL,Steals,0.43,0.0,0.0,1.0,0.68,25.86,Medium,,UNKNOWN,10000,2
2026-08-07,laeticia amihere,Laeticia Amihere,GSV,DAL,GSV @ DAL,STL,Steals,0.27,0.0,0.0,1.0,0.72,10.91,Medium,,UNKNOWN,10000,2
2026-08-07,ashten prechtel,Ashten Prechtel,GSV,DAL,GSV @ DAL,STL,Steals,0.11,0.0,0.0,1.0,0.34,11.05,Medium,,UNKNOWN,10000,2
2026-08-07,juste jocyte,Juste Jocyte,GSV,DAL,GSV @ DAL,STL,Steals,0.08,0.0,0.0,0.0,0.28,8.02,Medium,,UNKNOWN,10000,2
2026-08-07,miela sowah,Miela Sowah,GSV,DAL,GSV @ DAL,STL,Steals,0.08,0.0,0.0,0.0,0.29,8.03,Medium,,UNKNOWN,10000,2
2026-08-07,nadia fingall,Nadia Fingall,GSV,DAL,GSV @ DAL,STL,Steals,0.08,0.0,0.0,0.0,0.28,8.08,Medium,,UNKNOWN,10000,2
2026-08-07,alyssa thomas,Alyssa Thomas,PHX,CON,PHX @ CON,AST,Assists,8.21,8.0,4.0,13.0,3.97,32.82,Medium,,UNKNOWN,10000,2
2026-08-07,kelsey plum,Kelsey Plum,PHX,CON,PHX @ CON,AST,Assists,3.38,2.0,0.0,8.0,3.67,20.38,Low,,UNKNOWN,10000,1
2026-08-07,dewanna bonner,DeWanna Bonner,PHX,CON,PHX @ CON,AST,Assists,2.33,2.0,0.0,4.0,1.57,29.51,Medium,,UNKNOWN,10000,2
2026-08-07,kahleah copper,Kahleah Copper,PHX,CON,PHX @ CON,AST,Assists,2.06,2.0,0.0,4.0,1.55,28.23,Medium,,UNKNOWN,10000,2
2026-08-07,monique akoa makani,Monique Akoa Makani,PHX,CON,PHX @ CON,AST,Assists,1.58,1.0,0.0,3.0,1.36,19.61,Medium,,UNKNOWN,10000,2
2026-08-07,valeriane ayayi,Valeriane Ayayi,PHX,CON,PHX @ CON,AST,Assists,1.47,1.0,0.0,3.0,1.35,16.51,Low,,UNKNOWN,10000,1
2026-08-07,natasha mack,Natasha Mack,PHX,CON,PHX @ CON,AST,Assists,1.28,1.0,0.0,3.0,1.17,18.62,Medium,,UNKNOWN,10000,2
2026-08-07,sami whitcomb,Sami Whitcomb,PHX,CON,PHX @ CON,AST,Assists,1.27,1.0,0.0,3.0,1.27,11.41,Medium,,UNKNOWN,10000,2
2026-08-07,noemie brochant,Noemie Brochant,PHX,CON,PHX @ CON,AST,Assists,1.17,1.0,0.0,3.0,1.1,17.88,Medium,,UNKNOWN,10000,2
2026-08-07,lexi held,Lexi Held,PHX,CON,PHX @ CON,AST,Assists,0.6,0.0,0.0,2.0,1.74,11.36,Low,,UNKNOWN,10000,1
2026-08-07,kyara linskens,Kyara Linskens,PHX,CON,PHX @ CON,AST,Assists,0.59,0.0,0.0,2.0,0.79,8.06,Medium,,UNKNOWN,10000,2
2026-08-07,shay ciezki,Shay Ciezki,PHX,CON,PHX @ CON,AST,Assists,0.35,0.0,0.0,1.0,0.61,8.08,Medium,,UNKNOWN,10000,2
2026-08-07,quionche carter,Quionche Carter,PHX,CON,PHX @ CON,AST,Assists,0.33,0.0,0.0,1.0,0.69,8.37,Medium,,UNKNOWN,10000,2
2026-08-07,marta suarez,Marta Suarez,PHX,CON,PHX @ CON,AST,Assists,0.26,0.0,0.0,1.0,0.82,9.9,Medium,,UNKNOWN,10000,2
2026-08-07,natasha mack,Natasha Mack,PHX,CON,PHX @ CON,BLK,Blocks,0.89,1.0,0.0,2.0,0.96,18.62,Medium,,UNKNOWN,10000,2
2026-08-07,dewanna bonner,DeWanna Bonner,PHX,CON,PHX @ CON,BLK,Blocks,0.87,1.0,0.0,2.0,1.03,29.51,Medium,,UNKNOWN,10000,2
2026-08-07,kyara linskens,Kyara Linskens,PHX,CON,PHX @ CON,BLK,Blocks,0.68,0.0,0.0,2.0,0.84,8.06,Medium,,UNKNOWN,10000,2
2026-08-07,alyssa thomas,Alyssa Thomas,PHX,CON,PHX @ CON,BLK,Blocks,0.67,0.0,0.0,2.0,0.81,32.82,Medium,,UNKNOWN,10000,2
2026-08-07,kahleah copper,Kahleah Copper,PHX,CON,PHX @ CON,BLK,Blocks,0.28,0.0,0.0,1.0,0.54,28.23,Medium,,UNKNOWN,10000,2
2026-08-07,valeriane ayayi,Valeriane Ayayi,PHX,CON,PHX @ CON,BLK,Blocks,0.28,0.0,0.0,1.0,0.54,16.51,Low,,UNKNOWN,10000,1
2026-08-07,monique akoa makani,Monique Akoa Makani,PHX,CON,PHX @ CON,BLK,Blocks,0.23,0.0,0.0,1.0,0.69,19.61,Medium,,UNKNOWN,10000,2
2026-08-07,kelsey plum,Kelsey Plum,PHX,CON,PHX @ CON,BLK,Blocks,0.2,0.0,0.0,1.0,0.47,20.38,Low,,UNKNOWN,10000,1
2026-08-07,noemie brochant,Noemie Brochant,PHX,CON,PHX @ CON,BLK,Blocks,0.18,0.0,0.0,1.0,0.42,17.88,Medium,,UNKNOWN,10000,2
2026-08-07,sami whitcomb,Sami Whitcomb,PHX,CON,PHX @ CON,BLK,Blocks,0.15,0.0,0.0,1.0,0.38,11.41,Medium,,UNKNOWN,10000,2
2026-08-07,lexi held,Lexi Held,PHX,CON,PHX @ CON,BLK,Blocks,0.12,0.0,0.0,1.0,0.35,11.36,Low,,UNKNOWN,10000,1
2026-08-07,marta suarez,Marta Suarez,PHX,CON,PHX @ CON,BLK,Blocks,0.1,0.0,0.0,0.0,0.32,9.9,Medium,,UNKNOWN,10000,2
2026-08-07,quionche carter,Quionche Carter,PHX,CON,PHX @ CON,BLK,Blocks,0.09,0.0,0.0,0.0,0.31,8.37,Medium,,UNKNOWN,10000,2
2026-08-07,shay ciezki,Shay Ciezki,PHX,CON,PHX @ CON,BLK,Blocks,0.08,0.0,0.0,0.0,0.28,8.08,Medium,,UNKNOWN,10000,2
2026-08-07,kahleah copper,Kahleah Copper,PHX,CON,PHX @ CON,FG3M,3PM,1.72,1.0,0.0,4.0,1.5,28.23,Medium,,UNKNOWN,10000,2
2026-08-07,kelsey plum,Kelsey Plum,PHX,CON,PHX @ CON,FG3M,3PM,1.39,1.0,0.0,4.0,1.86,20.38,Low,,UNKNOWN,10000,1
2026-08-07,dewanna bonner,DeWanna Bonner,PHX,CON,PHX @ CON,FG3M,3PM,1.16,1.0,0.0,3.0,1.11,29.51,Medium,,UNKNOWN,10000,2
2026-08-07,monique akoa makani,Monique Akoa Makani,PHX,CON,PHX @ CON,FG3M,3PM,1.03,1.0,0.0,3.0,1.33,19.61,Medium,,UNKNOWN,10000,2
2026-08-07,valeriane ayayi,Valeriane Ayayi,PHX,CON,PHX @ CON,FG3M,3PM,0.84,1.0,0.0,2.0,1.03,16.51,Low,,UNKNOWN,10000,1
2026-08-07,noemie brochant,Noemie Brochant,PHX,CON,PHX @ CON,FG3M,3PM,0.78,1.0,0.0,2.0,0.89,17.88,Medium,,UNKNOWN,10000,2
2026-08-07,sami whitcomb,Sami Whitcomb,PHX,CON,PHX @ CON,FG3M,3PM,0.74,0.0,0.0,2.0,1.24,11.41,Medium,,UNKNOWN,10000,2
2026-08-07,shay ciezki,Shay Ciezki,PHX,CON,PHX @ CON,FG3M,3PM,0.49,0.0,0.0,1.0,0.73,8.08,Medium,,UNKNOWN,10000,2
2026-08-07,lexi held,Lexi Held,PHX,CON,PHX @ CON,FG3M,3PM,0.38,0.0,0.0,0.0,1.93,11.36,Low,,UNKNOWN,10000,1
2026-08-07,marta suarez,Marta Suarez,PHX,CON,PHX @ CON,FG3M,3PM,0.33,0.0,0.0,1.0,0.85,9.9,Medium,,UNKNOWN,10000,2
2026-08-07,alyssa thomas,Alyssa Thomas,PHX,CON,PHX @ CON,FG3M,3PM,0.32,0.0,0.0,1.0,0.57,32.82,Medium,,UNKNOWN,10000,2
2026-08-07,natasha mack,Natasha Mack,PHX,CON,PHX @ CON,FG3M,3PM,0.19,0.0,0.0,1.0,0.44,18.62,Medium,,UNKNOWN,10000,2
2026-08-07,kyara linskens,Kyara Linskens,PHX,CON,PHX @ CON,FG3M,3PM,0.15,0.0,0.0,1.0,0.4,8.06,Medium,,UNKNOWN,10000,2
2026-08-07,quionche carter,Quionche Carter,PHX,CON,PHX @ CON,FG3M,3PM,0.08,0.0,0.0,0.0,0.3,8.37,Medium,,UNKNOWN,10000,2
2026-08-07,alyssa thomas,Alyssa Thomas,PHX,CON,PHX @ CON,PA,Pts+Ast,22.24,21.41,13.92,31.48,6.99,32.82,Medium,,UNKNOWN,10000,2
2026-08-07,kahleah copper,Kahleah Copper,PHX,CON,PHX @ CON,PA,Pts+Ast,18.93,18.06,10.36,28.75,7.37,28.23,Medium,,UNKNOWN,10000,2
2026-08-07,kelsey plum,Kelsey Plum,PHX,CON,PHX @ CON,PA,Pts+Ast,14.98,9.28,1.51,35.65,17.16,20.38,Low,,UNKNOWN,10000,1
2026-08-07,dewanna bonner,DeWanna Bonner,PHX,CON,PHX @ CON,PA,Pts+Ast,14.48,13.23,6.77,23.78,6.95,29.51,Medium,,UNKNOWN,10000,2
2026-08-07,monique akoa makani,Monique Akoa Makani,PHX,CON,PHX @ CON,PA,Pts+Ast,10.98,8.11,2.24,23.36,9.79,19.61,Medium,,UNKNOWN,10000,2
2026-08-07,natasha mack,Natasha Mack,PHX,CON,PHX @ CON,PA,Pts+Ast,9.01,8.56,5.22,13.37,3.27,18.62,Medium,,UNKNOWN,10000,2
2026-08-07,valeriane ayayi,Valeriane Ayayi,PHX,CON,PHX @ CON,PA,Pts+Ast,7.02,6.33,2.52,12.33,4.06,16.51,Low,,UNKNOWN,10000,1
2026-08-07,lexi held,Lexi Held,PHX,CON,PHX @ CON,PA,Pts+Ast,6.19,0.02,0.0,14.8,21.38,11.36,Low,,UNKNOWN,10000,1
2026-08-07,shay ciezki,Shay Ciezki,PHX,CON,PHX @ CON,PA,Pts+Ast,5.28,3.8,0.7,11.64,5.18,8.08,Medium,,UNKNOWN,10000,2
2026-08-07,marta suarez,Marta Suarez,PHX,CON,PHX @ CON,PA,Pts+Ast,5.14,3.59,0.6,11.38,5.18,9.9,Medium,,UNKNOWN,10000,2
2026-08-07,noemie brochant,Noemie Brochant,PHX,CON,PHX @ CON,PA,Pts+Ast,4.94,4.57,2.15,8.23,2.46,17.88,Medium,,UNKNOWN,10000,2
2026-08-07,sami whitcomb,Sami Whitcomb,PHX,CON,PHX @ CON,PA,Pts+Ast,4.12,3.46,1.13,7.91,2.95,11.41,Medium,,UNKNOWN,10000,2
2026-08-07,quionche carter,Quionche Carter,PHX,CON,PHX @ CON,PA,Pts+Ast,2.46,1.84,0.34,5.44,2.26,8.37,Medium,,UNKNOWN,10000,2
2026-08-07,kyara linskens,Kyara Linskens,PHX,CON,PHX @ CON,PA,Pts+Ast,1.79,1.64,0.82,2.98,0.88,8.06,Medium,,UNKNOWN,10000,2
2026-08-07,alyssa thomas,Alyssa Thomas,PHX,CON,PHX @ CON,PR,Pts+Reb,21.59,20.96,14.22,29.75,6.26,32.82,Medium,,UNKNOWN,10000,2
2026-08-07,kahleah copper,Kahleah Copper,PHX,CON,PHX @ CON,PR,Pts+Reb,20.58,19.75,11.84,30.58,7.51,28.23,Medium,,UNKNOWN,10000,2
2026-08-07,dewanna bonner,DeWanna Bonner,PHX,CON,PHX @ CON,PR,Pts+Reb,18.28,17.22,10.68,27.38,6.84,29.51,Medium,,UNKNOWN,10000,2
2026-08-07,kelsey plum,Kelsey Plum,PHX,CON,PHX @ CON,PR,Pts+Reb,15.1,8.34,1.49,37.45,18.78,20.38,Low,,UNKNOWN,10000,1
2026-08-07,natasha mack,Natasha Mack,PHX,CON,PHX @ CON,PR,Pts+Reb,12.92,12.47,8.55,17.88,3.73,18.62,Medium,,UNKNOWN,10000,2
2026-08-07,monique akoa makani,Monique Akoa Makani,PHX,CON,PHX @ CON,PR,Pts+Reb,11.61,8.56,2.26,24.84,10.52,19.61,Medium,,UNKNOWN,10000,2
2026-08-07,valeriane ayayi,Valeriane Ayayi,PHX,CON,PHX @ CON,PR,Pts+Reb,8.74,7.94,3.34,15.24,4.83,16.51,Low,,UNKNOWN,10000,1
2026-08-07,noemie brochant,Noemie Brochant,PHX,CON,PHX @ CON,PR,Pts+Reb,6.12,5.66,2.95,9.83,2.8,17.88,Medium,,UNKNOWN,10000,2
2026-08-07,shay ciezki,Shay Ciezki,PHX,CON,PHX @ CON,PR,Pts+Reb,5.83,4.39,1.29,12.16,5.13,8.08,Medium,,UNKNOWN,10000,2
2026-08-07,lexi held,Lexi Held,PHX,CON,PHX @ CON,PR,Pts+Reb,5.79,0.12,0.0,12.99,21.42,11.36,Low,,UNKNOWN,10000,1
2026-08-07,marta suarez,Marta Suarez,PHX,CON,PHX @ CON,PR,Pts+Reb,5.65,4.37,1.46,11.25,4.6,9.9,Medium,,UNKNOWN,10000,2
2026-08-07,sami whitcomb,Sami Whitcomb,PHX,CON,PHX @ CON,PR,Pts+Reb,4.78,4.05,1.55,8.92,3.21,11.41,Medium,,UNKNOWN,10000,2
2026-08-07,quionche carter,Quionche Carter,PHX,CON,PHX @ CON,PR,Pts+Reb,4.09,3.48,1.17,7.79,2.83,8.37,Medium,,UNKNOWN,10000,2
2026-08-07,kyara linskens,Kyara Linskens,PHX,CON,PHX @ CON,PR,Pts+Reb,1.99,1.89,1.07,3.04,0.79,8.06,Medium,,UNKNOWN,10000,2
2026-08-07,alyssa thomas,Alyssa Thomas,PHX,CON,PHX @ CON,PRA,Pts+Reb+Ast,29.74,29.01,20.61,39.7,7.57,32.82,Medium,,UNKNOWN,10000,2
2026-08-07,kahleah copper,Kahleah Copper,PHX,CON,PHX @ CON,PRA,Pts+Reb+Ast,22.41,21.64,13.14,32.93,7.9,28.23,Medium,,UNKNOWN,10000,2
2026-08-07,dewanna bonner,DeWanna Bonner,PHX,CON,PHX @ CON,PRA,Pts+Reb+Ast,21.09,19.96,12.77,30.86,7.35,29.51,Medium,,UNKNOWN,10000,2
2026-08-07,kelsey plum,Kelsey Plum,PHX,CON,PHX @ CON,PRA,Pts+Reb+Ast,17.47,11.66,2.54,39.88,18.42,20.38,Low,,UNKNOWN,10000,1
2026-08-07,natasha mack,Natasha Mack,PHX,CON,PHX @ CON,PRA,Pts+Reb+Ast,14.22,13.77,9.36,19.53,4.08,18.62,Medium,,UNKNOWN,10000,2
2026-08-07,monique akoa makani,Monique Akoa Makani,PHX,CON,PHX @ CON,PRA,Pts+Reb+Ast,13.23,10.4,3.54,26.48,10.42,19.61,Medium,,UNKNOWN,10000,2
2026-08-07,valeriane ayayi,Valeriane Ayayi,PHX,CON,PHX @ CON,PRA,Pts+Reb+Ast,9.73,8.94,3.8,16.67,5.17,16.51,Low,,UNKNOWN,10000,1
2026-08-07,lexi held,Lexi Held,PHX,CON,PHX @ CON,PRA,Pts+Reb+Ast,7.58,0.66,0.0,18.59,22.29,11.36,Low,,UNKNOWN,10000,1
2026-08-07,noemie brochant,Noemie Brochant,PHX,CON,PHX @ CON,PRA,Pts+Reb+Ast,6.77,6.36,3.47,10.51,2.85,17.88,Medium,,UNKNOWN,10000,2
2026-08-07,marta suarez,Marta Suarez,PHX,CON,PHX @ CON,PRA,Pts+Reb+Ast,6.75,5.34,1.73,13.39,5.38,9.9,Medium,,UNKNOWN,10000,2
2026-08-07,shay ciezki,Shay Ciezki,PHX,CON,PHX @ CON,PRA,Pts+Reb+Ast,6.52,5.11,1.49,13.28,5.45,8.08,Medium,,UNKNOWN,10000,2
2026-08-07,sami whitcomb,Sami Whitcomb,PHX,CON,PHX @ CON,PRA,Pts+Reb+Ast,5.75,5.06,2.13,10.21,3.43,11.41,Medium,,UNKNOWN,10000,2
2026-08-07,quionche carter,Quionche Carter,PHX,CON,PHX @ CON,PRA,Pts+Reb+Ast,3.98,3.31,1.02,7.75,2.85,8.37,Medium,,UNKNOWN,10000,2
2026-08-07,kyara linskens,Kyara Linskens,PHX,CON,PHX @ CON,PRA,Pts+Reb+Ast,2.82,2.68,1.41,4.46,1.21,8.06,Medium,,UNKNOWN,10000,2
2026-08-07,kahleah copper,Kahleah Copper,PHX,CON,PHX @ CON,PTS,Points,18.88,17.86,10.04,29.29,7.73,28.23,Medium,,UNKNOWN,10000,2
2026-08-07,alyssa thomas,Alyssa Thomas,PHX,CON,PHX @ CON,PTS,Points,16.5,15.61,8.99,25.21,6.53,32.82,Medium,,UNKNOWN,10000,2
2026-08-07,dewanna bonner,DeWanna Bonner,PHX,CON,PHX @ CON,PTS,Points,13.07,11.76,5.19,22.53,7.19,29.51,Medium,,UNKNOWN,10000,2
2026-08-07,kelsey plum,Kelsey Plum,PHX,CON,PHX @ CON,PTS,Points,11.53,5.46,0.35,30.78,16.1,20.38,Low,,UNKNOWN,10000,1
2026-08-07,valeriane ayayi,Valeriane Ayayi,PHX,CON,PHX @ CON,PTS,Points,8.01,6.99,2.72,14.48,4.96,16.51,Low,,UNKNOWN,10000,1
2026-08-07,natasha mack,Natasha Mack,PHX,CON,PHX @ CON,PTS,Points,7.51,7.11,4.24,11.32,2.84,18.62,Medium,,UNKNOWN,10000,2
2026-08-07,monique akoa makani,Monique Akoa Makani,PHX,CON,PHX @ CON,PTS,Points,6.24,4.12,0.62,14.67,6.65,19.61,Medium,,UNKNOWN,10000,2
2026-08-07,sami whitcomb,Sami Whitcomb,PHX,CON,PHX @ CON,PTS,Points,4.28,3.24,0.8,9.05,3.74,11.41,Medium,,UNKNOWN,10000,2
2026-08-07,noemie brochant,Noemie Brochant,PHX,CON,PHX @ CON,PTS,Points,4.24,3.78,1.64,7.43,2.39,17.88,Medium,,UNKNOWN,10000,2
2026-08-07,marta suarez,Marta Suarez,PHX,CON,PHX @ CON,PTS,Points,3.5,2.3,0.39,7.98,3.7,9.9,Medium,,UNKNOWN,10000,2
2026-08-07,shay ciezki,Shay Ciezki,PHX,CON,PHX @ CON,PTS,Points,1.78,1.19,0.21,4.08,1.89,8.08,Medium,,UNKNOWN,10000,2
2026-08-07,lexi held,Lexi Held,PHX,CON,PHX @ CON,PTS,Points,1.47,0.0,0.0,2.17,6.84,11.36,Low,,UNKNOWN,10000,1
2026-08-07,kyara linskens,Kyara Linskens,PHX,CON,PHX @ CON,PTS,Points,1.38,1.36,0.8,1.97,0.46,8.06,Medium,,UNKNOWN,10000,2
2026-08-07,quionche carter,Quionche Carter,PHX,CON,PHX @ CON,PTS,Points,0.84,0.63,0.14,1.83,0.76,8.37,Medium,,UNKNOWN,10000,2
2026-08-07,alyssa thomas,Alyssa Thomas,PHX,CON,PHX @ CON,RA,Reb+Ast,16.42,15.92,10.65,22.81,4.86,32.82,Medium,,UNKNOWN,10000,2
2026-08-07,dewanna bonner,DeWanna Bonner,PHX,CON,PHX @ CON,RA,Reb+Ast,9.53,9.31,6.4,12.97,2.59,29.51,Medium,,UNKNOWN,10000,2
2026-08-07,kahleah copper,Kahleah Copper,PHX,CON,PHX @ CON,RA,Reb+Ast,5.94,5.78,3.4,8.65,2.08,28.23,Medium,,UNKNOWN,10000,2
2026-08-07,natasha mack,Natasha Mack,PHX,CON,PHX @ CON,RA,Reb+Ast,5.67,5.53,3.62,7.95,1.69,18.62,Medium,,UNKNOWN,10000,2
2026-08-07,kelsey plum,Kelsey Plum,PHX,CON,PHX @ CON,RA,Reb+Ast,4.97,3.9,0.66,10.57,4.23,20.38,Low,,UNKNOWN,10000,1
2026-08-07,valeriane ayayi,Valeriane Ayayi,PHX,CON,PHX @ CON,RA,Reb+Ast,4.94,4.32,1.43,9.28,3.29,16.51,Low,,UNKNOWN,10000,1
2026-08-07,monique akoa makani,Monique Akoa Makani,PHX,CON,PHX @ CON,RA,Reb+Ast,3.25,2.78,0.69,6.32,2.42,19.61,Medium,,UNKNOWN,10000,2
2026-08-07,sami whitcomb,Sami Whitcomb,PHX,CON,PHX @ CON,RA,Reb+Ast,3.16,2.74,0.87,5.97,2.09,11.41,Medium,,UNKNOWN,10000,2
2026-08-07,noemie brochant,Noemie Brochant,PHX,CON,PHX @ CON,RA,Reb+Ast,3.05,2.79,1.09,5.32,1.71,17.88,Medium,,UNKNOWN,10000,2
2026-08-07,kyara linskens,Kyara Linskens,PHX,CON,PHX @ CON,RA,Reb+Ast,1.94,1.74,0.66,3.49,1.15,8.06,Medium,,UNKNOWN,10000,2
2026-08-07,marta suarez,Marta Suarez,PHX,CON,PHX @ CON,RA,Reb+Ast,1.52,1.14,0.27,3.29,1.36,9.9,Medium,,UNKNOWN,10000,2
2026-08-07,quionche carter,Quionche Carter,PHX,CON,PHX @ CON,RA,Reb+Ast,1.14,0.87,0.26,2.39,0.94,8.37,Medium,,UNKNOWN,10000,2
2026-08-07,shay ciezki,Shay Ciezki,PHX,CON,PHX @ CON,RA,Reb+Ast,1.07,0.83,0.17,2.32,0.9,8.08,Medium,,UNKNOWN,10000,2
2026-08-07,lexi held,Lexi Held,PHX,CON,PHX @ CON,RA,Reb+Ast,1.06,0.01,0.0,3.0,2.63,11.36,Low,,UNKNOWN,10000,1
2026-08-07,alyssa thomas,Alyssa Thomas,PHX,CON,PHX @ CON,REB,Rebounds,8.21,7.94,5.25,11.56,2.48,32.82,Medium,,UNKNOWN,10000,2
2026-08-07,dewanna bonner,DeWanna Bonner,PHX,CON,PHX @ CON,REB,Rebounds,7.2,6.97,4.96,9.71,1.9,29.51,Medium,,UNKNOWN,10000,2
2026-08-07,natasha mack,Natasha Mack,PHX,CON,PHX @ CON,REB,Rebounds,4.39,4.32,3.13,5.75,1.04,18.62,Medium,,UNKNOWN,10000,2
2026-08-07,kahleah copper,Kahleah Copper,PHX,CON,PHX @ CON,REB,Rebounds,3.88,3.86,2.58,5.19,1.01,28.23,Medium,,UNKNOWN,10000,2
2026-08-07,valeriane ayayi,Valeriane Ayayi,PHX,CON,PHX @ CON,REB,Rebounds,3.47,2.78,0.82,7.0,2.71,16.51,Low,,UNKNOWN,10000,1
2026-08-07,sami whitcomb,Sami Whitcomb,PHX,CON,PHX @ CON,REB,Rebounds,1.89,1.48,0.42,3.89,1.52,11.41,Medium,,UNKNOWN,10000,2
2026-08-07,noemie brochant,Noemie Brochant,PHX,CON,PHX @ CON,REB,Rebounds,1.88,1.6,0.57,3.56,1.25,17.88,Medium,,UNKNOWN,10000,2
2026-08-07,monique akoa makani,Monique Akoa Makani,PHX,CON,PHX @ CON,REB,Rebounds,1.67,1.05,0.13,4.0,1.87,19.61,Medium,,UNKNOWN,10000,2
2026-08-07,kelsey plum,Kelsey Plum,PHX,CON,PHX @ CON,REB,Rebounds,1.59,1.25,0.3,3.33,1.32,20.38,Low,,UNKNOWN,10000,1
2026-08-07,kyara linskens,Kyara Linskens,PHX,CON,PHX @ CON,REB,Rebounds,1.35,1.21,0.55,2.33,0.74,8.06,Medium,,UNKNOWN,10000,2
2026-08-07,marta suarez,Marta Suarez,PHX,CON,PHX @ CON,REB,Rebounds,1.26,0.96,0.24,2.63,1.06,9.9,Medium,,UNKNOWN,10000,2
2026-08-07,quionche carter,Quionche Carter,PHX,CON,PHX @ CON,REB,Rebounds,0.81,0.71,0.24,1.49,0.53,8.37,Medium,,UNKNOWN,10000,2
2026-08-07,shay ciezki,Shay Ciezki,PHX,CON,PHX @ CON,REB,Rebounds,0.72,0.56,0.14,1.49,0.6,8.08,Medium,,UNKNOWN,10000,2
2026-08-07,lexi held,Lexi Held,PHX,CON,PHX @ CON,REB,Rebounds,0.46,0.0,0.0,0.93,1.91,11.36,Low,,UNKNOWN,10000,1
2026-08-07,alyssa thomas,Alyssa Thomas,PHX,CON,PHX @ CON,SB,Stl+Blk,2.15,2.0,0.0,4.0,1.6,32.82,Medium,,UNKNOWN,10000,2
2026-08-07,dewanna bonner,DeWanna Bonner,PHX,CON,PHX @ CON,SB,Stl+Blk,2.06,2.0,0.0,4.0,1.53,29.51,Medium,,UNKNOWN,10000,2
2026-08-07,natasha mack,Natasha Mack,PHX,CON,PHX @ CON,SB,Stl+Blk,1.49,1.0,0.0,3.0,1.25,18.62,Medium,,UNKNOWN,10000,2
2026-08-07,kahleah copper,Kahleah Copper,PHX,CON,PHX @ CON,SB,Stl+Blk,1.15,1.0,0.0,3.0,1.12,28.23,Medium,,UNKNOWN,10000,2
2026-08-07,kyara linskens,Kyara Linskens,PHX,CON,PHX @ CON,SB,Stl+Blk,1.05,1.0,0.0,3.0,1.14,8.06,Medium,,UNKNOWN,10000,2
2026-08-07,valeriane ayayi,Valeriane Ayayi,PHX,CON,PHX @ CON,SB,Stl+Blk,0.88,1.0,0.0,2.0,1.0,16.51,Low,,UNKNOWN,10000,1
2026-08-07,monique akoa makani,Monique Akoa Makani,PHX,CON,PHX @ CON,SB,Stl+Blk,0.82,0.0,0.0,2.0,1.09,19.61,Medium,,UNKNOWN,10000,2
2026-08-07,noemie brochant,Noemie Brochant,PHX,CON,PHX @ CON,SB,Stl+Blk,0.81,0.0,0.0,2.0,1.11,17.88,Medium,,UNKNOWN,10000,2
2026-08-07,sami whitcomb,Sami Whitcomb,PHX,CON,PHX @ CON,SB,Stl+Blk,0.65,0.0,0.0,2.0,0.9,11.41,Medium,,UNKNOWN,10000,2
2026-08-07,kelsey plum,Kelsey Plum,PHX,CON,PHX @ CON,SB,Stl+Blk,0.61,0.0,0.0,2.0,0.85,20.38,Low,,UNKNOWN,10000,1
2026-08-07,marta suarez,Marta Suarez,PHX,CON,PHX @ CON,SB,Stl+Blk,0.42,0.0,0.0,1.0,0.91,9.9,Medium,,UNKNOWN,10000,2
2026-08-07,quionche carter,Quionche Carter,PHX,CON,PHX @ CON,SB,Stl+Blk,0.34,0.0,0.0,1.0,0.62,8.37,Medium,,UNKNOWN,10000,2
2026-08-07,lexi held,Lexi Held,PHX,CON,PHX @ CON,SB,Stl+Blk,0.23,0.0,0.0,1.0,0.64,11.36,Low,,UNKNOWN,10000,1
2026-08-07,shay ciezki,Shay Ciezki,PHX,CON,PHX @ CON,SB,Stl+Blk,0.2,0.0,0.0,1.0,0.45,8.08,Medium,,UNKNOWN,10000,2
2026-08-07,alyssa thomas,Alyssa Thomas,PHX,CON,PHX @ CON,STL,Steals,1.48,1.0,0.0,3.0,1.37,32.82,Medium,,UNKNOWN,10000,2
2026-08-07,dewanna bonner,DeWanna Bonner,PHX,CON,PHX @ CON,STL,Steals,1.19,1.0,0.0,3.0,1.11,29.51,Medium,,UNKNOWN,10000,2
2026-08-07,kahleah copper,Kahleah Copper,PHX,CON,PHX @ CON,STL,Steals,0.87,1.0,0.0,2.0,0.96,28.23,Medium,,UNKNOWN,10000,2
2026-08-07,noemie brochant,Noemie Brochant,PHX,CON,PHX @ CON,STL,Steals,0.63,0.0,0.0,2.0,1.02,17.88,Medium,,UNKNOWN,10000,2
2026-08-07,natasha mack,Natasha Mack,PHX,CON,PHX @ CON,STL,Steals,0.6,0.0,0.0,2.0,0.78,18.62,Medium,,UNKNOWN,10000,2
2026-08-07,valeriane ayayi,Valeriane Ayayi,PHX,CON,PHX @ CON,STL,Steals,0.6,0.0,0.0,2.0,0.81,16.51,Low,,UNKNOWN,10000,1
2026-08-07,monique akoa makani,Monique Akoa Makani,PHX,CON,PHX @ CON,STL,Steals,0.58,0.0,0.0,2.0,0.83,19.61,Medium,,UNKNOWN,10000,2
2026-08-07,sami whitcomb,Sami Whitcomb,PHX,CON,PHX @ CON,STL,Steals,0.5,0.0,0.0,2.0,0.8,11.41,Medium,,UNKNOWN,10000,2
2026-08-07,kelsey plum,Kelsey Plum,PHX,CON,PHX @ CON,STL,Steals,0.41,0.0,0.0,1.0,0.67,20.38,Low,,UNKNOWN,10000,1
2026-08-07,kyara linskens,Kyara Linskens,PHX,CON,PHX @ CON,STL,Steals,0.37,0.0,0.0,1.0,0.73,8.06,Medium,,UNKNOWN,10000,2
2026-08-07,marta suarez,Marta Suarez,PHX,CON,PHX @ CON,STL,Steals,0.32,0.0,0.0,1.0,0.85,9.9,Medium,,UNKNOWN,10000,2
2026-08-07,quionche carter,Quionche Carter,PHX,CON,PHX @ CON,STL,Steals,0.25,0.0,0.0,1.0,0.52,8.37,Medium,,UNKNOWN,10000,2
2026-08-07,lexi held,Lexi Held,PHX,CON,PHX @ CON,STL,Steals,0.12,0.0,0.0,0.0,0.53,11.36,Low,,UNKNOWN,10000,1
2026-08-07,shay ciezki,Shay Ciezki,PHX,CON,PHX @ CON,STL,Steals,0.12,0.0,0.0,1.0,0.35,8.08,Medium,,UNKNOWN,10000,2
2026-08-07,sonia citron,Sonia Citron,WAS,ATL,WAS vs ATL,AST,Assists,4.06,4.0,1.0,7.0,2.29,27.14,Low,,UNKNOWN,10000,1
2026-08-07,georgia amoore,Georgia Amoore,WAS,ATL,WAS vs ATL,AST,Assists,2.78,2.0,0.0,6.0,2.51,22.79,Medium,,UNKNOWN,10000,2
2026-08-07,michaela onyenwere,Michaela Onyenwere,WAS,ATL,WAS vs ATL,AST,Assists,2.58,2.0,0.0,5.0,1.8,25.34,Medium,,UNKNOWN,10000,2
2026-08-07,shakira austin,Shakira Austin,WAS,ATL,WAS vs ATL,AST,Assists,2.54,2.0,0.0,5.0,1.89,28.51,Medium,,UNKNOWN,10000,2
2026-08-07,cotie mcmahon,Cotie McMahon,WAS,ATL,WAS vs ATL,AST,Assists,2.36,2.0,0.0,5.0,1.77,20.68,Medium,,UNKNOWN,10000,2
2026-08-07,kiki iriafen,Kiki Iriafen,WAS,ATL,WAS vs ATL,AST,Assists,1.54,1.0,0.0,3.0,1.42,25.59,Medium,,UNKNOWN,10000,2
2026-08-07,alicia florez,Alicia Florez,WAS,ATL,WAS vs ATL,AST,Assists,1.26,0.0,0.0,4.0,2.66,11.88,Low,,UNKNOWN,10000,1
2026-08-07,lauren betts,Lauren Betts,WAS,ATL,WAS vs ATL,AST,Assists,1.18,1.0,0.0,3.0,1.14,16.36,Medium,,UNKNOWN,10000,2
2026-08-07,lucy olsen,Lucy Olsen,WAS,ATL,WAS vs ATL,AST,Assists,0.5,0.0,0.0,2.0,1.41,8.92,Medium,,UNKNOWN,10000,2
2026-08-07,angela dugalic,Angela Dugalic,WAS,ATL,WAS vs ATL,AST,Assists,0.42,0.0,0.0,1.0,0.74,8.09,Medium,,UNKNOWN,10000,2
2026-08-07,cassandre prosper,Cassandre Prosper,WAS,ATL,WAS vs ATL,AST,Assists,0.3,0.0,0.0,1.0,0.58,8.52,Medium,,UNKNOWN,10000,2
2026-08-07,rori harmon,Rori Harmon,WAS,ATL,WAS vs ATL,AST,Assists,0.23,0.0,0.0,1.0,0.48,8.04,Medium,,UNKNOWN,10000,2
2026-08-07,darianna littlepage-buggs,Darianna Littlepage-Buggs,WAS,ATL,WAS vs ATL,AST,Assists,0.08,0.0,0.0,0.0,0.28,8.02,High,,UNKNOWN,10000,3
2026-08-07,shakira austin,Shakira Austin,WAS,ATL,WAS vs ATL,BLK,Blocks,1.46,1.0,0.0,3.0,1.33,28.51,Medium,,UNKNOWN,10000,2
2026-08-07,sonia citron,Sonia Citron,WAS,ATL,WAS vs ATL,BLK,Blocks,0.76,1.0,0.0,2.0,0.89,27.14,Low,,UNKNOWN,10000,1
2026-08-07,lauren betts,Lauren Betts,WAS,ATL,WAS vs ATL,BLK,Blocks,0.73,0.0,0.0,2.0,1.19,16.36,Medium,,UNKNOWN,10000,2
2026-08-07,kiki iriafen,Kiki Iriafen,WAS,ATL,WAS vs ATL,BLK,Blocks,0.48,0.0,0.0,1.0,0.71,25.59,Medium,,UNKNOWN,10000,2
2026-08-07,cotie mcmahon,Cotie McMahon,WAS,ATL,WAS vs ATL,BLK,Blocks,0.35,0.0,0.0,1.0,0.64,20.68,Medium,,UNKNOWN,10000,2
2026-08-07,michaela onyenwere,Michaela Onyenwere,WAS,ATL,WAS vs ATL,BLK,Blocks,0.29,0.0,0.0,1.0,0.53,25.34,Medium,,UNKNOWN,10000,2
2026-08-07,georgia amoore,Georgia Amoore,WAS,ATL,WAS vs ATL,BLK,Blocks,0.23,0.0,0.0,1.0,0.49,22.79,Medium,,UNKNOWN,10000,2
2026-08-07,angela dugalic,Angela Dugalic,WAS,ATL,WAS vs ATL,BLK,Blocks,0.2,0.0,0.0,1.0,0.45,8.09,Medium,,UNKNOWN,10000,2
2026-08-07,alicia florez,Alicia Florez,WAS,ATL,WAS vs ATL,BLK,Blocks,0.12,0.0,0.0,1.0,0.36,11.88,Low,,UNKNOWN,10000,1
2026-08-07,cassandre prosper,Cassandre Prosper,WAS,ATL,WAS vs ATL,BLK,Blocks,0.09,0.0,0.0,0.0,0.3,8.52,Medium,,UNKNOWN,10000,2
2026-08-07,lucy olsen,Lucy Olsen,WAS,ATL,WAS vs ATL,BLK,Blocks,0.09,0.0,0.0,0.0,0.3,8.92,Medium,,UNKNOWN,10000,2
2026-08-07,darianna littlepage-buggs,Darianna Littlepage-Buggs,WAS,ATL,WAS vs ATL,BLK,Blocks,0.08,0.0,0.0,0.0,0.28,8.02,High,,UNKNOWN,10000,3
2026-08-07,rori harmon,Rori Harmon,WAS,ATL,WAS vs ATL,BLK,Blocks,0.08,0.0,0.0,0.0,0.28,8.04,Medium,,UNKNOWN,10000,2
2026-08-07,michaela onyenwere,Michaela Onyenwere,WAS,ATL,WAS vs ATL,FG3M,3PM,1.65,1.0,0.0,4.0,1.9,25.34,Medium,,UNKNOWN,10000,2
2026-08-07,sonia citron,Sonia Citron,WAS,ATL,WAS vs ATL,FG3M,3PM,1.21,1.0,0.0,3.0,1.16,27.14,Low,,UNKNOWN,10000,1
2026-08-07,georgia amoore,Georgia Amoore,WAS,ATL,WAS vs ATL,FG3M,3PM,1.12,1.0,0.0,3.0,1.11,22.79,Medium,,UNKNOWN,10000,2
2026-08-07,cotie mcmahon,Cotie McMahon,WAS,ATL,WAS vs ATL,FG3M,3PM,0.8,1.0,0.0,2.0,0.95,20.68,Medium,,UNKNOWN,10000,2
2026-08-07,shakira austin,Shakira Austin,WAS,ATL,WAS vs ATL,FG3M,3PM,0.66,0.0,0.0,2.0,0.86,28.51,Medium,,UNKNOWN,10000,2
2026-08-07,kiki iriafen,Kiki Iriafen,WAS,ATL,WAS vs ATL,FG3M,3PM,0.41,0.0,0.0,1.0,0.65,25.59,Medium,,UNKNOWN,10000,2
2026-08-07,lucy olsen,Lucy Olsen,WAS,ATL,WAS vs ATL,FG3M,3PM,0.38,0.0,0.0,1.0,0.65,8.92,Medium,,UNKNOWN,10000,2
2026-08-07,cassandre prosper,Cassandre Prosper,WAS,ATL,WAS vs ATL,FG3M,3PM,0.25,0.0,0.0,1.0,0.51,8.52,Medium,,UNKNOWN,10000,2
2026-08-07,lauren betts,Lauren Betts,WAS,ATL,WAS vs ATL,FG3M,3PM,0.17,0.0,0.0,1.0,0.41,16.36,Medium,,UNKNOWN,10000,2
2026-08-07,alicia florez,Alicia Florez,WAS,ATL,WAS vs ATL,FG3M,3PM,0.13,0.0,0.0,0.0,0.83,11.88,Low,,UNKNOWN,10000,1
2026-08-07,darianna littlepage-buggs,Darianna Littlepage-Buggs,WAS,ATL,WAS vs ATL,FG3M,3PM,0.1,0.0,0.0,0.0,0.31,8.02,High,,UNKNOWN,10000,3
2026-08-07,angela dugalic,Angela Dugalic,WAS,ATL,WAS vs ATL,FG3M,3PM,0.08,0.0,0.0,0.0,0.29,8.09,Medium,,UNKNOWN,10000,2
2026-08-07,rori harmon,Rori Harmon,WAS,ATL,WAS vs ATL,FG3M,3PM,0.08,0.0,0.0,0.0,0.29,8.04,Medium,,UNKNOWN,10000,2
2026-08-07,shakira austin,Shakira Austin,WAS,ATL,WAS vs ATL,PA,Pts+Ast,16.95,16.36,10.36,24.39,5.55,28.51,Medium,,UNKNOWN,10000,2
2026-08-07,sonia citron,Sonia Citron,WAS,ATL,WAS vs ATL,PA,Pts+Ast,16.26,15.37,8.63,25.14,6.56,27.14,Low,,UNKNOWN,10000,1
2026-08-07,kiki iriafen,Kiki Iriafen,WAS,ATL,WAS vs ATL,PA,Pts+Ast,14.12,12.75,6.1,23.8,7.39,25.59,Medium,,UNKNOWN,10000,2
2026-08-07,georgia amoore,Georgia Amoore,WAS,ATL,WAS vs ATL,PA,Pts+Ast,11.5,10.52,4.77,19.49,5.89,22.79,Medium,,UNKNOWN,10000,2
2026-08-07,michaela onyenwere,Michaela Onyenwere,WAS,ATL,WAS vs ATL,PA,Pts+Ast,10.14,7.99,2.8,20.18,7.89,25.34,Medium,,UNKNOWN,10000,2
2026-08-07,alicia florez,Alicia Florez,WAS,ATL,WAS vs ATL,PA,Pts+Ast,7.54,2.28,0.0,19.58,16.09,11.88,Low,,UNKNOWN,10000,1
2026-08-07,cotie mcmahon,Cotie McMahon,WAS,ATL,WAS vs ATL,PA,Pts+Ast,7.49,7.24,3.78,11.65,3.07,20.68,Medium,,UNKNOWN,10000,2
2026-08-07,lauren betts,Lauren Betts,WAS,ATL,WAS vs ATL,PA,Pts+Ast,7.39,6.93,3.78,11.53,3.15,16.36,Medium,,UNKNOWN,10000,2
2026-08-07,lucy olsen,Lucy Olsen,WAS,ATL,WAS vs ATL,PA,Pts+Ast,6.82,3.96,0.37,16.5,8.5,8.92,Medium,,UNKNOWN,10000,2
2026-08-07,rori harmon,Rori Harmon,WAS,ATL,WAS vs ATL,PA,Pts+Ast,5.84,4.63,1.34,11.84,4.63,8.04,Medium,,UNKNOWN,10000,2
2026-08-07,angela dugalic,Angela Dugalic,WAS,ATL,WAS vs ATL,PA,Pts+Ast,2.71,1.84,0.11,6.42,3.13,8.09,Medium,,UNKNOWN,10000,2
2026-08-07,cassandre prosper,Cassandre Prosper,WAS,ATL,WAS vs ATL,PA,Pts+Ast,1.56,1.11,0.14,3.58,1.62,8.52,Medium,,UNKNOWN,10000,2
2026-08-07,darianna littlepage-buggs,Darianna Littlepage-Buggs,WAS,ATL,WAS vs ATL,PA,Pts+Ast,0.49,0.07,0.0,1.63,0.99,8.02,High,,UNKNOWN,10000,3
2026-08-07,shakira austin,Shakira Austin,WAS,ATL,WAS vs ATL,PR,Pts+Reb,22.56,21.91,14.42,31.45,6.73,28.51,Medium,,UNKNOWN,10000,2
2026-08-07,kiki iriafen,Kiki Iriafen,WAS,ATL,WAS vs ATL,PR,Pts+Reb,20.82,19.46,11.26,32.26,8.6,25.59,Medium,,UNKNOWN,10000,2
2026-08-07,sonia citron,Sonia Citron,WAS,ATL,WAS vs ATL,PR,Pts+Reb,16.57,15.6,8.91,25.45,6.64,27.14,Low,,UNKNOWN,10000,1
2026-08-07,michaela onyenwere,Michaela Onyenwere,WAS,ATL,WAS vs ATL,PR,Pts+Reb,10.94,8.8,3.34,21.13,8.08,25.34,Medium,,UNKNOWN,10000,2
2026-08-07,lauren betts,Lauren Betts,WAS,ATL,WAS vs ATL,PR,Pts+Reb,10.29,9.77,5.9,15.29,3.76,16.36,Medium,,UNKNOWN,10000,2
2026-08-07,georgia amoore,Georgia Amoore,WAS,ATL,WAS vs ATL,PR,Pts+Reb,10.2,9.27,4.64,17.02,5.07,22.79,Medium,,UNKNOWN,10000,2
2026-08-07,cotie mcmahon,Cotie McMahon,WAS,ATL,WAS vs ATL,PR,Pts+Reb,7.75,7.58,4.11,11.6,2.94,20.68,Medium,,UNKNOWN,10000,2
2026-08-07,alicia florez,Alicia Florez,WAS,ATL,WAS vs ATL,PR,Pts+Reb,6.99,1.09,0.0,19.47,16.63,11.88,Low,,UNKNOWN,10000,1
2026-08-07,lucy olsen,Lucy Olsen,WAS,ATL,WAS vs ATL,PR,Pts+Reb,6.67,4.05,0.57,15.88,7.97,8.92,Medium,,UNKNOWN,10000,2
2026-08-07,rori harmon,Rori Harmon,WAS,ATL,WAS vs ATL,PR,Pts+Reb,4.87,3.91,1.39,9.63,3.67,8.04,Medium,,UNKNOWN,10000,2
2026-08-07,angela dugalic,Angela Dugalic,WAS,ATL,WAS vs ATL,PR,Pts+Reb,3.45,2.65,0.86,7.04,2.94,8.09,Medium,,UNKNOWN,10000,2
2026-08-07,cassandre prosper,Cassandre Prosper,WAS,ATL,WAS vs ATL,PR,Pts+Reb,1.94,1.5,0.4,3.98,1.62,8.52,Medium,,UNKNOWN,10000,2
2026-08-07,darianna littlepage-buggs,Darianna Littlepage-Buggs,WAS,ATL,WAS vs ATL,PR,Pts+Reb,0.5,0.25,0.02,1.31,0.69,8.02,High,,UNKNOWN,10000,3
2026-08-07,shakira austin,Shakira Austin,WAS,ATL,WAS vs ATL,PRA,Pts+Reb+Ast,24.85,24.26,16.06,34.48,7.24,28.51,Medium,,UNKNOWN,10000,2
2026-08-07,kiki iriafen,Kiki Iriafen,WAS,ATL,WAS vs ATL,PRA,Pts+Reb+Ast,22.22,20.8,12.32,33.94,8.82,25.59,Medium,,UNKNOWN,10000,2
2026-08-07,sonia citron,Sonia Citron,WAS,ATL,WAS vs ATL,PRA,Pts+Reb+Ast,19.57,18.68,11.11,29.15,7.22,27.14,Low,,UNKNOWN,10000,1
2026-08-07,georgia amoore,Georgia Amoore,WAS,ATL,WAS vs ATL,PRA,Pts+Reb+Ast,13.93,12.92,6.66,22.55,6.35,22.79,Medium,,UNKNOWN,10000,2
2026-08-07,michaela onyenwere,Michaela Onyenwere,WAS,ATL,WAS vs ATL,PRA,Pts+Reb+Ast,13.19,11.2,4.94,23.95,8.43,25.34,Medium,,UNKNOWN,10000,2
2026-08-07,lauren betts,Lauren Betts,WAS,ATL,WAS vs ATL,PRA,Pts+Reb+Ast,11.43,10.92,6.69,16.82,4.04,16.36,Medium,,UNKNOWN,10000,2
2026-08-07,cotie mcmahon,Cotie McMahon,WAS,ATL,WAS vs ATL,PRA,Pts+Reb+Ast,10.44,10.19,5.46,15.74,4.03,20.68,Medium,,UNKNOWN,10000,2
2026-08-07,alicia florez,Alicia Florez,WAS,ATL,WAS vs ATL,PRA,Pts+Reb+Ast,9.91,3.62,0.02,25.81,18.22,11.88,Low,,UNKNOWN,10000,1
2026-08-07,lucy olsen,Lucy Olsen,WAS,ATL,WAS vs ATL,PRA,Pts+Reb+Ast,8.26,5.32,0.71,19.48,9.31,8.92,Medium,,UNKNOWN,10000,2
2026-08-07,rori harmon,Rori Harmon,WAS,ATL,WAS vs ATL,PRA,Pts+Reb+Ast,6.49,5.3,1.89,12.69,4.72,8.04,Medium,,UNKNOWN,10000,2
2026-08-07,angela dugalic,Angela Dugalic,WAS,ATL,WAS vs ATL,PRA,Pts+Reb+Ast,4.26,3.42,1.03,8.45,3.43,8.09,Medium,,UNKNOWN,10000,2
2026-08-07,cassandre prosper,Cassandre Prosper,WAS,ATL,WAS vs ATL,PRA,Pts+Reb+Ast,2.64,2.13,0.53,5.39,2.1,8.52,Medium,,UNKNOWN,10000,2
2026-08-07,darianna littlepage-buggs,Darianna Littlepage-Buggs,WAS,ATL,WAS vs ATL,PRA,Pts+Reb+Ast,0.75,0.29,0.02,2.49,1.11,8.02,High,,UNKNOWN,10000,3
2026-08-07,shakira austin,Shakira Austin,WAS,ATL,WAS vs ATL,PTS,Points,17.03,16.35,10.25,24.82,5.82,28.51,Medium,,UNKNOWN,10000,2
2026-08-07,sonia citron,Sonia Citron,WAS,ATL,WAS vs ATL,PTS,Points,15.99,14.85,7.73,25.87,7.28,27.14,Low,,UNKNOWN,10000,1
2026-08-07,kiki iriafen,Kiki Iriafen,WAS,ATL,WAS vs ATL,PTS,Points,13.15,11.68,5.16,22.91,7.42,25.59,Medium,,UNKNOWN,10000,2
2026-08-07,michaela onyenwere,Michaela Onyenwere,WAS,ATL,WAS vs ATL,PTS,Points,9.43,6.69,1.4,20.92,9.09,25.34,Medium,,UNKNOWN,10000,2
2026-08-07,cotie mcmahon,Cotie McMahon,WAS,ATL,WAS vs ATL,PTS,Points,7.77,7.48,4.04,11.87,3.11,20.68,Medium,,UNKNOWN,10000,2
2026-08-07,lauren betts,Lauren Betts,WAS,ATL,WAS vs ATL,PTS,Points,6.8,6.31,3.32,10.89,3.1,16.36,Medium,,UNKNOWN,10000,2
2026-08-07,georgia amoore,Georgia Amoore,WAS,ATL,WAS vs ATL,PTS,Points,5.66,4.98,2.14,10.1,3.32,22.79,Medium,,UNKNOWN,10000,2
2026-08-07,lucy olsen,Lucy Olsen,WAS,ATL,WAS vs ATL,PTS,Points,1.83,0.95,0.1,4.56,2.44,8.92,Medium,,UNKNOWN,10000,2
2026-08-07,rori harmon,Rori Harmon,WAS,ATL,WAS vs ATL,PTS,Points,1.8,1.4,0.39,3.7,1.49,8.04,Medium,,UNKNOWN,10000,2
2026-08-07,alicia florez,Alicia Florez,WAS,ATL,WAS vs ATL,PTS,Points,1.56,0.06,0.0,4.11,4.83,11.88,Low,,UNKNOWN,10000,1
2026-08-07,cassandre prosper,Cassandre Prosper,WAS,ATL,WAS vs ATL,PTS,Points,1.32,0.83,0.12,3.17,1.52,8.52,Medium,,UNKNOWN,10000,2
2026-08-07,angela dugalic,Angela Dugalic,WAS,ATL,WAS vs ATL,PTS,Points,0.93,0.46,0.03,2.43,1.3,8.09,Medium,,UNKNOWN,10000,2
2026-08-07,darianna littlepage-buggs,Darianna Littlepage-Buggs,WAS,ATL,WAS vs ATL,PTS,Points,0.08,0.02,0.0,0.23,0.16,8.02,High,,UNKNOWN,10000,3
2026-08-07,shakira austin,Shakira Austin,WAS,ATL,WAS vs ATL,RA,Reb+Ast,11.81,11.29,6.64,17.82,4.41,28.51,Medium,,UNKNOWN,10000,2
2026-08-07,kiki iriafen,Kiki Iriafen,WAS,ATL,WAS vs ATL,RA,Reb+Ast,9.9,9.36,5.19,15.32,4.09,25.59,Medium,,UNKNOWN,10000,2
2026-08-07,sonia citron,Sonia Citron,WAS,ATL,WAS vs ATL,RA,Reb+Ast,7.94,7.68,4.06,12.21,3.19,27.14,Low,,UNKNOWN,10000,1
2026-08-07,cotie mcmahon,Cotie McMahon,WAS,ATL,WAS vs ATL,RA,Reb+Ast,6.54,6.22,2.91,10.54,3.03,20.68,Medium,,UNKNOWN,10000,2
2026-08-07,michaela onyenwere,Michaela Onyenwere,WAS,ATL,WAS vs ATL,RA,Reb+Ast,6.15,5.7,2.43,10.45,3.18,25.34,Medium,,UNKNOWN,10000,2
2026-08-07,lauren betts,Lauren Betts,WAS,ATL,WAS vs ATL,RA,Reb+Ast,5.44,5.12,2.68,8.61,2.4,16.36,Medium,,UNKNOWN,10000,2
2026-08-07,georgia amoore,Georgia Amoore,WAS,ATL,WAS vs ATL,RA,Reb+Ast,4.51,3.98,1.36,8.41,2.86,22.79,Medium,,UNKNOWN,10000,2
2026-08-07,alicia florez,Alicia Florez,WAS,ATL,WAS vs ATL,RA,Reb+Ast,2.03,0.62,0.0,5.81,3.81,11.88,Low,,UNKNOWN,10000,1
2026-08-07,angela dugalic,Angela Dugalic,WAS,ATL,WAS vs ATL,RA,Reb+Ast,1.83,1.52,0.39,3.7,1.39,8.09,Medium,,UNKNOWN,10000,2
2026-08-07,cassandre prosper,Cassandre Prosper,WAS,ATL,WAS vs ATL,RA,Reb+Ast,1.48,1.16,0.22,3.16,1.29,8.52,Medium,,UNKNOWN,10000,2
2026-08-07,lucy olsen,Lucy Olsen,WAS,ATL,WAS vs ATL,RA,Reb+Ast,1.02,0.28,0.0,2.99,1.77,8.92,Medium,,UNKNOWN,10000,2
2026-08-07,rori harmon,Rori Harmon,WAS,ATL,WAS vs ATL,RA,Reb+Ast,0.54,0.33,0.14,1.34,0.52,8.04,Medium,,UNKNOWN,10000,2
2026-08-07,darianna littlepage-buggs,Darianna Littlepage-Buggs,WAS,ATL,WAS vs ATL,RA,Reb+Ast,0.17,0.03,0.0,0.58,0.33,8.02,High,,UNKNOWN,10000,3
2026-08-07,shakira austin,Shakira Austin,WAS,ATL,WAS vs ATL,REB,Rebounds,9.27,8.79,4.93,14.23,3.75,28.51,Medium,,UNKNOWN,10000,2
2026-08-07,kiki iriafen,Kiki Iriafen,WAS,ATL,WAS vs ATL,REB,Rebounds,8.36,7.81,4.16,13.27,3.71,25.59,Medium,,UNKNOWN,10000,2
2026-08-07,lauren betts,Lauren Betts,WAS,ATL,WAS vs ATL,REB,Rebounds,4.26,3.95,2.02,6.88,2.0,16.36,Medium,,UNKNOWN,10000,2
2026-08-07,cotie mcmahon,Cotie McMahon,WAS,ATL,WAS vs ATL,REB,Rebounds,4.18,3.92,1.95,6.71,1.93,20.68,Medium,,UNKNOWN,10000,2
2026-08-07,sonia citron,Sonia Citron,WAS,ATL,WAS vs ATL,REB,Rebounds,3.88,3.6,1.86,6.24,1.77,27.14,Low,,UNKNOWN,10000,1
2026-08-07,michaela onyenwere,Michaela Onyenwere,WAS,ATL,WAS vs ATL,REB,Rebounds,3.57,3.04,1.15,6.75,2.32,25.34,Medium,,UNKNOWN,10000,2
2026-08-07,georgia amoore,Georgia Amoore,WAS,ATL,WAS vs ATL,REB,Rebounds,1.73,1.44,0.51,3.31,1.19,22.79,Medium,,UNKNOWN,10000,2
2026-08-07,angela dugalic,Angela Dugalic,WAS,ATL,WAS vs ATL,REB,Rebounds,1.41,1.15,0.34,2.84,1.09,8.09,Medium,,UNKNOWN,10000,2
2026-08-07,cassandre prosper,Cassandre Prosper,WAS,ATL,WAS vs ATL,REB,Rebounds,1.18,0.87,0.2,2.53,1.06,8.52,Medium,,UNKNOWN,10000,2
2026-08-07,alicia florez,Alicia Florez,WAS,ATL,WAS vs ATL,REB,Rebounds,0.77,0.01,0.0,1.9,2.6,11.88,Low,,UNKNOWN,10000,1
2026-08-07,lucy olsen,Lucy Olsen,WAS,ATL,WAS vs ATL,REB,Rebounds,0.52,0.13,0.0,1.47,1.01,8.92,Medium,,UNKNOWN,10000,2
2026-08-07,rori harmon,Rori Harmon,WAS,ATL,WAS vs ATL,REB,Rebounds,0.31,0.29,0.14,0.52,0.16,8.04,Medium,,UNKNOWN,10000,2
2026-08-07,darianna littlepage-buggs,Darianna Littlepage-Buggs,WAS,ATL,WAS vs ATL,REB,Rebounds,0.09,0.02,0.0,0.25,0.16,8.02,High,,UNKNOWN,10000,3
2026-08-07,shakira austin,Shakira Austin,WAS,ATL,WAS vs ATL,SB,Stl+Blk,2.35,2.0,0.0,5.0,1.67,28.51,Medium,,UNKNOWN,10000,2
2026-08-07,sonia citron,Sonia Citron,WAS,ATL,WAS vs ATL,SB,Stl+Blk,1.99,2.0,0.0,4.0,1.5,27.14,Low,,UNKNOWN,10000,1
2026-08-07,lauren betts,Lauren Betts,WAS,ATL,WAS vs ATL,SB,Stl+Blk,1.35,1.0,0.0,3.0,1.46,16.36,Medium,,UNKNOWN,10000,2
2026-08-07,cotie mcmahon,Cotie McMahon,WAS,ATL,WAS vs ATL,SB,Stl+Blk,1.12,1.0,0.0,3.0,1.14,20.68,Medium,,UNKNOWN,10000,2
2026-08-07,kiki iriafen,Kiki Iriafen,WAS,ATL,WAS vs ATL,SB,Stl+Blk,1.07,1.0,0.0,2.0,1.06,25.59,Medium,,UNKNOWN,10000,2
2026-08-07,michaela onyenwere,Michaela Onyenwere,WAS,ATL,WAS vs ATL,SB,Stl+Blk,0.99,1.0,0.0,2.0,1.03,25.34,Medium,,UNKNOWN,10000,2
2026-08-07,georgia amoore,Georgia Amoore,WAS,ATL,WAS vs ATL,SB,Stl+Blk,0.65,0.0,0.0,2.0,0.82,22.79,Medium,,UNKNOWN,10000,2
2026-08-07,alicia florez,Alicia Florez,WAS,ATL,WAS vs ATL,SB,Stl+Blk,0.4,0.0,0.0,1.0,1.79,11.88,Low,,UNKNOWN,10000,1
2026-08-07,angela dugalic,Angela Dugalic,WAS,ATL,WAS vs ATL,SB,Stl+Blk,0.28,0.0,0.0,1.0,0.53,8.09,Medium,,UNKNOWN,10000,2
2026-08-07,cassandre prosper,Cassandre Prosper,WAS,ATL,WAS vs ATL,SB,Stl+Blk,0.21,0.0,0.0,1.0,0.47,8.52,Medium,,UNKNOWN,10000,2
2026-08-07,lucy olsen,Lucy Olsen,WAS,ATL,WAS vs ATL,SB,Stl+Blk,0.18,0.0,0.0,1.0,0.43,8.92,Medium,,UNKNOWN,10000,2
2026-08-07,darianna littlepage-buggs,Darianna Littlepage-Buggs,WAS,ATL,WAS vs ATL,SB,Stl+Blk,0.17,0.0,0.0,1.0,0.41,8.02,High,,UNKNOWN,10000,3
2026-08-07,rori harmon,Rori Harmon,WAS,ATL,WAS vs ATL,SB,Stl+Blk,0.15,0.0,0.0,1.0,0.4,8.04,Medium,,UNKNOWN,10000,2
2026-08-07,sonia citron,Sonia Citron,WAS,ATL,WAS vs ATL,STL,Steals,1.23,1.0,0.0,3.0,1.16,27.14,Low,,UNKNOWN,10000,1
2026-08-07,shakira austin,Shakira Austin,WAS,ATL,WAS vs ATL,STL,Steals,0.9,1.0,0.0,2.0,0.96,28.51,Medium,,UNKNOWN,10000,2
2026-08-07,cotie mcmahon,Cotie McMahon,WAS,ATL,WAS vs ATL,STL,Steals,0.76,1.0,0.0,2.0,0.92,20.68,Medium,,UNKNOWN,10000,2
2026-08-07,michaela onyenwere,Michaela Onyenwere,WAS,ATL,WAS vs ATL,STL,Steals,0.7,0.0,0.0,2.0,0.86,25.34,Medium,,UNKNOWN,10000,2
2026-08-07,lauren betts,Lauren Betts,WAS,ATL,WAS vs ATL,STL,Steals,0.62,0.0,0.0,2.0,0.82,16.36,Medium,,UNKNOWN,10000,2
2026-08-07,kiki iriafen,Kiki Iriafen,WAS,ATL,WAS vs ATL,STL,Steals,0.59,0.0,0.0,2.0,0.79,25.59,Medium,,UNKNOWN,10000,2
2026-08-07,georgia amoore,Georgia Amoore,WAS,ATL,WAS vs ATL,STL,Steals,0.42,0.0,0.0,1.0,0.65,22.79,Medium,,UNKNOWN,10000,2
2026-08-07,alicia florez,Alicia Florez,WAS,ATL,WAS vs ATL,STL,Steals,0.28,0.0,0.0,0.0,1.75,11.88,Low,,UNKNOWN,10000,1
2026-08-07,cassandre prosper,Cassandre Prosper,WAS,ATL,WAS vs ATL,STL,Steals,0.12,0.0,0.0,1.0,0.35,8.52,Medium,,UNKNOWN,10000,2
2026-08-07,lucy olsen,Lucy Olsen,WAS,ATL,WAS vs ATL,STL,Steals,0.09,0.0,0.0,0.0,0.31,8.92,Medium,,UNKNOWN,10000,2
2026-08-07,angela dugalic,Angela Dugalic,WAS,ATL,WAS vs ATL,STL,Steals,0.08,0.0,0.0,0.0,0.27,8.09,Medium,,UNKNOWN,10000,2
2026-08-07,darianna littlepage-buggs,Darianna Littlepage-Buggs,WAS,ATL,WAS vs ATL,STL,Steals,0.08,0.0,0.0,0.0,0.29,8.02,High,,UNKNOWN,10000,3
2026-08-07,rori harmon,Rori Harmon,WAS,ATL,WAS vs ATL,STL,Steals,0.08,0.0,0.0,0.0,0.28,8.04,Medium,,UNKNOWN,10000,2
