game_date,team,opponent,pace,off_rating,def_rating,team_points,opp_points,team_rebounds,team_assists,team_threes_made,_data_source,season,game_id,team_steals,team_blocks,source
2024-05-04,ATL,WAS,86.74000000000001,101.92127460168696,95.32455742169768,87.0,84.0,37.0,19.0,10.0,last_good_canonical,2024.0,401653631.0,4.0,4.0,espn
2024-05-09,ATL,IND,86.86,93.72071227741333,93.93390674513354,80.0,83.0,34.0,22.0,7.0,last_good_canonical,2024.0,401653633.0,11.0,4.0,espn
2024-05-16,ATL,LAS,83.02000000000001,113.07767944936089,95.6542276806802,92.0,81.0,34.0,20.0,8.0,last_good_canonical,2024.0,401620223.0,8.0,9.0,espn
2024-05-19,ATL,PHX,84.47999999999999,101.33524082021935,103.43206393982136,85.0,88.0,33.0,21.0,10.0,last_good_canonical,2024.0,401620230.0,8.0,5.0,espn
2024-05-21,ATL,DAL,81.24000000000001,102.87555775904808,95.35452322738386,83.0,78.0,36.0,17.0,7.0,last_good_canonical,2024.0,401620234.0,9.0,3.0,espn
2024-05-26,ATL,MIN,75.64,106.52642934196332,119.29460580912864,79.0,92.0,32.0,23.0,6.0,last_good_canonical,2024.0,401620247.0,9.0,1.0,espn
2024-05-29,ATL,WAS,82.16,87.6982220086497,82.63443512580167,73.0,67.0,36.0,19.0,6.0,last_good_canonical,2024.0,401620253.0,9.0,2.0,espn
2024-05-31,ATL,LVA,83.78,95.40117416829744,86.24708624708624,78.0,74.0,38.0,17.0,8.0,last_good_canonical,2024.0,401620257.0,5.0,4.0,espn
2024-06-02,ATL,CON,78.0,65.54798112218144,86.5529352734571,50.0,69.0,33.0,10.0,3.0,last_good_canonical,2024.0,401620262.0,10.0,6.0,espn
2024-06-06,ATL,NYL,79.1,79.75941422594141,95.44787077826726,61.0,78.0,34.0,15.0,3.0,last_good_canonical,2024.0,401620272.0,8.0,4.0,espn
2024-06-08,ATL,CHI,81.18,111.0833749375936,97.2762645914397,89.0,80.0,31.0,22.0,6.0,last_good_canonical,2024.0,401620278.0,14.0,4.0,espn
2024-06-11,ATL,WAS,75.38,90.76348104644954,114.71518987341771,68.0,87.0,32.0,16.0,8.0,last_good_canonical,2024.0,401620284.0,3.0,2.0,espn
2024-06-13,ATL,IND,80.74000000000001,107.5268817204301,109.16506717850288,84.0,91.0,31.0,20.0,9.0,last_good_canonical,2024.0,401620288.0,6.0,3.0,espn
2024-06-16,ATL,LAS,79.68,109.5166163141994,92.5925925925926,87.0,74.0,38.0,22.0,6.0,last_good_canonical,2024.0,401620297.0,8.0,1.0,espn
2024-06-20,ATL,MIN,77.16,72.55936675461741,86.60213958227203,55.0,68.0,46.0,16.0,4.0,last_good_canonical,2024.0,401620302.0,4.0,9.0,espn
2024-06-21,ATL,IND,81.62,93.60189573459716,115.42364282090308,79.0,91.0,30.0,18.0,4.0,last_good_canonical,2024.0,401620306.0,8.0,2.0,espn
2024-06-23,ATL,NYL,82.47999999999999,89.97120921305182,117.64705882352942,75.0,96.0,40.0,21.0,2.0,last_good_canonical,2024.0,401620311.0,5.0,4.0,espn
2024-06-28,ATL,CON,79.56,101.72143974960876,89.76225133430374,78.0,74.0,32.0,18.0,6.0,last_good_canonical,2024.0,401620319.0,12.0,6.0,espn
2024-06-30,ATL,NYL,77.38,97.75808133472368,103.7929267042542,75.0,81.0,37.0,16.0,6.0,last_good_canonical,2024.0,401620323.0,2.0,2.0,espn
2024-07-02,ATL,CHI,79.98,93.85665529010238,109.08624229979466,77.0,85.0,37.0,27.0,7.0,last_good_canonical,2024.0,401620329.0,6.0,2.0,espn
2024-07-05,ATL,DAL,90.3,90.18917729872416,94.7814451382694,82.0,85.0,30.0,23.0,2.0,last_good_canonical,2024.0,401620335.0,8.0,6.0,espn
2024-07-07,ATL,CON,68.36,98.01053247513164,117.02750146284376,67.0,80.0,31.0,16.0,4.0,last_good_canonical,2024.0,401620340.0,4.0,4.0,espn
2024-07-10,ATL,CHI,83.38,81.13828786453433,95.44787077826726,69.0,78.0,36.0,19.0,2.0,last_good_canonical,2024.0,401620347.0,6.0,5.0,espn
2024-07-12,ATL,LVA,84.53999999999999,81.77570093457945,100.62290368950646,70.0,84.0,47.0,16.0,2.0,last_good_canonical,2024.0,401620351.0,4.0,4.0,espn
2024-07-14,ATL,SEA,83.25999999999999,84.74576271186442,96.5204957102002,70.0,81.0,39.0,18.0,3.0,last_good_canonical,2024.0,401620358.0,9.0,5.0,espn
2024-07-17,ATL,MIN,80.18,99.69712266532056,106.01577909270216,79.0,86.0,33.0,18.0,5.0,last_good_canonical,2024.0,401620364.0,5.0,4.0,espn
2024-08-16,ATL,SEA,83.2,99.85563041385949,97.26224783861672,83.0,81.0,37.0,13.0,6.0,last_good_canonical,2024.0,401620369.0,9.0,4.0,espn
2024-08-18,ATL,CON,80.66,101.68650793650794,86.76251859196826,82.0,70.0,34.0,18.0,5.0,last_good_canonical,2024.0,401620375.0,9.0,0.0,espn
2024-08-21,ATL,PHX,72.72,99.94447529150472,85.83106267029972,72.0,63.0,47.0,17.0,9.0,last_good_canonical,2024.0,401620382.0,3.0,1.0,espn
2024-08-23,ATL,PHX,78.6,101.0611419909045,105.07432086109688,80.0,82.0,36.0,19.0,10.0,last_good_canonical,2024.0,401620385.0,7.0,5.0,espn
2024-08-26,ATL,IND,82.75999999999999,97.62728620860108,99.29078014184398,79.0,84.0,38.0,18.0,10.0,last_good_canonical,2024.0,401620393.0,5.0,5.0,espn
2024-08-29,ATL,SEA,83.1,96.10821072615092,103.759765625,81.0,85.0,36.0,23.0,6.0,last_good_canonical,2024.0,401620401.0,5.0,5.0,espn
2024-08-31,ATL,LVA,74.38,95.08716323296356,113.63636363636364,72.0,83.0,41.0,16.0,11.0,last_good_canonical,2024.0,401620404.0,4.0,3.0,espn
2024-09-01,ATL,LAS,71.82,111.54489682097044,86.20689655172414,80.0,62.0,42.0,22.0,7.0,last_good_canonical,2024.0,401620410.0,4.0,3.0,espn
2024-09-04,ATL,PHX,78.3,82.33532934131736,96.8079539508111,66.0,74.0,29.0,15.0,7.0,last_good_canonical,2024.0,401620415.0,7.0,4.0,espn
2024-09-06,ATL,DAL,87.88,122.875516766192,108.25439783491204,107.0,96.0,37.0,24.0,8.0,last_good_canonical,2024.0,401620419.0,7.0,3.0,espn
2024-09-08,ATL,IND,91.96,105.35187526337968,116.85393258426966,100.0,104.0,38.0,19.0,9.0,last_good_canonical,2024.0,401620425.0,8.0,5.0,espn
2024-09-10,ATL,MIN,76.16,81.6743236345074,102.75824770146026,64.0,76.0,37.0,12.0,5.0,last_good_canonical,2024.0,401620429.0,8.0,3.0,espn
2024-09-13,ATL,WAS,78.3,85.18518518518519,95.23809523809524,69.0,72.0,41.0,14.0,5.0,last_good_canonical,2024.0,401620436.0,12.0,3.0,espn
2024-09-15,ATL,WAS,83.62,89.41176470588235,88.76459143968872,76.0,73.0,35.0,16.0,4.0,last_good_canonical,2024.0,401620443.0,13.0,1.0,espn
2024-09-17,ATL,CHI,75.12,114.36170212765956,93.28358208955224,86.0,70.0,35.0,19.0,5.0,last_good_canonical,2024.0,401620449.0,9.0,4.0,espn
2024-09-19,ATL,NYL,74.76,105.34846029173418,88.76523582405935,78.0,67.0,35.0,22.0,5.0,last_good_canonical,2024.0,401620453.0,8.0,2.0,espn
2024-09-22,ATL,NYL,81.64,85.8636137381782,100.0964785335263,69.0,83.0,36.0,16.0,3.0,last_good_canonical,2024.0,401721255.0,9.0,5.0,espn
2024-09-24,ATL,NYL,73.56,113.95219566425791,121.07503991484832,82.0,91.0,30.0,22.0,7.0,last_good_canonical,2024.0,401721258.0,3.0,4.0,espn
2025-05-07,ATL,WAS,78.44,103.51966873706004,87.93969849246231,80.0,70.0,33.0,19.0,12.0,last_good_canonical,2025.0,401761344.0,10.0,6.0,espn
2025-05-10,ATL,IND,82.53999999999999,93.41199606686332,96.75107501194458,76.0,81.0,32.0,20.0,12.0,last_good_canonical,2025.0,401761345.0,7.0,8.0,espn
2025-05-16,ATL,WAS,80.75999999999999,106.03204524033931,122.65135699373695,90.0,94.0,37.0,24.0,12.0,last_good_canonical,2025.0,401736112.0,4.0,2.0,espn
2025-05-20,ATL,IND,83.25999999999999,112.23482979773064,105.3370786516854,91.0,90.0,37.0,19.0,8.0,last_good_canonical,2025.0,401736122.0,7.0,5.0,espn
2025-05-22,ATL,IND,84.86,91.43407122232917,93.53348729792148,76.0,81.0,37.0,14.0,10.0,last_good_canonical,2025.0,401736126.0,4.0,3.0,espn
2025-05-24,ATL,DAL,82.19999999999999,104.74507824331148,88.06951620479099,83.0,75.0,42.0,23.0,9.0,last_good_canonical,2025.0,401736133.0,6.0,7.0,espn
2025-05-25,ATL,CON,77.66,99.7978777160182,72.21638655462185,79.0,55.0,52.0,20.0,10.0,last_good_canonical,2025.0,401736134.0,4.0,5.0,espn
2025-05-28,ATL,LAS,80.98,106.6925315227934,103.17060895822848,88.0,82.0,32.0,26.0,11.0,last_good_canonical,2025.0,401736141.0,9.0,6.0,espn
2025-05-31,ATL,SEA,83.46000000000001,111.74512601046123,105.07246376811597,94.0,87.0,35.0,18.0,9.0,last_good_canonical,2025.0,401736150.0,5.0,7.0,espn
2025-06-06,ATL,CON,80.42,94.43339960238568,104.52961672473867,76.0,84.0,29.0,19.0,8.0,last_good_canonical,2025.0,401736161.0,5.0,6.0,espn
2025-06-10,ATL,IND,73.25999999999999,103.21715817694373,80.64516129032258,77.0,58.0,44.0,21.0,5.0,last_good_canonical,2025.0,401736169.0,7.0,4.0,espn
2025-06-13,ATL,CHI,77.03999999999999,113.57769747031492,91.38381201044388,88.0,70.0,39.0,21.0,12.0,last_good_canonical,2025.0,401736174.0,5.0,6.0,espn
2025-06-15,ATL,WAS,75.42,119.11134903640256,73.56805044666316,89.0,56.0,41.0,24.0,18.0,last_good_canonical,2025.0,401736180.0,8.0,2.0,espn
2025-06-17,ATL,NYL,79.82,105.41384695471108,103.86473429951693,81.0,86.0,31.0,23.0,12.0,last_good_canonical,2025.0,401736183.0,7.0,7.0,espn
2025-06-20,ATL,WAS,79.06,117.10794297352342,114.37908496732024,92.0,91.0,24.0,23.0,8.0,last_good_canonical,2025.0,401736191.0,5.0,4.0,espn
2025-06-22,ATL,CHI,78.88,114.5320197044335,104.4932079414838,93.0,80.0,36.0,21.0,16.0,last_good_canonical,2025.0,401736196.0,7.0,6.0,espn
2025-06-25,ATL,DAL,70.96000000000001,76.38888888888889,97.25400457665904,55.0,68.0,37.0,10.0,7.0,last_good_canonical,2025.0,401736203.0,6.0,3.0,espn
2025-06-27,ATL,MIN,87.9,104.68821119708694,109.1901728844404,92.0,96.0,40.0,21.0,4.0,last_good_canonical,2025.0,401736209.0,10.0,2.0,espn
2025-06-29,ATL,NYL,84.64,103.83017997231194,98.0629539951574,90.0,81.0,38.0,27.0,4.0,last_good_canonical,2025.0,401736215.0,7.0,2.0,espn
2025-07-03,ATL,SEA,78.38,103.62014690451208,99.35419771485346,79.0,80.0,46.0,20.0,4.0,last_good_canonical,2025.0,401736222.0,7.0,0.0,espn
2025-07-07,ATL,GSV,81.25999999999999,114.5621181262729,96.47451167222488,90.0,81.0,31.0,24.0,11.0,last_good_canonical,2025.0,401736230.0,11.0,4.0,espn
2025-07-11,ATL,IND,81.47999999999999,106.27268014515292,115.3846153846154,82.0,99.0,29.0,19.0,11.0,last_good_canonical,2025.0,401736240.0,8.0,6.0,espn
2025-07-13,ATL,NYL,81.08,88.53910477127398,97.72389905987134,72.0,79.0,47.0,18.0,7.0,last_good_canonical,2025.0,401736245.0,3.0,8.0,espn
2025-07-16,ATL,CHI,79.16,107.76942355889724,62.40448293428426,86.0,49.0,42.0,26.0,9.0,last_good_canonical,2025.0,401736252.0,5.0,5.0,espn
2025-07-23,ATL,LVA,84.86,84.23022929340196,103.27635327635328,72.0,87.0,31.0,15.0,9.0,last_good_canonical,2025.0,401736260.0,5.0,2.0,espn
2025-07-24,ATL,PHX,78.91999999999999,114.50381679389314,99.69712266532056,90.0,79.0,36.0,25.0,10.0,last_good_canonical,2025.0,401736262.0,5.0,4.0,espn
2025-07-27,ATL,MIN,81.5,110.45655375552282,105.49558390579,90.0,86.0,27.0,22.0,8.0,last_good_canonical,2025.0,401736275.0,12.0,0.0,espn
2025-07-29,ATL,GSV,70.88,105.27793374508704,109.18888258650028,75.0,77.0,27.0,18.0,11.0,last_good_canonical,2025.0,401736278.0,8.0,4.0,espn
2025-07-31,ATL,DAL,74.62,117.7730192719486,114.06333870101987,88.0,85.0,32.0,26.0,11.0,last_good_canonical,2025.0,401736282.0,5.0,5.0,espn
2025-08-01,ATL,PHX,76.2,126.80192205018686,92.92720702116677,95.0,72.0,37.0,27.0,13.0,last_good_canonical,2025.0,401736285.0,7.0,7.0,espn
2025-08-03,ATL,WAS,86.46000000000001,116.3063909774436,94.53302961275628,99.0,83.0,33.0,26.0,9.0,last_good_canonical,2025.0,401736291.0,12.0,3.0,espn
2025-08-08,ATL,CHI,79.75999999999999,108.86075949367088,80.72528564331843,86.0,65.0,37.0,20.0,9.0,last_good_canonical,2025.0,401736302.0,8.0,4.0,espn
2025-08-10,ATL,PHX,76.25999999999999,99.51586874663798,84.44216990788128,74.0,66.0,38.0,20.0,9.0,last_good_canonical,2025.0,401736313.0,11.0,6.0,espn
2025-08-14,ATL,SEA,77.16,113.94101876675605,94.07927747114904,85.0,75.0,42.0,19.0,12.0,last_good_canonical,2025.0,401736321.0,4.0,3.0,espn
2025-08-16,ATL,SEA,74.86,105.4054054054054,105.65240359218171,78.0,80.0,37.0,16.0,2.0,last_good_canonical,2025.0,401736325.0,4.0,6.0,espn
2025-08-18,ATL,GSV,72.54,105.27718550106609,89.94860079954312,79.0,63.0,38.0,24.0,9.0,last_good_canonical,2025.0,401736332.0,6.0,3.0,espn
2025-08-20,ATL,LVA,72.5,99.77827050997784,101.59253157605713,72.0,74.0,29.0,16.0,8.0,last_good_canonical,2025.0,401736336.0,8.0,2.0,espn
2025-08-21,ATL,MIN,80.62,94.07927747114904,89.5485770363101,75.0,73.0,34.0,18.0,9.0,last_good_canonical,2025.0,401736341.0,12.0,8.0,espn
2025-08-23,ATL,NYL,70.34,112.5866050808314,86.83473389355741,78.0,62.0,42.0,20.0,10.0,last_good_canonical,2025.0,401736346.0,6.0,0.0,espn
2025-08-27,ATL,LVA,75.28,97.75808133472368,109.69664138678225,75.0,81.0,43.0,20.0,4.0,last_good_canonical,2025.0,401736356.0,4.0,3.0,espn
2025-08-29,ATL,DAL,79.62,131.09596224436288,94.02121504339442,100.0,78.0,31.0,32.0,15.0,last_good_canonical,2025.0,401736361.0,6.0,10.0,espn
2025-09-01,ATL,CON,73.36,128.16979051819183,102.48112189859764,93.0,76.0,33.0,16.0,10.0,last_good_canonical,2025.0,401736369.0,5.0,3.0,espn
2025-09-03,ATL,LAS,80.16,106.80576254346748,93.98496240601504,86.0,75.0,43.0,24.0,11.0,last_good_canonical,2025.0,401736374.0,8.0,9.0,espn
2025-09-05,ATL,LAS,76.64,132.85641287685232,113.33333333333331,104.0,85.0,41.0,28.0,19.0,last_good_canonical,2025.0,401736379.0,4.0,2.0,espn
2025-09-08,ATL,CON,80.62,105.58252427184463,78.64028411973617,87.0,62.0,41.0,23.0,8.0,last_good_canonical,2025.0,401736387.0,12.0,5.0,espn
2025-09-10,ATL,CON,76.69999999999999,117.08355508249068,92.02453987730064,88.0,72.0,31.0,26.0,10.0,last_good_canonical,2025.0,401736393.0,7.0,9.0,espn
2025-09-14,ATL,IND,79.5,99.70089730807578,86.33824276282377,80.0,68.0,36.0,17.0,7.0,last_good_canonical,2025.0,401820313.0,10.0,6.0,espn
2025-09-16,ATL,IND,79.0,76.53061224489795,96.73366834170857,60.0,77.0,27.0,20.0,5.0,last_good_canonical,2025.0,401820316.0,9.0,2.0,espn
2025-09-18,ATL,IND,83.7,100.18859028760018,105.3779069767442,85.0,87.0,39.0,21.0,6.0,last_good_canonical,2025.0,401820320.0,3.0,4.0,espn
2026-05-03,ATL,WAS,81.53999999999999,89.28571428571429,100.67928190198931,72.0,83.0,35.0,16.0,6.0,last_good_canonical,2026.0,401867795.0,11.0,3.0,espn
2026-05-10,ATL,MIN,87.44,104.3577981651376,102.64598540145984,91.0,90.0,46.0,22.0,7.0,last_good_canonical,2026.0,401856899.0,9.0,6.0,espn
2026-05-13,ATL,DAL,77.32,103.38345864661652,89.82035928143713,77.0,72.0,44.0,13.0,9.0,last_good_canonical,2026.0,401856901.0,5.0,3.0,espn
2026-05-17,ATL,LVA,89.38,92.0245398773006,97.16506630086876,84.0,85.0,45.0,15.0,5.0,last_good_canonical,2026.0,401856915.0,9.0,5.0,espn
2026-05-22,ATL,DAL,81.5,107.87757150025088,82.85302593659942,86.0,69.0,35.0,22.0,6.0,last_good_canonical,2026.0,401856927.0,6.0,4.0,espn
2026-05-24,ATL,PHX,79.8,103.48308934881372,99.55201592832256,82.0,80.0,38.0,22.0,11.0,last_good_canonical,2026.0,401856933.0,9.0,3.0,espn
2026-05-28,ATL,MIN,79.22,103.7929267042542,119.40298507462686,81.0,96.0,27.0,23.0,11.0,last_good_canonical,2026.0,401856940.0,5.0,2.0,espn
2026-05-30,ATL,POR,80.66,107.76942355889724,80.96172718351323,86.0,66.0,29.0,22.0,9.0,last_good_canonical,2026.0,401856948.0,16.0,1.0,espn
2026-06-02,ATL,CON,,,,91.0,75.0,35.0,22.0,14.0,last_good_canonical,,,,,
2026-06-04,ATL,IND,,,,71.0,83.0,30.0,14.0,6.0,last_good_canonical,,,,,
2026-06-06,ATL,WAS,,,,109.0,77.0,42.0,21.0,13.0,last_good_canonical,,,,,
2026-06-09,ATL,CHI,,,,82.0,75.0,36.0,18.0,5.0,last_good_canonical,,,,,
2026-06-11,ATL,NYL,,,,90.0,104.0,24.0,22.0,9.0,last_good_canonical,,,,,
2026-06-14,ATL,TOR,,,,102.0,77.0,44.0,22.0,14.0,last_good_canonical,,,,,
2026-06-18,ATL,IND,,,,108.0,101.0,29.0,21.0,7.0,last_good_canonical,,,,,
2026-06-25,ATL,GSV,71.98,90.8090258668134,108.02469135802468,66.0,77.0,34.0,16.0,4.0,last_good_canonical,2026.0,401857020.0,6.0,3.0,espn
2026-06-27,ATL,GSV,85.44,87.33115975780159,91.76470588235294,75.0,78.0,27.0,10.0,6.0,last_good_canonical,2026.0,401857026.0,14.0,4.0,espn
2026-06-28,ATL,SEA,84.62,101.763907734057,129.95049504950495,90.0,105.0,26.0,22.0,7.0,last_good_canonical,2026.0,401857029.0,7.0,0.0,espn
2025-05-03,BRZL,CHI,85.08,73.28605200945627,104.02057035998128,62.0,89.0,31.0,13.0,6.0,last_good_canonical,2025.0,401761346.0,3.0,3.0,espn
2025-05-04,BRZL,IND,76.75999999999999,57.68222338751966,139.82392542723977,44.0,108.0,36.0,12.0,5.0,last_good_canonical,2025.0,401761354.0,6.0,2.0,espn
2024-05-04,CHI,MIN,81.74000000000001,100.0,111.54219204655674,81.0,92.0,33.0,12.0,5.0,last_good_canonical,2024.0,401649378.0,8.0,6.0,espn
2024-05-08,CHI,NYL,82.6,121.6281310211946,64.50827653359299,101.0,53.0,41.0,21.0,11.0,last_good_canonical,2024.0,401649379.0,13.0,4.0,espn
2024-05-16,CHI,DAL,84.14,96.48265754763068,100.69444444444444,79.0,87.0,37.0,14.0,5.0,last_good_canonical,2024.0,401620222.0,9.0,3.0,espn
2024-05-19,CHI,DAL,87.46000000000001,95.6221198156682,83.97639582387653,83.0,74.0,42.0,25.0,4.0,last_good_canonical,2024.0,401620229.0,15.0,13.0,espn
2024-05-23,CHI,NYL,82.8,110.0244498777506,96.65871121718378,90.0,81.0,38.0,22.0,7.0,last_good_canonical,2024.0,401620239.0,5.0,2.0,espn
2024-05-26,CHI,CON,74.46000000000001,108.35095137420718,117.42217367558712,82.0,86.0,21.0,18.0,8.0,last_good_canonical,2024.0,401620243.0,13.0,3.0,espn
2024-05-29,CHI,SEA,83.32,82.20502901353966,91.75405147759771,68.0,77.0,37.0,19.0,4.0,last_good_canonical,2024.0,401620251.0,11.0,0.0,espn
2024-05-31,CHI,LAS,83.4,99.95183044315992,87.15377268385863,83.0,73.0,35.0,27.0,7.0,last_good_canonical,2024.0,401620256.0,13.0,7.0,espn
2024-06-01,CHI,IND,78.98,87.58758758758759,90.97898513582776,70.0,71.0,43.0,15.0,2.0,last_good_canonical,2024.0,401620261.0,7.0,1.0,espn
2024-06-05,CHI,NYL,83.8,88.94686907020873,105.66762728146011,75.0,88.0,42.0,15.0,2.0,last_good_canonical,2024.0,401620267.0,5.0,4.0,espn
2024-06-06,CHI,WAS,89.24000000000001,89.08434821831302,79.06458797327394,79.0,71.0,40.0,18.0,1.0,last_good_canonical,2024.0,401620271.0,14.0,1.0,espn
2024-06-08,CHI,ATL,81.18,97.2762645914397,111.0833749375936,80.0,89.0,29.0,17.0,3.0,last_good_canonical,2024.0,401620278.0,8.0,2.0,espn
2024-06-13,CHI,CON,76.96,101.90217391304348,103.3366533864542,75.0,83.0,29.0,19.0,6.0,last_good_canonical,2024.0,401620287.0,8.0,7.0,espn
2024-06-14,CHI,WAS,83.56,98.78048780487804,97.5093984962406,81.0,83.0,34.0,16.0,4.0,last_good_canonical,2024.0,401620291.0,9.0,1.0,espn
2024-06-16,CHI,IND,78.75999999999999,103.54291417165668,117.63185108583248,83.0,91.0,32.0,20.0,5.0,last_good_canonical,2024.0,401620296.0,8.0,2.0,espn
2024-06-20,CHI,DAL,79.3,104.01002506265664,91.37055837563452,83.0,72.0,39.0,19.0,3.0,last_good_canonical,2024.0,401620304.0,7.0,3.0,espn
2024-06-23,CHI,IND,83.62,104.66222645099906,104.61760461760464,88.0,87.0,38.0,25.0,4.0,last_good_canonical,2024.0,401620313.0,4.0,1.0,espn
2024-06-27,CHI,LVA,80.52,103.54291417165668,117.45796241345204,83.0,95.0,38.0,20.0,4.0,last_good_canonical,2024.0,401620317.0,6.0,3.0,espn
2024-06-30,CHI,MIN,85.53999999999999,71.95914577530176,82.43052284503061,62.0,70.0,44.0,14.0,5.0,last_good_canonical,2024.0,401620324.0,9.0,3.0,espn
2024-07-02,CHI,ATL,79.98,109.08624229979466,93.85665529010238,85.0,77.0,34.0,20.0,6.0,last_good_canonical,2024.0,401620329.0,6.0,4.0,espn
2024-07-06,CHI,SEA,80.34,112.47443762781188,101.89228529839885,88.0,84.0,37.0,21.0,5.0,last_good_canonical,2024.0,401620337.0,7.0,5.0,espn
2024-07-07,CHI,SEA,82.42,86.29071463296061,101.74418604651164,71.0,84.0,38.0,20.0,3.0,last_good_canonical,2024.0,401620342.0,8.0,9.0,espn
2024-07-10,CHI,ATL,83.38,95.44787077826726,81.13828786453433,78.0,69.0,43.0,22.0,6.0,last_good_canonical,2024.0,401620347.0,11.0,8.0,espn
2024-07-11,CHI,NYL,76.94,96.10520991401113,121.6577540106952,76.0,91.0,36.0,23.0,4.0,last_good_canonical,2024.0,401620350.0,3.0,1.0,espn
2024-07-13,CHI,NYL,75.46000000000001,92.08356239692138,103.63357215967248,67.0,81.0,41.0,15.0,7.0,last_good_canonical,2024.0,401620354.0,4.0,2.0,espn
2024-07-17,CHI,LVA,86.18,106.06751824817518,100.37789324515823,93.0,85.0,35.0,20.0,4.0,last_good_canonical,2024.0,401620363.0,9.0,2.0,espn
2024-08-16,CHI,PHX,73.0,86.4821713677488,119.98870694522869,65.0,85.0,33.0,14.0,4.0,last_good_canonical,2024.0,401620366.0,7.0,3.0,espn
2024-08-17,CHI,LAS,83.0,109.01162790697674,103.0680728667306,90.0,86.0,42.0,20.0,4.0,last_good_canonical,2024.0,401620374.0,4.0,5.0,espn
2024-08-19,CHI,PHX,77.94,85.81524482584554,112.21294363256784,68.0,86.0,44.0,20.0,0.0,last_good_canonical,2024.0,401620378.0,5.0,1.0,espn
2024-08-23,CHI,CON,82.76,99.1571641051066,96.65252239509664,80.0,82.0,42.0,18.0,3.0,last_good_canonical,2024.0,401620386.0,7.0,4.0,espn
2024-08-25,CHI,LVA,80.84,91.15216334467672,96.97732997481108,75.0,77.0,47.0,17.0,7.0,last_good_canonical,2024.0,401620391.0,1.0,9.0,espn
2024-08-29,CHI,WAS,76.16,92.5925925925926,96.4546402502607,70.0,74.0,36.0,19.0,5.0,last_good_canonical,2024.0,401620398.0,2.0,4.0,espn
2024-08-30,CHI,IND,83.0,99.7045790251108,117.98017932987256,81.0,100.0,42.0,24.0,9.0,last_good_canonical,2024.0,401620402.0,6.0,1.0,espn
2024-09-01,CHI,MIN,76.82,95.65667011375388,103.56581017304669,74.0,79.0,38.0,15.0,2.0,last_good_canonical,2024.0,401620408.0,5.0,1.0,espn
2024-09-04,CHI,LVA,78.3,89.46572580645162,116.51993785603317,71.0,90.0,29.0,16.0,7.0,last_good_canonical,2024.0,401620414.0,8.0,2.0,espn
2024-09-07,CHI,LAS,81.97999999999999,111.97663096397274,95.35452322738386,92.0,78.0,35.0,24.0,7.0,last_good_canonical,2024.0,401620422.0,9.0,5.0,espn
2024-09-08,CHI,DAL,83.74000000000001,109.36757013789824,92.3704414587332,92.0,77.0,38.0,19.0,5.0,last_good_canonical,2024.0,401620427.0,6.0,4.0,espn
2024-09-12,CHI,WAS,78.16,73.56671740233384,114.86835312338668,58.0,89.0,32.0,17.0,1.0,last_good_canonical,2024.0,401620433.0,7.0,4.0,espn
2024-09-13,CHI,MIN,79.44,84.09785932721712,103.23383084577114,66.0,83.0,34.0,17.0,4.0,last_good_canonical,2024.0,401620439.0,4.0,6.0,espn
2024-09-15,CHI,PHX,76.53999999999999,117.96246648793569,118.50152905198776,88.0,93.0,37.0,26.0,14.0,last_good_canonical,2024.0,401620444.0,4.0,3.0,espn
2024-09-17,CHI,ATL,75.12,93.28358208955224,114.36170212765956,70.0,86.0,29.0,13.0,6.0,last_good_canonical,2024.0,401620449.0,1.0,2.0,espn
2024-09-19,CHI,CON,75.84,72.0384204909285,113.39937434827948,54.0,87.0,24.0,16.0,6.0,last_good_canonical,2024.0,401620452.0,5.0,10.0,espn
2025-05-03,CHI,BRZL,85.08,104.02057035998128,73.28605200945627,89.0,62.0,43.0,21.0,7.0,last_good_canonical,2025.0,401761346.0,12.0,2.0,espn
2025-05-06,CHI,MIN,80.66,94.92047203694204,82.77351247600768,74.0,69.0,37.0,20.0,9.0,last_good_canonical,2025.0,401761347.0,11.0,6.0,espn
2025-05-11,CHI,MIN,80.36,106.93215339233038,115.9274193548387,87.0,92.0,35.0,20.0,12.0,last_good_canonical,2025.0,401761348.0,8.0,5.0,espn
2025-05-17,CHI,IND,87.64,65.70004531037607,106.89655172413794,58.0,93.0,42.0,17.0,6.0,last_good_canonical,2025.0,401736115.0,5.0,7.0,espn
2025-05-23,CHI,NYL,84.74000000000001,84.0909090909091,121.5022091310751,74.0,99.0,36.0,16.0,11.0,last_good_canonical,2025.0,401736127.0,9.0,1.0,espn
2025-05-25,CHI,LAS,78.2,98.38546922300706,117.99792531120332,78.0,91.0,34.0,17.0,4.0,last_good_canonical,2025.0,401736135.0,6.0,3.0,espn
2025-05-28,CHI,PHX,85.08,104.95283018867924,110.12183692596064,89.0,94.0,42.0,25.0,6.0,last_good_canonical,2025.0,401736142.0,6.0,5.0,espn
2025-05-30,CHI,DAL,84.66,113.47683668694432,109.7328244274809,97.0,92.0,34.0,28.0,10.0,last_good_canonical,2025.0,401736145.0,11.0,0.0,espn
2025-06-01,CHI,DAL,85.8,105.5231252806466,100.58167716917112,94.0,83.0,39.0,20.0,8.0,last_good_canonical,2025.0,401736151.0,8.0,5.0,espn
2025-06-08,CHI,IND,72.14,71.8629076838032,109.84427141268075,52.0,79.0,30.0,11.0,3.0,last_good_canonical,2025.0,401736164.0,5.0,4.0,espn
2025-06-11,CHI,NYL,80.96000000000001,81.40108534780464,105.14596734289955,66.0,85.0,37.0,18.0,6.0,last_good_canonical,2025.0,401736170.0,7.0,3.0,espn
2025-06-13,CHI,ATL,77.03999999999999,91.38381201044388,113.57769747031492,70.0,88.0,36.0,20.0,6.0,last_good_canonical,2025.0,401736174.0,6.0,3.0,espn
2025-06-15,CHI,CON,73.6,102.73972602739724,92.5925925925926,78.0,66.0,38.0,20.0,7.0,last_good_canonical,2025.0,401736179.0,7.0,5.0,espn
2025-06-18,CHI,WAS,78.7,90.31610637230308,101.6992790937178,72.0,79.0,31.0,21.0,3.0,last_good_canonical,2025.0,401736184.0,10.0,6.0,espn
2025-06-21,CHI,PHX,83.68,105.13447432762835,125.05843852267414,86.0,107.0,22.0,22.0,8.0,last_good_canonical,2025.0,401736194.0,14.0,3.0,espn
2025-06-22,CHI,ATL,78.88,104.4932079414838,114.5320197044335,80.0,93.0,38.0,19.0,4.0,last_good_canonical,2025.0,401736196.0,7.0,5.0,espn
2025-06-25,CHI,LAS,85.38,110.83180987202924,103.31571359923116,97.0,86.0,36.0,23.0,6.0,last_good_canonical,2025.0,401736202.0,8.0,3.0,espn
2025-06-28,CHI,GSV,81.06,95.87020648967552,102.77365032194156,78.0,83.0,40.0,15.0,13.0,last_good_canonical,2025.0,401736211.0,7.0,4.0,espn
2025-06-29,CHI,LAS,80.08000000000001,118.74032008260195,102.80599903241412,92.0,85.0,35.0,22.0,11.0,last_good_canonical,2025.0,401736216.0,6.0,7.0,espn
2025-07-06,CHI,MIN,80.0,93.14456035767512,100.65425264217411,75.0,80.0,45.0,21.0,10.0,last_good_canonical,2025.0,401736229.0,4.0,2.0,espn
2025-07-08,CHI,WAS,82.32,98.75,95.69943289224952,79.0,81.0,39.0,19.0,6.0,last_good_canonical,2025.0,401736232.0,8.0,5.0,espn
2025-07-10,CHI,DAL,77.68,118.98249452954047,92.41245136186772,87.0,76.0,40.0,24.0,10.0,last_good_canonical,2025.0,401736237.0,5.0,10.0,espn
2025-07-12,CHI,MIN,85.38,99.95404411764706,96.75107501194458,87.0,81.0,45.0,17.0,4.0,last_good_canonical,2025.0,401736242.0,5.0,3.0,espn
2025-07-15,CHI,MIN,78.54,99.94874423372627,115.1315789473684,78.0,91.0,34.0,19.0,7.0,last_good_canonical,2025.0,401736248.0,3.0,1.0,espn
2025-07-16,CHI,ATL,79.16,62.40448293428426,107.76942355889724,49.0,86.0,33.0,12.0,7.0,last_good_canonical,2025.0,401736252.0,5.0,7.0,espn
2025-07-23,CHI,MIN,77.80000000000001,88.26583592938732,115.83503054989816,68.0,91.0,36.0,11.0,7.0,last_good_canonical,2025.0,401736259.0,6.0,2.0,espn
2025-07-25,CHI,SEA,78.6,71.60804020100502,122.42268041237114,57.0,95.0,31.0,14.0,4.0,last_good_canonical,2025.0,401736265.0,4.0,3.0,espn
2025-07-27,CHI,IND,82.6,92.680608365019,114.75814412635737,78.0,93.0,32.0,17.0,10.0,last_good_canonical,2025.0,401736269.0,7.0,5.0,espn
2025-07-29,CHI,WAS,81.9,107.6076076076076,122.79446828803052,86.0,103.0,37.0,16.0,6.0,last_good_canonical,2025.0,401736279.0,8.0,3.0,espn
2025-08-01,CHI,GSV,73.22,93.75,96.00210415570751,66.0,73.0,36.0,21.0,6.0,last_good_canonical,2025.0,401736287.0,2.0,6.0,espn
2025-08-03,CHI,PHX,75.53999999999999,87.10348413936558,111.92017259978424,67.0,83.0,40.0,19.0,5.0,last_good_canonical,2025.0,401736293.0,3.0,6.0,espn
2025-08-06,CHI,WAS,76.28,101.35135135135135,84.65608465608466,78.0,64.0,33.0,22.0,4.0,last_good_canonical,2025.0,401736297.0,6.0,2.0,espn
2025-08-08,CHI,ATL,79.75999999999999,80.72528564331843,108.86075949367088,65.0,86.0,27.0,19.0,4.0,last_good_canonical,2025.0,401736302.0,6.0,8.0,espn
2025-08-10,CHI,IND,73.06,97.5473801560758,123.7224314147391,70.0,92.0,40.0,19.0,11.0,last_good_canonical,2025.0,401736309.0,3.0,2.0,espn
2025-08-13,CHI,CON,74.94,81.27949659150498,96.46739130434784,62.0,71.0,37.0,17.0,5.0,last_good_canonical,2025.0,401736318.0,0.0,4.0,espn
2025-08-15,CHI,GSV,70.82,81.22246696035242,130.43478260869566,59.0,90.0,28.0,20.0,7.0,last_good_canonical,2025.0,401736323.0,5.0,2.0,espn
2025-08-20,CHI,SEA,85.26,101.85185185185183,111.74512601046123,88.0,94.0,30.0,30.0,8.0,last_good_canonical,2025.0,401736335.0,7.0,7.0,espn
2025-08-21,CHI,NYL,79.68,117.0267489711934,104.16666666666669,91.0,85.0,42.0,17.0,4.0,last_good_canonical,2025.0,401736340.0,10.0,3.0,espn
2025-08-23,CHI,CON,78.06,105.74018126888218,122.58737610850284,84.0,94.0,32.0,25.0,9.0,last_good_canonical,2025.0,401736348.0,4.0,1.0,espn
2025-08-26,CHI,LVA,81.26,89.0279114533205,99.4962216624685,74.0,79.0,42.0,20.0,5.0,last_good_canonical,2025.0,401736353.0,4.0,4.0,espn
2025-08-29,CHI,PHX,77.42,99.7978777160182,109.67230443974628,79.0,83.0,38.0,19.0,10.0,last_good_canonical,2025.0,401736360.0,4.0,7.0,espn
2025-08-31,CHI,SEA,77.96000000000001,88.46153846153847,101.38603696098562,69.0,79.0,37.0,19.0,1.0,last_good_canonical,2025.0,401736365.0,8.0,4.0,espn
2025-09-04,CHI,CON,72.92,122.97372833985466,86.16047388260635,88.0,64.0,33.0,25.0,7.0,last_good_canonical,2025.0,401736375.0,8.0,6.0,espn
2025-09-05,CHI,IND,80.44,98.06418746816098,117.7756192326372,77.0,97.0,31.0,18.0,2.0,last_good_canonical,2025.0,401736380.0,2.0,4.0,espn
2025-09-08,CHI,LVA,76.08,87.90623335109217,103.78827192527244,66.0,80.0,40.0,19.0,6.0,last_good_canonical,2025.0,401736386.0,6.0,3.0,espn
2025-09-10,CHI,LVA,71.03999999999999,84.958217270195,130.9049516220831,61.0,92.0,27.0,12.0,4.0,last_good_canonical,2025.0,401736390.0,6.0,5.0,espn
2025-09-12,CHI,NYL,76.88,111.28364389233954,118.98535564853556,86.0,91.0,26.0,25.0,12.0,last_good_canonical,2025.0,401736394.0,5.0,5.0,espn
2026-05-10,CHI,POR,81.88,124.11347517730496,97.87735849056604,98.0,83.0,46.0,22.0,6.0,last_good_canonical,2026.0,401856895.0,4.0,8.0,espn
2026-05-14,CHI,GSV,78.64,88.19018404907976,79.70647773279352,69.0,63.0,39.0,19.0,6.0,last_good_canonical,2026.0,401856906.0,7.0,8.0,espn
2026-05-16,CHI,PHX,84.74,98.29464708668876,107.00846660395108,83.0,91.0,27.0,16.0,6.0,last_good_canonical,2026.0,401856913.0,5.0,7.0,espn
2026-05-17,CHI,MIN,84.14,103.6144578313253,92.6360225140713,86.0,79.0,39.0,17.0,6.0,last_good_canonical,2026.0,401856914.0,7.0,4.0,espn
2026-05-21,CHI,DAL,80.84,110.47666335650446,122.04142011834318,89.0,99.0,30.0,20.0,5.0,last_good_canonical,2026.0,401856922.0,4.0,5.0,espn
2026-05-23,CHI,MIN,89.72,83.14855875831485,95.24876736889289,75.0,85.0,28.0,14.0,6.0,last_good_canonical,2026.0,401856930.0,11.0,2.0,espn
2026-05-28,CHI,TOR,84.98,118.5050136736554,135.03649635036496,104.0,111.0,27.0,31.0,7.0,last_good_canonical,2026.0,401856939.0,7.0,3.0,espn
2026-05-29,CHI,MIN,86.42,67.5046554934823,90.88817303267372,58.0,79.0,41.0,15.0,5.0,last_good_canonical,2026.0,401856947.0,6.0,6.0,espn
2026-06-02,CHI,WAS,,,,72.0,90.0,29.0,19.0,6.0,last_good_canonical,,,,,
2026-06-05,CHI,CON,,,,85.0,80.0,28.0,21.0,6.0,last_good_canonical,,,,,
2026-06-07,CHI,TOR,,,,68.0,85.0,37.0,15.0,6.0,last_good_canonical,,,,,
2026-06-09,CHI,ATL,,,,75.0,82.0,25.0,17.0,8.0,last_good_canonical,,,,,
2026-06-11,CHI,IND,,,,106.0,114.0,34.0,22.0,7.0,last_good_canonical,,,,,
2026-06-17,CHI,NYL,,,,95.0,96.0,28.0,23.0,12.0,last_good_canonical,,,,,
2026-06-18,CHI,NYL,79.86,117.86600496277916,121.33468149646106,95.0,96.0,28.0,23.0,12.0,last_good_canonical,2026.0,401856997.0,10.0,4.0,espn
2026-06-21,CHI,DAL,85.5,108.54176498348276,107.83858998144711,92.0,93.0,43.0,22.0,7.0,last_good_canonical,2026.0,401857008.0,9.0,3.0,espn
2026-06-25,CHI,POR,81.28,123.53228962818004,96.53465346534654,101.0,78.0,38.0,27.0,6.0,last_good_canonical,2026.0,401857019.0,6.0,6.0,espn
2025-07-20,CLA,COL,106.28,122.98159969958694,142.39909468125234,131.0,151.0,41.0,36.0,19.0,last_good_canonical,2025.0,401781604.0,8.0,0.0,espn
2025-07-20,COL,CLA,106.28,142.39909468125234,122.98159969958694,151.0,131.0,56.0,45.0,21.0,last_good_canonical,2025.0,401781604.0,3.0,0.0,espn
2024-05-09,CON,NYL,75.02000000000001,104.2766631467793,110.3931071620894,79.0,82.0,32.0,25.0,12.0,last_good_canonical,2024.0,401649560.0,11.0,3.0,espn
2024-05-14,CON,IND,81.68,109.52380952380952,89.46572580645162,92.0,71.0,30.0,20.0,9.0,last_good_canonical,2024.0,401620219.0,11.0,1.0,espn
2024-05-17,CON,WAS,80.8,103.1434184675835,96.05788423153692,84.0,77.0,29.0,16.0,2.0,last_good_canonical,2024.0,401620225.0,14.0,3.0,espn
2024-05-20,CON,IND,79.46000000000001,109.72568578553616,106.70731707317071,88.0,84.0,33.0,15.0,4.0,last_good_canonical,2024.0,401620232.0,5.0,4.0,espn
2024-05-23,CON,MIN,88.52,93.00761990138952,93.39407744874715,83.0,82.0,30.0,17.0,5.0,last_good_canonical,2024.0,401620238.0,10.0,2.0,espn
2024-05-26,CON,CHI,74.46000000000001,117.42217367558712,108.35095137420718,86.0,82.0,38.0,17.0,6.0,last_good_canonical,2024.0,401620243.0,5.0,4.0,espn
2024-05-28,CON,PHX,81.80000000000001,84.4187168355041,58.25483391175012,70.0,47.0,38.0,23.0,5.0,last_good_canonical,2024.0,401620249.0,12.0,4.0,espn
2024-05-31,CON,DAL,71.16,103.4097261039687,101.75240248728096,74.0,72.0,28.0,22.0,2.0,last_good_canonical,2024.0,401620258.0,8.0,2.0,espn
2024-06-02,CON,ATL,78.0,86.5529352734571,65.54798112218144,69.0,50.0,45.0,22.0,6.0,last_good_canonical,2024.0,401620262.0,4.0,3.0,espn
2024-06-04,CON,WAS,74.24,101.4957264957265,80.16304347826087,76.0,59.0,31.0,22.0,6.0,last_good_canonical,2024.0,401620266.0,7.0,4.0,espn
2024-06-08,CON,NYL,78.6,93.19085487077534,106.88216892596456,75.0,82.0,35.0,17.0,4.0,last_good_canonical,2024.0,401620277.0,3.0,2.0,espn
2024-06-10,CON,IND,73.96000000000001,120.98966829798805,96.82625067240453,89.0,72.0,41.0,22.0,8.0,last_good_canonical,2024.0,401620283.0,9.0,3.0,espn
2024-06-13,CON,CHI,76.96,103.3366533864542,101.90217391304348,83.0,75.0,28.0,21.0,3.0,last_good_canonical,2024.0,401620287.0,13.0,2.0,espn
2024-06-15,CON,DAL,76.12,110.85028690662492,88.67125463208046,85.0,67.0,38.0,21.0,6.0,last_good_canonical,2024.0,401620293.0,7.0,3.0,espn
2024-06-18,CON,LAS,75.16,109.1160220994475,89.83572895277207,79.0,70.0,27.0,18.0,4.0,last_good_canonical,2024.0,401620299.0,10.0,3.0,espn
2024-06-22,CON,LVA,78.06,93.67088607594935,110.21784232365144,74.0,85.0,29.0,14.0,6.0,last_good_canonical,2024.0,401620307.0,8.0,1.0,espn
2024-06-23,CON,SEA,76.76,79.75941422594141,93.45794392523364,61.0,72.0,38.0,13.0,2.0,last_good_canonical,2024.0,401620314.0,8.0,3.0,espn
2024-06-27,CON,WAS,89.96,108.89712696941614,97.22222222222224,94.0,91.0,30.0,20.0,9.0,last_good_canonical,2024.0,401620316.0,12.0,5.0,espn
2024-06-28,CON,ATL,79.56,89.76225133430374,101.72143974960876,74.0,78.0,26.0,20.0,7.0,last_good_canonical,2024.0,401620319.0,10.0,2.0,espn
2024-07-02,CON,PHX,70.02000000000001,121.84380504991192,100.11123470522804,83.0,72.0,37.0,17.0,5.0,last_good_canonical,2024.0,401620326.0,2.0,3.0,espn
2024-07-05,CON,MIN,77.34,100.36026762738034,94.85446985446988,78.0,73.0,35.0,23.0,6.0,last_good_canonical,2024.0,401620333.0,10.0,4.0,espn
2024-07-07,CON,ATL,68.36,117.02750146284376,98.01053247513164,80.0,67.0,36.0,20.0,10.0,last_good_canonical,2024.0,401620340.0,4.0,3.0,espn
2024-07-10,CON,NYL,74.04,89.42661756970016,98.5563575791227,68.0,71.0,35.0,19.0,6.0,last_good_canonical,2024.0,401620345.0,1.0,2.0,espn
2024-07-14,CON,PHX,77.82,122.69938650306749,89.14728682170542,96.0,69.0,44.0,26.0,10.0,last_good_canonical,2024.0,401620356.0,9.0,3.0,espn
2024-07-16,CON,NYL,80.24000000000001,91.7203767972236,102.75689223057644,74.0,82.0,31.0,17.0,2.0,last_good_canonical,2024.0,401620362.0,11.0,4.0,espn
2024-08-17,CON,DAL,87.69999999999999,120.68201948627105,106.9581570286789,109.0,91.0,26.0,30.0,11.0,last_good_canonical,2024.0,401620371.0,9.0,3.0,espn
2024-08-18,CON,ATL,80.66,86.76251859196826,101.68650793650794,70.0,82.0,40.0,16.0,4.0,last_good_canonical,2024.0,401620375.0,8.0,4.0,espn
2024-08-20,CON,LAS,81.94,85.73558648111332,73.14148681055156,69.0,61.0,36.0,21.0,5.0,last_good_canonical,2024.0,401620379.0,12.0,4.0,espn
2024-08-23,CON,CHI,82.76,96.65252239509664,99.1571641051066,82.0,80.0,30.0,18.0,6.0,last_good_canonical,2024.0,401620386.0,12.0,6.0,espn
2024-08-24,CON,NYL,78.88,89.46322067594433,82.81573498964804,72.0,64.0,37.0,20.0,2.0,last_good_canonical,2024.0,401620389.0,7.0,3.0,espn
2024-08-28,CON,IND,82.66,95.83133684714902,102.63929618768329,80.0,84.0,27.0,19.0,8.0,last_good_canonical,2024.0,401620397.0,14.0,4.0,espn
2024-08-31,CON,WAS,80.14,118.9885969261279,106.78391959798996,96.0,85.0,29.0,23.0,14.0,last_good_canonical,2024.0,401620406.0,10.0,3.0,espn
2024-09-01,CON,SEA,82.64,115.21308225966304,101.70293282876064,93.0,86.0,32.0,19.0,3.0,last_good_canonical,2024.0,401620407.0,7.0,7.0,espn
2024-09-03,CON,SEA,76.03999999999999,87.09853021230266,90.33078880407125,64.0,71.0,30.0,18.0,5.0,last_good_canonical,2024.0,401620412.0,7.0,3.0,espn
2024-09-06,CON,LVA,78.42,87.60460251046025,89.5968143354903,67.0,72.0,33.0,16.0,3.0,last_good_canonical,2024.0,401620420.0,10.0,4.0,espn
2024-09-09,CON,LAS,78.42,99.9493927125506,86.11825192802057,79.0,67.0,33.0,22.0,6.0,last_good_canonical,2024.0,401620428.0,9.0,5.0,espn
2024-09-11,CON,LAS,80.22,110.03070624360286,80.21390374331551,86.0,66.0,33.0,24.0,8.0,last_good_canonical,2024.0,401620431.0,8.0,7.0,espn
2024-09-14,CON,PHX,79.66,108.00196367206676,88.64337101747174,88.0,69.0,38.0,23.0,8.0,last_good_canonical,2024.0,401620440.0,2.0,5.0,espn
2024-09-15,CON,LVA,74.06,97.95805739514348,111.05235325224749,71.0,84.0,34.0,20.0,6.0,last_good_canonical,2024.0,401620445.0,2.0,3.0,espn
2024-09-17,CON,MIN,77.78,96.39776763064434,101.66840458811262,76.0,78.0,31.0,21.0,7.0,last_good_canonical,2024.0,401620447.0,9.0,6.0,espn
2024-09-19,CON,CHI,75.84,113.39937434827948,72.0384204909285,87.0,54.0,37.0,24.0,6.0,last_good_canonical,2024.0,401620452.0,7.0,9.0,espn
2024-09-22,CON,IND,80.44,113.97058823529412,87.03329969727548,93.0,69.0,36.0,27.0,9.0,last_good_canonical,2024.0,401721253.0,6.0,6.0,espn
2024-09-25,CON,IND,80.03999999999999,108.58711932101846,101.3006503251626,87.0,81.0,29.0,25.0,5.0,last_good_canonical,2024.0,401721254.0,6.0,4.0,espn
2024-09-30,CON,MIN,75.52,95.64989517819708,93.6830835117773,73.0,70.0,39.0,24.0,9.0,last_good_canonical,2024.0,401725075.0,5.0,2.0,espn
2024-10-02,CON,MIN,73.97999999999999,92.34828496042216,106.70731707317074,70.0,77.0,32.0,16.0,5.0,last_good_canonical,2024.0,401725076.0,10.0,2.0,espn
2024-10-04,CON,MIN,77.24000000000001,99.85207100591715,122.6826608505998,81.0,90.0,33.0,21.0,3.0,last_good_canonical,2024.0,401725077.0,3.0,1.0,espn
2024-10-06,CON,MIN,78.03999999999999,117.70726714431936,105.23613963039014,92.0,82.0,29.0,19.0,8.0,last_good_canonical,2024.0,401725078.0,9.0,3.0,espn
2024-10-09,CON,MIN,79.64,96.63654618473896,110.55276381909547,77.0,88.0,35.0,11.0,8.0,last_good_canonical,2024.0,401725079.0,6.0,6.0,espn
2025-05-04,CON,SEA,79.86,72.30392156862746,101.12647209421402,59.0,79.0,28.0,14.0,5.0,last_good_canonical,2025.0,401761349.0,14.0,4.0,espn
2025-05-09,CON,NYL,76.36,128.55579868708972,108.04020100502514,94.0,86.0,32.0,24.0,11.0,last_good_canonical,2025.0,401765028.0,9.0,2.0,espn
2025-05-18,CON,WAS,81.26,106.56970912738214,108.74818753020784,85.0,90.0,33.0,17.0,3.0,last_good_canonical,2025.0,401736118.0,6.0,5.0,espn
2025-05-20,CON,LVA,79.84,77.03777335984095,109.84848484848484,62.0,87.0,34.0,16.0,3.0,last_good_canonical,2025.0,401736121.0,4.0,3.0,espn
2025-05-23,CON,MIN,80.53999999999999,87.89552988448015,93.32023575638507,70.0,76.0,40.0,22.0,10.0,last_good_canonical,2025.0,401736128.0,5.0,4.0,espn
2025-05-25,CON,ATL,77.66,72.21638655462185,99.7978777160182,55.0,79.0,34.0,14.0,4.0,last_good_canonical,2025.0,401736134.0,4.0,3.0,espn
2025-05-27,CON,DAL,82.80000000000001,102.54596888260254,134.96780584447745,87.0,109.0,27.0,20.0,8.0,last_good_canonical,2025.0,401736138.0,10.0,0.0,espn
2025-05-30,CON,IND,76.91999999999999,110.96605744125328,107.45727602278612,85.0,83.0,25.0,19.0,10.0,last_good_canonical,2025.0,401736146.0,9.0,2.0,espn
2025-06-01,CON,NYL,75.72,70.30827474310439,129.06556530717603,52.0,100.0,26.0,11.0,6.0,last_good_canonical,2025.0,401736152.0,8.0,0.0,espn
2025-06-06,CON,ATL,80.42,104.52961672473867,94.43339960238568,84.0,76.0,27.0,17.0,3.0,last_good_canonical,2025.0,401736161.0,9.0,3.0,espn
2025-06-08,CON,WAS,81.62,82.75691699604744,126.39766650461836,67.0,104.0,22.0,17.0,7.0,last_good_canonical,2025.0,401736166.0,8.0,4.0,espn
2025-06-15,CON,CHI,73.6,92.5925925925926,102.73972602739724,66.0,78.0,32.0,15.0,8.0,last_good_canonical,2025.0,401736179.0,9.0,2.0,espn
2025-06-17,CON,IND,76.92,94.91978609625669,111.33603238866397,71.0,88.0,27.0,15.0,3.0,last_good_canonical,2025.0,401736182.0,8.0,4.0,espn
2025-06-18,CON,PHX,78.0,93.60958562156765,109.38323668950976,75.0,83.0,37.0,20.0,8.0,last_good_canonical,2025.0,401736188.0,5.0,5.0,espn
2025-06-20,CON,DAL,78.75999999999999,107.34609415416452,107.23192019950125,83.0,86.0,29.0,19.0,6.0,last_good_canonical,2025.0,401736192.0,9.0,8.0,espn
2025-06-23,CON,GSV,79.5,80.52147239263805,107.7265973254086,63.0,87.0,35.0,14.0,7.0,last_good_canonical,2025.0,401736200.0,4.0,10.0,espn
2025-06-26,CON,LVA,81.66,72.58858267716535,103.60799609946366,59.0,85.0,30.0,15.0,2.0,last_good_canonical,2025.0,401736206.0,7.0,5.0,espn
2025-06-28,CON,SEA,81.68,99.7045790251108,118.11982464685823,81.0,97.0,28.0,21.0,7.0,last_good_canonical,2025.0,401736213.0,9.0,5.0,espn
2025-06-29,CON,MIN,81.02000000000001,80.27522935779817,122.06797510770704,63.0,102.0,27.0,14.0,4.0,last_good_canonical,2025.0,401736218.0,8.0,5.0,espn
2025-07-06,CON,LVA,77.53999999999999,85.68548387096774,113.57633386159536,68.0,86.0,27.0,14.0,5.0,last_good_canonical,2025.0,401736227.0,9.0,2.0,espn
2025-07-09,CON,SEA,79.02000000000001,118.20030503304524,104.5866935483871,93.0,83.0,38.0,21.0,8.0,last_good_canonical,2025.0,401736234.0,5.0,6.0,espn
2025-07-12,CON,SEA,72.52000000000001,87.03802892340653,112.2797043774872,65.0,79.0,35.0,11.0,3.0,last_good_canonical,2025.0,401736241.0,4.0,3.0,espn
2025-07-13,CON,LAS,81.6,104.56273764258556,116.39676113360323,88.0,92.0,28.0,15.0,9.0,last_good_canonical,2025.0,401736246.0,7.0,3.0,espn
2025-07-16,CON,IND,82.4,89.49325894932589,107.92280345352972,77.0,85.0,40.0,16.0,5.0,last_good_canonical,2025.0,401736250.0,10.0,1.0,espn
2025-07-24,CON,LAS,88.98,96.49910233393176,113.68752814047726,86.0,101.0,34.0,18.0,8.0,last_good_canonical,2025.0,401736263.0,8.0,4.0,espn
2025-07-27,CON,GSV,81.64,118.5129740518962,76.99711260827719,95.0,64.0,32.0,21.0,12.0,last_good_canonical,2025.0,401736272.0,14.0,6.0,espn
2025-07-28,CON,SEA,86.92,96.11035730438716,118.26697892271662,85.0,101.0,26.0,20.0,8.0,last_good_canonical,2025.0,401736276.0,8.0,2.0,espn
2025-08-01,CON,NYL,82.02000000000001,93.34609861177596,77.03777335984095,78.0,62.0,42.0,21.0,5.0,last_good_canonical,2025.0,401736286.0,11.0,5.0,espn
2025-08-03,CON,NYL,84.9,92.11147850732168,102.20864661654134,78.0,87.0,28.0,14.0,5.0,last_good_canonical,2025.0,401736292.0,12.0,2.0,espn
2025-08-06,CON,PHX,82.32,80.21390374331551,99.5628946090335,66.0,82.0,35.0,16.0,5.0,last_good_canonical,2025.0,401736299.0,11.0,4.0,espn
2025-08-08,CON,LAS,81.52,111.51960784313728,125.24557956777996,91.0,102.0,31.0,20.0,13.0,last_good_canonical,2025.0,401736303.0,7.0,4.0,espn
2025-08-11,CON,LVA,82.06,107.66149223835754,111.58594491927826,86.0,94.0,23.0,22.0,12.0,last_good_canonical,2025.0,401736314.0,10.0,3.0,espn
2025-08-12,CON,GSV,69.44,81.24287343215508,107.68335273573923,57.0,74.0,35.0,16.0,5.0,last_good_canonical,2025.0,401736315.0,6.0,5.0,espn
2025-08-13,CON,CHI,74.94,96.46739130434784,81.27949659150498,71.0,62.0,31.0,20.0,4.0,last_good_canonical,2025.0,401736318.0,11.0,8.0,espn
2025-08-17,CON,IND,89.9,104.72972972972973,108.7912087912088,93.0,99.0,32.0,25.0,7.0,last_good_canonical,2025.0,401736329.0,7.0,5.0,espn
2025-08-19,CON,WAS,76.75999999999999,103.41261633919338,90.59873949579833,80.0,69.0,38.0,16.0,3.0,last_good_canonical,2025.0,401736334.0,10.0,3.0,espn
2025-08-21,CON,WAS,74.2,87.60460251046025,77.8642936596218,67.0,56.0,34.0,20.0,2.0,last_good_canonical,2025.0,401736339.0,15.0,2.0,espn
2025-08-23,CON,CHI,78.06,122.58737610850284,105.74018126888218,94.0,84.0,28.0,24.0,8.0,last_good_canonical,2025.0,401736348.0,10.0,4.0,espn
2025-08-25,CON,NYL,75.75999999999999,102.38465526179368,108.92953200645508,79.0,81.0,34.0,16.0,10.0,last_good_canonical,2025.0,401736352.0,7.0,0.0,espn
2025-08-28,CON,DAL,89.62,112.52228163992868,106.16897630755476,101.0,95.0,32.0,22.0,8.0,last_good_canonical,2025.0,401736357.0,9.0,2.0,espn
2025-08-30,CON,MIN,72.14,93.03561935140884,136.15295480880647,70.0,94.0,41.0,15.0,5.0,last_good_canonical,2025.0,401736363.0,3.0,2.0,espn
2025-09-01,CON,ATL,73.36,102.48112189859764,128.16979051819183,76.0,93.0,26.0,17.0,2.0,last_good_canonical,2025.0,401736369.0,6.0,4.0,espn
2025-09-04,CON,CHI,72.92,86.16047388260635,122.97372833985466,64.0,88.0,32.0,14.0,5.0,last_good_canonical,2025.0,401736375.0,5.0,5.0,espn
2025-09-06,CON,PHX,84.6,101.20986505351324,100.91302258529554,87.0,84.0,39.0,16.0,5.0,last_good_canonical,2025.0,401736382.0,5.0,4.0,espn
2025-09-08,CON,ATL,80.62,78.64028411973617,105.58252427184463,62.0,87.0,33.0,15.0,7.0,last_good_canonical,2025.0,401736387.0,3.0,3.0,espn
2025-09-10,CON,ATL,76.69999999999999,92.02453987730064,117.08355508249068,72.0,88.0,35.0,14.0,3.0,last_good_canonical,2025.0,401736393.0,10.0,1.0,espn
2026-05-03,CON,NYL,77.82,85.94150846587995,101.6992790937178,67.0,79.0,33.0,15.0,6.0,last_good_canonical,2026.0,401866519.0,6.0,4.0,espn
2026-05-08,CON,NYL,91.62,80.12820512820514,118.25078090138332,75.0,106.0,32.0,21.0,4.0,last_good_canonical,2026.0,401856890.0,5.0,2.0,espn
2026-05-10,CON,SEA,85.6,92.46729815065405,107.85264178381,82.0,89.0,41.0,18.0,8.0,last_good_canonical,2026.0,401856896.0,7.0,3.0,espn
2026-05-14,CON,LVA,84.9,80.64516129032258,116.33428300094968,69.0,98.0,29.0,16.0,3.0,last_good_canonical,2026.0,401856905.0,6.0,3.0,espn
2026-05-15,CON,LVA,87.84,104.91071428571428,117.33271375464685,94.0,101.0,32.0,24.0,9.0,last_good_canonical,2026.0,401856910.0,11.0,2.0,espn
2026-05-19,CON,POR,80.12,104.06091370558376,101.9155206286837,82.0,83.0,32.0,23.0,7.0,last_good_canonical,2026.0,401856919.0,9.0,6.0,espn
2026-05-21,CON,SEA,81.24000000000001,100.65425264217411,93.97590361445783,80.0,78.0,38.0,14.0,5.0,last_good_canonical,2026.0,401856923.0,10.0,3.0,espn
2026-05-23,CON,SEA,74.32,81.76274944567628,100.67991631799164,59.0,77.0,33.0,15.0,4.0,last_good_canonical,2026.0,401856929.0,9.0,3.0,espn
2026-05-26,CON,GSV,81.72,88.25012607160868,115.31145981930575,70.0,97.0,32.0,13.0,6.0,last_good_canonical,2026.0,401856937.0,10.0,4.0,espn
2026-05-28,CON,POR,75.12,81.68184252811997,93.96506087877184,61.0,71.0,33.0,17.0,1.0,last_good_canonical,2026.0,401856941.0,9.0,3.0,espn
2026-05-30,CON,LAS,83.53999999999999,99.24385633270322,98.2532751091703,84.0,81.0,37.0,18.0,6.0,last_good_canonical,2026.0,401856950.0,11.0,9.0,espn
2026-06-02,CON,ATL,,,,75.0,91.0,28.0,17.0,4.0,last_good_canonical,,,,,
2026-06-05,CON,CHI,,,,80.0,85.0,40.0,19.0,4.0,last_good_canonical,,,,,
2026-06-08,CON,NYL,,,,80.0,89.0,28.0,21.0,3.0,last_good_canonical,,,,,
2026-06-10,CON,TOR,,,,102.0,106.0,42.0,21.0,9.0,last_good_canonical,,,,,
2026-06-13,CON,IND,,,,75.0,85.0,26.0,24.0,5.0,last_good_canonical,,,,,
2026-06-17,CON,WAS,,,,81.0,88.0,26.0,16.0,4.0,last_good_canonical,,,,,
2026-06-19,CON,TOR,,,,97.0,101.0,35.0,21.0,6.0,last_good_canonical,,,,,
2024-05-04,DAL,IND,80.64,97.48272458045408,94.715852442672,79.0,76.0,34.0,17.0,8.0,last_good_canonical,2024.0,401653060.0,8.0,7.0,espn
2024-05-16,DAL,CHI,84.14,100.69444444444444,96.48265754763068,87.0,79.0,42.0,18.0,5.0,last_good_canonical,2024.0,401620222.0,7.0,12.0,espn
2024-05-19,DAL,CHI,87.46000000000001,83.97639582387653,95.6221198156682,74.0,83.0,40.0,15.0,7.0,last_good_canonical,2024.0,401620229.0,7.0,8.0,espn
2024-05-21,DAL,ATL,81.24000000000001,95.35452322738386,102.87555775904808,78.0,83.0,35.0,17.0,2.0,last_good_canonical,2024.0,401620234.0,6.0,6.0,espn
2024-05-26,DAL,PHX,90.86,121.260199456029,98.41677364142062,107.0,92.0,38.0,23.0,10.0,last_good_canonical,2024.0,401620246.0,10.0,5.0,espn
2024-05-27,DAL,LAS,79.9,109.717868338558,99.71167707832774,84.0,83.0,44.0,22.0,2.0,last_good_canonical,2024.0,401620248.0,5.0,6.0,espn
2024-05-31,DAL,CON,71.16,101.75240248728096,103.4097261039687,72.0,74.0,30.0,21.0,6.0,last_good_canonical,2024.0,401620258.0,3.0,4.0,espn
2024-06-02,DAL,MIN,85.82,86.20689655172414,104.21657882127457,76.0,87.0,34.0,20.0,4.0,last_good_canonical,2024.0,401620264.0,12.0,3.0,espn
2024-06-06,DAL,LVA,82.74000000000001,97.96806966618288,114.73429951690822,81.0,95.0,40.0,18.0,5.0,last_good_canonical,2024.0,401620269.0,5.0,4.0,espn
2024-06-08,DAL,LAS,83.16,86.00095556617296,98.0629539951574,72.0,81.0,35.0,14.0,2.0,last_good_canonical,2024.0,401620275.0,7.0,5.0,espn
2024-06-09,DAL,PHX,97.76,93.59400998336106,97.62479871175525,90.0,97.0,36.0,25.0,6.0,last_good_canonical,2024.0,401620280.0,9.0,3.0,espn
2024-06-13,DAL,SEA,80.82,101.84287099903008,116.22031328954016,84.0,92.0,28.0,23.0,6.0,last_good_canonical,2024.0,401620289.0,6.0,9.0,espn
2024-06-15,DAL,CON,76.12,88.67125463208046,110.85028690662492,67.0,85.0,29.0,19.0,1.0,last_good_canonical,2024.0,401620293.0,3.0,2.0,espn
2024-06-18,DAL,MIN,78.44,97.11155378486056,117.55485893416927,78.0,90.0,34.0,24.0,7.0,last_good_canonical,2024.0,401620298.0,5.0,3.0,espn
2024-06-20,DAL,CHI,79.3,91.37055837563452,104.01002506265664,72.0,83.0,35.0,16.0,9.0,last_good_canonical,2024.0,401620304.0,9.0,3.0,espn
2024-06-22,DAL,WAS,84.92,81.13828786453433,114.3867924528302,69.0,97.0,36.0,20.0,5.0,last_good_canonical,2024.0,401620308.0,6.0,5.0,espn
2024-06-23,DAL,WAS,78.36,107.96915167095116,116.57374556512924,84.0,92.0,41.0,17.0,11.0,last_good_canonical,2024.0,401620312.0,6.0,1.0,espn
2024-06-27,DAL,MIN,79.1,118.92712550607288,111.16725618999496,94.0,88.0,36.0,21.0,9.0,last_good_canonical,2024.0,401620315.0,9.0,0.0,espn
2024-06-30,DAL,SEA,84.18,88.2079851439183,118.00486618004864,76.0,97.0,32.0,18.0,6.0,last_good_canonical,2024.0,401620322.0,12.0,2.0,espn
2024-07-02,DAL,SEA,81.62,91.77869700103412,110.61946902654869,71.0,95.0,31.0,18.0,4.0,last_good_canonical,2024.0,401620327.0,11.0,2.0,espn
2024-07-04,DAL,PHX,79.04,121.580547112462,131.4459049544995,96.0,104.0,34.0,20.0,5.0,last_good_canonical,2024.0,401620332.0,6.0,2.0,espn
2024-07-05,DAL,ATL,90.3,94.7814451382694,90.18917729872416,85.0,82.0,27.0,21.0,7.0,last_good_canonical,2024.0,401620335.0,16.0,5.0,espn
2024-07-07,DAL,LVA,87.03999999999999,99.16005599626692,117.70031688546854,85.0,104.0,37.0,19.0,6.0,last_good_canonical,2024.0,401620341.0,6.0,4.0,espn
2024-07-10,DAL,PHX,78.30000000000001,106.43689812468322,128.73326467559215,84.0,100.0,26.0,25.0,7.0,last_good_canonical,2024.0,401620349.0,5.0,1.0,espn
2024-07-13,DAL,LAS,84.03999999999999,95.38389072067828,104.61760461760464,81.0,87.0,33.0,18.0,5.0,last_good_canonical,2024.0,401620355.0,6.0,8.0,espn
2024-07-17,DAL,IND,87.2,114.877161055505,107.53931544865864,101.0,93.0,29.0,28.0,9.0,last_good_canonical,2024.0,401620365.0,10.0,4.0,espn
2024-08-17,DAL,CON,87.69999999999999,106.9581570286789,120.68201948627105,91.0,109.0,36.0,19.0,10.0,last_good_canonical,2024.0,401620371.0,12.0,4.0,espn
2024-08-20,DAL,NYL,85.34,86.9360902255639,109.86442262739598,74.0,94.0,28.0,20.0,9.0,last_good_canonical,2024.0,401620380.0,7.0,2.0,espn
2024-08-22,DAL,NYL,80.42,87.9583746283449,98.60209685471791,71.0,79.0,38.0,17.0,2.0,last_good_canonical,2024.0,401620384.0,4.0,6.0,espn
2024-08-25,DAL,LAS,85.6,133.317602642756,127.25590004627487,113.0,110.0,34.0,21.0,8.0,last_good_canonical,2024.0,401620392.0,9.0,2.0,espn
2024-08-28,DAL,LVA,80.28,114.30678466076697,113.63636363636364,93.0,90.0,40.0,22.0,6.0,last_good_canonical,2024.0,401620396.0,4.0,4.0,espn
2024-08-30,DAL,MIN,83.78,110.7967939651108,91.8762088974855,94.0,76.0,38.0,21.0,7.0,last_good_canonical,2024.0,401620403.0,10.0,3.0,espn
2024-09-01,DAL,IND,89.68,102.33274647887325,113.01989150090417,93.0,100.0,34.0,22.0,13.0,last_good_canonical,2024.0,401620409.0,8.0,2.0,espn
2024-09-04,DAL,WAS,80.96000000000001,106.91198408751865,110.45655375552282,86.0,90.0,44.0,22.0,4.0,last_good_canonical,2024.0,401620413.0,3.0,7.0,espn
2024-09-06,DAL,ATL,87.88,108.25439783491204,122.875516766192,96.0,107.0,33.0,26.0,8.0,last_good_canonical,2024.0,401620419.0,5.0,3.0,espn
2024-09-08,DAL,CHI,83.74000000000001,92.3704414587332,109.36757013789824,77.0,92.0,34.0,21.0,3.0,last_good_canonical,2024.0,401620427.0,6.0,4.0,espn
2024-09-11,DAL,NYL,84.25999999999999,105.37285780453914,127.79941577409932,91.0,105.0,28.0,24.0,6.0,last_good_canonical,2024.0,401620430.0,3.0,4.0,espn
2024-09-13,DAL,NYL,83.24000000000001,79.72394098048548,120.08733624454148,67.0,99.0,33.0,17.0,4.0,last_good_canonical,2024.0,401620435.0,4.0,2.0,espn
2024-09-13,DAL,SEA,89.38,90.64458370635631,92.84116331096196,81.0,83.0,42.0,20.0,4.0,last_good_canonical,2024.0,401620438.0,9.0,3.0,espn
2024-09-15,DAL,IND,83.41999999999999,131.96125907990316,130.57929724596391,109.0,110.0,33.0,28.0,11.0,last_good_canonical,2024.0,401620441.0,7.0,3.0,espn
2024-09-20,DAL,LVA,83.7,99.57325746799432,118.0154142581888,84.0,98.0,33.0,17.0,9.0,last_good_canonical,2024.0,401620456.0,7.0,2.0,espn
2025-05-02,DAL,LVA,84.36,94.29400386847196,130.2325581395349,78.0,112.0,28.0,18.0,9.0,last_good_canonical,2025.0,401761558.0,3.0,3.0,espn
2025-05-11,DAL,TOY,77.5,153.35051546391753,67.18346253229974,119.0,52.0,42.0,34.0,7.0,last_good_canonical,2025.0,401761350.0,13.0,2.0,espn
2025-05-16,DAL,MIN,83.94,101.74418604651164,116.0337552742616,84.0,99.0,33.0,15.0,5.0,last_good_canonical,2025.0,401736113.0,8.0,2.0,espn
2025-05-20,DAL,SEA,82.36,86.20689655172414,95.92034968431275,71.0,79.0,44.0,19.0,4.0,last_good_canonical,2025.0,401736120.0,6.0,7.0,espn
2025-05-22,DAL,MIN,77.52,102.3244062657908,112.01897733263048,81.0,85.0,27.0,20.0,12.0,last_good_canonical,2025.0,401736123.0,9.0,1.0,espn
2025-05-24,DAL,ATL,82.19999999999999,88.06951620479099,104.74507824331148,75.0,83.0,38.0,17.0,5.0,last_good_canonical,2025.0,401736133.0,9.0,3.0,espn
2025-05-27,DAL,CON,82.80000000000001,134.96780584447745,102.54596888260254,109.0,87.0,35.0,26.0,10.0,last_good_canonical,2025.0,401736138.0,10.0,3.0,espn
2025-05-30,DAL,CHI,84.66,109.7328244274809,113.47683668694432,92.0,97.0,30.0,23.0,8.0,last_good_canonical,2025.0,401736145.0,6.0,10.0,espn
2025-06-01,DAL,CHI,85.8,100.58167716917112,105.5231252806466,83.0,94.0,32.0,15.0,4.0,last_good_canonical,2025.0,401736151.0,9.0,10.0,espn
2025-06-04,DAL,SEA,86.08,87.57961783439491,98.52801519468188,77.0,83.0,48.0,18.0,5.0,last_good_canonical,2025.0,401736158.0,7.0,4.0,espn
2025-06-07,DAL,LAS,79.6,98.94789579158316,117.1875,79.0,93.0,35.0,24.0,6.0,last_good_canonical,2025.0,401736162.0,6.0,5.0,espn
2025-06-08,DAL,MIN,74.14,84.28423236514523,113.82799325463743,65.0,81.0,41.0,14.0,8.0,last_good_canonical,2025.0,401736167.0,3.0,3.0,espn
2025-06-12,DAL,PHX,79.48,99.85022466300548,117.96042617960426,80.0,93.0,36.0,16.0,5.0,last_good_canonical,2025.0,401736172.0,6.0,4.0,espn
2025-06-14,DAL,LVA,82.08,102.63929618768329,106.89990281827018,84.0,88.0,29.0,24.0,8.0,last_good_canonical,2025.0,401736175.0,10.0,2.0,espn
2025-06-18,DAL,GSV,80.24000000000001,99.55201592832256,88.61707438841736,80.0,71.0,39.0,23.0,7.0,last_good_canonical,2025.0,401736185.0,12.0,6.0,espn
2025-06-20,DAL,CON,78.75999999999999,107.23192019950125,107.34609415416452,86.0,83.0,42.0,23.0,4.0,last_good_canonical,2025.0,401736192.0,7.0,1.0,espn
2025-06-22,DAL,WAS,89.06,96.61835748792272,104.5496323529412,88.0,91.0,38.0,16.0,8.0,last_good_canonical,2025.0,401736197.0,8.0,6.0,espn
2025-06-25,DAL,ATL,70.96000000000001,97.25400457665904,76.38888888888889,68.0,55.0,44.0,14.0,2.0,last_good_canonical,2025.0,401736203.0,6.0,5.0,espn
2025-06-27,DAL,IND,76.34,110.25641025641026,125.87038028923403,86.0,94.0,23.0,21.0,6.0,last_good_canonical,2025.0,401736210.0,5.0,3.0,espn
2025-06-29,DAL,WAS,79.46000000000001,100.10136847440444,88.75,79.0,71.0,41.0,18.0,4.0,last_good_canonical,2025.0,401736214.0,7.0,4.0,espn
2025-07-04,DAL,PHX,85.64,111.82108626198082,106.40841702534672,98.0,89.0,38.0,20.0,8.0,last_good_canonical,2025.0,401736223.0,4.0,6.0,espn
2025-07-08,DAL,PHX,84.64,85.42952064546749,120.0,72.0,102.0,44.0,16.0,8.0,last_good_canonical,2025.0,401736231.0,5.0,3.0,espn
2025-07-10,DAL,CHI,77.68,92.41245136186772,118.98249452954047,76.0,87.0,31.0,18.0,7.0,last_good_canonical,2025.0,401736237.0,10.0,4.0,espn
2025-07-13,DAL,IND,83.1,98.99809160305342,123.8465274405051,83.0,102.0,33.0,24.0,8.0,last_good_canonical,2025.0,401736244.0,5.0,4.0,espn
2025-07-17,DAL,LVA,89.14,93.6411149825784,104.1184636742249,86.0,90.0,39.0,32.0,10.0,last_good_canonical,2025.0,401736256.0,14.0,6.0,espn
2025-07-23,DAL,SEA,84.32,102.98295454545456,74.8574144486692,87.0,63.0,48.0,25.0,10.0,last_good_canonical,2025.0,401736261.0,6.0,7.0,espn
2025-07-26,DAL,GSV,80.18,96.98825931597754,104.8780487804878,76.0,86.0,29.0,19.0,10.0,last_good_canonical,2025.0,401736268.0,11.0,2.0,espn
2025-07-27,DAL,LVA,84.4,93.85265133740027,126.85495452369554,80.0,106.0,38.0,15.0,4.0,last_good_canonical,2025.0,401736273.0,4.0,2.0,espn
2025-07-29,DAL,NYL,83.36,108.03193987787694,100.53948013732222,92.0,82.0,39.0,27.0,7.0,last_good_canonical,2025.0,401736277.0,8.0,3.0,espn
2025-07-31,DAL,ATL,74.62,114.06333870101987,117.7730192719486,85.0,88.0,24.0,21.0,11.0,last_good_canonical,2025.0,401736282.0,7.0,2.0,espn
2025-08-01,DAL,IND,84.36,91.76470588235294,105.11227902532252,78.0,88.0,30.0,16.0,2.0,last_good_canonical,2025.0,401736288.0,8.0,7.0,espn
2025-08-05,DAL,NYL,76.38,99.94739610731192,110.79249217935347,76.0,85.0,45.0,20.0,6.0,last_good_canonical,2025.0,401736296.0,5.0,2.0,espn
2025-08-08,DAL,NYL,82.08000000000001,90.46052631578948,111.33603238866397,77.0,88.0,40.0,14.0,3.0,last_good_canonical,2025.0,401736305.0,4.0,2.0,espn
2025-08-10,DAL,WAS,82.1,94.2484291928468,111.73870333988212,78.0,91.0,26.0,18.0,8.0,last_good_canonical,2025.0,401736311.0,9.0,4.0,espn
2025-08-12,DAL,IND,82.47999999999999,95.74468085106383,99.55201592832256,81.0,80.0,30.0,25.0,8.0,last_good_canonical,2025.0,401736316.0,9.0,1.0,espn
2025-08-15,DAL,LAS,86.42,109.2896174863388,114.11764705882354,96.0,97.0,28.0,32.0,9.0,last_good_canonical,2025.0,401736324.0,6.0,7.0,espn
2025-08-17,DAL,LVA,84.03999999999999,101.20986505351328,129.0793960058451,87.0,106.0,37.0,26.0,3.0,last_good_canonical,2025.0,401736330.0,5.0,2.0,espn
2025-08-21,DAL,LAS,79.84,101.0611419909045,100.59612518628911,80.0,81.0,32.0,16.0,11.0,last_good_canonical,2025.0,401736338.0,11.0,7.0,espn
2025-08-22,DAL,SEA,81.74000000000001,71.97696737044146,118.572141787319,60.0,95.0,36.0,9.0,4.0,last_good_canonical,2025.0,401736344.0,3.0,0.0,espn
2025-08-24,DAL,GSV,72.53999999999999,112.25055432372504,123.42292923752056,81.0,90.0,30.0,21.0,9.0,last_good_canonical,2025.0,401736350.0,8.0,5.0,espn
2025-08-28,DAL,CON,89.62,106.16897630755476,112.52228163992868,95.0,101.0,33.0,24.0,6.0,last_good_canonical,2025.0,401736357.0,7.0,3.0,espn
2025-08-29,DAL,ATL,79.62,94.02121504339442,131.09596224436288,78.0,100.0,26.0,20.0,5.0,last_good_canonical,2025.0,401736361.0,5.0,2.0,espn
2025-09-02,DAL,MIN,78.48,88.61707438841736,124.93492972410202,71.0,96.0,27.0,15.0,3.0,last_good_canonical,2025.0,401736370.0,9.0,1.0,espn
2025-09-05,DAL,GSV,80.46000000000001,99.009900990099,104.84273589615576,80.0,84.0,31.0,21.0,5.0,last_good_canonical,2025.0,401736377.0,11.0,5.0,espn
2025-09-07,DAL,LAS,87.14,91.14583333333331,101.33630289532294,77.0,91.0,46.0,24.0,5.0,last_good_canonical,2025.0,401736385.0,4.0,4.0,espn
2025-09-12,DAL,PHX,79.66,119.99010390895596,96.83995922528032,97.0,76.0,42.0,24.0,8.0,last_good_canonical,2025.0,401736395.0,11.0,5.0,espn
2026-05-03,DAL,LVA,89.74000000000001,113.78999549346553,92.5925925925926,101.0,84.0,35.0,24.0,9.0,last_good_canonical,2026.0,401866520.0,9.0,1.0,espn
2026-05-09,DAL,IND,90.9,120.82204155374887,111.54011154011155,107.0,104.0,27.0,26.0,12.0,last_good_canonical,2026.0,401856893.0,9.0,2.0,espn
2026-05-13,DAL,ATL,77.32,89.82035928143713,103.38345864661652,72.0,77.0,34.0,15.0,4.0,last_good_canonical,2026.0,401856901.0,3.0,4.0,espn
2026-05-15,DAL,MIN,77.30000000000001,109.30350788002032,118.54583772391992,86.0,90.0,26.0,22.0,5.0,last_good_canonical,2026.0,401856908.0,9.0,3.0,espn
2026-05-19,DAL,WAS,74.14,123.52309344790548,93.4959349593496,92.0,69.0,31.0,30.0,11.0,last_good_canonical,2026.0,401856918.0,10.0,1.0,espn
2026-05-21,DAL,CHI,80.84,122.04142011834318,110.47666335650446,99.0,89.0,36.0,28.0,9.0,last_good_canonical,2026.0,401856922.0,5.0,1.0,espn
2026-05-22,DAL,ATL,81.5,82.85302593659942,107.87757150025088,69.0,86.0,26.0,21.0,7.0,last_good_canonical,2026.0,401856927.0,9.0,8.0,espn
2026-05-24,DAL,NYL,76.25999999999999,120.75371549893843,98.49663037843445,91.0,76.0,34.0,22.0,15.0,last_good_canonical,2026.0,401856934.0,6.0,5.0,espn
2026-05-29,DAL,LVA,81.48,120.74224707676665,103.22733744660655,95.0,87.0,39.0,23.0,10.0,last_good_canonical,2026.0,401856943.0,1.0,5.0,espn
2026-06-02,DAL,SEA,80.52000000000001,96.86120647376164,70.45797684952188,79.0,56.0,48.0,19.0,5.0,last_good_canonical,2026.0,401856953.0,7.0,1.0,espn
2026-06-05,DAL,LAS,,,,104.0,96.0,33.0,30.0,10.0,last_good_canonical,,,,,
2026-06-06,DAL,LAS,84.58,123.92755004766444,112.62318160488034,104.0,96.0,33.0,30.0,10.0,last_good_canonical,2026.0,401856964.0,10.0,2.0,espn
2026-06-09,DAL,MIN,,,,76.0,100.0,31.0,19.0,8.0,last_good_canonical,,,,,
2026-06-10,DAL,MIN,85.16,88.99297423887587,117.75788977861517,76.0,100.0,31.0,19.0,8.0,last_good_canonical,2026.0,401856976.0,9.0,3.0,espn
2026-06-11,DAL,PHX,,,,85.0,70.0,37.0,24.0,4.0,last_good_canonical,,,,,
2026-06-12,DAL,PHX,82.22,101.772030651341,86.50519031141869,85.0,70.0,37.0,24.0,4.0,last_good_canonical,2026.0,401856982.0,9.0,4.0,espn
2026-06-13,DAL,POR,,,,83.0,84.0,41.0,18.0,7.0,last_good_canonical,,,,,
2026-06-14,DAL,POR,82.08,99.47267497603067,104.06342913776017,83.0,84.0,41.0,18.0,7.0,last_good_canonical,2026.0,401856988.0,7.0,4.0,espn
2026-06-15,DAL,LVA,,,,96.0,66.0,41.0,30.0,10.0,last_good_canonical,,,,,
2026-06-16,DAL,LVA,79.1,121.15093387178192,83.58662613981764,96.0,66.0,41.0,30.0,10.0,last_good_canonical,2026.0,401856992.0,10.0,3.0,espn
2026-06-17,DAL,GSV,,,,80.0,91.0,25.0,19.0,9.0,last_good_canonical,,,,,
2026-06-18,DAL,GSV,77.96000000000001,103.84215991692626,115.36511156186612,80.0,91.0,25.0,19.0,9.0,last_good_canonical,2026.0,401856998.0,10.0,3.0,espn
2026-06-21,DAL,CHI,85.5,107.83858998144711,108.54176498348276,93.0,92.0,35.0,17.0,10.0,last_good_canonical,2026.0,401857008.0,7.0,7.0,espn
2026-06-23,DAL,SEA,93.1,121.79208351457156,116.723259762309,112.0,110.0,34.0,30.0,9.0,last_good_canonical,2026.0,401857015.0,9.0,2.0,espn
2026-06-26,DAL,LVA,84.28,97.62900976290096,119.97091614154144,84.0,99.0,24.0,18.0,2.0,last_good_canonical,2026.0,401857022.0,7.0,2.0,espn
2025-05-07,GSV,LAS,86.22,95.48206800186308,95.88724584103512,82.0,83.0,37.0,18.0,6.0,last_good_canonical,2025.0,401761351.0,7.0,2.0,espn
2025-05-11,GSV,PHX,80.5,103.70370370370372,98.75,84.0,79.0,33.0,21.0,13.0,last_good_canonical,2025.0,401761352.0,10.0,3.0,espn
2025-05-17,GSV,LAS,79.97999999999999,84.04415454089313,104.68594217347956,67.0,84.0,33.0,13.0,9.0,last_good_canonical,2025.0,401736114.0,8.0,2.0,espn
2025-05-22,GSV,WAS,85.22,90.1328273244782,85.92661402693915,76.0,74.0,37.0,15.0,7.0,last_good_canonical,2025.0,401736124.0,10.0,2.0,espn
2025-05-24,GSV,LAS,81.46000000000001,100.93549975381586,89.37316356513222,82.0,73.0,34.0,15.0,9.0,last_good_canonical,2025.0,401736130.0,13.0,4.0,espn
2025-05-27,GSV,NYL,83.53999999999999,80.37428023032629,113.47348303870044,67.0,95.0,34.0,16.0,11.0,last_good_canonical,2025.0,401736139.0,10.0,4.0,espn
2025-05-29,GSV,NYL,77.02,101.1029411764706,105.29019003595276,77.0,82.0,41.0,25.0,10.0,last_good_canonical,2025.0,401736144.0,3.0,1.0,espn
2025-06-02,GSV,MIN,77.74000000000001,95.32282663955262,111.97916666666669,75.0,86.0,37.0,15.0,9.0,last_good_canonical,2025.0,401736155.0,9.0,4.0,espn
2025-06-06,GSV,PHX,81.4,93.90243902439023,106.43564356435644,77.0,86.0,29.0,17.0,9.0,last_good_canonical,2025.0,401736160.0,11.0,3.0,espn
2025-06-07,GSV,LVA,80.46000000000001,115.966796875,86.07594936708861,95.0,68.0,43.0,24.0,10.0,last_good_canonical,2025.0,401736163.0,7.0,3.0,espn
2025-06-10,GSV,LAS,88.06,103.34417092429167,90.0,89.0,81.0,49.0,20.0,5.0,last_good_canonical,2025.0,401736168.0,8.0,5.0,espn
2025-06-15,GSV,SEA,79.75999999999999,96.98825931597754,86.24938393297191,76.0,70.0,33.0,21.0,3.0,last_good_canonical,2025.0,401736178.0,9.0,2.0,espn
2025-06-18,GSV,DAL,80.24000000000001,88.61707438841736,99.55201592832256,71.0,80.0,28.0,17.0,7.0,last_good_canonical,2025.0,401736185.0,5.0,6.0,espn
2025-06-20,GSV,IND,81.58,108.80316518298714,93.58288770053476,88.0,77.0,32.0,18.0,9.0,last_good_canonical,2025.0,401736190.0,10.0,5.0,espn
2025-06-23,GSV,CON,79.5,107.7265973254086,80.52147239263805,87.0,63.0,51.0,18.0,9.0,last_good_canonical,2025.0,401736200.0,9.0,3.0,espn
2025-06-26,GSV,NYL,76.32,100.93167701863354,107.48407643312102,78.0,81.0,38.0,20.0,12.0,last_good_canonical,2025.0,401736205.0,5.0,3.0,espn
2025-06-28,GSV,CHI,81.06,102.77365032194156,95.87020648967552,83.0,78.0,42.0,16.0,11.0,last_good_canonical,2025.0,401736211.0,4.0,2.0,espn
2025-06-30,GSV,SEA,80.03999999999999,102.5390625,72.92732855680656,84.0,57.0,41.0,20.0,8.0,last_good_canonical,2025.0,401736219.0,5.0,4.0,espn
2025-07-06,GSV,MIN,70.06,102.1288837744534,116.1473087818697,71.0,82.0,33.0,19.0,11.0,last_good_canonical,2025.0,401736226.0,2.0,1.0,espn
2025-07-07,GSV,ATL,81.25999999999999,96.47451167222488,114.5621181262729,81.0,90.0,29.0,19.0,12.0,last_good_canonical,2025.0,401736230.0,5.0,0.0,espn
2025-07-09,GSV,IND,82.69999999999999,94.9667616334283,75.16017742730409,80.0,61.0,47.0,18.0,12.0,last_good_canonical,2025.0,401736235.0,7.0,2.0,espn
2025-07-12,GSV,LVA,78.98,128.2051282051282,132.6530612244898,102.0,104.0,28.0,23.0,12.0,last_good_canonical,2025.0,401736243.0,4.0,2.0,espn
2025-07-15,GSV,PHX,77.47999999999999,97.9643765903308,102.14772132006286,77.0,78.0,36.0,23.0,14.0,last_good_canonical,2025.0,401736249.0,7.0,1.0,espn
2025-07-16,GSV,SEA,73.86000000000001,79.40854326396494,89.7161221210498,58.0,67.0,35.0,13.0,7.0,last_good_canonical,2025.0,401736254.0,2.0,5.0,espn
2025-07-26,GSV,DAL,80.18,104.8780487804878,96.98825931597754,86.0,76.0,39.0,21.0,9.0,last_good_canonical,2025.0,401736268.0,8.0,1.0,espn
2025-07-27,GSV,CON,81.64,76.99711260827719,118.5129740518962,64.0,95.0,24.0,15.0,9.0,last_good_canonical,2025.0,401736272.0,9.0,3.0,espn
2025-07-29,GSV,ATL,70.88,109.18888258650028,105.27793374508704,77.0,75.0,34.0,17.0,11.0,last_good_canonical,2025.0,401736278.0,4.0,2.0,espn
2025-07-31,GSV,WAS,71.94,94.97206703910616,92.6950747094632,68.0,67.0,38.0,21.0,11.0,last_good_canonical,2025.0,401736284.0,3.0,3.0,espn
2025-08-01,GSV,CHI,73.22,96.00210415570751,93.75,73.0,66.0,32.0,19.0,10.0,last_good_canonical,2025.0,401736287.0,6.0,3.0,espn
2025-08-03,GSV,LVA,76.98,104.16666666666666,126.18690654672665,77.0,101.0,39.0,19.0,10.0,last_good_canonical,2025.0,401736294.0,10.0,1.0,espn
2025-08-07,GSV,LVA,75.18,95.54140127388536,104.0,72.0,78.0,31.0,9.0,4.0,last_good_canonical,2025.0,401736301.0,7.0,0.0,espn
2025-08-10,GSV,LAS,73.28,99.44751381215468,79.55771305285869,72.0,59.0,37.0,20.0,12.0,last_good_canonical,2025.0,401736308.0,5.0,3.0,espn
2025-08-12,GSV,CON,69.44,107.68335273573923,81.24287343215508,74.0,57.0,32.0,22.0,13.0,last_good_canonical,2025.0,401736315.0,4.0,2.0,espn
2025-08-13,GSV,WAS,71.7,124.85811577752553,113.8233680746023,88.0,83.0,30.0,20.0,15.0,last_good_canonical,2025.0,401736319.0,4.0,0.0,espn
2025-08-15,GSV,CHI,70.82,130.43478260869566,81.22246696035242,90.0,59.0,31.0,19.0,14.0,last_good_canonical,2025.0,401736323.0,12.0,2.0,espn
2025-08-18,GSV,ATL,72.54,89.94860079954312,105.27718550106609,63.0,79.0,27.0,14.0,7.0,last_good_canonical,2025.0,401736332.0,6.0,4.0,espn
2025-08-20,GSV,PHX,78.80000000000001,115.95310907237511,123.86248736097068,91.0,98.0,29.0,20.0,12.0,last_good_canonical,2025.0,401736337.0,9.0,1.0,espn
2025-08-23,GSV,PHX,75.97999999999999,95.54140127388536,105.74412532637076,72.0,81.0,31.0,20.0,8.0,last_good_canonical,2025.0,401736345.0,7.0,5.0,espn
2025-08-24,GSV,DAL,72.53999999999999,123.42292923752056,112.25055432372504,90.0,81.0,41.0,24.0,16.0,last_good_canonical,2025.0,401736350.0,2.0,7.0,espn
2025-08-31,GSV,WAS,79.42,122.88977159880834,79.20286152273889,99.0,62.0,31.0,25.0,12.0,last_good_canonical,2025.0,401736364.0,9.0,4.0,espn
2025-09-01,GSV,IND,73.94,101.40616549486208,85.22727272727272,75.0,63.0,34.0,19.0,12.0,last_good_canonical,2025.0,401736368.0,6.0,3.0,espn
2025-09-03,GSV,NYL,72.08,91.92200557103064,80.15478164731896,66.0,58.0,35.0,15.0,7.0,last_good_canonical,2025.0,401736372.0,5.0,1.0,espn
2025-09-05,GSV,DAL,80.46000000000001,104.84273589615576,99.009900990099,84.0,80.0,38.0,22.0,7.0,last_good_canonical,2025.0,401736377.0,5.0,7.0,espn
2025-09-07,GSV,MIN,77.66,91.9775166070516,101.24610591900311,72.0,78.0,38.0,16.0,9.0,last_good_canonical,2025.0,401736383.0,4.0,2.0,espn
2025-09-10,GSV,SEA,71.47999999999999,104.0478905359179,101.64835164835164,73.0,74.0,35.0,18.0,10.0,last_good_canonical,2025.0,401736392.0,9.0,4.0,espn
2025-09-12,GSV,MIN,75.78,68.29896907216495,97.34991887506762,53.0,72.0,38.0,15.0,3.0,last_good_canonical,2025.0,401736396.0,14.0,4.0,espn
2025-09-14,GSV,MIN,82.22,85.83690987124464,125.37239324726912,72.0,101.0,26.0,17.0,9.0,last_good_canonical,2025.0,401820272.0,6.0,3.0,espn
2025-09-18,GSV,MIN,75.18,100.05408328826394,98.1675392670157,74.0,75.0,28.0,22.0,11.0,last_good_canonical,2025.0,401820319.0,8.0,4.0,espn
2026-05-09,GSV,SEA,77.78,114.20682730923694,105.42962572482868,91.0,80.0,35.0,22.0,15.0,last_good_canonical,2026.0,401856892.0,5.0,5.0,espn
2026-05-11,GSV,PHX,76.64,121.9199178644764,104.83014861995754,95.0,79.0,30.0,25.0,13.0,last_good_canonical,2026.0,401856900.0,10.0,4.0,espn
2026-05-14,GSV,CHI,78.64,79.70647773279352,88.19018404907976,63.0,69.0,42.0,10.0,7.0,last_good_canonical,2026.0,401856906.0,3.0,9.0,espn
2026-05-22,GSV,NYL,77.52000000000001,111.53846153846152,90.86188992731049,87.0,70.0,36.0,18.0,13.0,last_good_canonical,2026.0,401856924.0,5.0,3.0,espn
2026-05-22,GSV,IND,85.82,95.48206800186308,104.94402985074626,82.0,90.0,28.0,11.0,7.0,last_good_canonical,2026.0,401856928.0,9.0,3.0,espn
2026-05-26,GSV,CON,81.72,115.31145981930575,88.25012607160868,97.0,70.0,35.0,24.0,13.0,last_good_canonical,2026.0,401856937.0,7.0,2.0,espn
2026-05-29,GSV,IND,84.78,108.01728276524244,102.04081632653062,90.0,88.0,37.0,24.0,8.0,last_good_canonical,2026.0,401856944.0,5.0,11.0,espn
2026-05-31,GSV,LVA,82.86,95.8806818181818,112.0137863121615,81.0,91.0,33.0,16.0,16.0,last_good_canonical,2026.0,401856952.0,9.0,0.0,espn
2026-06-02,GSV,POR,,,,95.0,77.0,28.0,25.0,18.0,last_good_canonical,,,,,
2026-06-03,GSV,POR,74.98,126.80192205018686,102.61194029850743,95.0,77.0,28.0,25.0,18.0,last_good_canonical,2026.0,401856957.0,9.0,4.0,espn
2026-06-04,GSV,MIN,,,,84.0,87.0,31.0,21.0,14.0,last_good_canonical,,,,,
2026-06-05,GSV,MIN,78.88,107.14285714285714,109.62701612903226,84.0,87.0,31.0,21.0,14.0,last_good_canonical,2026.0,401856962.0,6.0,7.0,espn
2026-06-06,GSV,LVA,,,,79.0,84.0,38.0,14.0,11.0,last_good_canonical,,,,,
2026-06-09,GSV,PHX,,,,87.0,81.0,27.0,18.0,10.0,last_good_canonical,,,,,
2026-06-10,GSV,PHX,76.12,113.9937106918239,106.69125395152793,87.0,81.0,27.0,18.0,10.0,last_good_canonical,2026.0,401856977.0,8.0,2.0,espn
2026-06-12,GSV,SEA,,,,76.0,72.0,33.0,18.0,8.0,last_good_canonical,,,,,
2026-06-13,GSV,SEA,79.02000000000001,96.056622851365,91.23162696401418,76.0,72.0,33.0,18.0,8.0,last_good_canonical,2026.0,401856985.0,6.0,6.0,espn
2026-06-15,GSV,LAS,,,,78.0,58.0,33.0,19.0,7.0,last_good_canonical,,,,,
2026-06-16,GSV,LAS,76.08,102.14772132006286,76.51715039577837,78.0,58.0,33.0,19.0,7.0,last_good_canonical,2026.0,401856994.0,13.0,4.0,espn
2026-06-17,GSV,DAL,,,,91.0,80.0,41.0,20.0,12.0,last_good_canonical,,,,,
2026-06-18,GSV,DAL,77.96000000000001,115.36511156186612,103.84215991692626,91.0,80.0,41.0,20.0,12.0,last_good_canonical,2026.0,401856998.0,4.0,3.0,espn
2026-06-19,GSV,MIN,,,,75.0,81.0,38.0,17.0,12.0,last_good_canonical,,,,,
2026-06-20,GSV,MIN,80.30000000000001,92.04712812960236,102.37613751263902,75.0,81.0,38.0,17.0,12.0,last_good_canonical,2026.0,401857005.0,8.0,3.0,espn
2026-06-25,GSV,ATL,71.98,108.02469135802468,90.8090258668134,77.0,66.0,32.0,20.0,15.0,last_good_canonical,2026.0,401857020.0,5.0,7.0,espn
2026-06-27,GSV,ATL,85.44,91.76470588235294,87.33115975780159,78.0,75.0,32.0,14.0,5.0,last_good_canonical,2026.0,401857026.0,6.0,9.0,espn
2024-05-04,IND,DAL,80.64,94.715852442672,97.48272458045408,76.0,79.0,33.0,14.0,7.0,last_good_canonical,2024.0,401653060.0,5.0,6.0,espn
2024-05-09,IND,ATL,86.86,93.93390674513354,93.72071227741333,83.0,80.0,36.0,21.0,8.0,last_good_canonical,2024.0,401653633.0,9.0,11.0,espn
2024-05-14,IND,CON,81.68,89.46572580645162,109.52380952380952,71.0,92.0,28.0,16.0,8.0,last_good_canonical,2024.0,401620219.0,6.0,5.0,espn
2024-05-16,IND,NYL,80.4,87.20930232558139,119.83082706766916,66.0,102.0,26.0,13.0,5.0,last_good_canonical,2024.0,401620224.0,5.0,4.0,espn
2024-05-18,IND,NYL,86.34,91.28251939753537,107.00846660395108,80.0,91.0,34.0,22.0,9.0,last_good_canonical,2024.0,401620227.0,9.0,3.0,espn
2024-05-20,IND,CON,79.46000000000001,106.70731707317071,109.72568578553616,84.0,88.0,36.0,20.0,6.0,last_good_canonical,2024.0,401620232.0,4.0,7.0,espn
2024-05-23,IND,SEA,78.32,106.51950718685832,107.97764227642276,83.0,85.0,40.0,18.0,6.0,last_good_canonical,2024.0,401620237.0,5.0,8.0,espn
2024-05-25,IND,LAS,82.36,95.72901325478644,87.6982220086497,78.0,73.0,32.0,22.0,7.0,last_good_canonical,2024.0,401620241.0,9.0,2.0,espn
2024-05-26,IND,LVA,82.32,97.8952520802741,119.39218523878436,80.0,99.0,36.0,20.0,10.0,last_good_canonical,2024.0,401620244.0,4.0,3.0,espn
2024-05-28,IND,LAS,83.25999999999999,97.61904761904762,106.64081434803684,82.0,88.0,28.0,17.0,10.0,last_good_canonical,2024.0,401620250.0,12.0,6.0,espn
2024-05-30,IND,SEA,83.42,106.43444605708756,122.38593155893535,88.0,103.0,36.0,21.0,10.0,last_good_canonical,2024.0,401620255.0,2.0,4.0,espn
2024-06-01,IND,CHI,78.98,90.97898513582776,87.58758758758759,71.0,70.0,33.0,19.0,6.0,last_good_canonical,2024.0,401620261.0,6.0,5.0,espn
2024-06-02,IND,NYL,81.32,84.11677387431963,127.13936430317848,68.0,104.0,28.0,18.0,7.0,last_good_canonical,2024.0,401620263.0,6.0,1.0,espn
2024-06-07,IND,WAS,81.6,106.94514343231,99.13999044433828,85.0,83.0,30.0,21.0,16.0,last_good_canonical,2024.0,401620273.0,9.0,2.0,espn
2024-06-10,IND,CON,73.96000000000001,96.82625067240453,120.98966829798805,72.0,89.0,26.0,19.0,9.0,last_good_canonical,2024.0,401620283.0,5.0,3.0,espn
2024-06-13,IND,ATL,80.74000000000001,109.16506717850288,107.5268817204301,91.0,84.0,34.0,18.0,9.0,last_good_canonical,2024.0,401620288.0,6.0,6.0,espn
2024-06-16,IND,CHI,78.75999999999999,117.63185108583248,103.54291417165668,91.0,83.0,38.0,23.0,8.0,last_good_canonical,2024.0,401620296.0,1.0,11.0,espn
2024-06-19,IND,WAS,78.36,115.60693641618496,100.49627791563276,88.0,81.0,37.0,21.0,8.0,last_good_canonical,2024.0,401620301.0,7.0,3.0,espn
2024-06-21,IND,ATL,81.62,115.42364282090308,93.60189573459716,91.0,79.0,35.0,24.0,11.0,last_good_canonical,2024.0,401620306.0,5.0,7.0,espn
2024-06-23,IND,CHI,83.62,104.61760461760464,104.66222645099906,87.0,88.0,25.0,28.0,13.0,last_good_canonical,2024.0,401620313.0,9.0,4.0,espn
2024-06-28,IND,SEA,79.7,97.56715661429295,110.58648111332008,77.0,89.0,44.0,21.0,8.0,last_good_canonical,2024.0,401620318.0,4.0,4.0,espn
2024-06-30,IND,PHX,83.1,107.79029887310142,96.97256385998108,88.0,82.0,42.0,20.0,8.0,last_good_canonical,2024.0,401620325.0,5.0,2.0,espn
2024-07-03,IND,LVA,83.1,81.44475920679886,108.00196367206676,69.0,88.0,44.0,19.0,6.0,last_good_canonical,2024.0,401620330.0,5.0,4.0,espn
2024-07-06,IND,NYL,77.6,108.9810924369748,98.68421052631578,83.0,78.0,41.0,20.0,7.0,last_good_canonical,2024.0,401620338.0,6.0,2.0,espn
2024-07-10,IND,WAS,86.92,99.43181818181816,99.5971351835273,84.0,89.0,29.0,18.0,8.0,last_good_canonical,2024.0,401620346.0,9.0,7.0,espn
2024-07-12,IND,PHX,86.14,107.75862068965516,102.23490252020922,95.0,86.0,42.0,23.0,6.0,last_good_canonical,2024.0,401620352.0,8.0,6.0,espn
2024-07-14,IND,MIN,77.34,104.81366459627328,95.60723514211884,81.0,74.0,34.0,19.0,8.0,last_good_canonical,2024.0,401620359.0,6.0,5.0,espn
2024-07-17,IND,DAL,87.2,107.53931544865864,114.877161055505,93.0,101.0,35.0,26.0,6.0,last_good_canonical,2024.0,401620365.0,2.0,7.0,espn
2024-08-16,IND,PHX,81.9,117.39338763775754,110.80677290836654,98.0,89.0,39.0,23.0,14.0,last_good_canonical,2024.0,401620370.0,4.0,4.0,espn
2024-08-18,IND,SEA,83.6,113.3563331690488,87.16875871687587,92.0,75.0,43.0,22.0,15.0,last_good_canonical,2024.0,401620377.0,6.0,5.0,espn
2024-08-25,IND,MIN,77.66,100.6036217303823,118.7335092348285,80.0,90.0,40.0,16.0,7.0,last_good_canonical,2024.0,401620390.0,5.0,1.0,espn
2024-08-26,IND,ATL,82.75999999999999,99.29078014184398,97.62728620860108,84.0,79.0,43.0,18.0,10.0,last_good_canonical,2024.0,401620393.0,8.0,3.0,espn
2024-08-28,IND,CON,82.66,102.63929618768329,95.83133684714902,84.0,80.0,35.0,20.0,13.0,last_good_canonical,2024.0,401620397.0,5.0,5.0,espn
2024-08-30,IND,CHI,83.0,117.98017932987256,99.7045790251108,100.0,81.0,31.0,26.0,13.0,last_good_canonical,2024.0,401620402.0,9.0,5.0,espn
2024-09-01,IND,DAL,89.68,113.01989150090417,102.33274647887325,100.0,93.0,38.0,24.0,11.0,last_good_canonical,2024.0,401620409.0,7.0,9.0,espn
2024-09-04,IND,LAS,89.02000000000001,106.21288259479212,95.04862953138814,93.0,86.0,40.0,18.0,7.0,last_good_canonical,2024.0,401620416.0,5.0,4.0,espn
2024-09-06,IND,MIN,82.86,106.38297872340424,119.27710843373494,88.0,99.0,36.0,19.0,13.0,last_good_canonical,2024.0,401620421.0,3.0,3.0,espn
2024-09-08,IND,ATL,91.96,116.85393258426966,105.35187526337968,104.0,100.0,37.0,23.0,10.0,last_good_canonical,2024.0,401620425.0,5.0,4.0,espn
2024-09-11,IND,LVA,83.26,86.1672794117647,108.20332159033718,75.0,86.0,34.0,15.0,7.0,last_good_canonical,2024.0,401620432.0,4.0,3.0,espn
2024-09-13,IND,LVA,84.36,89.3719806763285,90.78212290502792,74.0,78.0,35.0,17.0,7.0,last_good_canonical,2024.0,401620437.0,5.0,2.0,espn
2024-09-15,IND,DAL,83.41999999999999,130.57929724596391,131.96125907990316,110.0,109.0,26.0,21.0,16.0,last_good_canonical,2024.0,401620441.0,5.0,4.0,espn
2024-09-19,IND,WAS,83.6,108.85167464114834,110.04784688995215,91.0,92.0,32.0,28.0,10.0,last_good_canonical,2024.0,401620454.0,9.0,0.0,espn
2024-09-22,IND,CON,80.44,87.03329969727548,113.97058823529412,69.0,93.0,29.0,23.0,6.0,last_good_canonical,2024.0,401721253.0,8.0,5.0,espn
2024-09-25,IND,CON,80.03999999999999,101.3006503251626,108.58711932101846,81.0,87.0,43.0,21.0,8.0,last_good_canonical,2024.0,401721254.0,4.0,3.0,espn
2025-05-03,IND,WAS,94.46,83.75742154368109,78.22410147991543,79.0,74.0,47.0,18.0,6.0,last_good_canonical,2025.0,401761353.0,9.0,2.0,espn
2025-05-04,IND,BRZL,76.75999999999999,139.82392542723977,57.68222338751966,108.0,44.0,48.0,25.0,15.0,last_good_canonical,2025.0,401761354.0,13.0,4.0,espn
2025-05-10,IND,ATL,82.53999999999999,96.75107501194458,93.41199606686332,81.0,76.0,39.0,23.0,8.0,last_good_canonical,2025.0,401761345.0,8.0,2.0,espn
2025-05-17,IND,CHI,87.64,106.89655172413794,65.70004531037607,93.0,58.0,46.0,19.0,7.0,last_good_canonical,2025.0,401736115.0,13.0,10.0,espn
2025-05-20,IND,ATL,83.25999999999999,105.3370786516854,112.23482979773064,90.0,91.0,32.0,18.0,8.0,last_good_canonical,2025.0,401736122.0,3.0,3.0,espn
2025-05-22,IND,ATL,84.86,93.53348729792148,91.43407122232917,81.0,76.0,41.0,21.0,7.0,last_good_canonical,2025.0,401736126.0,4.0,3.0,espn
2025-05-24,IND,NYL,85.34,99.32279909706548,109.64912280701756,88.0,90.0,39.0,20.0,7.0,last_good_canonical,2025.0,401736132.0,6.0,1.0,espn
2025-05-28,IND,WAS,85.94,89.6599906846763,96.51162790697674,77.0,83.0,33.0,15.0,5.0,last_good_canonical,2025.0,401736143.0,9.0,6.0,espn
2025-05-30,IND,CON,76.91999999999999,107.45727602278612,110.96605744125328,83.0,85.0,25.0,20.0,7.0,last_good_canonical,2025.0,401736146.0,8.0,2.0,espn
2025-06-03,IND,WAS,74.62,111.6657908565423,103.93873085339168,85.0,76.0,19.0,21.0,11.0,last_good_canonical,2025.0,401736156.0,8.0,2.0,espn
2025-06-08,IND,CHI,72.14,109.84427141268075,71.8629076838032,79.0,52.0,32.0,20.0,11.0,last_good_canonical,2025.0,401736164.0,9.0,4.0,espn
2025-06-10,IND,ATL,73.25999999999999,80.64516129032258,103.21715817694373,58.0,77.0,27.0,13.0,5.0,last_good_canonical,2025.0,401736169.0,5.0,3.0,espn
2025-06-14,IND,NYL,85.62,118.54951185495118,103.28638497652582,102.0,88.0,38.0,25.0,17.0,last_good_canonical,2025.0,401736177.0,5.0,6.0,espn
2025-06-17,IND,CON,76.92,111.33603238866397,94.91978609625669,88.0,71.0,38.0,19.0,11.0,last_good_canonical,2025.0,401736182.0,6.0,1.0,espn
2025-06-20,IND,GSV,81.58,93.58288770053476,108.80316518298714,77.0,88.0,35.0,20.0,8.0,last_good_canonical,2025.0,401736190.0,3.0,3.0,espn
2025-06-22,IND,LVA,83.1,100.04940711462451,104.41107461285782,81.0,89.0,33.0,23.0,6.0,last_good_canonical,2025.0,401736198.0,9.0,1.0,espn
2025-06-25,IND,SEA,80.52000000000001,120.4510507432086,103.6144578313253,94.0,86.0,38.0,18.0,8.0,last_good_canonical,2025.0,401736204.0,10.0,1.0,espn
2025-06-26,IND,LAS,79.82,95.76098059244129,104.5253320216429,75.0,85.0,31.0,13.0,7.0,last_good_canonical,2025.0,401736207.0,14.0,2.0,espn
2025-06-27,IND,DAL,76.34,125.87038028923403,110.25641025641026,94.0,86.0,32.0,23.0,6.0,last_good_canonical,2025.0,401736210.0,6.0,1.0,espn
2025-07-02,IND,MIN,74.22,102.37963475373547,77.46848739495799,74.0,59.0,40.0,20.0,8.0,last_good_canonical,2025.0,401736430.0,7.0,4.0,espn
2025-07-03,IND,LVA,76.08000000000001,111.7549668874172,67.7710843373494,81.0,54.0,37.0,24.0,5.0,last_good_canonical,2025.0,401736220.0,5.0,3.0,espn
2025-07-05,IND,LAS,76.74000000000001,112.4612202688728,116.92065160273252,87.0,89.0,33.0,22.0,7.0,last_good_canonical,2025.0,401736225.0,3.0,6.0,espn
2025-07-09,IND,GSV,82.69999999999999,75.16017742730409,94.9667616334283,61.0,80.0,36.0,15.0,6.0,last_good_canonical,2025.0,401736235.0,9.0,3.0,espn
2025-07-11,IND,ATL,81.47999999999999,115.3846153846154,106.27268014515292,99.0,82.0,35.0,27.0,11.0,last_good_canonical,2025.0,401736240.0,6.0,3.0,espn
2025-07-13,IND,DAL,83.1,123.8465274405051,98.99809160305342,102.0,83.0,33.0,30.0,8.0,last_good_canonical,2025.0,401736244.0,11.0,2.0,espn
2025-07-16,IND,CON,82.4,107.92280345352972,89.49325894932589,85.0,77.0,37.0,22.0,5.0,last_good_canonical,2025.0,401736250.0,6.0,3.0,espn
2025-07-16,IND,NYL,80.72,94.36274509803924,122.74549098196393,77.0,98.0,32.0,16.0,8.0,last_good_canonical,2025.0,401736255.0,8.0,2.0,espn
2025-07-23,IND,NYL,90.7,90.16745384285102,111.06074342701724,84.0,98.0,30.0,18.0,10.0,last_good_canonical,2025.0,401736258.0,13.0,1.0,espn
2025-07-24,IND,LVA,79.82,99.8003992015968,88.07247106190236,80.0,70.0,36.0,17.0,11.0,last_good_canonical,2025.0,401736264.0,9.0,1.0,espn
2025-07-27,IND,CHI,82.6,114.75814412635737,92.680608365019,93.0,78.0,29.0,26.0,11.0,last_good_canonical,2025.0,401736269.0,15.0,3.0,espn
2025-07-30,IND,PHX,92.08,120.60414788097384,105.82564962279967,107.0,101.0,33.0,19.0,11.0,last_good_canonical,2025.0,401736281.0,8.0,2.0,espn
2025-08-01,IND,DAL,84.36,105.11227902532252,91.76470588235294,88.0,78.0,44.0,25.0,12.0,last_good_canonical,2025.0,401736288.0,10.0,3.0,espn
2025-08-03,IND,SEA,83.16,93.16770186335404,89.58837772397095,78.0,74.0,32.0,27.0,4.0,last_good_canonical,2025.0,401736295.0,9.0,3.0,espn
2025-08-06,IND,LAS,76.66,118.6131386861314,130.54830287206266,91.0,100.0,27.0,23.0,12.0,last_good_canonical,2025.0,401736298.0,4.0,2.0,espn
2025-08-08,IND,PHX,83.32,73.42143906020559,111.8699952896844,60.0,95.0,32.0,12.0,7.0,last_good_canonical,2025.0,401736304.0,8.0,6.0,espn
2025-08-10,IND,CHI,73.06,123.7224314147391,97.5473801560758,92.0,70.0,38.0,21.0,11.0,last_good_canonical,2025.0,401736309.0,8.0,6.0,espn
2025-08-12,IND,DAL,82.47999999999999,99.55201592832256,95.74468085106383,80.0,81.0,39.0,15.0,9.0,last_good_canonical,2025.0,401736316.0,7.0,5.0,espn
2025-08-15,IND,WAS,78.74000000000001,102.38907849829351,116.64899257688228,84.0,88.0,24.0,21.0,7.0,last_good_canonical,2025.0,401736322.0,7.0,1.0,espn
2025-08-17,IND,CON,89.9,108.7912087912088,104.72972972972973,99.0,93.0,38.0,23.0,7.0,last_good_canonical,2025.0,401736329.0,7.0,3.0,espn
2025-08-22,IND,MIN,75.6,117.3096976016684,127.55102040816324,90.0,95.0,23.0,24.0,13.0,last_good_canonical,2025.0,401736343.0,5.0,0.0,espn
2025-08-24,IND,MIN,75.82,111.28775834658188,127.36344537815128,84.0,97.0,25.0,21.0,8.0,last_good_canonical,2025.0,401736351.0,5.0,3.0,espn
2025-08-26,IND,SEA,78.19999999999999,120.55837563451776,96.64948453608248,95.0,75.0,42.0,22.0,7.0,last_good_canonical,2025.0,401736354.0,7.0,2.0,espn
2025-08-30,IND,LAS,83.72,88.99297423887587,91.41882008776209,76.0,75.0,40.0,21.0,5.0,last_good_canonical,2025.0,401736362.0,13.0,3.0,espn
2025-09-01,IND,GSV,73.94,85.22727272727272,101.40616549486208,63.0,75.0,30.0,15.0,6.0,last_good_canonical,2025.0,401736368.0,8.0,1.0,espn
2025-09-03,IND,PHX,78.82,100.61130922058076,107.43174924165824,79.0,85.0,40.0,25.0,9.0,last_good_canonical,2025.0,401736373.0,5.0,3.0,espn
2025-09-05,IND,CHI,80.44,117.7756192326372,98.06418746816098,97.0,77.0,23.0,27.0,6.0,last_good_canonical,2025.0,401736380.0,9.0,0.0,espn
2025-09-07,IND,WAS,76.47999999999999,123.10110005238344,84.85639686684074,94.0,65.0,29.0,21.0,9.0,last_good_canonical,2025.0,401736384.0,10.0,1.0,espn
2025-09-09,IND,MIN,75.56,110.43108036189464,94.7867298578199,83.0,72.0,34.0,19.0,9.0,last_good_canonical,2025.0,401736389.0,6.0,1.0,espn
2025-09-14,IND,ATL,79.5,86.33824276282377,99.70089730807578,68.0,80.0,32.0,15.0,2.0,last_good_canonical,2025.0,401820313.0,7.0,3.0,espn
2025-09-16,IND,ATL,79.0,96.73366834170857,76.53061224489795,77.0,60.0,37.0,16.0,8.0,last_good_canonical,2025.0,401820316.0,5.0,2.0,espn
2025-09-18,IND,ATL,83.7,105.3779069767442,100.18859028760018,87.0,85.0,34.0,24.0,6.0,last_good_canonical,2025.0,401820320.0,7.0,3.0,espn
2025-09-21,IND,LVA,80.38,110.58648111332008,90.9317389138017,89.0,73.0,35.0,17.0,5.0,last_good_canonical,2025.0,401820327.0,7.0,2.0,espn
2025-09-24,IND,LVA,77.41999999999999,91.15281501340483,112.16350947158526,68.0,90.0,30.0,18.0,7.0,last_good_canonical,2025.0,401820331.0,5.0,1.0,espn
2025-09-26,IND,LVA,81.36,89.7308075772682,101.84287099903008,72.0,84.0,39.0,14.0,7.0,last_good_canonical,2025.0,401820334.0,6.0,5.0,espn
2025-09-28,IND,LVA,85.9,102.31923601637106,98.99809160305342,90.0,83.0,34.0,14.0,4.0,last_good_canonical,2025.0,401820337.0,11.0,3.0,espn
2025-10-01,IND,LVA,90.62,108.2155477031802,117.99735333039258,98.0,107.0,40.0,21.0,7.0,last_good_canonical,2025.0,401820340.0,4.0,1.0,espn
2026-05-02,IND,NIGER,88.6,118.99365367180418,64.07374100719424,105.0,57.0,39.0,26.0,14.0,last_good_canonical,2026.0,401867794.0,12.0,5.0,espn
2026-05-09,IND,DAL,90.9,111.54011154011155,120.82204155374887,104.0,107.0,28.0,23.0,7.0,last_good_canonical,2026.0,401856893.0,4.0,2.0,espn
2026-05-14,IND,LAS,81.18,109.62701612903226,93.97590361445783,87.0,78.0,33.0,23.0,9.0,last_good_canonical,2026.0,401856907.0,7.0,3.0,espn
2026-05-15,IND,WAS,96.34,101.63411717815865,112.6516464471404,102.0,104.0,29.0,23.0,17.0,last_good_canonical,2026.0,401856911.0,13.0,4.0,espn
2026-05-17,IND,SEA,87.28,102.67651130595291,88.75739644970415,89.0,78.0,38.0,22.0,5.0,last_good_canonical,2026.0,401856916.0,5.0,6.0,espn
2026-05-20,IND,POR,81.12,107.44985673352434,93.01732925586136,90.0,73.0,36.0,21.0,9.0,last_good_canonical,2026.0,401856921.0,6.0,5.0,espn
2026-05-22,IND,GSV,85.82,104.94402985074626,95.48206800186308,90.0,82.0,34.0,22.0,10.0,last_good_canonical,2026.0,401856928.0,7.0,2.0,espn
2026-05-29,IND,GSV,84.78,102.04081632653062,108.01728276524244,88.0,90.0,34.0,22.0,9.0,last_good_canonical,2026.0,401856944.0,7.0,5.0,espn
2026-05-31,IND,POR,81.6,103.1941031941032,122.24938875305624,84.0,100.0,26.0,21.0,5.0,last_good_canonical,2026.0,401856951.0,6.0,3.0,espn
2026-06-04,IND,ATL,,,,83.0,71.0,35.0,16.0,11.0,last_good_canonical,,,,,
2026-06-06,IND,NYL,,,,75.0,83.0,41.0,20.0,8.0,last_good_canonical,,,,,
2026-06-07,IND,NYL,82.6,89.71291866028709,101.7156862745098,75.0,83.0,41.0,20.0,8.0,last_good_canonical,2026.0,401856969.0,4.0,5.0,espn
2026-06-08,IND,WAS,,,,78.0,76.0,28.0,19.0,10.0,last_good_canonical,,,,,
2026-06-11,IND,CHI,,,,114.0,106.0,46.0,22.0,7.0,last_good_canonical,,,,,
2026-06-13,IND,CON,,,,85.0,75.0,38.0,19.0,12.0,last_good_canonical,,,,,
2026-06-16,IND,TOR,,,,113.0,91.0,43.0,25.0,13.0,last_good_canonical,,,,,
2026-06-18,IND,ATL,,,,101.0,108.0,26.0,16.0,8.0,last_good_canonical,,,,,
2026-06-23,IND,PHX,80.0,109.19248349415946,94.7808961102905,86.0,77.0,39.0,15.0,10.0,last_good_canonical,2026.0,401857014.0,6.0,2.0,espn
2026-06-28,IND,LAS,87.38,131.32986275437767,96.40957446808513,111.0,87.0,41.0,23.0,10.0,last_good_canonical,2026.0,401857028.0,6.0,6.0,espn
2024-05-05,LAS,SEA,82.14,101.44927536231884,96.95630829651448,84.0,79.0,42.0,16.0,8.0,last_good_canonical,2024.0,401647556.0,10.0,2.0,espn
2024-05-11,LAS,PHX,81.28,121.52777777777776,103.759765625,98.0,85.0,42.0,20.0,12.0,last_good_canonical,2024.0,401653634.0,10.0,5.0,espn
2024-05-16,LAS,ATL,83.02000000000001,95.6542276806802,113.07767944936089,81.0,92.0,35.0,24.0,12.0,last_good_canonical,2024.0,401620223.0,8.0,2.0,espn
2024-05-18,LAS,LVA,84.32,94.68822170900694,108.48366650414432,82.0,89.0,31.0,16.0,5.0,last_good_canonical,2024.0,401620228.0,11.0,5.0,espn
2024-05-22,LAS,WAS,79.72,86.84863523573202,86.25063419583967,70.0,68.0,33.0,21.0,8.0,last_good_canonical,2024.0,401620236.0,8.0,5.0,espn
2024-05-25,LAS,IND,82.36,87.6982220086497,95.72901325478644,73.0,78.0,35.0,18.0,5.0,last_good_canonical,2024.0,401620241.0,5.0,3.0,espn
2024-05-27,LAS,DAL,79.9,99.71167707832774,109.717868338558,83.0,84.0,37.0,21.0,6.0,last_good_canonical,2024.0,401620248.0,1.0,4.0,espn
2024-05-28,LAS,IND,83.25999999999999,106.64081434803684,97.61904761904762,88.0,82.0,30.0,17.0,14.0,last_good_canonical,2024.0,401620250.0,9.0,5.0,espn
2024-05-31,LAS,CHI,83.4,87.15377268385863,99.95183044315992,73.0,83.0,33.0,17.0,4.0,last_good_canonical,2024.0,401620256.0,9.0,2.0,espn
2024-06-02,LAS,PHX,80.19999999999999,86.51399491094148,106.35696821515891,68.0,87.0,30.0,18.0,9.0,last_good_canonical,2024.0,401620265.0,5.0,2.0,espn
2024-06-06,LAS,MIN,82.48,73.87988560533842,106.12043435340571,62.0,86.0,44.0,15.0,4.0,last_good_canonical,2024.0,401620270.0,6.0,3.0,espn
2024-06-08,LAS,DAL,83.16,98.0629539951574,86.00095556617296,81.0,72.0,36.0,23.0,5.0,last_good_canonical,2024.0,401620275.0,9.0,4.0,espn
2024-06-10,LAS,LVA,82.0,115.05273250239694,114.20059582919562,96.0,92.0,36.0,21.0,10.0,last_good_canonical,2024.0,401620282.0,3.0,6.0,espn
2024-06-12,LAS,SEA,81.74000000000001,98.0635551142006,114.56825856246984,79.0,95.0,33.0,19.0,6.0,last_good_canonical,2024.0,401620286.0,6.0,6.0,espn
2024-06-14,LAS,MIN,82.92,89.49599623174753,100.0988630746416,76.0,81.0,34.0,23.0,5.0,last_good_canonical,2024.0,401620292.0,11.0,1.0,espn
2024-06-16,LAS,ATL,79.68,92.5925925925926,109.5166163141994,74.0,87.0,33.0,18.0,8.0,last_good_canonical,2024.0,401620297.0,6.0,2.0,espn
2024-06-18,LAS,CON,75.16,89.83572895277207,109.1160220994475,70.0,79.0,26.0,19.0,6.0,last_good_canonical,2024.0,401620299.0,7.0,2.0,espn
2024-06-20,LAS,NYL,80.97999999999999,100.80645161290325,112.590799031477,80.0,93.0,34.0,18.0,7.0,last_good_canonical,2024.0,401620305.0,8.0,1.0,espn
2024-06-22,LAS,NYL,80.19999999999999,108.05500982318271,124.11347517730498,88.0,98.0,27.0,22.0,8.0,last_good_canonical,2024.0,401620309.0,10.0,1.0,espn
2024-06-29,LAS,PHX,80.86,96.7741935483871,113.41222879684418,78.0,92.0,23.0,24.0,10.0,last_good_canonical,2024.0,401620320.0,10.0,5.0,espn
2024-07-03,LAS,WAS,76.16,106.78056593699948,105.94315245478036,80.0,82.0,32.0,22.0,13.0,last_good_canonical,2024.0,401620331.0,5.0,1.0,espn
2024-07-06,LAS,LVA,88.38,106.42919200695049,109.8252243741143,98.0,93.0,39.0,23.0,11.0,last_good_canonical,2024.0,401620336.0,6.0,3.0,espn
2024-07-07,LAS,PHX,81.34,94.7061680427392,104.58167330677291,78.0,84.0,29.0,25.0,5.0,last_good_canonical,2024.0,401620343.0,6.0,2.0,espn
2024-07-10,LAS,MIN,76.38,85.50280755487493,110.21505376344084,67.0,82.0,29.0,17.0,3.0,last_good_canonical,2024.0,401620344.0,3.0,5.0,espn
2024-07-13,LAS,DAL,84.03999999999999,104.61760461760464,95.38389072067828,87.0,81.0,29.0,24.0,6.0,last_good_canonical,2024.0,401620355.0,11.0,4.0,espn
2024-07-16,LAS,SEA,81.06,101.61606268364348,110.64147190452512,83.0,89.0,37.0,20.0,10.0,last_good_canonical,2024.0,401620361.0,5.0,3.0,espn
2024-08-16,LAS,NYL,85.25999999999999,79.25407925407926,121.57695939565627,68.0,103.0,29.0,16.0,6.0,last_good_canonical,2024.0,401620368.0,6.0,4.0,espn
2024-08-17,LAS,CHI,83.0,103.0680728667306,109.01162790697674,86.0,90.0,33.0,23.0,9.0,last_good_canonical,2024.0,401620374.0,6.0,4.0,espn
2024-08-18,LAS,LVA,88.18,79.56073509636934,99.86225895316804,71.0,87.0,33.0,16.0,6.0,last_good_canonical,2024.0,401620376.0,10.0,4.0,espn
2024-08-20,LAS,CON,81.94,73.14148681055156,85.73558648111332,61.0,69.0,42.0,15.0,2.0,last_good_canonical,2024.0,401620379.0,8.0,6.0,espn
2024-08-23,LAS,WAS,88.38,80.78602620087337,93.94081728511038,74.0,80.0,37.0,18.0,6.0,last_good_canonical,2024.0,401620387.0,12.0,3.0,espn
2024-08-25,LAS,DAL,85.6,127.25590004627487,133.317602642756,110.0,113.0,21.0,29.0,12.0,last_good_canonical,2024.0,401620392.0,5.0,5.0,espn
2024-08-29,LAS,NYL,83.02000000000001,113.69134010643444,105.5662188099808,94.0,88.0,28.0,24.0,8.0,last_good_canonical,2024.0,401620399.0,12.0,4.0,espn
2024-09-01,LAS,ATL,71.82,86.20689655172414,111.54489682097044,62.0,80.0,31.0,14.0,3.0,last_good_canonical,2024.0,401620410.0,5.0,2.0,espn
2024-09-04,LAS,IND,89.02000000000001,95.04862953138814,106.21288259479212,86.0,93.0,28.0,17.0,10.0,last_good_canonical,2024.0,401620416.0,9.0,3.0,espn
2024-09-07,LAS,CHI,81.97999999999999,95.35452322738386,111.97663096397274,78.0,92.0,26.0,23.0,5.0,last_good_canonical,2024.0,401620422.0,9.0,4.0,espn
2024-09-09,LAS,CON,78.42,86.11825192802057,99.9493927125506,67.0,79.0,28.0,15.0,7.0,last_good_canonical,2024.0,401620428.0,5.0,2.0,espn
2024-09-11,LAS,CON,80.22,80.21390374331551,110.03070624360286,66.0,86.0,27.0,19.0,6.0,last_good_canonical,2024.0,401620431.0,9.0,0.0,espn
2024-09-12,LAS,SEA,79.97999999999999,104.32569974554708,110.61946902654869,82.0,90.0,38.0,21.0,7.0,last_good_canonical,2024.0,401620434.0,5.0,3.0,espn
2024-09-15,LAS,SEA,84.74000000000001,102.59433962264151,106.28247520075578,87.0,90.0,36.0,18.0,3.0,last_good_canonical,2024.0,401620446.0,13.0,1.0,espn
2024-09-18,LAS,PHX,81.74000000000001,93.31797235023042,110.85028690662492,81.0,85.0,49.0,16.0,9.0,last_good_canonical,2024.0,401620450.0,5.0,3.0,espn
2024-09-20,LAS,MIN,75.0,89.52080042127434,68.88168557536467,68.0,51.0,36.0,18.0,10.0,last_good_canonical,2024.0,401620455.0,5.0,4.0,espn
2025-05-07,LAS,GSV,86.22,95.88724584103512,95.48206800186308,83.0,82.0,38.0,21.0,8.0,last_good_canonical,2025.0,401761351.0,8.0,2.0,espn
2025-05-17,LAS,GSV,79.97999999999999,104.68594217347956,84.04415454089313,84.0,67.0,27.0,19.0,7.0,last_good_canonical,2025.0,401736114.0,16.0,4.0,espn
2025-05-18,LAS,MIN,75.64,101.95758564437192,114.51363870303656,75.0,89.0,29.0,15.0,9.0,last_good_canonical,2025.0,401736119.0,4.0,3.0,espn
2025-05-22,LAS,PHX,86.66,97.24106739032112,104.85391140433552,86.0,89.0,37.0,18.0,10.0,last_good_canonical,2025.0,401736125.0,4.0,3.0,espn
2025-05-24,LAS,GSV,81.46000000000001,89.37316356513222,100.93549975381586,73.0,82.0,31.0,18.0,9.0,last_good_canonical,2025.0,401736130.0,9.0,4.0,espn
2025-05-25,LAS,CHI,78.2,117.99792531120332,98.38546922300706,91.0,78.0,32.0,24.0,13.0,last_good_canonical,2025.0,401736135.0,12.0,2.0,espn
2025-05-28,LAS,ATL,80.98,103.17060895822848,106.6925315227934,82.0,88.0,28.0,23.0,8.0,last_good_canonical,2025.0,401736141.0,12.0,1.0,espn
2025-05-31,LAS,LVA,83.24000000000001,98.34871296745992,114.12268188302424,81.0,96.0,38.0,18.0,7.0,last_good_canonical,2025.0,401736148.0,6.0,0.0,espn
2025-06-01,LAS,PHX,81.28,96.3855421686747,106.83760683760684,80.0,85.0,38.0,17.0,8.0,last_good_canonical,2025.0,401736153.0,11.0,3.0,espn
2025-06-07,LAS,DAL,79.6,117.1875,98.94789579158316,93.0,79.0,30.0,24.0,9.0,last_good_canonical,2025.0,401736162.0,9.0,5.0,espn
2025-06-10,LAS,GSV,88.06,90.0,103.34417092429167,81.0,89.0,34.0,23.0,6.0,last_good_canonical,2025.0,401736168.0,8.0,4.0,espn
2025-06-12,LAS,LVA,82.82,119.93076162215628,105.0023596035866,97.0,89.0,38.0,24.0,9.0,last_good_canonical,2025.0,401736171.0,5.0,1.0,espn
2025-06-14,LAS,MIN,78.86,99.59141981613892,127.20403022670024,78.0,101.0,36.0,14.0,8.0,last_good_canonical,2025.0,401736176.0,3.0,1.0,espn
2025-06-18,LAS,SEA,84.76,80.60635226179018,113.42592592592592,67.0,98.0,42.0,14.0,6.0,last_good_canonical,2025.0,401736187.0,7.0,4.0,espn
2025-06-22,LAS,MIN,77.53999999999999,84.57201435161456,106.43821391484944,66.0,82.0,26.0,13.0,7.0,last_good_canonical,2025.0,401736195.0,7.0,3.0,espn
2025-06-25,LAS,CHI,85.38,103.31571359923116,110.83180987202924,86.0,97.0,27.0,22.0,7.0,last_good_canonical,2025.0,401736202.0,7.0,7.0,espn
2025-06-26,LAS,IND,79.82,104.5253320216429,95.76098059244129,85.0,75.0,34.0,19.0,6.0,last_good_canonical,2025.0,401736207.0,8.0,1.0,espn
2025-06-29,LAS,CHI,80.08000000000001,102.80599903241412,118.74032008260195,85.0,92.0,35.0,22.0,9.0,last_good_canonical,2025.0,401736216.0,7.0,5.0,espn
2025-07-03,LAS,NYL,81.4,98.2098458478369,108.06216610004856,79.0,89.0,32.0,22.0,5.0,last_good_canonical,2025.0,401736221.0,8.0,6.0,espn
2025-07-05,LAS,IND,76.74000000000001,116.92065160273252,112.4612202688728,89.0,87.0,30.0,22.0,10.0,last_good_canonical,2025.0,401736225.0,2.0,1.0,espn
2025-07-10,LAS,MIN,81.46000000000001,100.88582677165354,111.46496815286623,82.0,91.0,31.0,24.0,13.0,last_good_canonical,2025.0,401736238.0,7.0,1.0,espn
2025-07-13,LAS,CON,81.6,116.39676113360323,104.56273764258556,92.0,88.0,32.0,22.0,10.0,last_good_canonical,2025.0,401736246.0,8.0,4.0,espn
2025-07-16,LAS,WAS,85.42,115.54621848739497,93.94081728511038,99.0,80.0,30.0,28.0,9.0,last_good_canonical,2025.0,401736251.0,9.0,4.0,espn
2025-07-22,LAS,WAS,79.58,117.48357756442648,107.5,93.0,86.0,33.0,24.0,13.0,last_good_canonical,2025.0,401736257.0,7.0,2.0,espn
2025-07-24,LAS,CON,88.98,113.68752814047726,96.49910233393176,101.0,86.0,39.0,21.0,12.0,last_good_canonical,2025.0,401736263.0,8.0,5.0,espn
2025-07-26,LAS,NYL,85.64,116.19880349746892,117.35419630156473,101.0,99.0,37.0,24.0,11.0,last_good_canonical,2025.0,401736270.0,3.0,0.0,espn
2025-07-30,LAS,LVA,85.44,83.74830239927569,107.85264178381,74.0,89.0,34.0,16.0,4.0,last_good_canonical,2025.0,401736280.0,5.0,2.0,espn
2025-08-02,LAS,SEA,103.18,102.85714285714286,104.57774269928966,108.0,106.0,46.0,23.0,7.0,last_good_canonical,2025.0,401736289.0,8.0,6.0,espn
2025-08-06,LAS,IND,76.66,130.54830287206266,118.6131386861314,100.0,91.0,32.0,25.0,13.0,last_good_canonical,2025.0,401736298.0,1.0,7.0,espn
2025-08-08,LAS,CON,81.52,125.24557956777996,111.51960784313728,102.0,91.0,32.0,24.0,11.0,last_good_canonical,2025.0,401736303.0,3.0,4.0,espn
2025-08-10,LAS,GSV,73.28,79.55771305285869,99.44751381215468,59.0,72.0,31.0,15.0,8.0,last_good_canonical,2025.0,401736308.0,6.0,2.0,espn
2025-08-11,LAS,SEA,82.84,115.02692119432209,108.38494521200572,94.0,91.0,30.0,25.0,14.0,last_good_canonical,2025.0,401736312.0,10.0,3.0,espn
2025-08-13,LAS,NYL,80.36,119.22320550639137,132.3084677419355,97.0,105.0,34.0,23.0,9.0,last_good_canonical,2025.0,401736317.0,8.0,1.0,espn
2025-08-15,LAS,DAL,86.42,114.11764705882354,109.2896174863388,97.0,96.0,39.0,23.0,11.0,last_good_canonical,2025.0,401736324.0,11.0,5.0,espn
2025-08-17,LAS,WAS,75.38,110.4830421377184,130.27975863960503,86.0,95.0,15.0,23.0,8.0,last_good_canonical,2025.0,401736328.0,8.0,4.0,espn
2025-08-21,LAS,DAL,79.84,100.59612518628911,101.0611419909045,81.0,80.0,39.0,21.0,10.0,last_good_canonical,2025.0,401736338.0,5.0,2.0,espn
2025-08-27,LAS,PHX,83.2,100.62290368950646,110.95031355523396,84.0,92.0,29.0,19.0,7.0,last_good_canonical,2025.0,401736355.0,8.0,3.0,espn
2025-08-30,LAS,IND,83.72,91.41882008776209,88.99297423887587,75.0,76.0,30.0,17.0,8.0,last_good_canonical,2025.0,401736362.0,7.0,4.0,espn
2025-09-01,LAS,WAS,82.92,96.5204957102002,95.21484375,81.0,78.0,40.0,19.0,10.0,last_good_canonical,2025.0,401736367.0,6.0,3.0,espn
2025-09-02,LAS,SEA,85.97999999999999,106.60731021555765,98.15242494226328,91.0,85.0,37.0,22.0,4.0,last_good_canonical,2025.0,401736371.0,8.0,2.0,espn
2025-09-03,LAS,ATL,80.16,93.98496240601504,106.80576254346748,75.0,86.0,35.0,19.0,6.0,last_good_canonical,2025.0,401736374.0,8.0,3.0,espn
2025-09-05,LAS,ATL,76.64,113.33333333333331,132.85641287685232,85.0,104.0,27.0,16.0,6.0,last_good_canonical,2025.0,401736379.0,3.0,4.0,espn
2025-09-07,LAS,DAL,87.14,101.33630289532294,91.14583333333331,91.0,77.0,41.0,23.0,10.0,last_good_canonical,2025.0,401736385.0,11.0,2.0,espn
2025-09-10,LAS,PHX,80.24000000000001,110.0,103.13121272365804,88.0,83.0,35.0,21.0,9.0,last_good_canonical,2025.0,401736391.0,7.0,4.0,espn
2025-09-12,LAS,LVA,83.52000000000001,86.80555555555554,127.7281746031746,75.0,103.0,32.0,23.0,4.0,last_good_canonical,2025.0,401736397.0,9.0,1.0,espn
2026-05-03,LAS,POR,86.64,96.50317892824704,88.0281690140845,85.0,75.0,31.0,22.0,9.0,last_good_canonical,2026.0,401866521.0,10.0,4.0,espn
2026-05-10,LAS,LVA,86.76,87.6010781671159,124.28977272727272,78.0,105.0,32.0,11.0,9.0,last_good_canonical,2026.0,401856898.0,8.0,0.0,espn
2026-05-14,LAS,IND,81.18,93.97590361445783,109.62701612903226,78.0,87.0,24.0,13.0,2.0,last_good_canonical,2026.0,401856907.0,12.0,4.0,espn
2026-05-16,LAS,TOR,81.74000000000001,122.52475247524752,114.90082244799224,99.0,95.0,24.0,26.0,9.0,last_good_canonical,2026.0,401856912.0,6.0,1.0,espn
2026-05-17,LAS,TOR,81.84,118.22660098522168,128.5160038797284,96.0,106.0,26.0,26.0,7.0,last_good_canonical,2026.0,401856917.0,6.0,3.0,espn
2026-05-22,LAS,PHX,83.72,115.91778202676863,105.06208213944603,97.0,88.0,31.0,23.0,15.0,last_good_canonical,2026.0,401856926.0,8.0,4.0,espn
2026-05-24,LAS,LVA,86.41999999999999,116.62817551963047,110.15769944341372,101.0,95.0,30.0,26.0,14.0,last_good_canonical,2026.0,401856932.0,8.0,1.0,espn
2026-05-29,LAS,WAS,82.53999999999999,110.41766682669228,106.40900195694717,92.0,87.0,29.0,23.0,6.0,last_good_canonical,2026.0,401856946.0,8.0,2.0,espn
2026-05-30,LAS,CON,83.53999999999999,98.2532751091703,99.24385633270322,81.0,84.0,29.0,16.0,8.0,last_good_canonical,2026.0,401856950.0,9.0,7.0,espn
2026-06-02,LAS,LVA,,,,69.0,79.0,38.0,13.0,6.0,last_good_canonical,,,,,
2026-06-03,LAS,LVA,78.96000000000001,86.37956935403105,101.23013839056892,69.0,79.0,38.0,13.0,6.0,last_good_canonical,2026.0,401856958.0,4.0,4.0,espn
2026-06-05,LAS,DAL,,,,96.0,104.0,30.0,25.0,9.0,last_good_canonical,,,,,
2026-06-06,LAS,DAL,84.58,112.62318160488034,123.92755004766444,96.0,104.0,30.0,25.0,9.0,last_good_canonical,2026.0,401856964.0,5.0,2.0,espn
2026-06-07,LAS,POR,,,,89.0,72.0,42.0,17.0,8.0,last_good_canonical,,,,,
2026-06-10,LAS,SEA,,,,88.0,83.0,38.0,20.0,9.0,last_good_canonical,,,,,
2026-06-11,LAS,SEA,81.52000000000001,107.3170731707317,102.41855873642643,88.0,83.0,38.0,20.0,9.0,last_good_canonical,2026.0,401856979.0,10.0,4.0,espn
2026-06-13,LAS,PHX,,,,111.0,102.0,37.0,21.0,15.0,last_good_canonical,,,,,
2026-06-14,LAS,PHX,91.36,123.16910785619174,110.1511879049676,111.0,102.0,37.0,21.0,15.0,last_good_canonical,2026.0,401856989.0,8.0,8.0,espn
2026-06-15,LAS,GSV,,,,58.0,78.0,33.0,16.0,3.0,last_good_canonical,,,,,
2026-06-16,LAS,GSV,76.08,76.51715039577837,102.14772132006286,58.0,78.0,33.0,16.0,3.0,last_good_canonical,2026.0,401856994.0,4.0,4.0,espn
2026-06-17,LAS,MIN,,,,83.0,99.0,26.0,20.0,7.0,last_good_canonical,,,,,
2026-06-18,LAS,MIN,88.62,95.3146531924667,109.80479148181011,83.0,99.0,26.0,20.0,7.0,last_good_canonical,2026.0,401856999.0,8.0,1.0,espn
2026-06-22,LAS,NYL,84.32,116.27906976744184,114.98340445708868,98.0,97.0,26.0,28.0,9.0,last_good_canonical,2026.0,401857011.0,5.0,2.0,espn
2026-06-28,LAS,IND,87.38,96.40957446808513,131.32986275437767,87.0,111.0,25.0,21.0,4.0,last_good_canonical,2026.0,401857028.0,4.0,4.0,espn
2024-05-11,LVA,PUERTORICO,80.8,122.41958713394143,63.87327542156362,102.0,50.0,46.0,18.0,9.0,last_good_canonical,2024.0,401653736.0,8.0,3.0,espn
2024-05-15,LVA,PHX,85.08000000000001,105.0023596035866,93.6768149882904,89.0,80.0,37.0,17.0,6.0,last_good_canonical,2024.0,401620220.0,7.0,5.0,espn
2024-05-18,LVA,LAS,84.32,108.48366650414432,94.68822170900694,89.0,82.0,34.0,23.0,13.0,last_good_canonical,2024.0,401620228.0,10.0,4.0,espn
2024-05-22,LVA,PHX,85.66,101.61662817551964,115.67516525023608,88.0,98.0,39.0,22.0,11.0,last_good_canonical,2024.0,401620235.0,5.0,4.0,espn
2024-05-26,LVA,IND,82.32,119.39218523878436,97.8952520802741,99.0,80.0,36.0,24.0,13.0,last_good_canonical,2024.0,401620244.0,7.0,4.0,espn
2024-05-30,LVA,MIN,79.28,98.57072449482504,85.27131782945736,80.0,66.0,41.0,23.0,10.0,last_good_canonical,2024.0,401620254.0,6.0,5.0,espn
2024-05-31,LVA,ATL,83.78,86.24708624708624,95.40117416829744,74.0,78.0,34.0,18.0,6.0,last_good_canonical,2024.0,401620257.0,6.0,5.0,espn
2024-06-06,LVA,DAL,82.74000000000001,114.73429951690822,97.96806966618288,95.0,81.0,33.0,20.0,9.0,last_good_canonical,2024.0,401620269.0,10.0,5.0,espn
2024-06-08,LVA,SEA,87.02000000000001,75.26632700324224,88.95985401459853,65.0,78.0,36.0,13.0,7.0,last_good_canonical,2024.0,401620274.0,7.0,10.0,espn
2024-06-10,LVA,LAS,82.0,114.20059582919562,115.05273250239694,92.0,96.0,23.0,17.0,11.0,last_good_canonical,2024.0,401620282.0,7.0,6.0,espn
2024-06-12,LVA,MIN,80.46000000000001,105.5992141453831,125.81781580271766,86.0,100.0,35.0,19.0,10.0,last_good_canonical,2024.0,401620285.0,4.0,1.0,espn
2024-06-14,LVA,PHX,83.8,125.60975609756098,115.65420560747664,103.0,99.0,37.0,17.0,13.0,last_good_canonical,2024.0,401620290.0,6.0,2.0,espn
2024-06-15,LVA,NYL,80.94,100.19550342130988,112.44377811094452,82.0,90.0,31.0,23.0,11.0,last_good_canonical,2024.0,401620294.0,3.0,3.0,espn
2024-06-20,LVA,SEA,84.8,112.92647765497358,96.10930986567855,94.0,83.0,29.0,25.0,8.0,last_good_canonical,2024.0,401620303.0,11.0,4.0,espn
2024-06-22,LVA,CON,78.06,110.21784232365144,93.67088607594935,85.0,74.0,42.0,16.0,6.0,last_good_canonical,2024.0,401620307.0,6.0,3.0,espn
2024-06-27,LVA,CHI,80.52,117.45796241345204,103.54291417165668,95.0,83.0,35.0,20.0,9.0,last_good_canonical,2024.0,401620317.0,5.0,11.0,espn
2024-06-29,LVA,WAS,79.7,109.23535253227408,97.66615930999492,88.0,77.0,34.0,20.0,9.0,last_good_canonical,2024.0,401620321.0,3.0,4.0,espn
2024-07-03,LVA,IND,83.1,108.00196367206676,81.44475920679886,88.0,69.0,38.0,24.0,9.0,last_good_canonical,2024.0,401620330.0,7.0,7.0,espn
2024-07-05,LVA,WAS,84.32,118.30033800096572,89.74358974358975,98.0,77.0,36.0,31.0,11.0,last_good_canonical,2024.0,401620334.0,8.0,3.0,espn
2024-07-06,LVA,LAS,88.38,109.8252243741143,106.42919200695049,93.0,98.0,43.0,24.0,9.0,last_good_canonical,2024.0,401620336.0,1.0,8.0,espn
2024-07-07,LVA,DAL,87.03999999999999,117.70031688546854,99.16005599626692,104.0,85.0,40.0,23.0,14.0,last_good_canonical,2024.0,401620341.0,6.0,6.0,espn
2024-07-10,LVA,SEA,85.42,100.23866348448688,90.7628676470588,84.0,79.0,38.0,21.0,5.0,last_good_canonical,2024.0,401620348.0,7.0,5.0,espn
2024-07-12,LVA,ATL,84.53999999999999,100.62290368950646,81.77570093457945,84.0,70.0,36.0,22.0,12.0,last_good_canonical,2024.0,401620351.0,8.0,7.0,espn
2024-07-14,LVA,WAS,81.6,109.2292587137948,94.22418012726384,89.0,77.0,41.0,24.0,8.0,last_good_canonical,2024.0,401620357.0,7.0,7.0,espn
2024-07-17,LVA,CHI,86.18,100.37789324515823,106.06751824817518,85.0,93.0,26.0,17.0,5.0,last_good_canonical,2024.0,401620363.0,11.0,7.0,espn
2024-08-17,LVA,NYL,78.06,86.07399794450154,100.91977516607052,67.0,79.0,30.0,14.0,9.0,last_good_canonical,2024.0,401620373.0,10.0,7.0,espn
2024-08-18,LVA,LAS,88.18,99.86225895316804,79.56073509636934,87.0,71.0,33.0,14.0,8.0,last_good_canonical,2024.0,401620376.0,15.0,5.0,espn
2024-08-22,LVA,MIN,75.22,114.0534871525957,132.14670981661274,87.0,98.0,28.0,22.0,13.0,last_good_canonical,2024.0,401620383.0,7.0,2.0,espn
2024-08-24,LVA,MIN,81.42,90.33203125,107.51359367276322,74.0,87.0,17.0,17.0,7.0,last_good_canonical,2024.0,401620388.0,7.0,1.0,espn
2024-08-25,LVA,CHI,80.84,96.97732997481108,91.15216334467672,77.0,75.0,44.0,18.0,6.0,last_good_canonical,2024.0,401620391.0,6.0,6.0,espn
2024-08-28,LVA,DAL,80.28,113.63636363636364,114.30678466076697,90.0,93.0,26.0,15.0,5.0,last_good_canonical,2024.0,401620396.0,6.0,6.0,espn
2024-08-31,LVA,ATL,74.38,113.63636363636364,95.08716323296356,83.0,72.0,39.0,19.0,10.0,last_good_canonical,2024.0,401620404.0,4.0,8.0,espn
2024-09-01,LVA,PHX,79.75999999999999,121.85929648241206,98.84884884884885,97.0,79.0,35.0,32.0,11.0,last_good_canonical,2024.0,401620411.0,10.0,2.0,espn
2024-09-04,LVA,CHI,78.3,116.51993785603317,89.46572580645162,90.0,71.0,31.0,25.0,8.0,last_good_canonical,2024.0,401620414.0,12.0,6.0,espn
2024-09-06,LVA,CON,78.42,89.5968143354903,87.60460251046025,72.0,67.0,33.0,17.0,6.0,last_good_canonical,2024.0,401620420.0,9.0,2.0,espn
2024-09-08,LVA,NYL,78.54,91.7312661498708,94.12650602409636,71.0,75.0,27.0,18.0,15.0,last_good_canonical,2024.0,401620426.0,7.0,4.0,espn
2024-09-11,LVA,IND,83.26,108.20332159033718,86.1672794117647,86.0,75.0,34.0,20.0,10.0,last_good_canonical,2024.0,401620432.0,6.0,6.0,espn
2024-09-13,LVA,IND,84.36,90.78212290502792,89.3719806763285,78.0,74.0,31.0,22.0,9.0,last_good_canonical,2024.0,401620437.0,7.0,4.0,espn
2024-09-15,LVA,CON,74.06,111.05235325224749,97.95805739514348,84.0,71.0,33.0,24.0,10.0,last_good_canonical,2024.0,401620445.0,5.0,4.0,espn
2024-09-18,LVA,SEA,73.5,117.79379157427938,96.20523784072688,85.0,72.0,31.0,18.0,9.0,last_good_canonical,2024.0,401620451.0,5.0,2.0,espn
2024-09-20,LVA,DAL,83.7,118.0154142581888,99.57325746799432,98.0,84.0,38.0,22.0,15.0,last_good_canonical,2024.0,401620456.0,8.0,7.0,espn
2024-09-23,LVA,SEA,76.28,102.84810126582278,87.33055265901982,78.0,67.0,33.0,16.0,7.0,last_good_canonical,2024.0,401721256.0,9.0,7.0,espn
2024-09-25,LVA,SEA,77.88,106.35571501793952,97.78692743180648,83.0,76.0,45.0,23.0,7.0,last_good_canonical,2024.0,401721262.0,3.0,4.0,espn
2024-09-29,LVA,NYL,81.36,94.36274509803924,107.24852071005915,77.0,87.0,22.0,19.0,7.0,last_good_canonical,2024.0,401724938.0,4.0,4.0,espn
2024-10-01,LVA,NYL,79.2,104.52961672473867,112.76268580215272,84.0,88.0,29.0,23.0,12.0,last_good_canonical,2024.0,401724939.0,3.0,2.0,espn
2024-10-05,LVA,NYL,79.16,120.31408308004052,102.06653225806453,95.0,81.0,34.0,22.0,13.0,last_good_canonical,2024.0,401724940.0,5.0,3.0,espn
2024-10-06,LVA,NYL,74.88,82.75493860117459,101.54997327632282,62.0,76.0,27.0,16.0,7.0,last_good_canonical,2024.0,401724941.0,7.0,7.0,espn
2025-05-02,LVA,DAL,84.36,130.2325581395349,94.29400386847196,112.0,78.0,40.0,27.0,14.0,last_good_canonical,2025.0,401761558.0,14.0,5.0,espn
2025-05-07,LVA,PHX,84.32,101.04612458392772,99.38476100331285,85.0,84.0,27.0,17.0,8.0,last_good_canonical,2025.0,401761355.0,10.0,5.0,espn
2025-05-17,LVA,NYL,83.47999999999999,90.99393373775082,113.24470704086656,78.0,92.0,41.0,18.0,11.0,last_good_canonical,2025.0,401736116.0,4.0,2.0,espn
2025-05-20,LVA,CON,79.84,109.84848484848484,77.03777335984095,87.0,62.0,41.0,16.0,10.0,last_good_canonical,2025.0,401736121.0,9.0,4.0,espn
2025-05-24,LVA,WAS,77.64,95.17766497461928,94.14225941422592,75.0,72.0,32.0,15.0,8.0,last_good_canonical,2025.0,401736129.0,9.0,6.0,espn
2025-05-25,LVA,SEA,81.53999999999999,100.24449877750612,125.49212598425196,82.0,102.0,25.0,19.0,9.0,last_good_canonical,2025.0,401736137.0,7.0,8.0,espn
2025-05-31,LVA,LAS,83.24000000000001,114.12268188302424,98.34871296745992,96.0,81.0,30.0,22.0,12.0,last_good_canonical,2025.0,401736148.0,12.0,7.0,espn
2025-06-01,LVA,SEA,80.12,94.74482061647296,86.3344844597928,75.0,70.0,31.0,17.0,10.0,last_good_canonical,2025.0,401736154.0,11.0,4.0,espn
2025-06-07,LVA,GSV,80.46000000000001,86.07594936708861,115.966796875,68.0,95.0,31.0,11.0,6.0,last_good_canonical,2025.0,401736163.0,5.0,2.0,espn
2025-06-12,LVA,LAS,82.82,105.0023596035866,119.93076162215628,89.0,97.0,28.0,12.0,9.0,last_good_canonical,2025.0,401736171.0,8.0,4.0,espn
2025-06-14,LVA,DAL,82.08,106.89990281827018,102.63929618768329,88.0,84.0,36.0,15.0,10.0,last_good_canonical,2025.0,401736175.0,10.0,4.0,espn
2025-06-15,LVA,PHX,77.66,88.56275303643724,99.6329313057158,70.0,76.0,38.0,14.0,9.0,last_good_canonical,2025.0,401736181.0,6.0,4.0,espn
2025-06-18,LVA,MIN,77.22,80.56133056133056,98.0898296334538,62.0,76.0,34.0,18.0,9.0,last_good_canonical,2025.0,401736186.0,4.0,4.0,espn
2025-06-21,LVA,SEA,77.14,106.0838445807771,118.35875854813256,83.0,90.0,30.0,20.0,11.0,last_good_canonical,2025.0,401736193.0,5.0,5.0,espn
2025-06-22,LVA,IND,83.1,104.41107461285782,100.04940711462451,89.0,81.0,31.0,19.0,6.0,last_good_canonical,2025.0,401736198.0,9.0,3.0,espn
2025-06-26,LVA,CON,81.66,103.60799609946366,72.58858267716535,85.0,59.0,45.0,18.0,11.0,last_good_canonical,2025.0,401736206.0,6.0,7.0,espn
2025-06-27,LVA,WAS,78.64,107.4016563146998,117.5,83.0,94.0,27.0,21.0,6.0,last_good_canonical,2025.0,401736208.0,4.0,7.0,espn
2025-06-29,LVA,PHX,78.84,107.08822029576748,102.221100454316,84.0,81.0,36.0,20.0,9.0,last_good_canonical,2025.0,401736217.0,5.0,3.0,espn
2025-07-03,LVA,IND,76.08000000000001,67.7710843373494,111.7549668874172,54.0,81.0,26.0,12.0,3.0,last_good_canonical,2025.0,401736220.0,4.0,1.0,espn
2025-07-06,LVA,CON,77.53999999999999,113.57633386159536,85.68548387096774,86.0,68.0,35.0,21.0,9.0,last_good_canonical,2025.0,401736227.0,9.0,6.0,espn
2025-07-09,LVA,NYL,81.0,96.8222442899702,106.82711198428292,78.0,87.0,32.0,13.0,7.0,last_good_canonical,2025.0,401736233.0,2.0,7.0,espn
2025-07-10,LVA,WAS,80.32,83.78511582060129,88.07247106190236,68.0,70.0,31.0,12.0,3.0,last_good_canonical,2025.0,401736239.0,8.0,5.0,espn
2025-07-12,LVA,GSV,78.98,132.6530612244898,128.2051282051282,104.0,102.0,30.0,21.0,6.0,last_good_canonical,2025.0,401736243.0,4.0,2.0,espn
2025-07-17,LVA,DAL,89.14,104.1184636742249,93.6411149825784,90.0,86.0,40.0,23.0,5.0,last_good_canonical,2025.0,401736256.0,8.0,9.0,espn
2025-07-23,LVA,ATL,84.86,103.27635327635328,84.23022929340196,87.0,72.0,34.0,20.0,6.0,last_good_canonical,2025.0,401736260.0,13.0,4.0,espn
2025-07-24,LVA,IND,79.82,88.07247106190236,99.8003992015968,70.0,80.0,37.0,12.0,2.0,last_good_canonical,2025.0,401736264.0,7.0,3.0,espn
2025-07-25,LVA,MIN,79.92,101.14107883817428,131.76982591876208,78.0,109.0,30.0,15.0,8.0,last_good_canonical,2025.0,401736267.0,7.0,4.0,espn
2025-07-27,LVA,DAL,84.4,126.85495452369554,93.85265133740027,106.0,80.0,37.0,30.0,15.0,last_good_canonical,2025.0,401736273.0,6.0,7.0,espn
2025-07-30,LVA,LAS,85.44,107.85264178381,83.74830239927569,89.0,74.0,36.0,25.0,9.0,last_good_canonical,2025.0,401736280.0,13.0,6.0,espn
2025-08-02,LVA,MIN,79.34,71.14818449460256,143.8569206842924,58.0,111.0,22.0,18.0,8.0,last_good_canonical,2025.0,401736290.0,6.0,7.0,espn
2025-08-03,LVA,GSV,76.98,126.18690654672665,104.16666666666666,101.0,77.0,46.0,24.0,18.0,last_good_canonical,2025.0,401736294.0,10.0,3.0,espn
2025-08-07,LVA,GSV,75.18,104.0,95.54140127388536,78.0,72.0,31.0,15.0,5.0,last_good_canonical,2025.0,401736301.0,9.0,5.0,espn
2025-08-09,LVA,SEA,79.68,112.33150274588117,108.53104492680464,90.0,86.0,38.0,20.0,10.0,last_good_canonical,2025.0,401736307.0,5.0,3.0,espn
2025-08-11,LVA,CON,82.06,111.58594491927826,107.66149223835754,94.0,86.0,40.0,24.0,8.0,last_good_canonical,2025.0,401736314.0,8.0,1.0,espn
2025-08-14,LVA,NYL,74.68,113.202400436443,101.2624934245134,83.0,77.0,39.0,15.0,10.0,last_good_canonical,2025.0,401736320.0,7.0,7.0,espn
2025-08-16,LVA,PHX,77.8,112.50654107796966,104.85093481556342,86.0,83.0,39.0,21.0,4.0,last_good_canonical,2025.0,401736326.0,6.0,5.0,espn
2025-08-17,LVA,DAL,84.03999999999999,129.0793960058451,101.20986505351328,106.0,87.0,28.0,28.0,18.0,last_good_canonical,2025.0,401736330.0,9.0,3.0,espn
2025-08-20,LVA,ATL,72.5,101.59253157605713,99.77827050997784,74.0,72.0,32.0,20.0,7.0,last_good_canonical,2025.0,401736336.0,6.0,6.0,espn
2025-08-22,LVA,PHX,76.06,110.07957559681697,79.50990615224192,83.0,61.0,37.0,18.0,6.0,last_good_canonical,2025.0,401736342.0,9.0,4.0,espn
2025-08-23,LVA,WAS,79.96,115.7760814249364,99.60649286768324,91.0,81.0,34.0,27.0,10.0,last_good_canonical,2025.0,401736347.0,6.0,6.0,espn
2025-08-26,LVA,CHI,81.26,99.4962216624685,89.0279114533205,79.0,74.0,24.0,20.0,11.0,last_good_canonical,2025.0,401736353.0,9.0,8.0,espn
2025-08-27,LVA,ATL,75.28,109.69664138678225,97.75808133472368,81.0,75.0,32.0,26.0,8.0,last_good_canonical,2025.0,401736356.0,4.0,6.0,espn
2025-09-05,LVA,MIN,79.34,121.49298597194388,110.35007610350075,97.0,87.0,29.0,25.0,11.0,last_good_canonical,2025.0,401736378.0,7.0,4.0,espn
2025-09-08,LVA,CHI,76.08,103.78827192527244,87.90623335109217,80.0,66.0,28.0,20.0,10.0,last_good_canonical,2025.0,401736386.0,12.0,6.0,espn
2025-09-10,LVA,CHI,71.03999999999999,130.9049516220831,84.958217270195,92.0,61.0,27.0,26.0,15.0,last_good_canonical,2025.0,401736390.0,8.0,8.0,espn
2025-09-12,LVA,LAS,83.52000000000001,127.7281746031746,86.80555555555554,103.0,75.0,44.0,35.0,22.0,last_good_canonical,2025.0,401736397.0,13.0,6.0,espn
2025-09-15,LVA,SEA,79.03999999999999,130.3680981595092,96.44288577154308,102.0,77.0,39.0,23.0,14.0,last_good_canonical,2025.0,401820315.0,10.0,6.0,espn
2025-09-17,LVA,SEA,76.52000000000001,111.02193686463347,109.86203372508942,83.0,86.0,29.0,22.0,7.0,last_good_canonical,2025.0,401820317.0,5.0,3.0,espn
2025-09-19,LVA,SEA,78.7,95.50851832731028,91.34134134134132,74.0,73.0,27.0,20.0,3.0,last_good_canonical,2025.0,401820321.0,11.0,5.0,espn
2025-09-21,LVA,IND,80.38,90.9317389138017,110.58648111332008,73.0,89.0,33.0,12.0,5.0,last_good_canonical,2025.0,401820327.0,5.0,4.0,espn
2025-09-24,LVA,IND,77.41999999999999,112.16350947158526,91.15281501340483,90.0,68.0,30.0,22.0,5.0,last_good_canonical,2025.0,401820331.0,12.0,2.0,espn
2025-09-26,LVA,IND,81.36,101.84287099903008,89.7308075772682,84.0,72.0,26.0,20.0,4.0,last_good_canonical,2025.0,401820334.0,8.0,10.0,espn
2025-09-28,LVA,IND,85.9,98.99809160305342,102.31923601637106,83.0,90.0,22.0,22.0,9.0,last_good_canonical,2025.0,401820337.0,9.0,5.0,espn
2025-10-01,LVA,IND,90.62,117.99735333039258,108.2155477031802,107.0,98.0,21.0,26.0,11.0,last_good_canonical,2025.0,401820340.0,9.0,10.0,espn
2025-10-04,LVA,PHX,77.75999999999999,114.39588688946016,110.65362840967576,89.0,86.0,33.0,24.0,9.0,last_good_canonical,2025.0,401820322.0,9.0,3.0,espn
2025-10-05,LVA,PHX,83.32,107.41265344664778,95.21484375,91.0,78.0,43.0,21.0,8.0,last_good_canonical,2025.0,401820325.0,9.0,6.0,espn
2025-10-09,LVA,PHX,78.32,120.0,107.79029887310142,90.0,88.0,36.0,21.0,9.0,last_good_canonical,2025.0,401820326.0,8.0,8.0,espn
2025-10-11,LVA,PHX,83.88,114.92890995260665,103.16698656429942,97.0,86.0,32.0,19.0,12.0,last_good_canonical,2025.0,401820329.0,8.0,6.0,espn
2026-05-03,LVA,DAL,89.74000000000001,92.5925925925926,113.78999549346553,84.0,101.0,25.0,14.0,5.0,last_good_canonical,2026.0,401866520.0,9.0,3.0,espn
2026-05-09,LVA,PHX,84.56,77.17492984097288,118.42105263157896,66.0,99.0,35.0,19.0,4.0,last_good_canonical,2026.0,401856894.0,5.0,8.0,espn
2026-05-10,LVA,LAS,86.76,124.28977272727272,87.6010781671159,105.0,78.0,31.0,28.0,7.0,last_good_canonical,2026.0,401856898.0,11.0,10.0,espn
2026-05-14,LVA,CON,84.9,116.33428300094968,80.64516129032258,98.0,69.0,46.0,21.0,5.0,last_good_canonical,2026.0,401856905.0,9.0,6.0,espn
2026-05-15,LVA,CON,87.84,117.33271375464685,104.91071428571428,101.0,94.0,28.0,24.0,6.0,last_good_canonical,2026.0,401856910.0,6.0,6.0,espn
2026-05-17,LVA,ATL,89.38,97.16506630086876,92.0245398773006,85.0,84.0,38.0,21.0,10.0,last_good_canonical,2026.0,401856915.0,5.0,8.0,espn
2026-05-24,LVA,LAS,86.41999999999999,110.15769944341372,116.62817551963047,95.0,101.0,36.0,21.0,10.0,last_good_canonical,2026.0,401856932.0,6.0,9.0,espn
2026-05-29,LVA,DAL,81.48,103.22733744660655,120.74224707676665,87.0,95.0,33.0,21.0,8.0,last_good_canonical,2026.0,401856943.0,5.0,3.0,espn
2026-05-31,LVA,GSV,82.86,112.0137863121615,95.8806818181818,91.0,81.0,45.0,26.0,8.0,last_good_canonical,2026.0,401856952.0,5.0,8.0,espn
2026-06-02,LVA,LAS,,,,79.0,69.0,44.0,24.0,8.0,last_good_canonical,,,,,
2026-06-03,LVA,LAS,78.96000000000001,101.23013839056892,86.37956935403105,79.0,69.0,44.0,24.0,8.0,last_good_canonical,2026.0,401856958.0,7.0,8.0,espn
2026-06-06,LVA,GSV,,,,84.0,79.0,36.0,22.0,13.0,last_good_canonical,,,,,
2026-06-08,LVA,SEA,,,,101.0,91.0,39.0,27.0,10.0,last_good_canonical,,,,,
2026-06-09,LVA,SEA,82.58,123.83521333987248,108.85167464114834,101.0,91.0,39.0,27.0,10.0,last_good_canonical,2026.0,401856974.0,4.0,5.0,espn
2026-06-11,LVA,POR,,,,105.0,89.0,42.0,25.0,14.0,last_good_canonical,,,,,
2026-06-12,LVA,POR,81.52000000000001,128.42465753424656,109.498031496063,105.0,89.0,42.0,25.0,14.0,last_good_canonical,2026.0,401856983.0,6.0,4.0,espn
2026-06-13,LVA,MIN,,,,100.0,97.0,33.0,24.0,11.0,last_good_canonical,,,,,
2026-06-14,LVA,MIN,78.14,132.6963906581741,119.87147800296589,100.0,97.0,33.0,24.0,11.0,last_good_canonical,2026.0,401856987.0,8.0,3.0,espn
2026-06-15,LVA,DAL,,,,66.0,96.0,31.0,24.0,5.0,last_good_canonical,,,,,
2026-06-16,LVA,DAL,79.1,83.58662613981764,121.15093387178192,66.0,96.0,31.0,24.0,5.0,last_good_canonical,2026.0,401856992.0,5.0,3.0,espn
2026-06-17,LVA,PHX,,,,86.0,76.0,29.0,25.0,5.0,last_good_canonical,,,,,
2026-06-18,LVA,PHX,78.58,108.86075949367088,97.23643807574209,86.0,76.0,29.0,25.0,5.0,last_good_canonical,2026.0,401857000.0,18.0,6.0,espn
2026-06-24,LVA,NYL,77.78,98.03921568627452,111.4812916453101,76.0,87.0,32.0,23.0,8.0,last_good_canonical,2026.0,401857016.0,9.0,4.0,espn
2026-06-26,LVA,DAL,84.28,119.97091614154144,97.62900976290096,99.0,84.0,35.0,20.0,8.0,last_good_canonical,2026.0,401857022.0,5.0,2.0,espn
2024-05-04,MIN,CHI,81.74000000000001,111.54219204655674,100.0,92.0,81.0,29.0,20.0,7.0,last_good_canonical,2024.0,401649378.0,12.0,7.0,espn
2024-05-08,MIN,WAS,84.6,98.06238185255198,91.05960264900662,83.0,77.0,28.0,18.0,10.0,last_good_canonical,2024.0,401653632.0,10.0,5.0,espn
2024-05-15,MIN,SEA,88.06,93.30035971223022,80.31206975676916,83.0,70.0,39.0,23.0,7.0,last_good_canonical,2024.0,401620221.0,15.0,8.0,espn
2024-05-18,MIN,SEA,106.38,95.32710280373831,87.93494704992435,102.0,93.0,42.0,27.0,13.0,last_good_canonical,2024.0,401620226.0,18.0,10.0,espn
2024-05-23,MIN,CON,88.52,93.39407744874715,93.00761990138952,82.0,83.0,33.0,23.0,4.0,last_good_canonical,2024.0,401620238.0,11.0,5.0,espn
2024-05-25,MIN,NYL,78.52000000000001,108.19165378670787,84.38287153652392,84.0,67.0,35.0,26.0,14.0,last_good_canonical,2024.0,401620242.0,8.0,7.0,espn
2024-05-26,MIN,ATL,75.64,119.29460580912864,106.52642934196332,92.0,79.0,31.0,23.0,13.0,last_good_canonical,2024.0,401620247.0,7.0,4.0,espn
2024-05-30,MIN,LVA,79.28,85.27131782945736,98.57072449482504,66.0,80.0,36.0,18.0,8.0,last_good_canonical,2024.0,401620254.0,8.0,5.0,espn
2024-06-01,MIN,PHX,75.1,127.8944534194938,93.51949420442573,95.0,71.0,36.0,29.0,14.0,last_good_canonical,2024.0,401620260.0,6.0,3.0,espn
2024-06-02,MIN,DAL,85.82,104.21657882127457,86.20689655172414,87.0,76.0,27.0,23.0,8.0,last_good_canonical,2024.0,401620264.0,15.0,6.0,espn
2024-06-06,MIN,LAS,82.48,106.12043435340571,73.87988560533842,86.0,62.0,37.0,25.0,9.0,last_good_canonical,2024.0,401620270.0,8.0,5.0,espn
2024-06-08,MIN,PHX,82.38,96.57170449058424,98.876953125,80.0,81.0,36.0,24.0,15.0,last_good_canonical,2024.0,401620276.0,5.0,5.0,espn
2024-06-09,MIN,SEA,79.47999999999999,104.74507824331148,80.28098344204717,83.0,64.0,36.0,25.0,12.0,last_good_canonical,2024.0,401620281.0,6.0,7.0,espn
2024-06-12,MIN,LVA,80.46000000000001,125.81781580271766,105.5992141453831,100.0,86.0,28.0,34.0,15.0,last_good_canonical,2024.0,401620285.0,9.0,4.0,espn
2024-06-14,MIN,LAS,82.92,100.0988630746416,89.49599623174753,81.0,76.0,28.0,23.0,6.0,last_good_canonical,2024.0,401620292.0,17.0,6.0,espn
2024-06-18,MIN,DAL,78.44,117.55485893416927,97.11155378486056,90.0,78.0,28.0,24.0,7.0,last_good_canonical,2024.0,401620298.0,11.0,5.0,espn
2024-06-20,MIN,ATL,77.16,86.60213958227203,72.55936675461741,68.0,55.0,45.0,19.0,7.0,last_good_canonical,2024.0,401620302.0,5.0,4.0,espn
2024-06-23,MIN,PHX,82.6,91.34134134134132,70.35647279549718,73.0,60.0,44.0,18.0,8.0,last_good_canonical,2024.0,401620310.0,5.0,4.0,espn
2024-06-26,MIN,NYL,81.53999999999999,115.82060128141944,108.642578125,94.0,89.0,25.0,26.0,14.0,last_good_canonical,2024.0,401677672.0,12.0,4.0,espn
2024-06-27,MIN,DAL,79.1,111.16725618999496,118.92712550607288,88.0,94.0,35.0,27.0,11.0,last_good_canonical,2024.0,401620315.0,6.0,4.0,espn
2024-06-30,MIN,CHI,85.53999999999999,82.43052284503061,71.95914577530176,70.0,62.0,40.0,23.0,6.0,last_good_canonical,2024.0,401620324.0,11.0,9.0,espn
2024-07-02,MIN,NYL,77.22,90.05376344086021,94.95252373813092,67.0,76.0,37.0,23.0,8.0,last_good_canonical,2024.0,401620328.0,4.0,2.0,espn
2024-07-05,MIN,CON,77.34,94.85446985446988,100.36026762738034,73.0,78.0,28.0,23.0,13.0,last_good_canonical,2024.0,401620333.0,8.0,4.0,espn
2024-07-07,MIN,WAS,76.94,97.16386554621847,86.20689655172414,74.0,67.0,38.0,20.0,10.0,last_good_canonical,2024.0,401620339.0,9.0,3.0,espn
2024-07-10,MIN,LAS,76.38,110.21505376344084,85.50280755487493,82.0,67.0,27.0,23.0,9.0,last_good_canonical,2024.0,401620344.0,11.0,3.0,espn
2024-07-13,MIN,SEA,79.30000000000001,79.62588473205257,114.49421238047309,63.0,91.0,31.0,14.0,7.0,last_good_canonical,2024.0,401620353.0,8.0,3.0,espn
2024-07-14,MIN,IND,77.34,95.60723514211884,104.81366459627328,74.0,81.0,34.0,20.0,11.0,last_good_canonical,2024.0,401620359.0,5.0,3.0,espn
2024-07-17,MIN,ATL,80.18,106.01577909270216,99.69712266532056,86.0,79.0,32.0,25.0,11.0,last_good_canonical,2024.0,401620364.0,10.0,2.0,espn
2024-08-16,MIN,WAS,86.36,90.43040293040292,79.66260543580131,79.0,68.0,40.0,16.0,8.0,last_good_canonical,2024.0,401620367.0,9.0,1.0,espn
2024-08-17,MIN,WAS,81.46000000000001,122.52475247524752,101.07160253287871,99.0,83.0,31.0,26.0,11.0,last_good_canonical,2024.0,401620372.0,11.0,1.0,espn
2024-08-22,MIN,LVA,75.22,132.14670981661274,114.0534871525957,98.0,87.0,31.0,28.0,11.0,last_good_canonical,2024.0,401620383.0,4.0,3.0,espn
2024-08-24,MIN,LVA,81.42,107.51359367276322,90.33203125,87.0,74.0,37.0,22.0,10.0,last_good_canonical,2024.0,401620388.0,12.0,2.0,espn
2024-08-25,MIN,IND,77.66,118.7335092348285,100.6036217303823,90.0,80.0,27.0,27.0,11.0,last_good_canonical,2024.0,401620390.0,8.0,4.0,espn
2024-08-29,MIN,PHX,82.58000000000001,109.822309970385,90.3471231573942,89.0,76.0,39.0,25.0,11.0,last_good_canonical,2024.0,401620400.0,9.0,4.0,espn
2024-08-30,MIN,DAL,83.78,91.8762088974855,110.7967939651108,76.0,94.0,32.0,20.0,10.0,last_good_canonical,2024.0,401620403.0,4.0,5.0,espn
2024-09-01,MIN,CHI,76.82,103.56581017304669,95.65667011375388,79.0,74.0,24.0,23.0,5.0,last_good_canonical,2024.0,401620408.0,10.0,2.0,espn
2024-09-06,MIN,IND,82.86,119.27710843373494,106.38297872340424,99.0,88.0,37.0,25.0,13.0,last_good_canonical,2024.0,401620421.0,7.0,4.0,espn
2024-09-08,MIN,WAS,79.9,94.56838021338504,91.8261769270564,78.0,71.0,38.0,19.0,7.0,last_good_canonical,2024.0,401620424.0,7.0,1.0,espn
2024-09-10,MIN,ATL,76.16,102.75824770146026,81.6743236345074,76.0,64.0,37.0,24.0,7.0,last_good_canonical,2024.0,401620429.0,7.0,4.0,espn
2024-09-13,MIN,CHI,79.44,103.23383084577114,84.09785932721712,83.0,66.0,39.0,25.0,8.0,last_good_canonical,2024.0,401620439.0,8.0,4.0,espn
2024-09-15,MIN,NYL,76.48,114.52368558042686,103.78349973725696,88.0,79.0,36.0,26.0,9.0,last_good_canonical,2024.0,401620442.0,6.0,3.0,espn
2024-09-17,MIN,CON,77.78,101.66840458811262,96.39776763064434,78.0,76.0,31.0,22.0,6.0,last_good_canonical,2024.0,401620447.0,7.0,7.0,espn
2024-09-20,MIN,LAS,75.0,68.88168557536467,89.52080042127434,51.0,68.0,28.0,11.0,7.0,last_good_canonical,2024.0,401620455.0,8.0,2.0,espn
2024-09-22,MIN,PHX,83.42,121.42857142857144,114.6788990825688,102.0,95.0,31.0,30.0,10.0,last_good_canonical,2024.0,401721261.0,8.0,4.0,espn
2024-09-26,MIN,PHX,81.02,124.8763600395648,108.42779694430754,101.0,88.0,25.0,28.0,10.0,last_good_canonical,2024.0,401721260.0,6.0,2.0,espn
2024-09-30,MIN,CON,75.52,93.6830835117773,95.64989517819708,70.0,73.0,32.0,16.0,5.0,last_good_canonical,2024.0,401725075.0,8.0,7.0,espn
2024-10-02,MIN,CON,73.97999999999999,106.70731707317074,92.34828496042216,77.0,70.0,35.0,17.0,8.0,last_good_canonical,2024.0,401725076.0,5.0,5.0,espn
2024-10-04,MIN,CON,77.24000000000001,122.6826608505998,99.85207100591715,90.0,81.0,29.0,22.0,5.0,last_good_canonical,2024.0,401725077.0,5.0,7.0,espn
2024-10-06,MIN,CON,78.03999999999999,105.23613963039014,117.70726714431936,82.0,92.0,27.0,22.0,10.0,last_good_canonical,2024.0,401725078.0,5.0,4.0,espn
2024-10-09,MIN,CON,79.64,110.55276381909547,96.63654618473896,88.0,77.0,29.0,23.0,10.0,last_good_canonical,2024.0,401725079.0,7.0,9.0,espn
2024-10-11,MIN,NYL,84.88,115.01210653753029,106.70032124827902,95.0,93.0,32.0,20.0,9.0,last_good_canonical,2024.0,401726988.0,8.0,9.0,espn
2024-10-13,MIN,NYL,75.62,84.52868852459017,109.34937124111536,66.0,80.0,26.0,20.0,6.0,last_good_canonical,2024.0,401726989.0,8.0,0.0,espn
2024-10-17,MIN,NYL,80.22,92.4591738712776,103.68066355624676,77.0,80.0,32.0,20.0,9.0,last_good_canonical,2024.0,401726990.0,12.0,1.0,espn
2024-10-19,MIN,NYL,80.88,101.48514851485147,98.81422924901186,82.0,80.0,31.0,20.0,9.0,last_good_canonical,2024.0,401726991.0,10.0,1.0,espn
2024-10-21,MIN,NYL,85.75999999999999,72.4976613657624,77.90697674418605,62.0,67.0,33.0,16.0,3.0,last_good_canonical,2024.0,401726992.0,6.0,4.0,espn
2025-05-06,MIN,CHI,80.66,82.77351247600768,94.92047203694204,69.0,74.0,39.0,21.0,4.0,last_good_canonical,2025.0,401761347.0,9.0,2.0,espn
2025-05-11,MIN,CHI,80.36,115.9274193548387,106.93215339233038,92.0,87.0,40.0,23.0,10.0,last_good_canonical,2025.0,401761348.0,6.0,4.0,espn
2025-05-16,MIN,DAL,83.94,116.0337552742616,101.74418604651164,99.0,84.0,31.0,27.0,7.0,last_good_canonical,2025.0,401736113.0,5.0,0.0,espn
2025-05-18,MIN,LAS,75.64,114.51363870303656,101.95758564437192,89.0,75.0,34.0,27.0,10.0,last_good_canonical,2025.0,401736119.0,7.0,3.0,espn
2025-05-22,MIN,DAL,77.52,112.01897733263048,102.3244062657908,85.0,81.0,43.0,27.0,9.0,last_good_canonical,2025.0,401736123.0,4.0,3.0,espn
2025-05-23,MIN,CON,80.53999999999999,93.32023575638507,87.89552988448015,76.0,70.0,31.0,21.0,7.0,last_good_canonical,2025.0,401736128.0,13.0,6.0,espn
2025-05-28,MIN,SEA,77.6,107.49868904037756,97.56715661429295,82.0,77.0,30.0,18.0,7.0,last_good_canonical,2025.0,401736140.0,11.0,5.0,espn
2025-05-31,MIN,PHX,81.53999999999999,89.24264351181861,88.57285429141717,74.0,71.0,35.0,18.0,8.0,last_good_canonical,2025.0,401736149.0,5.0,6.0,espn
2025-06-02,MIN,GSV,77.74000000000001,111.97916666666669,95.32282663955262,86.0,75.0,36.0,22.0,11.0,last_good_canonical,2025.0,401736155.0,10.0,3.0,espn
2025-06-04,MIN,PHX,80.58000000000001,107.369448511469,82.07070707070707,88.0,65.0,37.0,29.0,12.0,last_good_canonical,2025.0,401736157.0,6.0,4.0,espn
2025-06-08,MIN,DAL,74.14,113.82799325463743,84.28423236514523,81.0,65.0,37.0,25.0,13.0,last_good_canonical,2025.0,401736167.0,12.0,11.0,espn
2025-06-12,MIN,SEA,76.72,110.75949367088609,121.1340206185567,84.0,94.0,26.0,25.0,12.0,last_good_canonical,2025.0,401736173.0,5.0,4.0,espn
2025-06-14,MIN,LAS,78.86,127.20403022670024,99.59141981613892,101.0,78.0,27.0,30.0,12.0,last_good_canonical,2025.0,401736176.0,9.0,10.0,espn
2025-06-18,MIN,LVA,77.22,98.0898296334538,80.56133056133056,76.0,62.0,40.0,20.0,5.0,last_good_canonical,2025.0,401736186.0,8.0,4.0,espn
2025-06-22,MIN,LAS,77.53999999999999,106.43821391484944,84.57201435161456,82.0,66.0,32.0,21.0,11.0,last_good_canonical,2025.0,401736195.0,9.0,5.0,espn
2025-06-25,MIN,WAS,78.64,81.0126582278481,86.86765457332652,64.0,68.0,39.0,15.0,3.0,last_good_canonical,2025.0,401736201.0,9.0,8.0,espn
2025-06-27,MIN,ATL,87.9,109.1901728844404,104.68821119708694,96.0,92.0,28.0,30.0,13.0,last_good_canonical,2025.0,401736209.0,6.0,5.0,espn
2025-06-29,MIN,CON,81.02000000000001,122.06797510770704,80.27522935779817,102.0,63.0,41.0,27.0,10.0,last_good_canonical,2025.0,401736218.0,8.0,5.0,espn
2025-07-02,MIN,IND,74.22,77.46848739495799,102.37963475373547,59.0,74.0,30.0,13.0,4.0,last_good_canonical,2025.0,401736430.0,7.0,3.0,espn
2025-07-04,MIN,WAS,84.03999999999999,110.89681774349084,88.11090225563909,92.0,75.0,30.0,24.0,9.0,last_good_canonical,2025.0,401736224.0,8.0,5.0,espn
2025-07-06,MIN,GSV,70.06,116.1473087818697,102.1288837744534,82.0,71.0,31.0,25.0,11.0,last_good_canonical,2025.0,401736226.0,4.0,4.0,espn
2025-07-06,MIN,CHI,80.0,100.65425264217411,93.14456035767512,80.0,75.0,37.0,21.0,6.0,last_good_canonical,2025.0,401736229.0,6.0,10.0,espn
2025-07-09,MIN,PHX,78.80000000000001,90.7928388746803,99.4962216624685,71.0,79.0,36.0,17.0,6.0,last_good_canonical,2025.0,401736236.0,5.0,2.0,espn
2025-07-10,MIN,LAS,81.46000000000001,111.46496815286623,100.88582677165354,91.0,82.0,32.0,28.0,10.0,last_good_canonical,2025.0,401736238.0,13.0,6.0,espn
2025-07-12,MIN,CHI,85.38,96.75107501194458,99.95404411764706,81.0,87.0,28.0,22.0,10.0,last_good_canonical,2025.0,401736242.0,12.0,6.0,espn
2025-07-15,MIN,CHI,78.54,115.1315789473684,99.94874423372627,91.0,78.0,34.0,26.0,12.0,last_good_canonical,2025.0,401736248.0,14.0,6.0,espn
2025-07-16,MIN,PHX,79.88,98.55289421157686,82.91457286432161,79.0,66.0,44.0,22.0,10.0,last_good_canonical,2025.0,401736253.0,9.0,4.0,espn
2025-07-23,MIN,CHI,77.80000000000001,115.83503054989816,88.26583592938732,91.0,68.0,31.0,20.0,9.0,last_good_canonical,2025.0,401736259.0,9.0,8.0,espn
2025-07-25,MIN,LVA,79.92,131.76982591876208,101.14107883817428,109.0,78.0,48.0,22.0,10.0,last_good_canonical,2025.0,401736267.0,5.0,1.0,espn
2025-07-27,MIN,ATL,81.5,105.49558390579,110.45655375552282,86.0,90.0,22.0,28.0,7.0,last_good_canonical,2025.0,401736275.0,9.0,5.0,espn
2025-07-31,MIN,NYL,81.64,124.44001991040318,112.1562952243126,100.0,93.0,41.0,28.0,15.0,last_good_canonical,2025.0,401736283.0,3.0,7.0,espn
2025-08-02,MIN,LVA,79.34,143.8569206842924,71.14818449460256,111.0,58.0,45.0,32.0,17.0,last_good_canonical,2025.0,401736290.0,12.0,4.0,espn
2025-08-06,MIN,SEA,86.36,104.07136322049404,102.01688555347091,91.0,87.0,34.0,21.0,9.0,last_good_canonical,2025.0,401736300.0,13.0,3.0,espn
2025-08-08,MIN,WAS,75.78,104.43864229765012,101.38740661686234,80.0,76.0,22.0,22.0,8.0,last_good_canonical,2025.0,401736306.0,7.0,5.0,espn
2025-08-10,MIN,NYL,76.74,111.37949543746646,89.91894630192503,83.0,71.0,32.0,24.0,10.0,last_good_canonical,2025.0,401736310.0,11.0,6.0,espn
2025-08-16,MIN,NYL,81.02,106.80576254346748,98.13542688910697,86.0,80.0,33.0,20.0,7.0,last_good_canonical,2025.0,401736327.0,7.0,4.0,espn
2025-08-19,MIN,NYL,76.53999999999999,99.78712080894093,109.08624229979466,75.0,85.0,33.0,10.0,6.0,last_good_canonical,2025.0,401736333.0,7.0,4.0,espn
2025-08-21,MIN,ATL,80.62,89.5485770363101,94.07927747114904,73.0,75.0,42.0,20.0,9.0,last_good_canonical,2025.0,401736341.0,7.0,2.0,espn
2025-08-22,MIN,IND,75.6,127.55102040816324,117.3096976016684,95.0,90.0,30.0,25.0,9.0,last_good_canonical,2025.0,401736343.0,8.0,1.0,espn
2025-08-24,MIN,IND,75.82,127.36344537815128,111.28775834658188,97.0,84.0,30.0,28.0,12.0,last_good_canonical,2025.0,401736351.0,6.0,3.0,espn
2025-08-29,MIN,SEA,79.47999999999999,98.55289421157686,118.02030456852792,79.0,93.0,37.0,20.0,9.0,last_good_canonical,2025.0,401736359.0,5.0,4.0,espn
2025-08-30,MIN,CON,72.14,136.15295480880647,93.03561935140884,94.0,70.0,35.0,27.0,15.0,last_good_canonical,2025.0,401736363.0,10.0,6.0,espn
2025-09-02,MIN,DAL,78.48,124.93492972410202,88.61707438841736,96.0,71.0,32.0,28.0,14.0,last_good_canonical,2025.0,401736370.0,7.0,6.0,espn
2025-09-05,MIN,LVA,79.34,110.35007610350075,121.49298597194388,87.0,97.0,28.0,25.0,9.0,last_good_canonical,2025.0,401736378.0,8.0,1.0,espn
2025-09-07,MIN,GSV,77.66,101.24610591900311,91.9775166070516,78.0,72.0,36.0,17.0,12.0,last_good_canonical,2025.0,401736383.0,9.0,5.0,espn
2025-09-09,MIN,IND,75.56,94.7867298578199,110.43108036189464,72.0,83.0,35.0,21.0,2.0,last_good_canonical,2025.0,401736389.0,8.0,6.0,espn
2025-09-12,MIN,GSV,75.78,97.34991887506762,68.29896907216495,72.0,53.0,39.0,21.0,9.0,last_good_canonical,2025.0,401736396.0,12.0,5.0,espn
2025-09-14,MIN,GSV,82.22,125.37239324726912,85.83690987124464,101.0,72.0,36.0,25.0,10.0,last_good_canonical,2025.0,401820272.0,13.0,1.0,espn
2025-09-18,MIN,GSV,75.18,98.1675392670157,100.05408328826394,75.0,74.0,29.0,22.0,8.0,last_good_canonical,2025.0,401820319.0,6.0,5.0,espn
2025-09-21,MIN,PHX,81.7,98.0392156862745,86.50952858575727,82.0,69.0,42.0,21.0,9.0,last_good_canonical,2025.0,401820328.0,7.0,2.0,espn
2025-09-23,MIN,PHX,89.34,93.30035971223022,99.19750334373607,83.0,89.0,37.0,22.0,7.0,last_good_canonical,2025.0,401820330.0,9.0,7.0,espn
2025-09-27,MIN,PHX,77.26,98.9068193649141,108.13594232749742,76.0,84.0,29.0,18.0,6.0,last_good_canonical,2025.0,401820333.0,7.0,6.0,espn
2025-09-29,MIN,PHX,83.03999999999999,97.6374156219865,103.46487006737247,81.0,86.0,34.0,19.0,9.0,last_good_canonical,2025.0,401820338.0,8.0,6.0,espn
2026-05-02,MIN,TOR,76.66,95.7000524383849,85.66978193146417,73.0,66.0,40.0,15.0,2.0,last_good_canonical,2026.0,401867793.0,3.0,4.0,espn
2026-05-10,MIN,ATL,87.44,102.64598540145984,104.3577981651376,90.0,91.0,25.0,20.0,5.0,last_good_canonical,2026.0,401856899.0,10.0,7.0,espn
2026-05-13,MIN,PHX,84.03999999999999,109.23535253227408,95.97806215722122,88.0,84.0,43.0,20.0,7.0,last_good_canonical,2026.0,401856902.0,5.0,4.0,espn
2026-05-15,MIN,DAL,77.30000000000001,118.54583772391992,109.30350788002032,90.0,86.0,31.0,20.0,6.0,last_good_canonical,2026.0,401856908.0,6.0,7.0,espn
2026-05-17,MIN,CHI,84.14,92.6360225140713,103.6144578313253,79.0,86.0,35.0,20.0,7.0,last_good_canonical,2026.0,401856914.0,10.0,3.0,espn
2026-05-22,MIN,TOR,79.19999999999999,129.4665976178146,88.71365204534254,100.0,72.0,46.0,24.0,10.0,last_good_canonical,2026.0,401856925.0,7.0,3.0,espn
2026-05-23,MIN,CHI,89.72,95.24876736889289,83.14855875831485,85.0,75.0,54.0,19.0,4.0,last_good_canonical,2026.0,401856930.0,7.0,7.0,espn
2026-05-28,MIN,ATL,79.22,119.40298507462686,103.7929267042542,96.0,81.0,24.0,26.0,7.0,last_good_canonical,2026.0,401856940.0,10.0,2.0,espn
2026-05-29,MIN,CHI,86.42,90.88817303267372,67.5046554934823,79.0,58.0,43.0,20.0,8.0,last_good_canonical,2026.0,401856947.0,13.0,7.0,espn
2026-06-02,MIN,PHX,78.3,142.82038085434894,97.61663286004055,111.0,77.0,35.0,28.0,10.0,last_good_canonical,2026.0,401856954.0,10.0,5.0,espn
2026-06-04,MIN,GSV,,,,87.0,84.0,43.0,18.0,13.0,last_good_canonical,,,,,
2026-06-05,MIN,GSV,78.88,109.62701612903226,107.14285714285714,87.0,84.0,43.0,18.0,13.0,last_good_canonical,2026.0,401856962.0,4.0,7.0,espn
2026-06-06,MIN,SEA,,,,88.0,68.0,36.0,27.0,8.0,last_good_canonical,,,,,
2026-06-09,MIN,DAL,,,,100.0,76.0,41.0,21.0,7.0,last_good_canonical,,,,,
2026-06-10,MIN,DAL,85.16,117.75788977861517,88.99297423887587,100.0,76.0,41.0,21.0,7.0,last_good_canonical,2026.0,401856976.0,9.0,3.0,espn
2026-06-13,MIN,LVA,,,,97.0,100.0,31.0,16.0,9.0,last_good_canonical,,,,,
2026-06-14,MIN,LVA,78.14,119.87147800296589,132.6963906581741,97.0,100.0,31.0,16.0,9.0,last_good_canonical,2026.0,401856987.0,8.0,3.0,espn
2026-06-15,MIN,POR,,,,107.0,74.0,40.0,31.0,10.0,last_good_canonical,,,,,
2026-06-16,MIN,POR,84.26,127.868068833652,87.22300801508722,107.0,74.0,40.0,31.0,10.0,last_good_canonical,2026.0,401856993.0,14.0,5.0,espn
2026-06-17,MIN,LAS,,,,99.0,83.0,34.0,21.0,9.0,last_good_canonical,,,,,
2026-06-18,MIN,LAS,88.62,109.80479148181011,95.3146531924667,99.0,83.0,34.0,21.0,9.0,last_good_canonical,2026.0,401856999.0,11.0,3.0,espn
2026-06-19,MIN,GSV,,,,81.0,75.0,42.0,18.0,6.0,last_good_canonical,,,,,
2026-06-20,MIN,GSV,80.30000000000001,102.37613751263902,92.04712812960236,81.0,75.0,42.0,18.0,6.0,last_good_canonical,2026.0,401857005.0,8.0,9.0,espn
2026-05-02,NIGER,IND,88.6,64.07374100719424,118.99365367180418,57.0,105.0,32.0,8.0,0.0,last_good_canonical,2026.0,401867794.0,14.0,1.0,espn
2024-05-08,NYL,CHI,82.6,64.50827653359299,121.6281310211946,53.0,101.0,32.0,12.0,3.0,last_good_canonical,2024.0,401649379.0,11.0,4.0,espn
2024-05-09,NYL,CON,75.02000000000001,110.3931071620894,104.2766631467793,82.0,79.0,30.0,17.0,10.0,last_good_canonical,2024.0,401649560.0,6.0,7.0,espn
2024-05-14,NYL,WAS,84.72,100.4728132387707,94.2951438000943,85.0,80.0,36.0,21.0,8.0,last_good_canonical,2024.0,401620178.0,8.0,5.0,espn
2024-05-16,NYL,IND,80.4,119.83082706766916,87.20930232558139,102.0,66.0,40.0,22.0,8.0,last_good_canonical,2024.0,401620224.0,8.0,8.0,espn
2024-05-18,NYL,IND,86.34,107.00846660395108,91.28251939753537,91.0,80.0,32.0,21.0,15.0,last_good_canonical,2024.0,401620227.0,9.0,6.0,espn
2024-05-20,NYL,SEA,78.97999999999999,92.73182957393485,80.60388945752304,74.0,63.0,36.0,18.0,3.0,last_good_canonical,2024.0,401620233.0,7.0,5.0,espn
2024-05-23,NYL,CHI,82.8,96.65871121718378,110.0244498777506,81.0,90.0,35.0,22.0,8.0,last_good_canonical,2024.0,401620239.0,8.0,5.0,espn
2024-05-25,NYL,MIN,78.52000000000001,84.38287153652392,108.19165378670787,67.0,84.0,30.0,18.0,7.0,last_good_canonical,2024.0,401620242.0,8.0,3.0,espn
2024-05-29,NYL,PHX,76.32,105.30421216848674,103.01109350237718,81.0,78.0,39.0,19.0,9.0,last_good_canonical,2024.0,401620252.0,7.0,5.0,espn
2024-05-31,NYL,WAS,81.66,108.90609874152952,97.91769955379276,90.0,79.0,34.0,18.0,11.0,last_good_canonical,2024.0,401620259.0,9.0,1.0,espn
2024-06-02,NYL,IND,81.32,127.13936430317848,84.11677387431963,104.0,68.0,39.0,30.0,11.0,last_good_canonical,2024.0,401620263.0,9.0,6.0,espn
2024-06-05,NYL,CHI,83.8,105.66762728146011,88.94686907020873,88.0,75.0,42.0,24.0,10.0,last_good_canonical,2024.0,401620267.0,7.0,4.0,espn
2024-06-06,NYL,ATL,79.1,95.44787077826726,79.75941422594141,78.0,61.0,44.0,24.0,9.0,last_good_canonical,2024.0,401620272.0,6.0,4.0,espn
2024-06-08,NYL,CON,78.6,106.88216892596456,93.19085487077534,82.0,75.0,28.0,27.0,9.0,last_good_canonical,2024.0,401620277.0,8.0,5.0,espn
2024-06-09,NYL,WAS,81.03999999999999,113.6919315403423,109.6163428001993,93.0,88.0,40.0,24.0,12.0,last_good_canonical,2024.0,401620279.0,7.0,3.0,espn
2024-06-15,NYL,LVA,80.94,112.44377811094452,100.19550342130988,90.0,82.0,37.0,21.0,12.0,last_good_canonical,2024.0,401620294.0,8.0,1.0,espn
2024-06-19,NYL,PHX,86.78,106.70032124827902,114.58333333333331,93.0,99.0,37.0,27.0,18.0,last_good_canonical,2024.0,401620300.0,14.0,4.0,espn
2024-06-20,NYL,LAS,80.97999999999999,112.590799031477,100.80645161290325,93.0,80.0,30.0,29.0,13.0,last_good_canonical,2024.0,401620305.0,7.0,3.0,espn
2024-06-22,NYL,LAS,80.19999999999999,124.11347517730498,108.05500982318271,98.0,88.0,36.0,31.0,16.0,last_good_canonical,2024.0,401620309.0,8.0,6.0,espn
2024-06-23,NYL,ATL,82.47999999999999,117.64705882352942,89.97120921305182,96.0,75.0,38.0,25.0,10.0,last_good_canonical,2024.0,401620311.0,7.0,4.0,espn
2024-06-26,NYL,MIN,81.53999999999999,108.642578125,115.82060128141944,89.0,94.0,43.0,24.0,12.0,last_good_canonical,2024.0,401677672.0,6.0,2.0,espn
2024-06-30,NYL,ATL,77.38,103.7929267042542,97.75808133472368,81.0,75.0,28.0,25.0,13.0,last_good_canonical,2024.0,401620323.0,8.0,2.0,espn
2024-07-02,NYL,MIN,77.22,94.95252373813092,90.05376344086021,76.0,67.0,45.0,17.0,7.0,last_good_canonical,2024.0,401620328.0,6.0,5.0,espn
2024-07-06,NYL,IND,77.6,98.68421052631578,108.9810924369748,78.0,83.0,31.0,20.0,10.0,last_good_canonical,2024.0,401620338.0,7.0,1.0,espn
2024-07-10,NYL,CON,74.04,98.5563575791227,89.42661756970016,71.0,68.0,33.0,22.0,3.0,last_good_canonical,2024.0,401620345.0,5.0,6.0,espn
2024-07-11,NYL,CHI,76.94,121.6577540106952,96.10520991401113,91.0,76.0,30.0,25.0,13.0,last_good_canonical,2024.0,401620350.0,8.0,8.0,espn
2024-07-13,NYL,CHI,75.46000000000001,103.63357215967248,92.08356239692138,81.0,67.0,28.0,21.0,11.0,last_good_canonical,2024.0,401620354.0,7.0,6.0,espn
2024-07-16,NYL,CON,80.24000000000001,102.75689223057644,91.7203767972236,82.0,74.0,30.0,19.0,11.0,last_good_canonical,2024.0,401620362.0,10.0,4.0,espn
2024-08-16,NYL,LAS,85.25999999999999,121.57695939565627,79.25407925407926,103.0,68.0,38.0,31.0,15.0,last_good_canonical,2024.0,401620368.0,13.0,5.0,espn
2024-08-17,NYL,LVA,78.06,100.91977516607052,86.07399794450154,79.0,67.0,46.0,15.0,8.0,last_good_canonical,2024.0,401620373.0,7.0,5.0,espn
2024-08-20,NYL,DAL,85.34,109.86442262739598,86.9360902255639,94.0,74.0,47.0,25.0,8.0,last_good_canonical,2024.0,401620380.0,7.0,2.0,espn
2024-08-22,NYL,DAL,80.42,98.60209685471791,87.9583746283449,79.0,71.0,46.0,21.0,7.0,last_good_canonical,2024.0,401620384.0,11.0,2.0,espn
2024-08-24,NYL,CON,78.88,82.81573498964804,89.46322067594433,64.0,72.0,44.0,19.0,7.0,last_good_canonical,2024.0,401620389.0,6.0,7.0,espn
2024-08-27,NYL,PHX,82.9,99.95240361732507,85.61643835616438,84.0,70.0,32.0,21.0,12.0,last_good_canonical,2024.0,401620394.0,12.0,3.0,espn
2024-08-29,NYL,LAS,83.02000000000001,105.5662188099808,113.69134010643444,88.0,94.0,32.0,25.0,10.0,last_good_canonical,2024.0,401620399.0,4.0,5.0,espn
2024-08-31,NYL,SEA,75.69999999999999,131.01604278074868,110.96605744125328,98.0,85.0,45.0,23.0,12.0,last_good_canonical,2024.0,401620405.0,4.0,2.0,espn
2024-09-05,NYL,SEA,77.68,99.0735975295934,90.15971148892324,77.0,70.0,38.0,24.0,12.0,last_good_canonical,2024.0,401620417.0,8.0,10.0,espn
2024-09-08,NYL,LVA,78.54,94.12650602409636,91.7312661498708,75.0,71.0,39.0,21.0,5.0,last_good_canonical,2024.0,401620426.0,8.0,5.0,espn
2024-09-11,NYL,DAL,84.25999999999999,127.79941577409932,105.37285780453914,105.0,91.0,30.0,33.0,16.0,last_good_canonical,2024.0,401620430.0,5.0,3.0,espn
2024-09-13,NYL,DAL,83.24000000000001,120.08733624454148,79.72394098048548,99.0,67.0,40.0,25.0,12.0,last_good_canonical,2024.0,401620435.0,10.0,4.0,espn
2024-09-15,NYL,MIN,76.48,103.78349973725696,114.52368558042686,79.0,88.0,35.0,17.0,8.0,last_good_canonical,2024.0,401620442.0,8.0,5.0,espn
2024-09-17,NYL,WAS,81.47999999999999,107.94044665012407,86.20689655172414,87.0,71.0,45.0,24.0,8.0,last_good_canonical,2024.0,401620448.0,9.0,5.0,espn
2024-09-19,NYL,ATL,74.76,88.76523582405935,105.34846029173418,67.0,78.0,28.0,17.0,8.0,last_good_canonical,2024.0,401620453.0,8.0,6.0,espn
2024-09-22,NYL,ATL,81.64,100.0964785335263,85.8636137381782,83.0,69.0,37.0,22.0,8.0,last_good_canonical,2024.0,401721255.0,10.0,5.0,espn
2024-09-24,NYL,ATL,73.56,121.07503991484832,113.95219566425791,91.0,82.0,31.0,24.0,8.0,last_good_canonical,2024.0,401721258.0,6.0,3.0,espn
2024-09-29,NYL,LVA,81.36,107.24852071005915,94.36274509803924,87.0,77.0,31.0,22.0,8.0,last_good_canonical,2024.0,401724938.0,10.0,4.0,espn
2024-10-01,NYL,LVA,79.2,112.76268580215272,104.52961672473867,88.0,84.0,35.0,19.0,9.0,last_good_canonical,2024.0,401724939.0,4.0,3.0,espn
2024-10-05,NYL,LVA,79.16,102.06653225806453,120.31408308004052,81.0,95.0,35.0,21.0,12.0,last_good_canonical,2024.0,401724940.0,5.0,4.0,espn
2024-10-06,NYL,LVA,74.88,101.54997327632282,82.75493860117459,76.0,62.0,48.0,14.0,10.0,last_good_canonical,2024.0,401724941.0,5.0,5.0,espn
2024-10-11,NYL,MIN,84.88,106.70032124827902,115.01210653753029,93.0,95.0,44.0,21.0,13.0,last_good_canonical,2024.0,401726988.0,5.0,4.0,espn
2024-10-13,NYL,MIN,75.62,109.34937124111536,84.52868852459017,80.0,66.0,35.0,17.0,11.0,last_good_canonical,2024.0,401726989.0,12.0,2.0,espn
2024-10-17,NYL,MIN,80.22,103.68066355624676,92.4591738712776,80.0,77.0,33.0,18.0,10.0,last_good_canonical,2024.0,401726990.0,8.0,9.0,espn
2024-10-19,NYL,MIN,80.88,98.81422924901186,101.48514851485147,80.0,82.0,40.0,18.0,9.0,last_good_canonical,2024.0,401726991.0,7.0,3.0,espn
2024-10-21,NYL,MIN,85.75999999999999,77.90697674418605,72.4976613657624,67.0,62.0,44.0,15.0,2.0,last_good_canonical,2024.0,401726992.0,9.0,6.0,espn
2025-05-09,NYL,CON,76.36,108.04020100502514,128.55579868708972,86.0,94.0,23.0,24.0,11.0,last_good_canonical,2025.0,401765028.0,7.0,2.0,espn
2025-05-13,NYL,TOY,71.0,118.64406779661016,85.67415730337078,84.0,61.0,30.0,23.0,11.0,last_good_canonical,2025.0,401765029.0,7.0,4.0,espn
2025-05-17,NYL,LVA,83.47999999999999,113.24470704086656,90.99393373775082,92.0,78.0,43.0,27.0,4.0,last_good_canonical,2025.0,401736116.0,7.0,7.0,espn
2025-05-23,NYL,CHI,84.74000000000001,121.5022091310751,84.0909090909091,99.0,74.0,28.0,25.0,19.0,last_good_canonical,2025.0,401736127.0,12.0,9.0,espn
2025-05-24,NYL,IND,85.34,109.64912280701756,99.32279909706548,90.0,88.0,34.0,19.0,7.0,last_good_canonical,2025.0,401736132.0,7.0,5.0,espn
2025-05-27,NYL,GSV,83.53999999999999,113.47348303870044,80.37428023032629,95.0,67.0,37.0,30.0,14.0,last_good_canonical,2025.0,401736139.0,14.0,3.0,espn
2025-05-29,NYL,GSV,77.02,105.29019003595276,101.1029411764706,82.0,77.0,36.0,17.0,13.0,last_good_canonical,2025.0,401736144.0,7.0,5.0,espn
2025-05-30,NYL,WAS,81.36,107.86802030456852,75.07149666348903,85.0,63.0,46.0,23.0,10.0,last_good_canonical,2025.0,401736147.0,6.0,8.0,espn
2025-06-01,NYL,CON,75.72,129.06556530717603,70.30827474310439,100.0,52.0,32.0,29.0,19.0,last_good_canonical,2025.0,401736152.0,11.0,3.0,espn
2025-06-05,NYL,WAS,79.38,108.5858585858586,98.0392156862745,86.0,78.0,36.0,15.0,10.0,last_good_canonical,2025.0,401736159.0,10.0,3.0,espn
2025-06-11,NYL,CHI,80.96000000000001,105.14596734289955,81.40108534780464,85.0,66.0,29.0,23.0,8.0,last_good_canonical,2025.0,401736170.0,13.0,5.0,espn
2025-06-14,NYL,IND,85.62,103.28638497652582,118.54951185495118,88.0,102.0,34.0,17.0,6.0,last_good_canonical,2025.0,401736177.0,10.0,4.0,espn
2025-06-17,NYL,ATL,79.82,103.86473429951693,105.41384695471108,86.0,81.0,37.0,19.0,7.0,last_good_canonical,2025.0,401736183.0,8.0,3.0,espn
2025-06-19,NYL,PHX,83.44,95.29411764705884,108.69565217391305,81.0,89.0,32.0,19.0,8.0,last_good_canonical,2025.0,401736189.0,8.0,2.0,espn
2025-06-22,NYL,SEA,86.32,95.1348747591522,99.33035714285715,79.0,89.0,39.0,21.0,8.0,last_good_canonical,2025.0,401736199.0,7.0,7.0,espn
2025-06-26,NYL,GSV,76.32,107.48407643312102,100.93167701863354,81.0,78.0,37.0,18.0,12.0,last_good_canonical,2025.0,401736205.0,5.0,5.0,espn
2025-06-28,NYL,PHX,82.53999999999999,110.97560975609755,127.58786711603274,91.0,106.0,30.0,21.0,6.0,last_good_canonical,2025.0,401736212.0,9.0,0.0,espn
2025-06-29,NYL,ATL,84.64,98.0629539951574,103.83017997231194,81.0,90.0,30.0,18.0,9.0,last_good_canonical,2025.0,401736215.0,7.0,3.0,espn
2025-07-03,NYL,LAS,81.4,108.06216610004856,98.2098458478369,89.0,79.0,32.0,21.0,12.0,last_good_canonical,2025.0,401736221.0,10.0,5.0,espn
2025-07-06,NYL,SEA,79.1,88.56275303643724,99.7978777160182,70.0,79.0,36.0,17.0,9.0,last_good_canonical,2025.0,401736228.0,7.0,5.0,espn
2025-07-09,NYL,LVA,81.0,106.82711198428292,96.8222442899702,87.0,78.0,34.0,21.0,7.0,last_good_canonical,2025.0,401736233.0,10.0,5.0,espn
2025-07-13,NYL,ATL,81.08,97.72389905987134,88.53910477127398,79.0,72.0,36.0,24.0,9.0,last_good_canonical,2025.0,401736245.0,8.0,6.0,espn
2025-07-16,NYL,IND,80.72,122.74549098196393,94.36274509803924,98.0,77.0,29.0,30.0,14.0,last_good_canonical,2025.0,401736255.0,8.0,9.0,espn
2025-07-23,NYL,IND,90.7,111.06074342701724,90.16745384285102,98.0,84.0,34.0,25.0,12.0,last_good_canonical,2025.0,401736258.0,9.0,5.0,espn
2025-07-25,NYL,PHX,87.2,102.67651130595291,86.63930688554491,89.0,76.0,37.0,22.0,10.0,last_good_canonical,2025.0,401736266.0,8.0,8.0,espn
2025-07-26,NYL,LAS,85.64,117.35419630156473,116.19880349746892,99.0,101.0,33.0,21.0,10.0,last_good_canonical,2025.0,401736270.0,9.0,6.0,espn
2025-07-29,NYL,DAL,83.36,100.53948013732222,108.03193987787694,82.0,92.0,33.0,24.0,7.0,last_good_canonical,2025.0,401736277.0,6.0,5.0,espn
2025-07-31,NYL,MIN,81.64,112.1562952243126,124.44001991040318,93.0,100.0,31.0,23.0,10.0,last_good_canonical,2025.0,401736283.0,7.0,3.0,espn
2025-08-01,NYL,CON,82.02000000000001,77.03777335984095,93.34609861177596,62.0,78.0,29.0,18.0,6.0,last_good_canonical,2025.0,401736286.0,10.0,5.0,espn
2025-08-03,NYL,CON,84.9,102.20864661654134,92.11147850732168,87.0,78.0,35.0,24.0,4.0,last_good_canonical,2025.0,401736292.0,7.0,3.0,espn
2025-08-05,NYL,DAL,76.38,110.79249217935347,99.94739610731192,85.0,76.0,35.0,25.0,12.0,last_good_canonical,2025.0,401736296.0,4.0,5.0,espn
2025-08-08,NYL,DAL,82.08000000000001,111.33603238866397,90.46052631578948,88.0,77.0,32.0,24.0,10.0,last_good_canonical,2025.0,401736305.0,10.0,2.0,espn
2025-08-10,NYL,MIN,76.74,89.91894630192503,111.37949543746646,71.0,83.0,33.0,21.0,8.0,last_good_canonical,2025.0,401736310.0,5.0,4.0,espn
2025-08-13,NYL,LAS,80.36,132.3084677419355,119.22320550639137,105.0,97.0,34.0,27.0,14.0,last_good_canonical,2025.0,401736317.0,4.0,5.0,espn
2025-08-14,NYL,LVA,74.68,101.2624934245134,113.202400436443,77.0,83.0,30.0,18.0,7.0,last_good_canonical,2025.0,401736320.0,5.0,3.0,espn
2025-08-16,NYL,MIN,81.02,98.13542688910697,106.80576254346748,80.0,86.0,32.0,21.0,11.0,last_good_canonical,2025.0,401736327.0,5.0,2.0,espn
2025-08-19,NYL,MIN,76.53999999999999,109.08624229979466,99.78712080894093,85.0,75.0,37.0,23.0,13.0,last_good_canonical,2025.0,401736333.0,6.0,2.0,espn
2025-08-21,NYL,CHI,79.68,104.16666666666669,117.0267489711934,85.0,91.0,27.0,22.0,13.0,last_good_canonical,2025.0,401736340.0,9.0,4.0,espn
2025-08-23,NYL,ATL,70.34,86.83473389355741,112.5866050808314,62.0,78.0,33.0,19.0,6.0,last_good_canonical,2025.0,401736346.0,2.0,3.0,espn
2025-08-25,NYL,CON,75.75999999999999,108.92953200645508,102.38465526179368,81.0,79.0,30.0,25.0,7.0,last_good_canonical,2025.0,401736352.0,4.0,4.0,espn
2025-08-28,NYL,WAS,69.97999999999999,130.26932084309135,87.93969849246231,89.0,63.0,35.0,23.0,10.0,last_good_canonical,2025.0,401736358.0,7.0,0.0,espn
2025-08-31,NYL,PHX,71.0,90.20618556701032,110.86474501108648,63.0,80.0,28.0,17.0,8.0,last_good_canonical,2025.0,401736366.0,7.0,2.0,espn
2025-09-03,NYL,GSV,72.08,80.15478164731896,91.92200557103064,58.0,66.0,29.0,15.0,7.0,last_good_canonical,2025.0,401736372.0,10.0,4.0,espn
2025-09-06,NYL,SEA,75.36,114.8796498905908,97.93814432989691,84.0,76.0,36.0,22.0,9.0,last_good_canonical,2025.0,401736381.0,5.0,10.0,espn
2025-09-09,NYL,WAS,75.38,97.35202492211836,89.52794357026588,75.0,66.0,36.0,21.0,6.0,last_good_canonical,2025.0,401736388.0,5.0,1.0,espn
2025-09-12,NYL,CHI,76.88,118.98535564853556,111.28364389233954,91.0,86.0,35.0,26.0,8.0,last_good_canonical,2025.0,401736394.0,8.0,4.0,espn
2025-09-14,NYL,PHX,87.5,88.41321544904608,77.4932614555256,76.0,69.0,48.0,19.0,10.0,last_good_canonical,2025.0,401820314.0,6.0,6.0,espn
2025-09-18,NYL,PHX,78.14,75.0,112.74252753015207,60.0,86.0,36.0,14.0,6.0,last_good_canonical,2025.0,401820318.0,5.0,4.0,espn
2025-09-20,NYL,PHX,86.06,83.48581884720952,93.2923948984412,73.0,79.0,33.0,18.0,7.0,last_good_canonical,2025.0,401820324.0,7.0,6.0,espn
2026-05-03,NYL,CON,77.82,101.6992790937178,85.94150846587995,79.0,67.0,33.0,16.0,9.0,last_good_canonical,2026.0,401866519.0,11.0,5.0,espn
2026-05-08,NYL,CON,91.62,118.25078090138332,80.12820512820514,106.0,75.0,37.0,26.0,10.0,last_good_canonical,2026.0,401856890.0,9.0,5.0,espn
2026-05-10,NYL,WAS,87.53999999999999,110.96014492753623,107.19225449515903,98.0,93.0,34.0,19.0,9.0,last_good_canonical,2026.0,401856897.0,7.0,5.0,espn
2026-05-13,NYL,POR,79.75999999999999,120.12012012012012,123.11557788944724,96.0,98.0,31.0,23.0,13.0,last_good_canonical,2026.0,401856903.0,7.0,3.0,espn
2026-05-15,NYL,POR,84.3,119.33174224343676,96.69811320754717,100.0,82.0,32.0,32.0,15.0,last_good_canonical,2026.0,401856909.0,7.0,0.0,espn
2026-05-22,NYL,GSV,77.52000000000001,90.86188992731049,111.53846153846152,70.0,87.0,37.0,20.0,6.0,last_good_canonical,2026.0,401856924.0,2.0,4.0,espn
2026-05-24,NYL,DAL,76.25999999999999,98.49663037843445,120.75371549893843,76.0,91.0,34.0,21.0,8.0,last_good_canonical,2026.0,401856934.0,4.0,0.0,espn
2026-05-26,NYL,POR,81.8,94.33962264150944,95.11507750117428,74.0,81.0,27.0,17.0,8.0,last_good_canonical,2026.0,401856936.0,8.0,8.0,espn
2026-05-27,NYL,PHX,77.92,107.47185261003072,95.2626158599382,84.0,74.0,32.0,19.0,14.0,last_good_canonical,2026.0,401856938.0,9.0,2.0,espn
2026-05-29,NYL,PHX,77.08000000000001,98.06485355648536,87.53861997940267,75.0,68.0,40.0,18.0,8.0,last_good_canonical,2026.0,401856945.0,5.0,5.0,espn
2026-06-03,NYL,TOR,,,,97.0,82.0,40.0,24.0,14.0,last_good_canonical,,,,,
2026-06-06,NYL,IND,,,,83.0,75.0,47.0,14.0,2.0,last_good_canonical,,,,,
2026-06-07,NYL,IND,82.6,101.7156862745098,89.71291866028709,83.0,75.0,47.0,14.0,2.0,last_good_canonical,2026.0,401856969.0,9.0,2.0,espn
2026-06-08,NYL,CON,,,,89.0,80.0,42.0,17.0,6.0,last_good_canonical,,,,,
2026-06-11,NYL,ATL,,,,104.0,90.0,40.0,24.0,16.0,last_good_canonical,,,,,
2026-06-14,NYL,WAS,,,,86.0,64.0,30.0,22.0,11.0,last_good_canonical,,,,,
2026-06-17,NYL,CHI,,,,96.0,95.0,34.0,20.0,9.0,last_good_canonical,,,,,
2026-06-18,NYL,CHI,79.86,121.33468149646106,117.86600496277916,96.0,95.0,34.0,20.0,9.0,last_good_canonical,2026.0,401856997.0,7.0,5.0,espn
2026-06-19,NYL,WAS,,,,83.0,86.0,30.0,20.0,10.0,last_good_canonical,,,,,
2026-06-22,NYL,LAS,84.32,114.98340445708868,116.27906976744184,97.0,98.0,38.0,23.0,13.0,last_good_canonical,2026.0,401857011.0,7.0,3.0,espn
2026-06-24,NYL,LVA,77.78,111.4812916453101,98.03921568627452,87.0,76.0,34.0,19.0,13.0,last_good_canonical,2026.0,401857016.0,3.0,5.0,espn
2026-06-26,NYL,SEA,84.69999999999999,102.56410256410255,118.42105263157896,88.0,99.0,28.0,21.0,10.0,last_good_canonical,2026.0,401857023.0,9.0,3.0,espn
2024-05-08,PHX,SEA,80.19999999999999,76.03092783505156,102.65700483091788,59.0,85.0,36.0,14.0,5.0,last_good_canonical,2024.0,401649380.0,5.0,7.0,espn
2024-05-11,PHX,LAS,81.28,103.759765625,121.52777777777776,85.0,98.0,20.0,20.0,16.0,last_good_canonical,2024.0,401653634.0,14.0,6.0,espn
2024-05-15,PHX,LVA,85.08000000000001,93.6768149882904,105.0023596035866,80.0,89.0,37.0,21.0,15.0,last_good_canonical,2024.0,401620220.0,6.0,6.0,espn
2024-05-19,PHX,ATL,84.47999999999999,103.43206393982136,101.33524082021935,88.0,85.0,38.0,17.0,6.0,last_good_canonical,2024.0,401620230.0,10.0,5.0,espn
2024-05-22,PHX,LVA,85.66,115.67516525023608,101.61662817551964,98.0,88.0,39.0,23.0,16.0,last_good_canonical,2024.0,401620235.0,7.0,7.0,espn
2024-05-24,PHX,WAS,83.80000000000001,100.5329457364341,94.0733772342427,83.0,80.0,34.0,20.0,10.0,last_good_canonical,2024.0,401620240.0,9.0,4.0,espn
2024-05-26,PHX,DAL,90.86,98.41677364142062,121.260199456029,92.0,107.0,25.0,26.0,14.0,last_good_canonical,2024.0,401620246.0,7.0,6.0,espn
2024-05-28,PHX,CON,81.80000000000001,58.25483391175012,84.4187168355041,47.0,70.0,43.0,12.0,1.0,last_good_canonical,2024.0,401620249.0,7.0,9.0,espn
2024-05-29,PHX,NYL,76.32,103.01109350237718,105.30421216848674,78.0,81.0,34.0,18.0,10.0,last_good_canonical,2024.0,401620252.0,6.0,2.0,espn
2024-06-01,PHX,MIN,75.1,93.51949420442573,127.8944534194938,71.0,95.0,36.0,16.0,9.0,last_good_canonical,2024.0,401620260.0,6.0,2.0,espn
2024-06-02,PHX,LAS,80.19999999999999,106.35696821515891,86.51399491094148,87.0,68.0,33.0,20.0,14.0,last_good_canonical,2024.0,401620265.0,11.0,5.0,espn
2024-06-05,PHX,SEA,84.86,72.53158633598503,94.9667616334283,62.0,80.0,33.0,13.0,4.0,last_good_canonical,2024.0,401620268.0,7.0,4.0,espn
2024-06-08,PHX,MIN,82.38,98.876953125,96.57170449058424,81.0,80.0,39.0,18.0,9.0,last_good_canonical,2024.0,401620276.0,6.0,7.0,espn
2024-06-09,PHX,DAL,97.76,97.62479871175525,93.59400998336106,97.0,90.0,29.0,25.0,9.0,last_good_canonical,2024.0,401620280.0,9.0,5.0,espn
2024-06-14,PHX,LVA,83.8,115.65420560747664,125.60975609756098,99.0,103.0,23.0,26.0,8.0,last_good_canonical,2024.0,401620290.0,5.0,5.0,espn
2024-06-16,PHX,SEA,82.8,105.6338028169014,93.70494954348872,87.0,78.0,37.0,24.0,7.0,last_good_canonical,2024.0,401620295.0,5.0,5.0,espn
2024-06-19,PHX,NYL,86.78,114.58333333333331,106.70032124827902,99.0,93.0,31.0,24.0,15.0,last_good_canonical,2024.0,401620300.0,7.0,3.0,espn
2024-06-23,PHX,MIN,82.6,70.35647279549718,91.34134134134132,60.0,73.0,31.0,14.0,7.0,last_good_canonical,2024.0,401620310.0,8.0,5.0,espn
2024-06-29,PHX,LAS,80.86,113.41222879684418,96.7741935483871,92.0,78.0,39.0,19.0,7.0,last_good_canonical,2024.0,401620320.0,9.0,6.0,espn
2024-06-30,PHX,IND,83.1,96.97256385998108,107.79029887310142,82.0,88.0,28.0,18.0,8.0,last_good_canonical,2024.0,401620325.0,9.0,1.0,espn
2024-07-02,PHX,CON,70.02000000000001,100.11123470522804,121.84380504991192,72.0,83.0,18.0,19.0,3.0,last_good_canonical,2024.0,401620326.0,5.0,2.0,espn
2024-07-04,PHX,DAL,79.04,131.4459049544995,121.580547112462,104.0,96.0,24.0,22.0,11.0,last_good_canonical,2024.0,401620332.0,6.0,3.0,espn
2024-07-07,PHX,LAS,81.34,104.58167330677291,94.7061680427392,84.0,78.0,38.0,16.0,7.0,last_good_canonical,2024.0,401620343.0,3.0,5.0,espn
2024-07-10,PHX,DAL,78.30000000000001,128.73326467559215,106.43689812468322,100.0,84.0,22.0,24.0,9.0,last_good_canonical,2024.0,401620349.0,8.0,6.0,espn
2024-07-12,PHX,IND,86.14,102.23490252020922,107.75862068965516,86.0,95.0,30.0,18.0,10.0,last_good_canonical,2024.0,401620352.0,7.0,6.0,espn
2024-07-14,PHX,CON,77.82,89.14728682170542,122.69938650306749,69.0,96.0,33.0,16.0,7.0,last_good_canonical,2024.0,401620356.0,3.0,8.0,espn
2024-07-16,PHX,WAS,79.47999999999999,124.28793371310203,106.4610866372981,96.0,87.0,31.0,22.0,8.0,last_good_canonical,2024.0,401620360.0,8.0,6.0,espn
2024-08-16,PHX,CHI,73.0,119.98870694522869,86.4821713677488,85.0,65.0,34.0,26.0,12.0,last_good_canonical,2024.0,401620366.0,5.0,10.0,espn
2024-08-16,PHX,IND,81.9,110.80677290836654,117.39338763775754,89.0,98.0,31.0,16.0,14.0,last_good_canonical,2024.0,401620370.0,7.0,3.0,espn
2024-08-19,PHX,CHI,77.94,112.21294363256784,85.81524482584554,86.0,68.0,41.0,21.0,7.0,last_good_canonical,2024.0,401620378.0,5.0,4.0,espn
2024-08-21,PHX,ATL,72.72,85.83106267029972,99.94447529150472,63.0,72.0,33.0,15.0,6.0,last_good_canonical,2024.0,401620382.0,4.0,3.0,espn
2024-08-23,PHX,ATL,78.6,105.07432086109688,101.0611419909045,82.0,80.0,36.0,23.0,6.0,last_good_canonical,2024.0,401620385.0,4.0,5.0,espn
2024-08-27,PHX,NYL,82.9,85.61643835616438,99.95240361732507,70.0,84.0,31.0,15.0,5.0,last_good_canonical,2024.0,401620394.0,7.0,4.0,espn
2024-08-29,PHX,MIN,82.58000000000001,90.3471231573942,109.822309970385,76.0,89.0,37.0,15.0,7.0,last_good_canonical,2024.0,401620400.0,7.0,3.0,espn
2024-09-01,PHX,LVA,79.75999999999999,98.84884884884885,121.85929648241206,79.0,97.0,24.0,23.0,7.0,last_good_canonical,2024.0,401620411.0,9.0,2.0,espn
2024-09-04,PHX,ATL,78.3,96.8079539508111,82.33532934131736,74.0,66.0,33.0,18.0,6.0,last_good_canonical,2024.0,401620415.0,7.0,4.0,espn
2024-09-06,PHX,WAS,80.34,92.23766171538092,116.58031088082902,77.0,90.0,33.0,22.0,9.0,last_good_canonical,2024.0,401620418.0,4.0,5.0,espn
2024-09-08,PHX,SEA,77.02,86.88783570300158,115.26639344262296,66.0,90.0,34.0,20.0,10.0,last_good_canonical,2024.0,401620423.0,4.0,4.0,espn
2024-09-14,PHX,CON,79.66,88.64337101747174,108.00196367206676,69.0,88.0,33.0,19.0,6.0,last_good_canonical,2024.0,401620440.0,4.0,7.0,espn
2024-09-15,PHX,CHI,76.53999999999999,118.50152905198776,117.96246648793569,93.0,88.0,30.0,29.0,9.0,last_good_canonical,2024.0,401620444.0,4.0,2.0,espn
2024-09-18,PHX,LAS,81.74000000000001,110.85028690662492,93.31797235023042,85.0,81.0,25.0,22.0,7.0,last_good_canonical,2024.0,401620450.0,11.0,9.0,espn
2024-09-20,PHX,SEA,79.32,89.60573476702508,110.53154495777449,70.0,89.0,33.0,19.0,6.0,last_good_canonical,2024.0,401620457.0,8.0,1.0,espn
2024-09-22,PHX,MIN,83.42,114.6788990825688,121.42857142857144,95.0,102.0,31.0,19.0,14.0,last_good_canonical,2024.0,401721261.0,8.0,5.0,espn
2024-09-26,PHX,MIN,81.02,108.42779694430754,124.8763600395648,88.0,101.0,31.0,25.0,8.0,last_good_canonical,2024.0,401721260.0,3.0,3.0,espn
2025-05-07,PHX,LVA,84.32,99.38476100331285,101.04612458392772,84.0,85.0,35.0,20.0,10.0,last_good_canonical,2025.0,401761355.0,7.0,0.0,espn
2025-05-11,PHX,GSV,80.5,98.75,103.70370370370372,79.0,84.0,46.0,21.0,8.0,last_good_canonical,2025.0,401761352.0,4.0,7.0,espn
2025-05-18,PHX,SEA,77.52,104.86794407042984,75.83547557840618,81.0,59.0,38.0,20.0,8.0,last_good_canonical,2025.0,401736117.0,8.0,5.0,espn
2025-05-22,PHX,LAS,86.66,104.85391140433552,97.24106739032112,89.0,86.0,33.0,22.0,11.0,last_good_canonical,2025.0,401736125.0,8.0,7.0,espn
2025-05-24,PHX,SEA,80.5,87.6753507014028,94.87432232626912,70.0,77.0,34.0,18.0,8.0,last_good_canonical,2025.0,401736131.0,9.0,4.0,espn
2025-05-25,PHX,WAS,78.80000000000001,87.90072388831437,77.26819541375872,68.0,62.0,26.0,15.0,11.0,last_good_canonical,2025.0,401736136.0,15.0,1.0,espn
2025-05-28,PHX,CHI,85.08,110.12183692596064,104.95283018867924,94.0,89.0,30.0,26.0,16.0,last_good_canonical,2025.0,401736142.0,11.0,7.0,espn
2025-05-31,PHX,MIN,81.53999999999999,88.57285429141717,89.24264351181861,71.0,74.0,38.0,21.0,3.0,last_good_canonical,2025.0,401736149.0,8.0,4.0,espn
2025-06-01,PHX,LAS,81.28,106.83760683760684,96.3855421686747,85.0,80.0,38.0,22.0,12.0,last_good_canonical,2025.0,401736153.0,7.0,2.0,espn
2025-06-04,PHX,MIN,80.58000000000001,82.07070707070707,107.369448511469,65.0,88.0,24.0,13.0,5.0,last_good_canonical,2025.0,401736157.0,11.0,3.0,espn
2025-06-06,PHX,GSV,81.4,106.43564356435644,93.90243902439023,86.0,77.0,36.0,15.0,11.0,last_good_canonical,2025.0,401736160.0,7.0,5.0,espn
2025-06-08,PHX,SEA,76.6,99.0735975295934,117.91202967673556,77.0,89.0,29.0,21.0,8.0,last_good_canonical,2025.0,401736165.0,3.0,1.0,espn
2025-06-12,PHX,DAL,79.48,117.96042617960426,99.85022466300548,93.0,80.0,28.0,23.0,15.0,last_good_canonical,2025.0,401736172.0,9.0,6.0,espn
2025-06-15,PHX,LVA,77.66,99.6329313057158,88.56275303643724,76.0,70.0,36.0,22.0,9.0,last_good_canonical,2025.0,401736181.0,10.0,4.0,espn
2025-06-18,PHX,CON,78.0,109.38323668950976,93.60958562156765,83.0,75.0,41.0,18.0,8.0,last_good_canonical,2025.0,401736188.0,9.0,5.0,espn
2025-06-19,PHX,NYL,83.44,108.69565217391305,95.29411764705884,89.0,81.0,42.0,22.0,7.0,last_good_canonical,2025.0,401736189.0,10.0,3.0,espn
2025-06-21,PHX,CHI,83.68,125.05843852267414,105.13447432762835,107.0,86.0,34.0,25.0,17.0,last_good_canonical,2025.0,401736194.0,13.0,2.0,espn
2025-06-28,PHX,NYL,82.53999999999999,127.58786711603274,110.97560975609755,106.0,91.0,36.0,30.0,18.0,last_good_canonical,2025.0,401736212.0,7.0,1.0,espn
2025-06-29,PHX,LVA,78.84,102.221100454316,107.08822029576748,81.0,84.0,35.0,19.0,10.0,last_good_canonical,2025.0,401736217.0,5.0,3.0,espn
2025-07-04,PHX,DAL,85.64,106.40841702534672,111.82108626198082,89.0,98.0,26.0,21.0,8.0,last_good_canonical,2025.0,401736223.0,11.0,6.0,espn
2025-07-08,PHX,DAL,84.64,120.0,85.42952064546749,102.0,72.0,43.0,29.0,14.0,last_good_canonical,2025.0,401736231.0,9.0,5.0,espn
2025-07-09,PHX,MIN,78.80000000000001,99.4962216624685,90.7928388746803,79.0,71.0,35.0,17.0,1.0,last_good_canonical,2025.0,401736236.0,6.0,1.0,espn
2025-07-15,PHX,GSV,77.47999999999999,102.14772132006286,97.9643765903308,78.0,77.0,35.0,23.0,12.0,last_good_canonical,2025.0,401736249.0,6.0,5.0,espn
2025-07-16,PHX,MIN,79.88,82.91457286432161,98.55289421157686,66.0,79.0,39.0,21.0,7.0,last_good_canonical,2025.0,401736253.0,7.0,4.0,espn
2025-07-24,PHX,ATL,78.91999999999999,99.69712266532056,114.50381679389314,79.0,90.0,32.0,18.0,11.0,last_good_canonical,2025.0,401736262.0,5.0,3.0,espn
2025-07-25,PHX,NYL,87.2,86.63930688554491,102.67651130595291,76.0,89.0,33.0,22.0,7.0,last_good_canonical,2025.0,401736266.0,5.0,3.0,espn
2025-07-27,PHX,WAS,80.92,108.42779694430754,89.24144769459593,88.0,72.0,33.0,22.0,5.0,last_good_canonical,2025.0,401736274.0,10.0,5.0,espn
2025-07-30,PHX,IND,92.08,105.82564962279967,120.60414788097384,101.0,107.0,31.0,18.0,7.0,last_good_canonical,2025.0,401736281.0,9.0,1.0,espn
2025-08-01,PHX,ATL,76.2,92.92720702116677,126.80192205018686,72.0,95.0,27.0,16.0,4.0,last_good_canonical,2025.0,401736285.0,4.0,6.0,espn
2025-08-03,PHX,CHI,75.53999999999999,111.92017259978424,87.10348413936558,83.0,67.0,45.0,22.0,7.0,last_good_canonical,2025.0,401736293.0,8.0,8.0,espn
2025-08-06,PHX,CON,82.32,99.5628946090335,80.21390374331551,82.0,66.0,39.0,17.0,8.0,last_good_canonical,2025.0,401736299.0,9.0,2.0,espn
2025-08-08,PHX,IND,83.32,111.8699952896844,73.42143906020559,95.0,60.0,44.0,25.0,10.0,last_good_canonical,2025.0,401736304.0,9.0,0.0,espn
2025-08-10,PHX,ATL,76.25999999999999,84.44216990788128,99.51586874663798,66.0,74.0,34.0,16.0,6.0,last_good_canonical,2025.0,401736313.0,6.0,3.0,espn
2025-08-16,PHX,LVA,77.8,104.85093481556342,112.50654107796966,83.0,86.0,30.0,23.0,10.0,last_good_canonical,2025.0,401736326.0,7.0,3.0,espn
2025-08-17,PHX,SEA,86.32,98.92923649906888,94.55719557195572,85.0,82.0,34.0,21.0,8.0,last_good_canonical,2025.0,401736331.0,6.0,3.0,espn
2025-08-20,PHX,GSV,78.80000000000001,123.86248736097068,115.95310907237511,98.0,91.0,40.0,22.0,11.0,last_good_canonical,2025.0,401736337.0,1.0,3.0,espn
2025-08-22,PHX,LVA,76.06,79.50990615224192,110.07957559681697,61.0,83.0,43.0,12.0,6.0,last_good_canonical,2025.0,401736342.0,2.0,2.0,espn
2025-08-23,PHX,GSV,75.97999999999999,105.74412532637076,95.54140127388536,81.0,72.0,33.0,25.0,14.0,last_good_canonical,2025.0,401736345.0,4.0,6.0,espn
2025-08-27,PHX,LAS,83.2,110.95031355523396,100.62290368950646,92.0,84.0,32.0,28.0,11.0,last_good_canonical,2025.0,401736355.0,11.0,1.0,espn
2025-08-29,PHX,CHI,77.42,109.67230443974628,99.7978777160182,83.0,79.0,34.0,21.0,6.0,last_good_canonical,2025.0,401736360.0,17.0,11.0,espn
2025-08-31,PHX,NYL,71.0,110.86474501108648,90.20618556701032,80.0,63.0,30.0,22.0,12.0,last_good_canonical,2025.0,401736366.0,9.0,5.0,espn
2025-09-03,PHX,IND,78.82,107.43174924165824,100.61130922058076,85.0,79.0,36.0,24.0,6.0,last_good_canonical,2025.0,401736373.0,6.0,3.0,espn
2025-09-04,PHX,WAS,76.56,101.4061654948621,87.16523496715513,75.0,69.0,40.0,22.0,13.0,last_good_canonical,2025.0,401736376.0,6.0,7.0,espn
2025-09-06,PHX,CON,84.6,100.91302258529554,101.20986505351324,84.0,87.0,33.0,21.0,11.0,last_good_canonical,2025.0,401736382.0,7.0,1.0,espn
2025-09-10,PHX,LAS,80.24000000000001,103.13121272365804,110.0,83.0,88.0,39.0,20.0,10.0,last_good_canonical,2025.0,401736391.0,7.0,3.0,espn
2025-09-12,PHX,DAL,79.66,96.83995922528032,119.99010390895596,76.0,97.0,27.0,21.0,12.0,last_good_canonical,2025.0,401736395.0,7.0,1.0,espn
2025-09-14,PHX,NYL,87.5,77.4932614555256,88.41321544904608,69.0,76.0,31.0,16.0,6.0,last_good_canonical,2025.0,401820314.0,12.0,2.0,espn
2025-09-18,PHX,NYL,78.14,112.74252753015207,75.0,86.0,60.0,39.0,22.0,7.0,last_good_canonical,2025.0,401820318.0,10.0,2.0,espn
2025-09-20,PHX,NYL,86.06,93.2923948984412,83.48581884720952,79.0,73.0,49.0,21.0,9.0,last_good_canonical,2025.0,401820324.0,8.0,3.0,espn
2025-09-21,PHX,MIN,81.7,86.50952858575727,98.0392156862745,69.0,82.0,35.0,19.0,3.0,last_good_canonical,2025.0,401820328.0,6.0,0.0,espn
2025-09-23,PHX,MIN,89.34,99.19750334373607,93.30035971223022,89.0,83.0,37.0,29.0,13.0,last_good_canonical,2025.0,401820330.0,10.0,1.0,espn
2025-09-27,PHX,MIN,77.26,108.13594232749742,98.9068193649141,84.0,76.0,37.0,19.0,6.0,last_good_canonical,2025.0,401820333.0,9.0,5.0,espn
2025-09-29,PHX,MIN,83.03999999999999,103.46487006737247,97.6374156219865,86.0,81.0,38.0,20.0,11.0,last_good_canonical,2025.0,401820338.0,2.0,3.0,espn
2025-10-04,PHX,LVA,77.75999999999999,110.65362840967576,114.39588688946016,86.0,89.0,35.0,20.0,14.0,last_good_canonical,2025.0,401820322.0,4.0,4.0,espn
2025-10-05,PHX,LVA,83.32,95.21484375,107.41265344664778,78.0,91.0,34.0,17.0,5.0,last_good_canonical,2025.0,401820325.0,9.0,1.0,espn
2025-10-09,PHX,LVA,78.32,107.79029887310142,120.0,88.0,90.0,33.0,17.0,7.0,last_good_canonical,2025.0,401820326.0,5.0,2.0,espn
2025-10-11,PHX,LVA,83.88,103.16698656429942,114.92890995260665,86.0,97.0,41.0,17.0,5.0,last_good_canonical,2025.0,401820329.0,3.0,5.0,espn
2026-05-09,PHX,LVA,84.56,118.42105263157896,77.17492984097288,99.0,66.0,37.0,23.0,11.0,last_good_canonical,2026.0,401856894.0,11.0,4.0,espn
2026-05-11,PHX,GSV,76.64,104.83014861995754,121.9199178644764,79.0,95.0,24.0,20.0,11.0,last_good_canonical,2026.0,401856900.0,2.0,3.0,espn
2026-05-13,PHX,MIN,84.03999999999999,95.97806215722122,109.23535253227408,84.0,88.0,31.0,20.0,9.0,last_good_canonical,2026.0,401856902.0,11.0,4.0,espn
2026-05-16,PHX,CHI,84.74,107.00846660395108,98.29464708668876,91.0,83.0,40.0,12.0,6.0,last_good_canonical,2026.0,401856913.0,5.0,7.0,espn
2026-05-20,PHX,TOR,84.12,108.01728276524244,115.40273198304286,90.0,98.0,32.0,20.0,4.0,last_good_canonical,2026.0,401856920.0,6.0,1.0,espn
2026-05-22,PHX,LAS,83.72,105.06208213944603,115.91778202676863,88.0,97.0,33.0,17.0,8.0,last_good_canonical,2026.0,401856926.0,9.0,2.0,espn
2026-05-24,PHX,ATL,79.8,99.55201592832256,103.48308934881372,80.0,82.0,36.0,14.0,4.0,last_good_canonical,2026.0,401856933.0,8.0,6.0,espn
2026-05-27,PHX,NYL,77.92,95.2626158599382,107.47185261003072,74.0,84.0,32.0,19.0,10.0,last_good_canonical,2026.0,401856938.0,7.0,5.0,espn
2026-05-29,PHX,NYL,77.08000000000001,87.53861997940267,98.06485355648536,68.0,75.0,23.0,14.0,6.0,last_good_canonical,2026.0,401856945.0,11.0,3.0,espn
2026-06-02,PHX,MIN,78.3,97.61663286004055,142.82038085434894,77.0,111.0,24.0,18.0,10.0,last_good_canonical,2026.0,401856954.0,6.0,0.0,espn
2026-06-03,PHX,SEA,,,,72.0,68.0,44.0,17.0,3.0,last_good_canonical,,,,,
2026-06-04,PHX,SEA,82.03999999999999,91.27789046653145,79.81220657276995,72.0,68.0,44.0,17.0,3.0,last_good_canonical,2026.0,401856960.0,11.0,6.0,espn
2026-06-05,PHX,POR,,,,78.0,72.0,24.0,21.0,7.0,last_good_canonical,,,,,
2026-06-06,PHX,POR,76.58000000000001,101.72143974960876,94.14225941422592,78.0,72.0,24.0,21.0,7.0,last_good_canonical,2026.0,401856965.0,10.0,5.0,espn
2026-06-09,PHX,GSV,,,,81.0,87.0,33.0,23.0,9.0,last_good_canonical,,,,,
2026-06-10,PHX,GSV,76.12,106.69125395152793,113.9937106918239,81.0,87.0,33.0,23.0,9.0,last_good_canonical,2026.0,401856977.0,7.0,2.0,espn
2026-06-11,PHX,DAL,,,,70.0,85.0,30.0,21.0,6.0,last_good_canonical,,,,,
2026-06-12,PHX,DAL,82.22,86.50519031141869,101.772030651341,70.0,85.0,30.0,21.0,6.0,last_good_canonical,2026.0,401856982.0,10.0,1.0,espn
2026-06-13,PHX,LAS,,,,102.0,111.0,38.0,26.0,13.0,last_good_canonical,,,,,
2026-06-14,PHX,LAS,91.36,110.1511879049676,123.16910785619174,102.0,111.0,38.0,26.0,13.0,last_good_canonical,2026.0,401856989.0,6.0,5.0,espn
2026-06-17,PHX,LVA,,,,76.0,86.0,30.0,18.0,9.0,last_good_canonical,,,,,
2026-06-18,PHX,LVA,78.58,97.23643807574209,108.86075949367088,76.0,86.0,30.0,18.0,9.0,last_good_canonical,2026.0,401857000.0,5.0,2.0,espn
2026-06-23,PHX,IND,80.0,94.7808961102905,109.19248349415946,77.0,86.0,29.0,19.0,5.0,last_good_canonical,2026.0,401857014.0,5.0,2.0,espn
2026-05-03,POR,LAS,86.64,88.0281690140845,96.50317892824704,75.0,85.0,30.0,15.0,4.0,last_good_canonical,2026.0,401866521.0,8.0,2.0,espn
2026-05-10,POR,CHI,81.88,97.87735849056604,124.11347517730496,83.0,98.0,24.0,20.0,9.0,last_good_canonical,2026.0,401856895.0,6.0,7.0,espn
2026-05-13,POR,NYL,79.75999999999999,123.11557788944724,120.12012012012012,98.0,96.0,26.0,15.0,15.0,last_good_canonical,2026.0,401856903.0,8.0,4.0,espn
2026-05-15,POR,NYL,84.3,96.69811320754717,119.33174224343676,82.0,100.0,30.0,22.0,9.0,last_good_canonical,2026.0,401856909.0,7.0,2.0,espn
2026-05-19,POR,CON,80.12,101.9155206286837,104.06091370558376,83.0,82.0,27.0,23.0,7.0,last_good_canonical,2026.0,401856919.0,11.0,3.0,espn
2026-05-20,POR,IND,81.12,93.01732925586136,107.44985673352434,73.0,90.0,28.0,9.0,3.0,last_good_canonical,2026.0,401856921.0,8.0,3.0,espn
2026-05-23,POR,TOR,82.08,118.9332051898126,98.86307464162137,99.0,80.0,33.0,24.0,11.0,last_good_canonical,2026.0,401856931.0,7.0,7.0,espn
2026-05-26,POR,NYL,81.8,95.11507750117428,94.33962264150944,81.0,74.0,29.0,18.0,9.0,last_good_canonical,2026.0,401856936.0,12.0,6.0,espn
2026-05-28,POR,CON,75.12,93.96506087877184,81.68184252811997,71.0,61.0,26.0,16.0,7.0,last_good_canonical,2026.0,401856941.0,10.0,3.0,espn
2026-05-30,POR,ATL,80.66,80.96172718351323,107.76942355889724,66.0,86.0,23.0,18.0,9.0,last_good_canonical,2026.0,401856948.0,4.0,4.0,espn
2026-05-31,POR,IND,81.6,122.24938875305624,103.1941031941032,100.0,84.0,25.0,26.0,9.0,last_good_canonical,2026.0,401856951.0,8.0,5.0,espn
2026-06-02,POR,GSV,,,,77.0,95.0,28.0,19.0,9.0,last_good_canonical,,,,,
2026-06-03,POR,GSV,74.98,102.61194029850743,126.80192205018686,77.0,95.0,28.0,19.0,9.0,last_good_canonical,2026.0,401856957.0,3.0,2.0,espn
2026-06-05,POR,PHX,,,,72.0,78.0,32.0,18.0,10.0,last_good_canonical,,,,,
2026-06-06,POR,PHX,76.58000000000001,94.14225941422592,101.72143974960876,72.0,78.0,32.0,18.0,10.0,last_good_canonical,2026.0,401856965.0,3.0,2.0,espn
2026-06-07,POR,LAS,,,,72.0,89.0,42.0,19.0,3.0,last_good_canonical,,,,,
2026-06-11,POR,LVA,,,,89.0,105.0,19.0,22.0,8.0,last_good_canonical,,,,,
2026-06-12,POR,LVA,81.52000000000001,109.498031496063,128.42465753424656,89.0,105.0,19.0,22.0,8.0,last_good_canonical,2026.0,401856983.0,7.0,3.0,espn
2026-06-13,POR,DAL,,,,84.0,83.0,32.0,26.0,14.0,last_good_canonical,,,,,
2026-06-14,POR,DAL,82.08,104.06342913776017,99.47267497603067,84.0,83.0,32.0,26.0,14.0,last_good_canonical,2026.0,401856988.0,5.0,5.0,espn
2026-06-15,POR,MIN,,,,74.0,107.0,27.0,21.0,10.0,last_good_canonical,,,,,
2026-06-16,POR,MIN,84.26,87.22300801508722,127.868068833652,74.0,107.0,27.0,21.0,10.0,last_good_canonical,2026.0,401856993.0,7.0,2.0,espn
2026-06-17,POR,SEA,,,,94.0,89.0,32.0,20.0,17.0,last_good_canonical,,,,,
2026-06-18,POR,SEA,79.62,117.67651477215824,112.14717741935485,94.0,89.0,32.0,20.0,17.0,last_good_canonical,2026.0,401857001.0,7.0,7.0,espn
2026-06-25,POR,CHI,81.28,96.53465346534654,123.53228962818004,78.0,101.0,29.0,20.0,10.0,last_good_canonical,2026.0,401857019.0,7.0,5.0,espn
2024-05-11,PUERTORICO,LVA,80.8,63.87327542156362,122.41958713394143,50.0,102.0,28.0,8.0,6.0,last_good_canonical,2024.0,401653736.0,7.0,1.0,espn
2024-05-05,SEA,LAS,82.14,96.95630829651448,101.44927536231884,79.0,84.0,19.0,20.0,9.0,last_good_canonical,2024.0,401647556.0,13.0,5.0,espn
2024-05-08,SEA,PHX,80.19999999999999,102.65700483091788,76.03092783505156,85.0,59.0,43.0,18.0,11.0,last_good_canonical,2024.0,401649380.0,7.0,4.0,espn
2024-05-15,SEA,MIN,88.06,80.31206975676916,93.30035971223022,70.0,83.0,43.0,14.0,1.0,last_good_canonical,2024.0,401620221.0,10.0,5.0,espn
2024-05-18,SEA,MIN,106.38,87.93494704992435,95.32710280373831,93.0,102.0,42.0,19.0,5.0,last_good_canonical,2024.0,401620226.0,20.0,8.0,espn
2024-05-19,SEA,WAS,84.44,96.81881051175657,91.3297613248904,84.0,75.0,43.0,10.0,5.0,last_good_canonical,2024.0,401620231.0,10.0,2.0,espn
2024-05-20,SEA,NYL,78.97999999999999,80.60388945752304,92.73182957393485,63.0,74.0,34.0,16.0,6.0,last_good_canonical,2024.0,401620233.0,8.0,3.0,espn
2024-05-23,SEA,IND,78.32,107.97764227642276,106.51950718685832,85.0,83.0,41.0,20.0,6.0,last_good_canonical,2024.0,401620237.0,6.0,9.0,espn
2024-05-26,SEA,WAS,78.75999999999999,127.977698935631,87.78625954198473,101.0,69.0,33.0,27.0,12.0,last_good_canonical,2024.0,401620245.0,6.0,6.0,espn
2024-05-29,SEA,CHI,83.32,91.75405147759771,82.20502901353966,77.0,68.0,32.0,17.0,5.0,last_good_canonical,2024.0,401620251.0,13.0,8.0,espn
2024-05-30,SEA,IND,83.42,122.38593155893535,106.43444605708756,103.0,88.0,32.0,29.0,8.0,last_good_canonical,2024.0,401620255.0,9.0,7.0,espn
2024-06-05,SEA,PHX,84.86,94.9667616334283,72.53158633598503,80.0,62.0,42.0,20.0,8.0,last_good_canonical,2024.0,401620268.0,10.0,4.0,espn
2024-06-08,SEA,LVA,87.02000000000001,88.95985401459853,75.26632700324224,78.0,65.0,43.0,19.0,6.0,last_good_canonical,2024.0,401620274.0,7.0,6.0,espn
2024-06-09,SEA,MIN,79.47999999999999,80.28098344204717,104.74507824331148,64.0,83.0,34.0,12.0,4.0,last_good_canonical,2024.0,401620281.0,9.0,9.0,espn
2024-06-12,SEA,LAS,81.74000000000001,114.56825856246984,98.0635551142006,95.0,79.0,45.0,20.0,8.0,last_good_canonical,2024.0,401620286.0,4.0,10.0,espn
2024-06-13,SEA,DAL,80.82,116.22031328954016,101.84287099903008,92.0,84.0,26.0,26.0,7.0,last_good_canonical,2024.0,401620289.0,12.0,6.0,espn
2024-06-16,SEA,PHX,82.8,93.70494954348872,105.6338028169014,78.0,87.0,36.0,18.0,5.0,last_good_canonical,2024.0,401620295.0,11.0,4.0,espn
2024-06-20,SEA,LVA,84.8,96.10930986567855,112.92647765497358,83.0,94.0,32.0,21.0,4.0,last_good_canonical,2024.0,401620303.0,11.0,1.0,espn
2024-06-23,SEA,CON,76.76,93.45794392523364,79.75941422594141,72.0,61.0,35.0,23.0,4.0,last_good_canonical,2024.0,401620314.0,13.0,4.0,espn
2024-06-28,SEA,IND,79.7,110.58648111332008,97.56715661429295,89.0,77.0,27.0,27.0,10.0,last_good_canonical,2024.0,401620318.0,14.0,5.0,espn
2024-06-30,SEA,DAL,84.18,118.00486618004864,88.2079851439183,97.0,76.0,35.0,22.0,5.0,last_good_canonical,2024.0,401620322.0,11.0,6.0,espn
2024-07-02,SEA,DAL,81.62,110.61946902654869,91.77869700103412,95.0,71.0,33.0,22.0,8.0,last_good_canonical,2024.0,401620327.0,11.0,3.0,espn
2024-07-06,SEA,CHI,80.34,101.89228529839885,112.47443762781188,84.0,88.0,27.0,24.0,3.0,last_good_canonical,2024.0,401620337.0,7.0,9.0,espn
2024-07-07,SEA,CHI,82.42,101.74418604651164,86.29071463296061,84.0,71.0,36.0,24.0,6.0,last_good_canonical,2024.0,401620342.0,4.0,7.0,espn
2024-07-10,SEA,LVA,85.42,90.7628676470588,100.23866348448688,79.0,84.0,40.0,19.0,3.0,last_good_canonical,2024.0,401620348.0,4.0,1.0,espn
2024-07-13,SEA,MIN,79.30000000000001,114.49421238047309,79.62588473205257,91.0,63.0,39.0,29.0,9.0,last_good_canonical,2024.0,401620353.0,8.0,3.0,espn
2024-07-14,SEA,ATL,83.25999999999999,96.5204957102002,84.74576271186442,81.0,70.0,35.0,27.0,5.0,last_good_canonical,2024.0,401620358.0,13.0,7.0,espn
2024-07-16,SEA,LAS,81.06,110.64147190452512,101.61606268364348,89.0,83.0,35.0,21.0,7.0,last_good_canonical,2024.0,401620361.0,11.0,6.0,espn
2024-08-16,SEA,ATL,83.2,97.26224783861672,99.85563041385949,81.0,83.0,27.0,14.0,6.0,last_good_canonical,2024.0,401620369.0,10.0,2.0,espn
2024-08-18,SEA,IND,83.6,87.16875871687587,113.3563331690488,75.0,92.0,32.0,15.0,7.0,last_good_canonical,2024.0,401620377.0,6.0,6.0,espn
2024-08-20,SEA,WAS,90.28,92.01773835920176,85.21469676848163,83.0,77.0,38.0,15.0,3.0,last_good_canonical,2024.0,401620381.0,10.0,6.0,espn
2024-08-27,SEA,WAS,80.74000000000001,87.97653958944281,92.91813159216474,72.0,74.0,33.0,20.0,7.0,last_good_canonical,2024.0,401620395.0,12.0,5.0,espn
2024-08-29,SEA,ATL,83.1,103.759765625,96.10821072615092,85.0,81.0,37.0,19.0,8.0,last_good_canonical,2024.0,401620401.0,6.0,5.0,espn
2024-08-31,SEA,NYL,75.69999999999999,110.96605744125328,131.01604278074868,85.0,98.0,17.0,19.0,5.0,last_good_canonical,2024.0,401620405.0,9.0,3.0,espn
2024-09-01,SEA,CON,82.64,101.70293282876064,115.21308225966304,86.0,93.0,31.0,22.0,4.0,last_good_canonical,2024.0,401620407.0,9.0,3.0,espn
2024-09-03,SEA,CON,76.03999999999999,90.33078880407125,87.09853021230266,71.0,64.0,31.0,22.0,3.0,last_good_canonical,2024.0,401620412.0,8.0,8.0,espn
2024-09-05,SEA,NYL,77.68,90.15971148892324,99.0735975295934,70.0,77.0,33.0,16.0,6.0,last_good_canonical,2024.0,401620417.0,5.0,6.0,espn
2024-09-08,SEA,PHX,77.02,115.26639344262296,86.88783570300158,90.0,66.0,46.0,26.0,12.0,last_good_canonical,2024.0,401620423.0,8.0,3.0,espn
2024-09-12,SEA,LAS,79.97999999999999,110.61946902654869,104.32569974554708,90.0,82.0,27.0,22.0,6.0,last_good_canonical,2024.0,401620434.0,11.0,10.0,espn
2024-09-13,SEA,DAL,89.38,92.84116331096196,90.64458370635631,83.0,81.0,32.0,23.0,5.0,last_good_canonical,2024.0,401620438.0,11.0,4.0,espn
2024-09-15,SEA,LAS,84.74000000000001,106.28247520075578,102.59433962264151,90.0,87.0,32.0,19.0,5.0,last_good_canonical,2024.0,401620446.0,13.0,3.0,espn
2024-09-18,SEA,LVA,73.5,96.20523784072688,117.79379157427938,72.0,85.0,29.0,21.0,2.0,last_good_canonical,2024.0,401620451.0,7.0,1.0,espn
2024-09-20,SEA,PHX,79.32,110.53154495777449,89.60573476702508,89.0,70.0,41.0,27.0,13.0,last_good_canonical,2024.0,401620457.0,5.0,2.0,espn
2024-09-23,SEA,LVA,76.28,87.33055265901982,102.84810126582278,67.0,78.0,40.0,15.0,4.0,last_good_canonical,2024.0,401721256.0,5.0,4.0,espn
2024-09-25,SEA,LVA,77.88,97.78692743180648,106.35571501793952,76.0,83.0,30.0,18.0,8.0,last_good_canonical,2024.0,401721262.0,11.0,3.0,espn
2025-05-04,SEA,CON,79.86,101.12647209421402,72.30392156862746,79.0,59.0,42.0,21.0,5.0,last_good_canonical,2025.0,401761349.0,10.0,5.0,espn
2025-05-18,SEA,PHX,77.52,75.83547557840618,104.86794407042984,59.0,81.0,29.0,16.0,3.0,last_good_canonical,2025.0,401736117.0,10.0,5.0,espn
2025-05-20,SEA,DAL,82.36,95.92034968431275,86.20689655172414,79.0,71.0,37.0,25.0,9.0,last_good_canonical,2025.0,401736120.0,7.0,5.0,espn
2025-05-24,SEA,PHX,80.5,94.87432232626912,87.6753507014028,77.0,70.0,30.0,21.0,5.0,last_good_canonical,2025.0,401736131.0,9.0,4.0,espn
2025-05-25,SEA,LVA,81.53999999999999,125.49212598425196,100.24449877750612,102.0,82.0,34.0,32.0,8.0,last_good_canonical,2025.0,401736137.0,7.0,2.0,espn
2025-05-28,SEA,MIN,77.6,97.56715661429295,107.49868904037756,77.0,82.0,34.0,20.0,6.0,last_good_canonical,2025.0,401736140.0,8.0,3.0,espn
2025-05-31,SEA,ATL,83.46000000000001,105.07246376811597,111.74512601046123,87.0,94.0,33.0,17.0,3.0,last_good_canonical,2025.0,401736150.0,7.0,1.0,espn
2025-06-01,SEA,LVA,80.12,86.3344844597928,94.74482061647296,70.0,75.0,32.0,19.0,8.0,last_good_canonical,2025.0,401736154.0,5.0,3.0,espn
2025-06-04,SEA,DAL,86.08,98.52801519468188,87.57961783439491,83.0,77.0,31.0,22.0,8.0,last_good_canonical,2025.0,401736158.0,6.0,10.0,espn
2025-06-08,SEA,PHX,76.6,117.91202967673556,99.0735975295934,89.0,77.0,31.0,22.0,12.0,last_good_canonical,2025.0,401736165.0,4.0,4.0,espn
2025-06-12,SEA,MIN,76.72,121.1340206185567,110.75949367088609,94.0,84.0,34.0,30.0,7.0,last_good_canonical,2025.0,401736173.0,9.0,3.0,espn
2025-06-15,SEA,GSV,79.75999999999999,86.24938393297191,96.98825931597754,70.0,76.0,20.0,19.0,8.0,last_good_canonical,2025.0,401736178.0,11.0,5.0,espn
2025-06-18,SEA,LAS,84.76,113.42592592592592,80.60635226179018,98.0,67.0,27.0,29.0,13.0,last_good_canonical,2025.0,401736187.0,15.0,7.0,espn
2025-06-21,SEA,LVA,77.14,118.35875854813256,106.0838445807771,90.0,83.0,37.0,21.0,11.0,last_good_canonical,2025.0,401736193.0,7.0,2.0,espn
2025-06-22,SEA,NYL,86.32,99.33035714285715,95.1348747591522,89.0,79.0,32.0,24.0,8.0,last_good_canonical,2025.0,401736199.0,13.0,6.0,espn
2025-06-25,SEA,IND,80.52000000000001,103.6144578313253,120.4510507432086,86.0,94.0,21.0,17.0,8.0,last_good_canonical,2025.0,401736204.0,8.0,7.0,espn
2025-06-28,SEA,CON,81.68,118.11982464685823,99.7045790251108,97.0,81.0,34.0,27.0,9.0,last_good_canonical,2025.0,401736213.0,8.0,6.0,espn
2025-06-30,SEA,GSV,80.03999999999999,72.92732855680656,102.5390625,57.0,84.0,38.0,13.0,6.0,last_good_canonical,2025.0,401736219.0,8.0,4.0,espn
2025-07-03,SEA,ATL,78.38,99.35419771485346,103.62014690451208,80.0,79.0,24.0,17.0,10.0,last_good_canonical,2025.0,401736222.0,12.0,6.0,espn
2025-07-06,SEA,NYL,79.1,99.7978777160182,88.56275303643724,79.0,70.0,35.0,21.0,5.0,last_good_canonical,2025.0,401736228.0,11.0,6.0,espn
2025-07-09,SEA,CON,79.02000000000001,104.5866935483871,118.20030503304524,83.0,93.0,31.0,22.0,6.0,last_good_canonical,2025.0,401736234.0,5.0,1.0,espn
2025-07-12,SEA,CON,72.52000000000001,112.2797043774872,87.03802892340653,79.0,65.0,28.0,22.0,6.0,last_good_canonical,2025.0,401736241.0,11.0,4.0,espn
2025-07-13,SEA,WAS,79.92,85.0172498767866,94.05185561769191,69.0,74.0,29.0,13.0,7.0,last_good_canonical,2025.0,401736247.0,5.0,4.0,espn
2025-07-16,SEA,GSV,73.86000000000001,89.7161221210498,79.40854326396494,67.0,58.0,33.0,13.0,7.0,last_good_canonical,2025.0,401736254.0,7.0,4.0,espn
2025-07-23,SEA,DAL,84.32,74.8574144486692,102.98295454545456,63.0,87.0,34.0,18.0,4.0,last_good_canonical,2025.0,401736261.0,8.0,5.0,espn
2025-07-25,SEA,CHI,78.6,122.42268041237114,71.60804020100502,95.0,57.0,39.0,25.0,9.0,last_good_canonical,2025.0,401736265.0,11.0,8.0,espn
2025-07-26,SEA,WAS,78.9,73.56671740233384,87.38601823708207,58.0,69.0,28.0,16.0,5.0,last_good_canonical,2025.0,401736271.0,9.0,10.0,espn
2025-07-28,SEA,CON,86.92,118.26697892271662,96.11035730438716,101.0,85.0,37.0,30.0,9.0,last_good_canonical,2025.0,401736276.0,7.0,8.0,espn
2025-08-02,SEA,LAS,103.18,104.57774269928966,102.85714285714286,106.0,108.0,42.0,29.0,11.0,last_good_canonical,2025.0,401736289.0,9.0,8.0,espn
2025-08-03,SEA,IND,83.16,89.58837772397095,93.16770186335404,74.0,78.0,33.0,20.0,2.0,last_good_canonical,2025.0,401736295.0,9.0,2.0,espn
2025-08-06,SEA,MIN,86.36,102.01688555347091,104.07136322049404,87.0,91.0,24.0,25.0,9.0,last_good_canonical,2025.0,401736300.0,7.0,3.0,espn
2025-08-09,SEA,LVA,79.68,108.53104492680464,112.33150274588117,86.0,90.0,29.0,21.0,6.0,last_good_canonical,2025.0,401736307.0,7.0,3.0,espn
2025-08-11,SEA,LAS,82.84,108.38494521200572,115.02692119432209,91.0,94.0,32.0,23.0,9.0,last_good_canonical,2025.0,401736312.0,13.0,1.0,espn
2025-08-14,SEA,ATL,77.16,94.07927747114904,113.94101876675605,75.0,85.0,26.0,20.0,6.0,last_good_canonical,2025.0,401736321.0,7.0,3.0,espn
2025-08-16,SEA,ATL,74.86,105.65240359218171,105.4054054054054,80.0,78.0,30.0,21.0,6.0,last_good_canonical,2025.0,401736325.0,7.0,6.0,espn
2025-08-17,SEA,PHX,86.32,94.55719557195572,98.92923649906888,82.0,85.0,30.0,19.0,4.0,last_good_canonical,2025.0,401736331.0,9.0,3.0,espn
2025-08-20,SEA,CHI,85.26,111.74512601046123,101.85185185185183,94.0,88.0,32.0,21.0,8.0,last_good_canonical,2025.0,401736335.0,8.0,10.0,espn
2025-08-22,SEA,DAL,81.74000000000001,118.572141787319,71.97696737044146,95.0,60.0,30.0,25.0,8.0,last_good_canonical,2025.0,401736344.0,8.0,7.0,espn
2025-08-24,SEA,WAS,81.82,104.06342913776017,98.89049686444766,84.0,82.0,31.0,23.0,10.0,last_good_canonical,2025.0,401736349.0,12.0,5.0,espn
2025-08-26,SEA,IND,78.19999999999999,96.64948453608248,120.55837563451776,75.0,95.0,21.0,21.0,6.0,last_good_canonical,2025.0,401736354.0,6.0,9.0,espn
2025-08-29,SEA,MIN,79.47999999999999,118.02030456852792,98.55289421157686,93.0,79.0,35.0,22.0,16.0,last_good_canonical,2025.0,401736359.0,10.0,10.0,espn
2025-08-31,SEA,CHI,77.96000000000001,101.38603696098562,88.46153846153847,79.0,69.0,28.0,18.0,7.0,last_good_canonical,2025.0,401736365.0,10.0,2.0,espn
2025-09-02,SEA,LAS,85.97999999999999,98.15242494226328,106.60731021555765,85.0,91.0,23.0,22.0,13.0,last_good_canonical,2025.0,401736371.0,9.0,7.0,espn
2025-09-06,SEA,NYL,75.36,97.93814432989691,114.8796498905908,76.0,84.0,26.0,19.0,4.0,last_good_canonical,2025.0,401736381.0,10.0,4.0,espn
2025-09-10,SEA,GSV,71.47999999999999,101.64835164835164,104.0478905359179,74.0,73.0,37.0,18.0,7.0,last_good_canonical,2025.0,401736392.0,4.0,7.0,espn
2025-09-15,SEA,LVA,79.03999999999999,96.44288577154308,130.3680981595092,77.0,102.0,34.0,15.0,7.0,last_good_canonical,2025.0,401820315.0,4.0,2.0,espn
2025-09-17,SEA,LVA,76.52000000000001,109.86203372508942,111.02193686463347,86.0,83.0,32.0,22.0,10.0,last_good_canonical,2025.0,401820317.0,6.0,5.0,espn
2025-09-19,SEA,LVA,78.7,91.34134134134132,95.50851832731028,73.0,74.0,33.0,17.0,7.0,last_good_canonical,2025.0,401820321.0,9.0,4.0,espn
2026-05-09,SEA,GSV,77.78,105.42962572482868,114.20682730923694,80.0,91.0,41.0,16.0,9.0,last_good_canonical,2026.0,401856892.0,4.0,5.0,espn
2026-05-10,SEA,CON,85.6,107.85264178381,92.46729815065405,89.0,82.0,32.0,14.0,10.0,last_good_canonical,2026.0,401856896.0,10.0,8.0,espn
2026-05-13,SEA,TOR,80.7,89.59253804614629,107.6076076076076,73.0,86.0,28.0,18.0,7.0,last_good_canonical,2026.0,401856904.0,6.0,5.0,espn
2026-05-17,SEA,IND,87.28,88.75739644970415,102.67651130595291,78.0,89.0,24.0,17.0,6.0,last_good_canonical,2026.0,401856916.0,9.0,8.0,espn
2026-05-21,SEA,CON,81.24000000000001,93.97590361445783,100.65425264217411,78.0,80.0,26.0,15.0,6.0,last_good_canonical,2026.0,401856923.0,8.0,6.0,espn
2026-05-23,SEA,CON,74.32,100.67991631799164,81.76274944567628,77.0,59.0,38.0,22.0,8.0,last_good_canonical,2026.0,401856929.0,7.0,7.0,espn
2026-05-24,SEA,WAS,83.5,114.17137476459509,103.60799609946368,97.0,85.0,24.0,20.0,13.0,last_good_canonical,2026.0,401856935.0,10.0,3.0,espn
2026-05-28,SEA,WAS,71.2,90.96077316657193,108.27318156579678,64.0,78.0,31.0,14.0,5.0,last_good_canonical,2026.0,401856942.0,7.0,3.0,espn
2026-05-30,SEA,TOR,81.02,87.2515753756665,116.95171026156942,72.0,93.0,32.0,21.0,7.0,last_good_canonical,2026.0,401856949.0,7.0,4.0,espn
2026-06-02,SEA,DAL,80.52000000000001,70.45797684952188,96.86120647376164,56.0,79.0,36.0,11.0,4.0,last_good_canonical,2026.0,401856953.0,6.0,7.0,espn
2026-06-03,SEA,PHX,,,,68.0,72.0,34.0,17.0,9.0,last_good_canonical,,,,,
2026-06-04,SEA,PHX,82.03999999999999,79.81220657276995,91.27789046653145,68.0,72.0,34.0,17.0,9.0,last_good_canonical,2026.0,401856960.0,10.0,5.0,espn
2026-06-06,SEA,MIN,,,,68.0,88.0,35.0,16.0,11.0,last_good_canonical,,,,,
2026-06-08,SEA,LVA,,,,91.0,101.0,27.0,22.0,12.0,last_good_canonical,,,,,
2026-06-09,SEA,LVA,82.58,108.85167464114834,123.83521333987248,91.0,101.0,27.0,22.0,12.0,last_good_canonical,2026.0,401856974.0,10.0,1.0,espn
2026-06-10,SEA,LAS,,,,83.0,88.0,35.0,26.0,9.0,last_good_canonical,,,,,
2026-06-11,SEA,LAS,81.52000000000001,102.41855873642643,107.3170731707317,83.0,88.0,35.0,26.0,9.0,last_good_canonical,2026.0,401856979.0,5.0,4.0,espn
2026-06-12,SEA,GSV,,,,72.0,76.0,31.0,17.0,10.0,last_good_canonical,,,,,
2026-06-13,SEA,GSV,79.02000000000001,91.23162696401418,96.056622851365,72.0,76.0,31.0,17.0,10.0,last_good_canonical,2026.0,401856985.0,6.0,5.0,espn
2026-06-17,SEA,POR,,,,89.0,94.0,31.0,22.0,9.0,last_good_canonical,,,,,
2026-06-18,SEA,POR,79.62,112.14717741935485,117.67651477215824,89.0,94.0,31.0,22.0,9.0,last_good_canonical,2026.0,401857001.0,5.0,3.0,espn
2026-06-23,SEA,DAL,93.1,116.723259762309,121.79208351457156,110.0,112.0,34.0,29.0,13.0,last_good_canonical,2026.0,401857015.0,5.0,6.0,espn
2026-06-26,SEA,NYL,84.69999999999999,118.42105263157896,102.56410256410255,99.0,88.0,39.0,18.0,9.0,last_good_canonical,2026.0,401857023.0,8.0,3.0,espn
2026-06-28,SEA,ATL,84.62,129.95049504950495,101.763907734057,105.0,90.0,34.0,27.0,14.0,last_good_canonical,2026.0,401857029.0,5.0,4.0,espn
2026-05-02,TOR,MIN,76.66,85.66978193146417,95.7000524383849,66.0,73.0,34.0,11.0,6.0,last_good_canonical,2026.0,401867793.0,7.0,2.0,espn
2026-05-08,TOR,WAS,84.04,76.11241217798595,82.24479922593129,65.0,68.0,37.0,10.0,5.0,last_good_canonical,2026.0,401856891.0,10.0,2.0,espn
2026-05-13,TOR,SEA,80.7,107.6076076076076,89.59253804614629,86.0,73.0,33.0,21.0,11.0,last_good_canonical,2026.0,401856904.0,11.0,4.0,espn
2026-05-16,TOR,LAS,81.74000000000001,114.90082244799224,122.52475247524752,95.0,99.0,26.0,22.0,12.0,last_good_canonical,2026.0,401856912.0,13.0,4.0,espn
2026-05-17,TOR,LAS,81.84,128.5160038797284,118.22660098522168,106.0,96.0,25.0,17.0,9.0,last_good_canonical,2026.0,401856917.0,8.0,3.0,espn
2026-05-20,TOR,PHX,84.12,115.40273198304286,108.01728276524244,98.0,90.0,35.0,15.0,15.0,last_good_canonical,2026.0,401856920.0,4.0,2.0,espn
2026-05-22,TOR,MIN,79.19999999999999,88.71365204534254,129.4665976178146,72.0,100.0,25.0,19.0,12.0,last_good_canonical,2026.0,401856925.0,5.0,3.0,espn
2026-05-23,TOR,POR,82.08,98.86307464162137,118.9332051898126,80.0,99.0,29.0,19.0,6.0,last_good_canonical,2026.0,401856931.0,3.0,4.0,espn
2026-05-28,TOR,CHI,84.98,135.03649635036496,118.5050136736554,111.0,104.0,37.0,22.0,12.0,last_good_canonical,2026.0,401856939.0,6.0,4.0,espn
2026-05-30,TOR,SEA,81.02,116.95171026156942,87.2515753756665,93.0,72.0,34.0,14.0,10.0,last_good_canonical,2026.0,401856949.0,12.0,1.0,espn
2026-06-03,TOR,NYL,,,,82.0,97.0,32.0,17.0,6.0,last_good_canonical,,,,,
2026-06-07,TOR,CHI,,,,85.0,68.0,44.0,19.0,4.0,last_good_canonical,,,,,
2026-06-10,TOR,CON,,,,106.0,102.0,28.0,18.0,8.0,last_good_canonical,,,,,
2026-06-12,TOR,WAS,,,,85.0,86.0,21.0,23.0,7.0,last_good_canonical,,,,,
2026-06-14,TOR,ATL,,,,77.0,102.0,24.0,23.0,9.0,last_good_canonical,,,,,
2026-06-16,TOR,IND,,,,91.0,113.0,27.0,25.0,11.0,last_good_canonical,,,,,
2026-06-19,TOR,CON,,,,101.0,97.0,33.0,27.0,19.0,last_good_canonical,,,,,
2025-05-11,TOY,DAL,77.5,67.18346253229974,153.35051546391753,52.0,119.0,17.0,16.0,7.0,last_good_canonical,2025.0,401761350.0,6.0,2.0,espn
2025-05-13,TOY,NYL,71.0,85.67415730337078,118.64406779661016,61.0,84.0,33.0,17.0,11.0,last_good_canonical,2025.0,401765029.0,5.0,2.0,espn
2024-07-21,USA,WNBASTARS,94.42,117.15391229578675,122.1294363256785,109.0,117.0,43.0,34.0,12.0,last_good_canonical,2024.0,401620458.0,8.0,3.0,espn
2024-05-04,WAS,ATL,86.74000000000001,95.32455742169768,101.92127460168696,84.0,87.0,35.0,24.0,8.0,last_good_canonical,2024.0,401653631.0,13.0,9.0,espn
2024-05-08,WAS,MIN,84.6,91.05960264900662,98.06238185255198,77.0,83.0,28.0,20.0,10.0,last_good_canonical,2024.0,401653632.0,12.0,1.0,espn
2024-05-14,WAS,NYL,84.72,94.2951438000943,100.4728132387707,80.0,85.0,34.0,22.0,10.0,last_good_canonical,2024.0,401620178.0,9.0,7.0,espn
2024-05-17,WAS,CON,80.8,96.05788423153692,103.1434184675835,77.0,84.0,28.0,22.0,9.0,last_good_canonical,2024.0,401620225.0,6.0,4.0,espn
2024-05-19,WAS,SEA,84.44,91.3297613248904,96.81881051175657,75.0,84.0,29.0,20.0,9.0,last_good_canonical,2024.0,401620231.0,9.0,4.0,espn
2024-05-22,WAS,LAS,79.72,86.25063419583967,86.84863523573202,68.0,70.0,28.0,21.0,8.0,last_good_canonical,2024.0,401620236.0,13.0,3.0,espn
2024-05-24,WAS,PHX,83.80000000000001,94.0733772342427,100.5329457364341,80.0,83.0,36.0,21.0,13.0,last_good_canonical,2024.0,401620240.0,7.0,1.0,espn
2024-05-26,WAS,SEA,78.75999999999999,87.78625954198473,127.977698935631,69.0,101.0,27.0,13.0,7.0,last_good_canonical,2024.0,401620245.0,7.0,0.0,espn
2024-05-29,WAS,ATL,82.16,82.63443512580167,87.6982220086497,67.0,73.0,31.0,21.0,6.0,last_good_canonical,2024.0,401620253.0,6.0,3.0,espn
2024-05-31,WAS,NYL,81.66,97.91769955379276,108.90609874152952,79.0,90.0,30.0,22.0,7.0,last_good_canonical,2024.0,401620259.0,7.0,1.0,espn
2024-06-04,WAS,CON,74.24,80.16304347826087,101.4957264957265,59.0,76.0,37.0,13.0,6.0,last_good_canonical,2024.0,401620266.0,4.0,3.0,espn
2024-06-06,WAS,CHI,89.24000000000001,79.06458797327394,89.08434821831302,71.0,79.0,36.0,20.0,4.0,last_good_canonical,2024.0,401620271.0,7.0,7.0,espn
2024-06-07,WAS,IND,81.6,99.13999044433828,106.94514343231,83.0,85.0,38.0,22.0,13.0,last_good_canonical,2024.0,401620273.0,9.0,1.0,espn
2024-06-09,WAS,NYL,81.03999999999999,109.6163428001993,113.6919315403423,88.0,93.0,22.0,26.0,12.0,last_good_canonical,2024.0,401620279.0,7.0,2.0,espn
2024-06-11,WAS,ATL,75.38,114.71518987341771,90.76348104644954,87.0,68.0,38.0,25.0,17.0,last_good_canonical,2024.0,401620284.0,3.0,3.0,espn
2024-06-14,WAS,CHI,83.56,97.5093984962406,98.78048780487804,83.0,81.0,36.0,20.0,8.0,last_good_canonical,2024.0,401620291.0,7.0,5.0,espn
2024-06-19,WAS,IND,78.36,100.49627791563276,115.60693641618496,81.0,88.0,31.0,26.0,11.0,last_good_canonical,2024.0,401620301.0,6.0,4.0,espn
2024-06-22,WAS,DAL,84.92,114.3867924528302,81.13828786453433,97.0,69.0,39.0,26.0,11.0,last_good_canonical,2024.0,401620308.0,9.0,0.0,espn
2024-06-23,WAS,DAL,78.36,116.57374556512924,107.96915167095116,92.0,84.0,28.0,27.0,14.0,last_good_canonical,2024.0,401620312.0,7.0,2.0,espn
2024-06-27,WAS,CON,89.96,97.22222222222224,108.89712696941614,91.0,94.0,31.0,26.0,11.0,last_good_canonical,2024.0,401620316.0,3.0,5.0,espn
2024-06-29,WAS,LVA,79.7,97.66615930999492,109.23535253227408,77.0,88.0,29.0,24.0,11.0,last_good_canonical,2024.0,401620321.0,6.0,3.0,espn
2024-07-03,WAS,LAS,76.16,105.94315245478036,106.78056593699948,82.0,80.0,32.0,22.0,12.0,last_good_canonical,2024.0,401620331.0,5.0,2.0,espn
2024-07-05,WAS,LVA,84.32,89.74358974358975,118.30033800096572,77.0,98.0,28.0,23.0,9.0,last_good_canonical,2024.0,401620334.0,8.0,4.0,espn
2024-07-07,WAS,MIN,76.94,86.20689655172414,97.16386554621847,67.0,74.0,32.0,19.0,7.0,last_good_canonical,2024.0,401620339.0,7.0,1.0,espn
2024-07-10,WAS,IND,86.92,99.5971351835273,99.43181818181816,89.0,84.0,31.0,23.0,7.0,last_good_canonical,2024.0,401620346.0,8.0,3.0,espn
2024-07-14,WAS,LVA,81.6,94.22418012726384,109.2292587137948,77.0,89.0,31.0,21.0,12.0,last_good_canonical,2024.0,401620357.0,7.0,3.0,espn
2024-07-16,WAS,PHX,79.47999999999999,106.4610866372981,124.28793371310203,87.0,96.0,33.0,28.0,10.0,last_good_canonical,2024.0,401620360.0,5.0,1.0,espn
2024-08-16,WAS,MIN,86.36,79.66260543580131,90.43040293040292,68.0,79.0,32.0,19.0,7.0,last_good_canonical,2024.0,401620367.0,8.0,5.0,espn
2024-08-17,WAS,MIN,81.46000000000001,101.07160253287871,122.52475247524752,83.0,99.0,25.0,26.0,9.0,last_good_canonical,2024.0,401620372.0,9.0,3.0,espn
2024-08-20,WAS,SEA,90.28,85.21469676848163,92.01773835920176,77.0,83.0,41.0,19.0,8.0,last_good_canonical,2024.0,401620381.0,9.0,3.0,espn
2024-08-23,WAS,LAS,88.38,93.94081728511038,80.78602620087337,80.0,74.0,36.0,23.0,5.0,last_good_canonical,2024.0,401620387.0,13.0,5.0,espn
2024-08-27,WAS,SEA,80.74000000000001,92.91813159216474,87.97653958944281,74.0,72.0,42.0,17.0,9.0,last_good_canonical,2024.0,401620395.0,5.0,5.0,espn
2024-08-29,WAS,CHI,76.16,96.4546402502607,92.5925925925926,74.0,70.0,25.0,19.0,8.0,last_good_canonical,2024.0,401620398.0,10.0,6.0,espn
2024-08-31,WAS,CON,80.14,106.78391959798996,118.9885969261279,85.0,96.0,25.0,23.0,14.0,last_good_canonical,2024.0,401620406.0,8.0,3.0,espn
2024-09-04,WAS,DAL,80.96000000000001,110.45655375552282,106.91198408751865,90.0,86.0,33.0,22.0,12.0,last_good_canonical,2024.0,401620413.0,5.0,6.0,espn
2024-09-06,WAS,PHX,80.34,116.58031088082902,92.23766171538092,90.0,77.0,30.0,25.0,14.0,last_good_canonical,2024.0,401620418.0,10.0,5.0,espn
2024-09-08,WAS,MIN,79.9,91.8261769270564,94.56838021338504,71.0,78.0,35.0,19.0,11.0,last_good_canonical,2024.0,401620424.0,6.0,3.0,espn
2024-09-12,WAS,CHI,78.16,114.86835312338668,73.56671740233384,89.0,58.0,37.0,28.0,9.0,last_good_canonical,2024.0,401620433.0,9.0,7.0,espn
2024-09-13,WAS,ATL,78.3,95.23809523809524,85.18518518518519,72.0,69.0,33.0,17.0,8.0,last_good_canonical,2024.0,401620436.0,8.0,6.0,espn
2024-09-15,WAS,ATL,83.62,88.76459143968872,89.41176470588235,73.0,76.0,26.0,14.0,10.0,last_good_canonical,2024.0,401620443.0,6.0,3.0,espn
2024-09-17,WAS,NYL,81.47999999999999,86.20689655172414,107.94044665012407,71.0,87.0,29.0,16.0,9.0,last_good_canonical,2024.0,401620448.0,4.0,4.0,espn
2024-09-19,WAS,IND,83.6,110.04784688995215,108.85167464114834,92.0,91.0,30.0,23.0,12.0,last_good_canonical,2024.0,401620454.0,9.0,1.0,espn
2025-05-03,WAS,IND,94.46,78.22410147991543,83.75742154368109,74.0,79.0,41.0,21.0,7.0,last_good_canonical,2025.0,401761353.0,10.0,3.0,espn
2025-05-07,WAS,ATL,78.44,87.93969849246231,103.51966873706004,70.0,80.0,32.0,18.0,3.0,last_good_canonical,2025.0,401761344.0,7.0,4.0,espn
2025-05-16,WAS,ATL,80.75999999999999,122.65135699373695,106.03204524033931,94.0,90.0,26.0,18.0,9.0,last_good_canonical,2025.0,401736112.0,7.0,4.0,espn
2025-05-18,WAS,CON,81.26,108.74818753020784,106.56970912738214,90.0,85.0,32.0,17.0,5.0,last_good_canonical,2025.0,401736118.0,6.0,4.0,espn
2025-05-22,WAS,GSV,85.22,85.92661402693915,90.1328273244782,74.0,76.0,43.0,19.0,7.0,last_good_canonical,2025.0,401736124.0,6.0,3.0,espn
2025-05-24,WAS,LVA,77.64,94.14225941422592,95.17766497461928,72.0,75.0,36.0,18.0,10.0,last_good_canonical,2025.0,401736129.0,2.0,3.0,espn
2025-05-25,WAS,PHX,78.80000000000001,77.26819541375872,87.90072388831437,62.0,68.0,41.0,16.0,6.0,last_good_canonical,2025.0,401736136.0,4.0,1.0,espn
2025-05-28,WAS,IND,85.94,96.51162790697674,89.6599906846763,83.0,77.0,41.0,20.0,4.0,last_good_canonical,2025.0,401736143.0,7.0,5.0,espn
2025-05-30,WAS,NYL,81.36,75.07149666348903,107.86802030456852,63.0,85.0,36.0,13.0,4.0,last_good_canonical,2025.0,401736147.0,8.0,1.0,espn
2025-06-03,WAS,IND,74.62,103.93873085339168,111.6657908565423,76.0,85.0,33.0,12.0,1.0,last_good_canonical,2025.0,401736156.0,3.0,5.0,espn
2025-06-05,WAS,NYL,79.38,98.0392156862745,108.5858585858586,78.0,86.0,39.0,20.0,5.0,last_good_canonical,2025.0,401736159.0,3.0,2.0,espn
2025-06-08,WAS,CON,81.62,126.39766650461836,82.75691699604744,104.0,67.0,42.0,24.0,6.0,last_good_canonical,2025.0,401736166.0,8.0,0.0,espn
2025-06-15,WAS,ATL,75.42,73.56805044666316,119.11134903640256,56.0,89.0,35.0,12.0,3.0,last_good_canonical,2025.0,401736180.0,5.0,2.0,espn
2025-06-18,WAS,CHI,78.7,101.6992790937178,90.31610637230308,79.0,72.0,32.0,21.0,7.0,last_good_canonical,2025.0,401736184.0,14.0,5.0,espn
2025-06-20,WAS,ATL,79.06,114.37908496732024,117.10794297352342,91.0,92.0,33.0,25.0,4.0,last_good_canonical,2025.0,401736191.0,8.0,4.0,espn
2025-06-22,WAS,DAL,89.06,104.5496323529412,96.61835748792272,91.0,88.0,33.0,23.0,7.0,last_good_canonical,2025.0,401736197.0,11.0,4.0,espn
2025-06-25,WAS,MIN,78.64,86.86765457332652,81.0126582278481,68.0,64.0,40.0,17.0,5.0,last_good_canonical,2025.0,401736201.0,10.0,1.0,espn
2025-06-27,WAS,LVA,78.64,117.5,107.4016563146998,94.0,83.0,34.0,18.0,10.0,last_good_canonical,2025.0,401736208.0,4.0,0.0,espn
2025-06-29,WAS,DAL,79.46000000000001,88.75,100.10136847440444,71.0,79.0,26.0,14.0,5.0,last_good_canonical,2025.0,401736214.0,8.0,2.0,espn
2025-07-04,WAS,MIN,84.03999999999999,88.11090225563909,110.89681774349084,75.0,92.0,35.0,15.0,3.0,last_good_canonical,2025.0,401736224.0,2.0,2.0,espn
2025-07-08,WAS,CHI,82.32,95.69943289224952,98.75,81.0,79.0,38.0,18.0,4.0,last_good_canonical,2025.0,401736232.0,8.0,4.0,espn
2025-07-10,WAS,LVA,80.32,88.07247106190236,83.78511582060129,70.0,68.0,35.0,20.0,2.0,last_good_canonical,2025.0,401736239.0,2.0,3.0,espn
2025-07-13,WAS,SEA,79.92,94.05185561769191,85.0172498767866,74.0,69.0,36.0,19.0,3.0,last_good_canonical,2025.0,401736247.0,6.0,2.0,espn
2025-07-16,WAS,LAS,85.42,93.94081728511038,115.54621848739497,80.0,99.0,35.0,22.0,8.0,last_good_canonical,2025.0,401736251.0,6.0,6.0,espn
2025-07-22,WAS,LAS,79.58,107.5,117.48357756442648,86.0,93.0,26.0,22.0,7.0,last_good_canonical,2025.0,401736257.0,9.0,4.0,espn
2025-07-26,WAS,SEA,78.9,87.38601823708207,73.56671740233384,69.0,58.0,44.0,20.0,3.0,last_good_canonical,2025.0,401736271.0,7.0,8.0,espn
2025-07-27,WAS,PHX,80.92,89.24144769459593,108.42779694430754,72.0,88.0,32.0,19.0,5.0,last_good_canonical,2025.0,401736274.0,8.0,2.0,espn
2025-07-29,WAS,CHI,81.9,122.79446828803052,107.6076076076076,103.0,86.0,32.0,25.0,10.0,last_good_canonical,2025.0,401736279.0,7.0,2.0,espn
2025-07-31,WAS,GSV,71.94,92.6950747094632,94.97206703910616,67.0,68.0,30.0,19.0,7.0,last_good_canonical,2025.0,401736284.0,6.0,8.0,espn
2025-08-03,WAS,ATL,86.46000000000001,94.53302961275628,116.3063909774436,83.0,99.0,19.0,19.0,3.0,last_good_canonical,2025.0,401736291.0,11.0,2.0,espn
2025-08-06,WAS,CHI,76.28,84.65608465608466,101.35135135135135,64.0,78.0,25.0,16.0,2.0,last_good_canonical,2025.0,401736297.0,14.0,2.0,espn
2025-08-08,WAS,MIN,75.78,101.38740661686234,104.43864229765012,76.0,80.0,32.0,23.0,10.0,last_good_canonical,2025.0,401736306.0,7.0,1.0,espn
2025-08-10,WAS,DAL,82.1,111.73870333988212,94.2484291928468,91.0,78.0,34.0,21.0,6.0,last_good_canonical,2025.0,401736311.0,6.0,5.0,espn
2025-08-13,WAS,GSV,71.7,113.8233680746023,124.85811577752553,83.0,88.0,26.0,21.0,7.0,last_good_canonical,2025.0,401736319.0,4.0,1.0,espn
2025-08-15,WAS,IND,78.74000000000001,116.64899257688228,102.38907849829351,88.0,84.0,29.0,20.0,8.0,last_good_canonical,2025.0,401736322.0,6.0,6.0,espn
2025-08-17,WAS,LAS,75.38,130.27975863960503,110.4830421377184,95.0,86.0,35.0,30.0,11.0,last_good_canonical,2025.0,401736328.0,6.0,4.0,espn
2025-08-19,WAS,CON,76.75999999999999,90.59873949579833,103.41261633919338,69.0,80.0,33.0,21.0,5.0,last_good_canonical,2025.0,401736334.0,6.0,1.0,espn
2025-08-21,WAS,CON,74.2,77.8642936596218,87.60460251046025,56.0,67.0,27.0,13.0,3.0,last_good_canonical,2025.0,401736339.0,5.0,5.0,espn
2025-08-23,WAS,LVA,79.96,99.60649286768324,115.7760814249364,81.0,91.0,34.0,21.0,4.0,last_good_canonical,2025.0,401736347.0,6.0,1.0,espn
2025-08-24,WAS,SEA,81.82,98.89049686444766,104.06342913776017,82.0,84.0,34.0,19.0,6.0,last_good_canonical,2025.0,401736349.0,6.0,5.0,espn
2025-08-28,WAS,NYL,69.97999999999999,87.93969849246231,130.26932084309135,63.0,89.0,22.0,17.0,5.0,last_good_canonical,2025.0,401736358.0,4.0,3.0,espn
2025-08-31,WAS,GSV,79.42,79.20286152273889,122.88977159880834,62.0,99.0,20.0,21.0,6.0,last_good_canonical,2025.0,401736364.0,6.0,2.0,espn
2025-09-01,WAS,LAS,82.92,95.21484375,96.5204957102002,78.0,81.0,40.0,20.0,9.0,last_good_canonical,2025.0,401736367.0,9.0,3.0,espn
2025-09-04,WAS,PHX,76.56,87.16523496715513,101.4061654948621,69.0,75.0,39.0,21.0,4.0,last_good_canonical,2025.0,401736376.0,6.0,3.0,espn
2025-09-07,WAS,IND,76.47999999999999,84.85639686684074,123.10110005238344,65.0,94.0,30.0,13.0,4.0,last_good_canonical,2025.0,401736384.0,5.0,5.0,espn
2025-09-09,WAS,NYL,75.38,89.52794357026588,97.35202492211836,66.0,75.0,29.0,24.0,5.0,last_good_canonical,2025.0,401736388.0,4.0,4.0,espn
2026-05-03,WAS,ATL,81.53999999999999,100.67928190198931,89.28571428571429,83.0,72.0,26.0,20.0,5.0,last_good_canonical,2026.0,401867795.0,14.0,4.0,espn
2026-05-08,WAS,TOR,84.04,82.24479922593129,76.11241217798595,68.0,65.0,44.0,14.0,5.0,last_good_canonical,2026.0,401856891.0,10.0,5.0,espn
2026-05-10,WAS,NYL,87.53999999999999,107.19225449515903,110.96014492753623,93.0,98.0,42.0,24.0,5.0,last_good_canonical,2026.0,401856897.0,7.0,1.0,espn
2026-05-15,WAS,IND,96.34,112.6516464471404,101.63411717815865,104.0,102.0,44.0,18.0,6.0,last_good_canonical,2026.0,401856911.0,3.0,8.0,espn
2026-05-19,WAS,DAL,74.14,93.4959349593496,123.52309344790548,69.0,92.0,24.0,16.0,5.0,last_good_canonical,2026.0,401856918.0,3.0,1.0,espn
2026-05-24,WAS,SEA,83.5,103.60799609946368,114.17137476459509,85.0,97.0,26.0,14.0,4.0,last_good_canonical,2026.0,401856935.0,9.0,5.0,espn
2026-05-28,WAS,SEA,71.2,108.27318156579678,90.96077316657193,78.0,64.0,40.0,19.0,7.0,last_good_canonical,2026.0,401856942.0,4.0,2.0,espn
2026-05-29,WAS,LAS,82.53999999999999,106.40900195694717,110.41766682669228,87.0,92.0,31.0,26.0,5.0,last_good_canonical,2026.0,401856946.0,4.0,4.0,espn
2026-06-02,WAS,CHI,,,,90.0,72.0,46.0,18.0,6.0,last_good_canonical,,,,,
2026-06-06,WAS,ATL,,,,77.0,109.0,26.0,17.0,5.0,last_good_canonical,,,,,
2026-06-08,WAS,IND,,,,76.0,78.0,31.0,21.0,9.0,last_good_canonical,,,,,
2026-06-12,WAS,TOR,,,,86.0,85.0,39.0,22.0,2.0,last_good_canonical,,,,,
2026-06-14,WAS,NYL,,,,64.0,86.0,32.0,17.0,7.0,last_good_canonical,,,,,
2026-06-17,WAS,CON,,,,88.0,81.0,33.0,18.0,7.0,last_good_canonical,,,,,
2026-06-19,WAS,NYL,,,,86.0,83.0,31.0,20.0,4.0,last_good_canonical,,,,,
2024-07-21,WNBASTARS,USA,94.42,122.1294363256785,117.15391229578675,117.0,109.0,38.0,31.0,12.0,last_good_canonical,2024.0,401620458.0,14.0,3.0,espn
2026-06-20,ATL,IND,,,,113.0,96.0,35.0,25.0,12.0,api:espn_boxscore,,,,,
2026-06-20,IND,ATL,,,,96.0,113.0,30.0,20.0,13.0,api:espn_boxscore,,,,,
2026-06-20,PHX,SEA,,,,93.0,73.0,39.0,26.0,10.0,api:espn_boxscore,,,,,
2026-06-20,SEA,PHX,,,,73.0,93.0,29.0,17.0,8.0,api:espn_boxscore,,,,,
2026-06-20,CHI,DAL,,,,92.0,93.0,43.0,22.0,7.0,api:espn_boxscore,,,,,
2026-06-20,DAL,CHI,,,,93.0,92.0,35.0,17.0,10.0,api:espn_boxscore,,,,,
2026-06-21,GSV,LVA,,,,73.0,92.0,31.0,10.0,5.0,api:espn_boxscore,,,,,
2026-06-21,LVA,GSV,,,,92.0,73.0,25.0,21.0,11.0,api:espn_boxscore,,,,,
2026-06-21,MIN,WAS,,,,79.0,84.0,27.0,18.0,4.0,api:espn_boxscore,,,,,
2026-06-21,WAS,MIN,,,,84.0,79.0,33.0,20.0,7.0,api:espn_boxscore,,,,,
2026-06-21,LAS,NYL,,,,98.0,97.0,26.0,28.0,9.0,api:espn_boxscore,,,,,
2026-06-21,NYL,LAS,,,,97.0,98.0,38.0,23.0,13.0,api:espn_boxscore,,,,,
2026-06-22,CHI,CON,,,,63.0,92.0,28.0,10.0,4.0,api:espn_boxscore,,,,,
2026-06-22,CON,CHI,,,,92.0,63.0,49.0,21.0,4.0,api:espn_boxscore,,,,,
2026-06-22,ATL,TOR,,,,94.0,87.0,32.0,23.0,9.0,api:espn_boxscore,,,,,
2026-06-22,TOR,ATL,,,,87.0,94.0,31.0,22.0,9.0,api:espn_boxscore,,,,,
2026-06-22,IND,PHX,,,,86.0,77.0,39.0,15.0,10.0,api:espn_boxscore,,,,,
2026-06-22,PHX,IND,,,,77.0,86.0,29.0,19.0,5.0,api:espn_boxscore,,,,,
2026-06-22,DAL,SEA,,,,112.0,110.0,34.0,30.0,9.0,api:espn_boxscore,,,,,
2026-06-22,SEA,DAL,,,,110.0,112.0,34.0,29.0,13.0,api:espn_boxscore,,,,,
2026-06-23,LVA,NYL,,,,76.0,87.0,32.0,23.0,8.0,api:espn_boxscore,,,,,
2026-06-23,NYL,LVA,,,,87.0,76.0,34.0,19.0,13.0,api:espn_boxscore,,,,,
2026-06-24,IND,PHX,,,,109.0,111.0,26.0,30.0,13.0,api:espn_boxscore,,,,,
2026-06-24,PHX,IND,,,,111.0,109.0,26.0,21.0,7.0,api:espn_boxscore,,,,,
2026-06-24,MIN,WAS,,,,78.0,76.0,37.0,19.0,8.0,api:espn_boxscore,,,,,
2026-06-24,WAS,MIN,,,,76.0,78.0,40.0,17.0,5.0,api:espn_boxscore,,,,,
2026-06-24,CHI,POR,,,,101.0,78.0,38.0,27.0,6.0,api:espn_boxscore,,,,,
2026-06-24,POR,CHI,,,,78.0,101.0,29.0,20.0,10.0,api:espn_boxscore,,,,,
2026-06-24,ATL,GSV,,,,66.0,77.0,34.0,16.0,4.0,api:espn_boxscore,,,,,
2026-06-24,GSV,ATL,,,,77.0,66.0,32.0,20.0,15.0,api:espn_boxscore,,,,,
2026-06-25,LAS,TOR,,,,97.0,125.0,30.0,20.0,11.0,api:espn_boxscore,,,,,
2026-06-25,TOR,LAS,,,,125.0,97.0,52.0,26.0,20.0,api:espn_boxscore,,,,,
2026-06-25,DAL,LVA,,,,84.0,99.0,24.0,18.0,2.0,api:espn_boxscore,,,,,
2026-06-25,LVA,DAL,,,,99.0,84.0,35.0,20.0,8.0,api:espn_boxscore,,,,,
2026-06-25,NYL,SEA,,,,88.0,99.0,28.0,21.0,10.0,api:espn_boxscore,,,,,
2026-06-25,SEA,NYL,,,,99.0,88.0,39.0,18.0,9.0,api:espn_boxscore,,,,,
2026-06-26,CON,WAS,,,,68.0,57.0,27.0,18.0,5.0,api:espn_boxscore,,,,,
2026-06-26,WAS,CON,,,,57.0,68.0,45.0,16.0,5.0,api:espn_boxscore,,,,,
2026-06-26,CHI,POR,,,,124.0,94.0,32.0,38.0,15.0,api:espn_boxscore,,,,,
2026-06-26,POR,CHI,,,,94.0,124.0,24.0,19.0,9.0,api:espn_boxscore,,,,,
2026-06-26,ATL,GSV,,,,75.0,78.0,27.0,10.0,6.0,api:espn_boxscore,,,,,
2026-06-26,GSV,ATL,,,,78.0,75.0,32.0,14.0,5.0,api:espn_boxscore,,,,,
2026-06-27,PHX,TOR,,,,89.0,80.0,32.0,16.0,10.0,api:espn_boxscore,,,,,
2026-06-27,TOR,PHX,,,,80.0,89.0,35.0,26.0,12.0,api:espn_boxscore,,,,,
2026-06-27,IND,LAS,,,,111.0,87.0,41.0,23.0,10.0,api:espn_boxscore,,,,,
2026-06-27,LAS,IND,,,,87.0,111.0,25.0,21.0,4.0,api:espn_boxscore,,,,,
2026-06-27,ATL,SEA,,,,90.0,105.0,26.0,22.0,7.0,api:espn_boxscore,,,,,
2026-06-27,SEA,ATL,,,,105.0,90.0,34.0,27.0,14.0,api:espn_boxscore,,,,,
2026-06-28,DAL,MIN,,,,77.0,85.0,38.0,13.0,7.0,api:espn_boxscore,,,,,
2026-06-28,MIN,DAL,,,,85.0,77.0,36.0,19.0,9.0,api:espn_boxscore,,,,,
2026-06-28,POR,WAS,,,,123.0,124.0,44.0,29.0,14.0,api:espn_boxscore,,,,,
2026-06-28,WAS,POR,,,,124.0,123.0,45.0,32.0,10.0,api:espn_boxscore,,,,,
2026-06-28,CHI,LVA,,,,99.0,107.0,36.0,27.0,9.0,api:espn_boxscore,,,,,
2026-06-28,LVA,CHI,,,,107.0,99.0,32.0,20.0,10.0,api:espn_boxscore,,,,,
2026-06-28,GSV,NYL,,,,76.0,67.0,30.0,20.0,7.0,api:espn_boxscore,,,,,
2026-06-28,NYL,GSV,,,,67.0,76.0,24.0,14.0,9.0,api:espn_boxscore,,,,,
2026-06-30,LVA,NYL,,,,85.0,93.0,30.0,21.0,6.0,api:espn_boxscore,,,,,
2026-06-30,NYL,LVA,,,,93.0,85.0,42.0,18.0,7.0,api:espn_boxscore,,,,,
2026-07-02,ATL,WAS,,,,76.0,81.0,33.0,19.0,7.0,api:espn_boxscore,,,,,
2026-07-02,WAS,ATL,,,,81.0,76.0,38.0,20.0,9.0,api:espn_boxscore,,,,,
2026-07-02,CON,DAL,,,,83.0,86.0,34.0,16.0,3.0,api:espn_boxscore,,,,,
2026-07-02,DAL,CON,,,,86.0,83.0,31.0,18.0,9.0,api:espn_boxscore,,,,,
2026-07-02,PHX,SEA,,,,90.0,67.0,40.0,23.0,11.0,api:espn_boxscore,,,,,
2026-07-02,SEA,PHX,,,,67.0,90.0,29.0,19.0,8.0,api:espn_boxscore,,,,,
2026-07-03,MIN,NYL,,,,86.0,99.0,31.0,22.0,10.0,api:espn_boxscore,,,,,
2026-07-03,NYL,MIN,,,,99.0,86.0,34.0,26.0,10.0,api:espn_boxscore,,,,,
2026-07-03,CHI,LVA,,,,90.0,98.0,32.0,20.0,7.0,api:espn_boxscore,,,,,
2026-07-03,LVA,CHI,,,,98.0,90.0,34.0,17.0,4.0,api:espn_boxscore,,,,,
2026-07-04,ATL,GSV,,,,83.0,88.0,37.0,18.0,8.0,api:espn_boxscore,,,,,
2026-07-04,GSV,ATL,,,,88.0,83.0,30.0,19.0,13.0,api:espn_boxscore,,,,,
2026-07-04,POR,SEA,,,,77.0,72.0,47.0,17.0,4.0,api:espn_boxscore,,,,,
2026-07-04,SEA,POR,,,,72.0,77.0,31.0,16.0,8.0,api:espn_boxscore,,,,,
2026-07-05,DAL,TOR,,,,89.0,76.0,42.0,16.0,10.0,api:espn_boxscore,,,,,
2026-07-05,TOR,DAL,,,,76.0,89.0,35.0,16.0,10.0,api:espn_boxscore,,,,,
2026-07-05,IND,LVA,,,,84.0,68.0,39.0,18.0,9.0,api:espn_boxscore,,,,,
2026-07-05,LVA,IND,,,,68.0,84.0,30.0,14.0,4.0,api:espn_boxscore,,,,,
2026-07-06,GSV,WAS,,,,62.0,49.0,30.0,14.0,6.0,api:espn_boxscore,,,,,
2026-07-06,WAS,GSV,,,,49.0,62.0,41.0,14.0,3.0,api:espn_boxscore,,,,,
2026-07-06,CON,MIN,,,,90.0,89.0,32.0,21.0,7.0,api:espn_boxscore,,,,,
2026-07-06,MIN,CON,,,,89.0,90.0,32.0,24.0,10.0,api:espn_boxscore,,,,,
2026-07-06,LAS,SEA,,,,64.0,82.0,35.0,18.0,5.0,api:espn_boxscore,,,,,
2026-07-06,SEA,LAS,,,,82.0,64.0,44.0,18.0,10.0,api:espn_boxscore,,,,,
2026-07-07,DAL,NYL,,,,88.0,77.0,38.0,29.0,6.0,api:espn_boxscore,,,,,
2026-07-07,NYL,DAL,,,,77.0,88.0,34.0,16.0,5.0,api:espn_boxscore,,,,,
2026-07-07,CHI,PHX,,,,77.0,66.0,35.0,21.0,11.0,api:espn_boxscore,,,,,
2026-07-07,PHX,CHI,,,,66.0,77.0,31.0,9.0,7.0,api:espn_boxscore,,,,,
2026-07-08,GSV,TOR,,,,83.0,75.0,31.0,18.0,11.0,api:espn_boxscore,,,,,
2026-07-08,TOR,GSV,,,,75.0,83.0,23.0,19.0,6.0,api:espn_boxscore,,,,,
2026-07-08,CON,MIN,,,,80.0,86.0,36.0,20.0,6.0,api:espn_boxscore,,,,,
2026-07-08,MIN,CON,,,,86.0,80.0,33.0,21.0,10.0,api:espn_boxscore,,,,,
2026-07-08,IND,LAS,,,,92.0,106.0,41.0,18.0,11.0,api:espn_boxscore,,,,,
2026-07-08,LAS,IND,,,,106.0,92.0,37.0,25.0,9.0,api:espn_boxscore,,,,,
2026-07-09,ATL,SEA,,,,89.0,78.0,37.0,18.0,6.0,api:espn_boxscore,,,,,
2026-07-09,SEA,ATL,,,,78.0,89.0,35.0,21.0,3.0,api:espn_boxscore,,,,,
2026-07-09,IND,PHX,,,,92.0,89.0,30.0,18.0,12.0,api:espn_boxscore,,,,,
2026-07-09,PHX,IND,,,,89.0,92.0,27.0,23.0,11.0,api:espn_boxscore,,,,,
2026-07-09,LVA,POR,,,,88.0,80.0,27.0,23.0,8.0,api:espn_boxscore,,,,,
2026-07-09,POR,LVA,,,,80.0,88.0,30.0,17.0,11.0,api:espn_boxscore,,,,,
2026-07-10,CON,GSV,,,,64.0,79.0,23.0,19.0,4.0,api:espn_boxscore,,,,,
2026-07-10,GSV,CON,,,,79.0,64.0,30.0,19.0,8.0,api:espn_boxscore,,,,,
2026-07-10,DAL,TOR,,,,108.0,95.0,32.0,22.0,11.0,api:espn_boxscore,,,,,
2026-07-10,TOR,DAL,,,,95.0,108.0,24.0,24.0,14.0,api:espn_boxscore,,,,,
2026-07-10,CHI,LAS,,,,87.0,102.0,36.0,21.0,6.0,api:espn_boxscore,,,,,
2026-07-10,LAS,CHI,,,,102.0,87.0,32.0,32.0,14.0,api:espn_boxscore,,,,,
2026-07-11,MIN,NYL,,,,90.0,85.0,40.0,18.0,14.0,api:espn_boxscore,,,,,
2026-07-11,NYL,MIN,,,,85.0,90.0,34.0,20.0,13.0,api:espn_boxscore,,,,,
2026-07-11,ATL,POR,,,,92.0,102.0,32.0,25.0,6.0,api:espn_boxscore,,,,,
2026-07-11,POR,ATL,,,,102.0,92.0,26.0,28.0,14.0,api:espn_boxscore,,,,,
2026-07-11,LVA,PHX,,,,106.0,58.0,47.0,31.0,14.0,api:espn_boxscore,,,,,
2026-07-11,PHX,LVA,,,,58.0,106.0,29.0,14.0,7.0,api:espn_boxscore,,,,,
2026-07-12,NYL,TOR,,,,91.0,93.0,33.0,16.0,5.0,api:espn_boxscore,,,,,
2026-07-12,TOR,NYL,,,,93.0,91.0,30.0,22.0,9.0,api:espn_boxscore,,,,,
2026-07-12,SEA,WAS,,,,79.0,84.0,43.0,12.0,5.0,api:espn_boxscore,,,,,
2026-07-12,WAS,SEA,,,,84.0,79.0,32.0,23.0,5.0,api:espn_boxscore,,,,,
2026-07-12,CHI,DAL,,,,91.0,96.0,36.0,16.0,7.0,api:espn_boxscore,,,,,
2026-07-12,DAL,CHI,,,,96.0,91.0,33.0,23.0,9.0,api:espn_boxscore,,,,,
2026-07-12,IND,LVA,,,,109.0,75.0,35.0,18.0,15.0,api:espn_boxscore,,,,,
2026-07-12,LVA,IND,,,,75.0,109.0,28.0,17.0,4.0,api:espn_boxscore,,,,,
2026-07-13,ATL,LAS,,,,101.0,92.0,35.0,22.0,9.0,api:espn_boxscore,,,,,
2026-07-13,LAS,ATL,,,,92.0,101.0,25.0,18.0,9.0,api:espn_boxscore,,,,,
2026-07-13,MIN,PHX,,,,104.0,100.0,24.0,20.0,12.0,api:espn_boxscore,,,,,
2026-07-13,PHX,MIN,,,,100.0,104.0,26.0,28.0,11.0,api:espn_boxscore,,,,,
2026-07-14,CON,POR,,,,90.0,87.0,31.0,28.0,3.0,api:espn_boxscore,,,,,
2026-07-14,POR,CON,,,,87.0,90.0,24.0,19.0,9.0,api:espn_boxscore,,,,,
2026-07-14,TOR,WAS,,,,62.0,79.0,26.0,15.0,7.0,api:espn_boxscore,,,,,
2026-07-14,WAS,TOR,,,,79.0,62.0,47.0,18.0,4.0,api:espn_boxscore,,,,,
2026-07-15,CHI,SEA,,,,95.0,90.0,29.0,27.0,11.0,api:espn_boxscore,,,,,
2026-07-15,SEA,CHI,,,,90.0,95.0,45.0,24.0,4.0,api:espn_boxscore,,,,,
2026-07-15,LAS,MIN,,,,87.0,96.0,31.0,22.0,9.0,api:espn_boxscore,,,,,
2026-07-15,MIN,LAS,,,,96.0,87.0,25.0,21.0,8.0,api:espn_boxscore,,,,,
2026-07-15,GSV,IND,,,,88.0,75.0,30.0,16.0,8.0,api:espn_boxscore,,,,,
2026-07-15,IND,GSV,,,,75.0,88.0,26.0,14.0,9.0,api:espn_boxscore,,,,,
2026-07-16,POR,WAS,,,,75.0,56.0,30.0,20.0,10.0,api:espn_boxscore,,,,,
2026-07-16,WAS,POR,,,,56.0,75.0,45.0,11.0,2.0,api:espn_boxscore,,,,,
2026-07-17,IND,SEA,,,,110.0,107.0,26.0,21.0,10.0,api:espn_boxscore,,,,,
2026-07-17,SEA,IND,,,,107.0,110.0,35.0,27.0,8.0,api:espn_boxscore,,,,,
2026-07-17,ATL,TOR,,,,111.0,92.0,28.0,28.0,9.0,api:espn_boxscore,,,,,
2026-07-17,TOR,ATL,,,,92.0,111.0,22.0,19.0,10.0,api:espn_boxscore,,,,,
2026-07-17,CHI,LAS,,,,96.0,82.0,34.0,27.0,11.0,api:espn_boxscore,,,,,
2026-07-17,LAS,CHI,,,,82.0,96.0,34.0,20.0,6.0,api:espn_boxscore,,,,,
2026-07-17,CON,PHX,,,,96.0,83.0,34.0,24.0,6.0,api:espn_boxscore,,,,,
2026-07-17,PHX,CON,,,,83.0,96.0,27.0,18.0,4.0,api:espn_boxscore,,,,,
2026-07-18,IND,NYL,,,,108.0,88.0,32.0,22.0,14.0,api:espn_boxscore,,,,,
2026-07-18,NYL,IND,,,,88.0,108.0,27.0,19.0,13.0,api:espn_boxscore,,,,,
2026-07-18,MIN,POR,,,,101.0,93.0,34.0,29.0,9.0,api:espn_boxscore,,,,,
2026-07-18,POR,MIN,,,,93.0,101.0,33.0,25.0,13.0,api:espn_boxscore,,,,,
2026-07-18,GSV,WAS,,,,74.0,69.0,26.0,21.0,12.0,api:espn_boxscore,,,,,
2026-07-18,WAS,GSV,,,,69.0,74.0,37.0,18.0,6.0,api:espn_boxscore,,,,,
